region,product,year,rev_op_type,sales_budget_type,total,h1,h2,q1,q2,q3,q4,ytd
AZ,CDE,2024,Gross,Actual,6087904672,3048385165,3039519507,2608445044,439940121,2606229171,433290336,3048385165
AZ,CDE,2024,Gross,Budget,7428371116,4087371532,3340999584,2569835676,1517535856,2361861458,979138126,4087371532
AZ,CDE,2024,Gross,Forecast,4203374887,2489003330,1714371557,1411450986,1077552344,693022680,1021348877,2489003330
AZ,CDE,2024,Net,Actual,6619487565,2709591008,3909896557,1799617964,909973044,2888729189,1021167368,2709591008
AZ,CDE,2024,Net,Budget,5617825054,2430309843,3187515211,802224008,1628085835,2553074707,634440504,2430309843
AZ,CDE,2024,Net,Forecast,3477362048,1351721478,2125640570,334836208,1016885270,1849994583,275645987,1351721478
AZ,CDE,2024,Op,Actual,4622722407,3617403984,1005318423,1324939271,2292464713,818122170,187196253,3617403984
AZ,CDE,2024,Op,Budget,7125445594,3254141489,3871304105,1254058051,2000083438,2963231769,908072336,3254141489
AZ,CDE,2024,Op,Forecast,3653514539,1988441631,1665072908,1326087747,662353884,1411805673,253267235,1988441631
AZ,CDE,2025,Gross,Actual,4024424362,2272050138,1752374224,648703005,1623347133,822916225,929457999,2272050138
AZ,CDE,2025,Gross,Budget,6216083094,2599115245,3616967849,863561285,1735553960,2557053588,1059914261,2599115245
AZ,CDE,2025,Gross,Forecast,5877736872,3250949078,2626787794,1372464101,1878484977,2430123900,196663894,3250949078
AZ,CDE,2025,Net,Actual,4399975576,2842833424,1557142152,1660212122,1182621302,1387044834,170097318,2842833424
AZ,CDE,2025,Net,Budget,3757879172,3102053603,655825569,894534649,2207518954,493104195,162721374,3102053603
AZ,CDE,2025,Net,Forecast,6536764521,2940521976,3596242545,779788101,2160733875,2842106184,754136361,2940521976
AZ,CDE,2025,Op,Actual,7077775676,4681354434,2396421242,2390647352,2290707082,1250390121,1146031121,4681354434
AZ,CDE,2025,Op,Budget,6056657723,2583095736,3473561987,2014193920,568901816,2489963023,983598964,2583095736
AZ,CDE,2025,Op,Forecast,5339867434,2563789286,2776078148,1563430748,1000358538,2319047219,457030929,2563789286
AZ,PJ,2024,Gross,Actual,4875418396,2990745874,1884672522,1356905362,1633840512,1193755848,690916674,2990745874
AZ,PJ,2024,Gross,Budget,3695621176,1483082001,2212539175,1148726874,334355127,1741669792,470869383,1483082001
AZ,PJ,2024,Gross,Forecast,5322647226,3416928838,1905718388,1266733900,2150194938,1613866929,291851459,3416928838
AZ,PJ,2024,Net,Actual,6390616337,3339554268,3051062069,1225454594,2114099674,2765079280,285982789,3339554268
AZ,PJ,2024,Net,Budget,5808439306,3254605871,2553833435,2273925454,980680417,2210117702,343715733,3254605871
AZ,PJ,2024,Net,Forecast,3040539255,1345009948,1695529307,160263897,1184746051,1335919929,359609378,1345009948
AZ,PJ,2024,Op,Actual,3880968285,2563674281,1317294004,1104165762,1459508519,299088154,1018205850,2563674281
AZ,PJ,2024,Op,Budget,5537821656,2134554902,3403266754,753717691,1380837211,2817992103,585274651,2134554902
AZ,PJ,2024,Op,Forecast,7033082417,3765307204,3267775213,2458584827,1306722377,2830932102,436843111,3765307204
AZ,PJ,2025,Gross,Actual,7530733300,4133128800,3397604500,2308410000,1824718800,2481181600,916422900,4133128800
AZ,PJ,2025,Gross,Budget,4928124551,2851969201,2076155350,1415065264,1436903937,1299409186,776746164,2851969201
AZ,PJ,2025,Gross,Forecast,5408988308,1704295268,3704693040,1236242662,468052606,2668177010,1036516030,1704295268
AZ,PJ,2025,Net,Actual,6972626600,3750185600,3222441000,2050950000,1699235600,2376957000,845484000,3750185600
AZ,PJ,2025,Net,Budget,4286140534,2423536485,1862604049,1655584212,767952273,963539822,899064227,2423536485
AZ,PJ,2025,Net,Forecast,4429887658,2510462380,1919425278,268615364,2241847016,1079646110,839779168,2510462380
AZ,PJ,2025,Op,Actual,6972626600,3750185600,3222441000,2050950000,1699235600,2376957000,845484000,3750185600
AZ,PJ,2025,Op,Budget,6482161923,3231563506,3250598417,1940198518,1291364988,2076035378,1174563039,3231563506
AZ,PJ,2025,Op,Forecast,3561217434,1833088207,1728129227,1144277613,688810594,1500051113,228078114,1833088207
BD+,CDE,2024,Gross,Actual,18357091757,7369024919,10988066838,1969980303,5399044616,4287227353,6700839485,7369024919
BD+,CDE,2024,Gross,Budget,14829398661,8288608105,6540790556,2027827128,6260780977,3255266627,3285523929,8288608105
BD+,CDE,2024,Gross,Forecast,14762618803,10050659396,4711959407,2103547695,7947111701,4102136260,609823147,10050659396
BD+,CDE,2024,Net,Actual,17093862818,9155569203,7938293615,2096415774,7059153429,3396901654,4541391961,9155569203
BD+,CDE,2024,Net,Budget,17022952280,9595432852,7427519428,1997559492,7597873360,4205480117,3222039311,9595432852
BD+,CDE,2024,Net,Forecast,9999024015,3633191622,6365832393,1611419372,2021772250,1769186893,4596645500,3633191622
BD+,CDE,2024,Op,Actual,26313642322,13237143809,13076498513,1856404530,11380739279,3822263740,9254234773,13237143809
BD+,CDE,2024,Op,Budget,18586765794,8423398733,10163367061,2490471938,5932926795,4669890524,5493476537,8423398733
BD+,CDE,2024,Op,Forecast,13410020947,4454327515,8955693432,1381391000,3072936515,4899406274,4056287158,4454327515
BD+,CDE,2025,Gross,Actual,19831648495,8441197286,11390451209,1132908633,7308288653,2105466013,9284985196,8441197286
BD+,CDE,2025,Gross,Budget,16300562446,7469157495,8831404951,1016995482,6452162013,2484593089,6346811862,7469157495
BD+,CDE,2025,Gross,Forecast,14641502515,8020322378,6621180137,1062939015,6957383363,2089490024,4531690113,8020322378
BD+,CDE,2025,Net,Actual,14185290560,5670118686,8515171874,2427647986,3242470700,3746346852,4768825022,5670118686
BD+,CDE,2025,Net,Budget,23075125034,11899958417,11175166617,1248550700,10651407717,6378262046,4796904571,11899958417
BD+,CDE,2025,Net,Forecast,15518313151,6174243881,9344069270,1598947570,4575296311,4157686489,5186382781,6174243881
BD+,CDE,2025,Op,Actual,16701822429,10954077444,5747744985,1037669079,9916408365,3244600522,2503144463,10954077444
BD+,CDE,2025,Op,Budget,22409120674,15225415087,7183705587,1956774503,13268640584,2805393637,4378311950,15225415087
BD+,CDE,2025,Op,Forecast,11410326972,5009156907,6401170065,1022358622,3986798285,2291023855,4110146210,5009156907
BD+,PJ,2024,Gross,Actual,18632941895,7811298259,10821643636,1395159613,6416138646,4194417605,6627226031,7811298259
BD+,PJ,2024,Gross,Budget,21428064824,11684551467,9743513357,2635495276,9049056191,5217225228,4526288129,11684551467
BD+,PJ,2024,Gross,Forecast,17340609562,12429050521,4911559041,2274428956,10154621565,1491804103,3419754938,12429050521
BD+,PJ,2024,Net,Actual,22262759771,12994144395,9268615376,1718023886,11276120509,4198435074,5070180302,12994144395
BD+,PJ,2024,Net,Budget,16272287050,3850448769,12421838281,1169835771,2680612998,5384220334,7037617947,3850448769
BD+,PJ,2024,Net,Forecast,17504805837,8589802699,8915003138,1275379784,7314422915,3223338609,5691664529,8589802699
BD+,PJ,2024,Op,Actual,14321724750,9475829524,4845895226,520576125,8955253399,3348322225,1497573001,9475829524
BD+,PJ,2024,Op,Budget,18229746208,10752853870,7476892338,564101909,10188751961,3042286017,4434606321,10752853870
BD+,PJ,2024,Op,Forecast,16680360901,9247098333,7433262568,2026576420,7220521913,5433971309,1999291259,9247098333
BD+,PJ,2025,Gross,Actual,23050406700,11570983300,11479423400,2174890000,9396093300,4692610500,6786812900,11570983300
BD+,PJ,2025,Gross,Budget,19838726680,11373276614,8465450066,1005260078,10368016536,6322356014,2143094052,11373276614
BD+,PJ,2025,Gross,Forecast,12007065891,5135022548,6872043343,1072161664,4062860884,4975918636,1896124707,5135022548
BD+,PJ,2025,Net,Actual,22640853700,11333015800,11307837900,2116750000,9216265800,4625815500,6682022400,11333015800
BD+,PJ,2025,Net,Budget,12472362262,4463663380,8008698882,2105054299,2358609081,2398963943,5609734939,4463663380
BD+,PJ,2025,Net,Forecast,20686798919,9974295630,10712503289,1544543524,8429752106,3231967262,7480536027,9974295630
BD+,PJ,2025,Op,Actual,22640853700,11333015800,11307837900,2116750000,9216265800,4625815500,6682022400,11333015800
BD+,PJ,2025,Op,Budget,24757645956,14318430442,10439215514,1676348529,12642081913,5651002115,4788213399,14318430442
BD+,PJ,2025,Op,Forecast,22482874141,14767043915,7715830226,2240497211,12526546704,5340523075,2375307151,14767043915
CE,CDE,2024,Gross,Actual,28129639058,10838799857,17290839201,5542725753,5296074104,8444784164,8846055037,10838799857
CE,CDE,2024,Gross,Budget,26339067675,7078278678,19260788997,2277961259,4800317419,8879246486,10381542511,7078278678
CE,CDE,2024,Gross,Forecast,25641948758,8508511304,17133437454,5203932238,3304579066,12035980505,5097456949,8508511304
CE,CDE,2024,Net,Actual,18346966513,6163357999,12183608514,3395732018,2767625981,6153224942,6030383572,6163357999
CE,CDE,2024,Net,Budget,27471806864,11181013537,16290793327,8590713062,2590300475,9546435872,6744357455,11181013537
CE,CDE,2024,Net,Forecast,18292044648,8129693184,10162351464,4418079684,3711613500,3309786352,6852565112,8129693184
CE,CDE,2024,Op,Actual,26519792174,13975541432,12544250742,7403188121,6572353311,5717135604,6827115138,13975541432
CE,CDE,2024,Op,Budget,16343380220,5920432354,10422947866,2650834730,3269597624,4457820348,5965127518,5920432354
CE,CDE,2024,Op,Forecast,23956609626,8831333879,15125275747,3617027238,5214306641,7235963314,7889312433,8831333879
CE,CDE,2025,Gross,Actual,28969275780,9449449086,19519826694,6691288302,2758160784,5890053467,13629773227,9449449086
CE,CDE,2025,Gross,Budget,28242978606,10884578115,17358400491,5555319086,5329259029,5992775772,11365624719,10884578115
CE,CDE,2025,Gross,Forecast,15937493936,7379552284,8557941652,2821004216,4558548068,3866040501,4691901151,7379552284
CE,CDE,2025,Net,Actual,29146576073,10165014673,18981561400,6260036745,3904977928,9706413628,9275147772,10165014673
CE,CDE,2025,Net,Budget,24068468924,9709249928,14359218996,5706795772,4002454156,6693031296,7666187700,9709249928
CE,CDE,2025,Net,Forecast,21514316962,9419368311,12094948651,5647204315,3772163996,4781737058,7313211593,9419368311
CE,CDE,2025,Op,Actual,22331633372,10794293372,11537340000,6546977546,4247315826,4739087853,6798252147,10794293372
CE,CDE,2025,Op,Budget,15619320515,8083163288,7536157227,4630134249,3453029039,5428473725,2107683502,8083163288
CE,CDE,2025,Op,Forecast,19434347649,11139679325,8294668324,5936842251,5202837074,5479776671,2814891653,11139679325
CE,PJ,2024,Gross,Actual,20164723434,10963623546,9201099888,3024531172,7939092374,5337117899,3863981989,10963623546
CE,PJ,2024,Gross,Budget,23743430180,7609225899,16134204281,2729456360,4879769539,3171396346,12962807935,7609225899
CE,PJ,2024,Gross,Forecast,20423621141,6734438706,13689182435,2279266588,4455172118,7307925595,6381256840,6734438706
CE,PJ,2024,Net,Actual,15173322554,5712003498,9461319056,2047553617,3664449881,3752047431,5709271625,5712003498
CE,PJ,2024,Net,Budget,22106249168,7044547268,15061701900,3405589747,3638957521,8106806438,6954895462,7044547268
CE,PJ,2024,Net,Forecast,16800640081,8590931820,8209708261,4491405162,4099526658,4280567981,3929140280,8590931820
CE,PJ,2024,Op,Actual,19287537277,5456487801,13831049476,1931969805,3524517996,8703215463,5127834013,5456487801
CE,PJ,2024,Op,Budget,25299659671,8654877483,16644782188,6875114969,1779762514,8230971648,8413810540,8654877483
CE,PJ,2024,Op,Forecast,17065672684,9621044337,7444628347,5589630505,4031413832,2856858750,4587769597,9621044337
CE,PJ,2025,Gross,Actual,33887370000,12434940000,21452430000,6728220000,5706720000,10235860000,11216570000,12434940000
CE,PJ,2025,Gross,Budget,28749239941,8258500000,20490739941,4943978125,3314521875,8174046322,12316693619,8258500000
CE,PJ,2025,Gross,Forecast,21917186993,10889282627,11027904366,5411848821,5477433806,6066208780,4961695586,10889282627
CE,PJ,2025,Net,Actual,30281910000,12431280000,17850630000,6763840000,5667440000,8456450000,9394180000,12431280000
CE,PJ,2025,Net,Budget,19882999838,10951704117,8931295721,5359197589,5592506528,2737697409,6193598312,10951704117
CE,PJ,2025,Net,Forecast,17547145667,9441260167,8105885500,5390560816,4050699351,4393591782,3712293718,9441260167
CE,PJ,2025,Op,Actual,30281910000,12431280000,17850630000,6763840000,5667440000,8456450000,9394180000,12431280000
CE,PJ,2025,Op,Budget,27998492405,10321661355,17676831050,6714481910,3607179445,8960396753,8716434297,10321661355
CE,PJ,2025,Op,Forecast,24582217698,9462951609,15119266089,3221935829,6241015780,4949801015,10169465074,9462951609
CH,CDE,2024,Gross,Actual,3021136039,926350277,2094785762,424967841,501382436,824405982,1270379780,926350277
CH,CDE,2024,Gross,Budget,2607818165,1283087607,1324730558,704719869,578367738,718095415,606635143,1283087607
CH,CDE,2024,Gross,Forecast,2624998712,1490551611,1134447101,872606653,617944958,726400551,408046550,1490551611
CH,CDE,2024,Net,Actual,1792454623,767691046,1024763577,486087498,281603548,182163080,842600497,767691046
CH,CDE,2024,Net,Budget,1757629648,975547023,782082625,861923265,113623758,402067268,380015357,975547023
CH,CDE,2024,Net,Forecast,2535400894,1268650775,1266750119,337567272,931083503,697363145,569386974,1268650775
CH,CDE,2024,Op,Actual,791159591,201972869,589186722,72307701,129665168,233758080,355428642,201972869
CH,CDE,2024,Op,Budget,2374394065,1133003425,1241390640,547919290,585084135,340915898,900474742,1133003425
CH,CDE,2024,Op,Forecast,1867141643,846700616,1020441027,463572759,383127857,166728033,853712994,846700616
CH,CDE,2025,Gross,Actual,2534025969,1264749879,1269276090,427439971,837309908,342094541,927181549,1264749879
CH,CDE,2025,Gross,Budget,2900445970,1517453157,1382992813,921280352,596172805,520715762,862277051,1517453157
CH,CDE,2025,Gross,Forecast,2512145686,1044478754,1467666932,333853735,710625019,677835486,789831446,1044478754
CH,CDE,2025,Net,Actual,1824270410,1059080613,765189797,938959310,120121303,212263215,552926582,1059080613
CH,CDE,2025,Net,Budget,2032357541,858337173,1174020368,474410304,383926869,512053380,661966988,858337173
CH,CDE,2025,Net,Forecast,2556692767,1036077071,1520615696,654653188,381423883,585138821,935476875,1036077071
CH,CDE,2025,Op,Actual,1966553248,811588942,1154964306,230058328,581530614,646533674,508430632,811588942
CH,CDE,2025,Op,Budget,2961015929,1526565432,1434450497,848612274,677953158,555150598,879299899,1526565432
CH,CDE,2025,Op,Forecast,2149309698,1339335254,809974444,763470739,575864515,395630210,414344234,1339335254
CH,PJ,2024,Gross,Actual,2313550122,1537127934,776422188,675108029,862019905,391146126,385276062,1537127934
CH,PJ,2024,Gross,Budget,2754016735,1368627945,1385388790,842793689,525834256,250675581,1134713209,1368627945
CH,PJ,2024,Gross,Forecast,1805054671,905689978,899364693,457670086,448019892,602117580,297247113,905689978
CH,PJ,2024,Net,Actual,2358012035,1297667625,1060344410,655317116,642350509,276001364,784343046,1297667625
CH,PJ,2024,Net,Budget,2305120074,1568817436,736302638,1169033066,399784370,513376104,222926534,1568817436
CH,PJ,2024,Net,Forecast,2572406059,1513865388,1058540671,929974651,583890737,603763555,454777116,1513865388
CH,PJ,2024,Op,Actual,2533124016,1119813493,1413310523,628080929,491732564,250595672,1162714851,1119813493
CH,PJ,2024,Op,Budget,2719772485,1112141411,1607631074,915192419,196948992,378694910,1228936164,1112141411
CH,PJ,2024,Op,Forecast,1459523737,682210186,777313551,287911083,394299103,319785853,457527698,682210186
CH,PJ,2025,Gross,Actual,3382930000,1763210000,1619720000,1062980000,700230000,697890000,921830000,1763210000
CH,PJ,2025,Gross,Budget,3239838873,1760604339,1479234534,812750967,947853372,753957715,725276819,1760604339
CH,PJ,2025,Gross,Forecast,2141762533,552875285,1588887248,156091205,396784080,567901245,1020986003,552875285
CH,PJ,2025,Net,Actual,3235500000,1710760000,1524740000,1026480000,684280000,628460000,896280000,1710760000
CH,PJ,2025,Net,Budget,2757296860,1914169789,843127071,1028056146,886113643,455028162,388098909,1914169789
CH,PJ,2025,Net,Forecast,2772127166,1560176462,1211950704,871609602,688566860,196907393,1015043311,1560176462
CH,PJ,2025,Op,Actual,3235500000,1710760000,1524740000,1026480000,684280000,628460000,896280000,1710760000
CH,PJ,2025,Op,Budget,2167807870,1476090019,691717851,1138356063,337733956,121977908,569739943,1476090019
CH,PJ,2025,Op,Forecast,2496748615,1424483640,1072264975,765123160,659360480,397320065,674944910,1424483640
DC,CDE,2024,Gross,Actual,19902349851,7924605112,11977744739,4665722270,3258882842,5946964694,6030780045,7924605112
DC,CDE,2024,Gross,Budget,21445163505,4795426676,16649736829,3329928565,1465498111,4684086330,11965650499,4795426676
DC,CDE,2024,Gross,Forecast,19872702182,8653243376,11219458806,4930563948,3722679428,6543779140,4675679666,8653243376
DC,CDE,2024,Net,Actual,14602235901,4783471213,9818764688,2211919612,2571551601,4903033784,4915730904,4783471213
DC,CDE,2024,Net,Budget,17120479754,6712608242,10407871512,3589153325,3123454917,1848804485,8559067027,6712608242
DC,CDE,2024,Net,Forecast,15222966006,4052931020,11170034986,3444608226,608322794,4072329834,7097705152,4052931020
DC,CDE,2024,Op,Actual,17389248438,5078191562,12311056876,1888397346,3189794216,4768395342,7542661534,5078191562
DC,CDE,2024,Op,Budget,11990977924,4140200245,7850777679,1420153222,2720047023,4414815309,3435962370,4140200245
DC,CDE,2024,Op,Forecast,16766568477,6042644745,10723923732,3095508825,2947135920,3357819951,7366103781,6042644745
DC,CDE,2025,Gross,Actual,27742212147,9757474651,17984737496,4205575888,5551898763,7462563863,10522173633,9757474651
DC,CDE,2025,Gross,Budget,25092813823,5349431055,19743382768,2124771314,3224659741,6855509134,12887873634,5349431055
DC,CDE,2025,Gross,Forecast,20287550154,7510233569,12777316585,5917988118,1592245451,7309935799,5467380786,7510233569
DC,CDE,2025,Net,Actual,13887296157,2244897931,11642398226,1296396151,948501780,4304409091,7337989135,2244897931
DC,CDE,2025,Net,Budget,20331834118,8215157489,12116676629,4360640979,3854516510,4793167774,7323508855,8215157489
DC,CDE,2025,Net,Forecast,20485703070,5706976966,14778726104,2717790393,2989186573,3665458089,11113268015,5706976966
DC,CDE,2025,Op,Actual,13693120424,4997990045,8695130379,1561163969,3436826076,4198938696,4496191683,4997990045
DC,CDE,2025,Op,Budget,16467125778,5291292366,11175833412,2819366515,2471925851,5226406721,5949426691,5291292366
DC,CDE,2025,Op,Forecast,13150374420,5139814570,8010559850,1548081394,3591733176,4271356167,3739203683,5139814570
DC,PJ,2024,Gross,Actual,21769928752,7272177205,14497751547,4055204530,3216972675,5807874029,8689877518,7272177205
DC,PJ,2024,Gross,Budget,24394215974,5624458887,18769757087,1880397812,3744061075,4416600712,14353156375,5624458887
DC,PJ,2024,Gross,Forecast,20344487244,6933010747,13411476497,4407199313,2525811434,5416952907,7994523590,6933010747
DC,PJ,2024,Net,Actual,13078055153,4630025851,8448029302,2959539277,1670486574,3557891938,4890137364,4630025851
DC,PJ,2024,Net,Budget,15493125556,3994966232,11498159324,2714692979,1280273253,3991064342,7507094982,3994966232
DC,PJ,2024,Net,Forecast,11819272796,5518775403,6300497393,2267111439,3251663964,1234078664,5066418729,5518775403
DC,PJ,2024,Op,Actual,16578709743,4730866470,11847843273,3399876898,1330989572,4102554878,7745288395,4730866470
DC,PJ,2024,Op,Budget,9823886177,2957839653,6866046524,975786645,1982053008,2360743421,4505303103,2957839653
DC,PJ,2024,Op,Forecast,12922163419,4351160171,8571003248,2803956486,1547203685,3508285389,5062717859,4351160171
DC,PJ,2025,Gross,Actual,28532270000,9503670000,19028600000,4865190000,4638480000,6557940000,12470660000,9503670000
DC,PJ,2025,Gross,Budget,15418251437,6942328348,8475923089,3370304790,3572023558,3226172275,5249750814,6942328348
DC,PJ,2025,Gross,Forecast,20903624392,10962360491,9941263901,6033815288,4928545203,2779747173,7161516728,10962360491
DC,PJ,2025,Net,Actual,20429750000,6731220000,13698530000,3275400000,3455820000,4980520000,8718010000,6731220000
DC,PJ,2025,Net,Budget,14337278951,4488233327,9849045624,3051198920,1437034407,3540663391,6308382233,4488233327
DC,PJ,2025,Net,Forecast,8638662900,3050050508,5588612392,439388793,2610661715,3977250536,1611361856,3050050508
DC,PJ,2025,Op,Actual,20429750000,6731220000,13698530000,3275400000,3455820000,4980520000,8718010000,6731220000
DC,PJ,2025,Op,Budget,11291197190,3853028988,7438168202,2244907858,1608121130,1920319954,5517848248,3853028988
DC,PJ,2025,Op,Forecast,17488431342,5301511433,12186919909,2234627506,3066883927,2449307766,9737612143,5301511433
DE,CDE,2024,Gross,Actual,28478911052,10758036491,17720874561,4729184886,6028851605,7891384090,9829490471,10758036491
DE,CDE,2024,Gross,Budget,33517473528,17427688855,16089784673,6096444164,11331244691,10394884986,5694899687,17427688855
DE,CDE,2024,Gross,Forecast,35974744603,16932227129,19042517474,5642957904,11289269225,10506624308,8535893166,16932227129
DE,CDE,2024,Net,Actual,24785133347,11031750366,13753382981,3139393455,7892356911,8493605271,5259777710,11031750366
DE,CDE,2024,Net,Budget,26126794212,10530445697,15596348515,6810149775,3720295922,9979934317,5616414198,10530445697
DE,CDE,2024,Net,Forecast,23097629883,9622709631,13474920252,3574055961,6048653670,8179449903,5295470349,9622709631
DE,CDE,2024,Op,Actual,21425409677,15843558956,5581850721,4138204804,11705354152,3799234096,1782616625,15843558956
DE,CDE,2024,Op,Budget,27958042848,14963980256,12994062592,4802491683,10161488573,7472898177,5521164415,14963980256
DE,CDE,2024,Op,Forecast,24892198605,13206420462,11685778143,6925236961,6281183501,5737323227,5948454916,13206420462
DE,CDE,2025,Gross,Actual,24734187640,8460319951,16273867689,2992275517,5468044434,11903362297,4370505392,8460319951
DE,CDE,2025,Gross,Budget,20649443359,12551529991,8097913368,4427633861,8123896130,4004736644,4093176724,12551529991
DE,CDE,2025,Gross,Forecast,34573717800,16281662298,18292055502,9037322970,7244339328,11381357047,6910698455,16281662298
DE,CDE,2025,Net,Actual,27107904512,12451015411,14656889101,3640307570,8810707841,7712096421,6944792680,12451015411
DE,CDE,2025,Net,Budget,28321129013,12983737212,15337391801,7358774703,5624962509,11836787961,3500603840,12983737212
DE,CDE,2025,Net,Forecast,33889638246,18354091072,15535547174,8353935575,10000155497,11701333155,3834214019,18354091072
DE,CDE,2025,Op,Actual,29652076677,14716931681,14935144996,3753471511,10963460170,10878727050,4056417946,14716931681
DE,CDE,2025,Op,Budget,28766806078,13254883625,15511922453,6347084147,6907799478,10173543916,5338378537,13254883625
DE,CDE,2025,Op,Forecast,34223490200,14422597467,19800892733,4277771570,10144825897,10968416600,8832476133,14422597467
DE,PJ,2024,Gross,Actual,24758021034,11417219865,13340801169,3677163338,7740056527,5851676906,7489124263,11417219865
DE,PJ,2024,Gross,Budget,22692348017,10382345762,12310002255,1591724034,8790621728,3171175009,9138827246,10382345762
DE,PJ,2024,Gross,Forecast,18110775087,6840196319,11270578768,2358671052,4481525267,3888471029,7382107739,6840196319
DE,PJ,2024,Net,Actual,18789627759,9824657597,8964970162,2410681954,7413975643,5335364911,3629605251,9824657597
DE,PJ,2024,Net,Budget,19555371289,6343925834,13211445455,1916834534,4427091300,8076452554,5134992901,6343925834
DE,PJ,2024,Net,Forecast,20388425899,13119819424,7268606475,3360887424,9758932000,733729561,6534876914,13119819424
DE,PJ,2024,Op,Actual,29243502761,14961095914,14282406847,6418989104,8542106810,7539388953,6743017894,14961095914
DE,PJ,2024,Op,Budget,28763501613,16355267962,12408233651,6524043295,9831224667,8566503456,3841730195,16355267962
DE,PJ,2024,Op,Forecast,25786698746,8345481068,17441217678,2915312196,5430168872,11179324478,6261893200,8345481068
DE,PJ,2025,Gross,Actual,40130380000,18741000000,21389380000,8049410000,10691590000,13216990000,8172390000,18741000000
DE,PJ,2025,Gross,Budget,21624612455,10491682492,11132929963,3322660965,7169021527,8571312458,2561617505,10491682492
DE,PJ,2025,Gross,Forecast,29602980070,14465651117,15137328953,5025931956,9439719161,12386162945,2751166008,14465651117
DE,PJ,2025,Net,Actual,35355790000,16608920000,18746870000,7062200000,9546720000,11751070000,6995800000,16608920000
DE,PJ,2025,Net,Budget,27487750906,17141918768,10345832138,5056699992,12085218776,4818549628,5527282510,17141918768
DE,PJ,2025,Net,Forecast,19495979050,11907278506,7588700544,4475706242,7431572264,701275269,6887425275,11907278506
DE,PJ,2025,Op,Actual,35355790000,16608920000,18746870000,7062200000,9546720000,11751070000,6995800000,16608920000
DE,PJ,2025,Op,Budget,31498316942,12320930957,19177385985,6111260399,6209670558,15843579961,3333806024,12320930957
DE,PJ,2025,Op,Forecast,31495982354,13449984244,18045998110,4988399192,8461585052,11058803930,6987194180,13449984244
ES,CDE,2024,Gross,Actual,4637893172,2262419319,2375473853,1604450984,657968335,1114253843,1261220010,2262419319
ES,CDE,2024,Gross,Budget,6167775086,2784156590,3383618496,1993741979,790414611,2130691465,1252927031,2784156590
ES,CDE,2024,Gross,Forecast,3976696484,2773152701,1203543783,1622186130,1150966571,839180785,364362998,2773152701
ES,CDE,2024,Net,Actual,5345725867,2057617216,3288108651,1507481163,550136053,1923631806,1364476845,2057617216
ES,CDE,2024,Net,Budget,2904542957,1532941455,1371601502,578611269,954330186,798322554,573278948,1532941455
ES,CDE,2024,Net,Forecast,4272526584,2818603509,1453923075,2096903341,721700168,726094009,727829066,2818603509
ES,CDE,2024,Op,Actual,3171235541,1457811407,1713424134,677906589,779904818,1112172345,601251789,1457811407
ES,CDE,2024,Op,Budget,3912624147,1832854834,2079769313,850051433,982803401,1330223753,749545560,1832854834
ES,CDE,2024,Op,Forecast,4523935540,1783186180,2740749360,1342497570,440688610,1657892894,1082856466,1783186180
ES,CDE,2025,Gross,Actual,5117122447,2624585456,2492536991,1107888885,1516696571,1358794887,1133742104,2624585456
ES,CDE,2025,Gross,Budget,5121316088,2324275952,2797040136,1516515263,807760689,1524460878,1272579258,2324275952
ES,CDE,2025,Gross,Forecast,3882108532,2128538730,1753569802,1364787883,763750847,1233504331,520065471,2128538730
ES,CDE,2025,Net,Actual,5513754765,2715416051,2798338714,1765097679,950318372,1492964266,1305374448,2715416051
ES,CDE,2025,Net,Budget,4729439327,2738541383,1990897944,2203273620,535267763,1216365597,774532347,2738541383
ES,CDE,2025,Net,Forecast,4525853743,2101328051,2424525692,1587577674,513750377,1854327632,570198060,2101328051
ES,CDE,2025,Op,Actual,5049863395,2623314155,2426549240,1323485529,1299828626,1836854408,589694832,2623314155
ES,CDE,2025,Op,Budget,3942966236,2512277602,1430688634,1604651950,907625652,795390344,635298290,2512277602
ES,CDE,2025,Op,Forecast,5210459973,2619192018,2591267955,1499190710,1120001308,1010522063,1580745892,2619192018
ES,PJ,2024,Gross,Actual,2723487946,2195232778,528255168,1184670585,1010562193,296325775,231929393,2195232778
ES,PJ,2024,Gross,Budget,3951219852,2129653798,1821566054,1697825482,431828316,819806552,1001759502,2129653798
ES,PJ,2024,Gross,Forecast,6062509541,2864124999,3198384542,1318333687,1545791312,2007195983,1191188559,2864124999
ES,PJ,2024,Net,Actual,4345427111,1773235491,2572191620,706626941,1066608550,1383954575,1188237045,1773235491
ES,PJ,2024,Net,Budget,5262341384,2888808570,2373532814,1611357333,1277451237,1560518821,813013993,2888808570
ES,PJ,2024,Net,Forecast,4531465459,1710198162,2821267297,1204248332,505949830,1046216255,1775051042,1710198162
ES,PJ,2024,Op,Actual,4050854467,1330053014,2720801453,801443836,528609178,1958504290,762297163,1330053014
ES,PJ,2024,Op,Budget,5021355773,2433782241,2587573532,1678253031,755529210,1577836185,1009737347,2433782241
ES,PJ,2024,Op,Forecast,4438421706,2530382642,1908039064,1400880984,1129501658,617072340,1290966724,2530382642
ES,PJ,2025,Gross,Actual,6497780000,3173410000,3324370000,1843090000,1330320000,1772510000,1551860000,3173410000
ES,PJ,2025,Gross,Budget,4287826258,2105870904,2181955354,933534089,1172336815,881381093,1300574261,2105870904
ES,PJ,2025,Gross,Forecast,5697468463,2288337194,3409131269,1295277658,993059536,1962523374,1446607895,2288337194
ES,PJ,2025,Net,Actual,5977880000,2850580000,3127300000,1724470000,1126110000,1733930000,1393370000,2850580000
ES,PJ,2025,Net,Budget,4760209704,2837266408,1922943296,1949859120,887407288,753732101,1169211195,2837266408
ES,PJ,2025,Net,Forecast,5341912925,2693711200,2648201725,1867618167,826093033,1791359308,856842417,2693711200
ES,PJ,2025,Op,Actual,5977880000,2850580000,3127300000,1724470000,1126110000,1733930000,1393370000,2850580000
ES,PJ,2025,Op,Budget,4832453401,2069049932,2763403469,1273303671,795746261,1325997686,1437405783,2069049932
ES,PJ,2025,Op,Forecast,2517259436,1464304594,1052954842,873241748,591062846,527017218,525937624,1464304594
FR,CDE,2024,Gross,Actual,21737293225,12694772065,9042521160,8149245699,4545526366,3138931818,5903589342,12694772065
FR,CDE,2024,Gross,Budget,24420525014,10457514079,13963010935,6519067329,3938446750,2855679521,11107331414,10457514079
FR,CDE,2024,Gross,Forecast,20388704041,8547240758,11841463283,4339802910,4207437848,5963993721,5877469562,8547240758
FR,CDE,2024,Net,Actual,20600419805,6907448854,13692970951,1710130873,5197317981,6760165503,6932805448,6907448854
FR,CDE,2024,Net,Budget,19817503573,8778891152,11038612421,3470779413,5308111739,4891801819,6146810602,8778891152
FR,CDE,2024,Net,Forecast,24653206362,11936995312,12716211050,7598195606,4338799706,5491324163,7224886887,11936995312
FR,CDE,2024,Op,Actual,22400263431,8265781019,14134482412,3013581146,5252199873,7053587908,7080894504,8265781019
FR,CDE,2024,Op,Budget,22675149909,7003478747,15671671162,3272812187,3730666560,4166691441,11504979721,7003478747
FR,CDE,2024,Op,Forecast,19909485062,6812102669,13097382393,3689690671,3122411998,5595762292,7501620101,6812102669
FR,CDE,2025,Gross,Actual,21161531596,6436198634,14725332962,3445850394,2990348240,8511835896,6213497066,6436198634
FR,CDE,2025,Gross,Budget,23618262594,9876952056,13741310538,4846771549,5030180507,7024144019,6717166519,9876952056
FR,CDE,2025,Gross,Forecast,29049690731,13731100112,15318590619,9304970560,4426129552,6979427729,8339162890,13731100112
FR,CDE,2025,Net,Actual,23921396994,13153100933,10768296061,7837820716,5315280217,3366146198,7402149863,13153100933
FR,CDE,2025,Net,Budget,17001670977,8744148944,8257522033,3607465364,5136683580,4576198552,3681323481,8744148944
FR,CDE,2025,Net,Forecast,26667577386,11280114497,15387462889,6959308019,4320806478,7226458516,8161004373,11280114497
FR,CDE,2025,Op,Actual,13365507007,6677786862,6687720145,3704933007,2972853855,3384782406,3302937739,6677786862
FR,CDE,2025,Op,Budget,18168212892,6350043379,11818169513,4543707827,1806335552,8332028808,3486140705,6350043379
FR,CDE,2025,Op,Forecast,13067807474,4263027338,8804780136,1656546847,2606480491,6986077221,1818702915,4263027338
FR,PJ,2024,Gross,Actual,24630846116,13787389532,10843456584,9209889554,4577499978,2138325753,8705130831,13787389532
FR,PJ,2024,Gross,Budget,24096031300,11138610079,12957421221,5306125875,5832484204,5902492394,7054928827,11138610079
FR,PJ,2024,Gross,Forecast,19378987756,11312291204,8066696552,5775025044,5537266160,4084415750,3982280802,11312291204
FR,PJ,2024,Net,Actual,17497193419,9381682896,8115510523,4147007818,5234675078,4193113510,3922397013,9381682896
FR,PJ,2024,Net,Budget,19707726338,10583194152,9124532186,6182355466,4400838686,4562965553,4561566633,10583194152
FR,PJ,2024,Net,Forecast,19368435126,9244685972,10123749154,4385965474,4858720498,4188199290,5935549864,9244685972
FR,PJ,2024,Op,Actual,22985806321,8448803334,14537002987,5553063274,2895740060,7017737473,7519265514,8448803334
FR,PJ,2024,Op,Budget,25155146106,11257324778,13897821328,7099944519,4157380259,6392513191,7505308137,11257324778
FR,PJ,2024,Op,Forecast,20399158047,7830433111,12568724936,4413347418,3417085693,4685141448,7883583488,7830433111
FR,PJ,2025,Gross,Actual,30288330000,13430030000,16858300000,8194720000,5235310000,7523250000,9335050000,13430030000
FR,PJ,2025,Gross,Budget,19834959561,8911880642,10923078919,6885412656,2026467986,8551382000,2371696919,8911880642
FR,PJ,2025,Gross,Forecast,22084128321,9587729964,12496398357,3900856048,5686873916,3592385068,8904013289,9587729964
FR,PJ,2025,Net,Actual,26716010000,11350920000,15365090000,6511770000,4839150000,6987410000,8377680000,11350920000
FR,PJ,2025,Net,Budget,20199978400,8059249116,12140729284,4460212091,3599037025,4992491672,7148237612,8059249116
FR,PJ,2025,Net,Forecast,21756866875,11809420149,9947446726,5334420270,6474999879,3379354487,6568092239,11809420149
FR,PJ,2025,Op,Actual,26716010000,11350920000,15365090000,6511770000,4839150000,6987410000,8377680000,11350920000
FR,PJ,2025,Op,Budget,24578145604,11403971454,13174174150,5616593123,5787378331,5829878241,7344295909,11403971454
FR,PJ,2025,Op,Forecast,22497775163,9568976598,12928798565,6656853312,2912123286,6594675729,6334122836,9568976598
ID,CDE,2024,Gross,Actual,17983564139,9418289099,8565275040,6999943027,2418346072,1870522450,6694752590,9418289099
ID,CDE,2024,Gross,Budget,20321653626,8997505704,11324147922,7382826754,1614678950,6314119756,5010028166,8997505704
ID,CDE,2024,Gross,Forecast,21315727468,9796820085,11518907383,8938381831,858438254,5786746380,5732161003,9796820085
ID,CDE,2024,Net,Actual,13548066499,7733655571,5814410928,5386257899,2347397672,4126087361,1688323567,7733655571
ID,CDE,2024,Net,Budget,14001811999,8863070876,5138741123,7817889764,1045181112,3097879537,2040861586,8863070876
ID,CDE,2024,Net,Forecast,17703058753,8319324344,9383734409,6521305560,1798018784,3473773159,5909961250,8319324344
ID,CDE,2024,Op,Actual,10937298975,5174787110,5762511865,2997035137,2177751973,4867129775,895382090,5174787110
ID,CDE,2024,Op,Budget,13790445321,9216741707,4573703614,7351764311,1864977396,3574070649,999632965,9216741707
ID,CDE,2024,Op,Forecast,22519164703,12948266528,9570898175,11249471470,1698795058,6191295984,3379602191,12948266528
ID,CDE,2025,Gross,Actual,13890952999,5820673324,8070279675,4341366046,1479307278,4764432436,3305847239,5820673324
ID,CDE,2025,Gross,Budget,13032803553,7046167170,5986636383,5328383301,1717783869,2951898910,3034737473,7046167170
ID,CDE,2025,Gross,Forecast,19447587486,13575292449,5872295037,11653620338,1921672111,2432492230,3439802807,13575292449
ID,CDE,2025,Net,Actual,18646814684,8230927401,10415887283,7418258388,812669013,4445090471,5970796812,8230927401
ID,CDE,2025,Net,Budget,15323534211,9097702136,6225832075,8430464697,667237439,3604559112,2621272963,9097702136
ID,CDE,2025,Net,Forecast,13913052482,7258676774,6654375708,6078596510,1180080264,4284885691,2369490017,7258676774
ID,CDE,2025,Op,Actual,18807557195,9009293389,9798263806,6919826113,2089467276,5313920720,4484343086,9009293389
ID,CDE,2025,Op,Budget,17803846331,10646201887,7157644444,7887212593,2758989294,4523277473,2634366971,10646201887
ID,CDE,2025,Op,Forecast,8891646309,3012649034,5878997275,1662092291,1350556743,2295155974,3583841301,3012649034
ID,PJ,2024,Gross,Actual,10976210436,3916669349,7059541087,1128210470,2788458879,2324889702,4734651385,3916669349
ID,PJ,2024,Gross,Budget,15247997008,10660786351,4587210657,9375491896,1285294455,1616198863,2971011794,10660786351
ID,PJ,2024,Gross,Forecast,15056544419,7732071431,7324472988,6297597575,1434473856,4258427066,3066045922,7732071431
ID,PJ,2024,Net,Actual,16753563828,5838335800,10915228028,4029407302,1808928498,5013721852,5901506176,5838335800
ID,PJ,2024,Net,Budget,17966418920,9959787610,8006631310,7948387069,2011400541,5164775767,2841855543,9959787610
ID,PJ,2024,Net,Forecast,19004979222,11295224330,7709754892,9077024872,2218199458,3218285902,4491468990,11295224330
ID,PJ,2024,Op,Actual,13331771702,9045483642,4286288060,8895562458,149921184,3525265937,761022123,9045483642
ID,PJ,2024,Op,Budget,21676797021,10995237200,10681559821,10416592141,578645059,5257942937,5423616884,10995237200
ID,PJ,2024,Op,Forecast,18731032223,11183091736,7547940487,9628595135,1554496601,4903757563,2644182924,11183091736
ID,PJ,2025,Gross,Actual,22011422800,11180609400,10830813400,9049750000,2130859400,5653176500,5177636900,11180609400
ID,PJ,2025,Gross,Budget,18784741194,9039856481,9744884713,6503775763,2536080718,5942749070,3802135643,9039856481
ID,PJ,2025,Gross,Forecast,17647230570,10582756360,7064474210,8181037216,2401719144,3444078152,3620396058,10582756360
ID,PJ,2025,Net,Actual,21209014600,11143678200,10065336400,8952680000,2190998200,5400424300,4664912100,11143678200
ID,PJ,2025,Net,Budget,16728736724,11521334529,5207402195,10096967812,1424366717,4117582975,1089819220,11521334529
ID,PJ,2025,Net,Forecast,9967930612,4213786926,5754143686,2088712965,2125073961,3563938557,2190205129,4213786926
ID,PJ,2025,Op,Actual,21209014600,11143678200,10065336400,8952680000,2190998200,5400424300,4664912100,11143678200
ID,PJ,2025,Op,Budget,14425792136,6837651442,7588140694,5352228246,1485423196,3187409070,4400731624,6837651442
ID,PJ,2025,Op,Forecast,16523883804,8619924683,7903959121,6797845971,1822078712,5157696271,2746262850,8619924683
IN,CDE,2024,Gross,Actual,29903486882,21745135717,8158351165,10151666554,11593469163,3455589298,4702761867,21745135717
IN,CDE,2024,Gross,Budget,31696023601,21620476239,10075547362,12049341533,9571134706,7229598231,2845949131,21620476239
IN,CDE,2024,Gross,Forecast,24764160049,16776611216,7987548833,10553277989,6223333227,3933495517,4054053316,16776611216
IN,CDE,2024,Net,Actual,30295420993,15004898114,15290522879,6062518532,8942379582,6598893571,8691629308,15004898114
IN,CDE,2024,Net,Budget,26436166017,15062467881,11373698136,7263490068,7798977813,6352458748,5021239388,15062467881
IN,CDE,2024,Net,Forecast,36250199999,23545855012,12704344987,8927291272,14618563740,6268518334,6435826653,23545855012
IN,CDE,2024,Op,Actual,32614874697,15973782998,16641091699,5773858380,10199924618,11030141580,5610950119,15973782998
IN,CDE,2024,Op,Budget,36138748491,23122909058,13015839433,12257353803,10865555255,6416478971,6599360462,23122909058
IN,CDE,2024,Op,Forecast,27010456658,15543542190,11466914468,1520029892,14023512298,5001113685,6465800783,15543542190
IN,CDE,2025,Gross,Actual,26072643313,10441085757,15631557556,5335816732,5105269025,8660841054,6970716502,10441085757
IN,CDE,2025,Gross,Budget,26579846750,18549436398,8030410352,7986182940,10563253458,4085834745,3944575607,18549436398
IN,CDE,2025,Gross,Forecast,29495097960,18393984336,11101113624,8570090664,9823893672,6118112060,4983001564,18393984336
IN,CDE,2025,Net,Actual,23179756521,9638968101,13540788420,1730239558,7908728543,6730790108,6809998312,9638968101
IN,CDE,2025,Net,Budget,26152193212,11638231746,14513961466,3382348624,8255883122,9625387150,4888574316,11638231746
IN,CDE,2025,Net,Forecast,31104102252,18519802588,12584299664,10472166159,8047636429,6612228185,5972071479,18519802588
IN,CDE,2025,Op,Actual,33861715397,18505631359,15356084038,10750607781,7755023578,10541365313,4814718725,18505631359
IN,CDE,2025,Op,Budget,30930837253,16672769883,14258067370,6716277103,9956492780,7637509711,6620557659,16672769883
IN,CDE,2025,Op,Forecast,24410955870,13666589632,10744366238,1503593195,12162996437,6355315024,4389051214,13666589632
IN,PJ,2024,Gross,Actual,31655764937,18029562104,13626202833,9942855795,8086706309,6109297312,7516905521,18029562104
IN,PJ,2024,Gross,Budget,26674438538,14088145790,12586292748,9687493747,4400652043,6696979465,5889313283,14088145790
IN,PJ,2024,Gross,Forecast,32461739080,21044221036,11417518044,11574182866,9470038170,4021539125,7395978919,21044221036
IN,PJ,2024,Net,Actual,33635555736,19268071059,14367484677,6534697004,12733374055,7573130591,6794354086,19268071059
IN,PJ,2024,Net,Budget,25059473693,17193653705,7865819988,9244546659,7949107046,3722440637,4143379351,17193653705
IN,PJ,2024,Net,Forecast,34064792540,20599577913,13465214627,7254164086,13345413827,8507504160,4957710467,20599577913
IN,PJ,2024,Op,Actual,32201168909,17032932226,15168236683,7859357862,9173574364,7800092823,7368143860,17032932226
IN,PJ,2024,Op,Budget,33048462372,21933935764,11114526608,6790716032,15143219732,8275229606,2839297002,21933935764
IN,PJ,2024,Op,Forecast,25582368612,14863971708,10718396904,3928272635,10935699073,6261209962,4457186942,14863971708
IN,PJ,2025,Gross,Actual,37596491400,22424388700,15172102700,11085020000,11339368700,8631181100,6540921600,22424388700
IN,PJ,2025,Gross,Budget,25505793694,14121522340,11384271354,6440247255,7681275085,7363277280,4020994074,14121522340
IN,PJ,2025,Gross,Forecast,32259217592,18117645582,14141572010,9387546675,8730098907,8338438149,5803133861,18117645582
IN,PJ,2025,Net,Actual,36053447900,20881345200,15172102700,9535550000,11345795200,8631181100,6540921600,20881345200
IN,PJ,2025,Net,Budget,14029040947,10525221228,3503819719,6022677714,4502543514,1923236053,1580583666,10525221228
IN,PJ,2025,Net,Forecast,29328653324,23584244756,5744408568,7979717165,15604527591,1719112123,4025296445,23584244756
IN,PJ,2025,Op,Actual,36053447900,20881345200,15172102700,9535550000,11345795200,8631181100,6540921600,20881345200
IN,PJ,2025,Op,Budget,26124861827,17952456221,8172405606,11287836419,6664619802,4136607008,4035798598,17952456221
IN,PJ,2025,Op,Forecast,27999585066,14305468034,13694117032,7020906553,7284561481,8553969560,5140147472,14305468034
IT,CDE,2024,Gross,Actual,1229234219,860487619,368746600,369505455,490982164,18693167,350053433,860487619
IT,CDE,2024,Gross,Budget,654769706,590584792,64184914,545613910,44970882,27581473,36603441,590584792
IT,CDE,2024,Gross,Forecast,731001346,165246582,565754764,84315756,80930826,30304395,535450369,165246582
IT,CDE,2024,Net,Actual,1258931132,991800755,267130377,588157268,403643487,10080391,257049986,991800755
IT,CDE,2024,Net,Budget,988695239,579849582,408845657,524121874,55727708,19246487,389599170,579849582
IT,CDE,2024,Net,Forecast,854211230,555668214,298543016,119399152,436269062,11595741,286947275,555668214
IT,CDE,2024,Op,Actual,787387792,759415876,27971916,462257241,297158635,27741657,230259,759415876
IT,CDE,2024,Op,Budget,703266213,807886546,-104620333,459897172,347989374,14118305,-118738638,807886546
IT,CDE,2024,Op,Forecast,1066415921,761825667,304590254,477980659,283845008,9375898,295214356,761825667
IT,CDE,2025,Gross,Actual,1073750760,780460583,293290177,452382688,328077895,21724121,271566056,780460583
IT,CDE,2025,Gross,Budget,1186810159,609339643,577470516,80474711,528864932,17595153,559875363,609339643
IT,CDE,2025,Gross,Forecast,933128227,691220271,241907956,229689372,461530899,11461273,230446683,691220271
IT,CDE,2025,Net,Actual,856591995,917154696,-60562701,541324909,375829787,10713603,-71276304,917154696
IT,CDE,2025,Net,Budget,984642302,882680814,101961488,520079574,362601240,17851495,84109993,882680814
IT,CDE,2025,Net,Forecast,700568649,654642878,45925771,336156977,318485901,14699022,31226749,654642878
IT,CDE,2025,Op,Actual,867184625,487777502,379407123,187682123,300095379,14430850,364976273,487777502
IT,CDE,2025,Op,Budget,635997129,364104628,271892501,93355973,270748655,8003580,263888921,364104628
IT,CDE,2025,Op,Forecast,869571558,703169896,166401662,344200810,358969086,17372734,149028928,703169896
IT,PJ,2024,Gross,Actual,1446565827,1007843815,438722012,591614960,416228855,24427392,414294620,1007843815
IT,PJ,2024,Gross,Budget,1126389675,595229437,531160238,455257054,139972383,27873488,503286750,595229437
IT,PJ,2024,Gross,Forecast,565782251,233830063,331952188,116277526,117552537,14200170,317752018,233830063
IT,PJ,2024,Net,Actual,450661774,426883642,23778132,84571719,342311923,10091971,13686161,426883642
IT,PJ,2024,Net,Budget,1085466959,1032002631,53464328,545490049,486512582,14359120,39105208,1032002631
IT,PJ,2024,Net,Forecast,1057528219,840528084,217000135,210482703,630045381,8928521,208071614,840528084
IT,PJ,2024,Op,Actual,1453057738,977109183,475948555,497027008,480082175,21098831,454849724,977109183
IT,PJ,2024,Op,Budget,1184259180,862360679,321898501,419411667,442949012,16021485,305877016,862360679
IT,PJ,2024,Op,Forecast,623025161,377546788,245478373,26025960,351520828,16140347,229338026,377546788
IT,PJ,2025,Gross,Actual,1348600000,925840000,422760000,439130000,486710000,22980000,399780000,925840000
IT,PJ,2025,Gross,Budget,993112634,721032780,272079854,215436378,505596402,20030839,252049015,721032780
IT,PJ,2025,Gross,Forecast,1101160761,1008845551,92315210,529098966,479746585,16768421,75546789,1008845551
IT,PJ,2025,Net,Actual,1193020000,907120000,285900000,430320000,476800000,19780000,266120000,907120000
IT,PJ,2025,Net,Budget,644782337,569321551,75460786,152887578,416433973,9990987,65469799,569321551
IT,PJ,2025,Net,Forecast,1215433392,856636997,358796395,364819591,491817406,17543354,341253041,856636997
IT,PJ,2025,Op,Actual,1193020000,907120000,285900000,430320000,476800000,19780000,266120000,907120000
IT,PJ,2025,Op,Budget,1151966201,1053157403,98808798,601920104,451237299,20430836,78377962,1053157403
IT,PJ,2025,Op,Forecast,997648863,981213479,16435384,556322256,424891223,7354150,9081234,981213479
JP,CDE,2024,Gross,Actual,6951159599,4287931991,2663227608,2349855989,1938076002,1519763145,1143464463,4287931991
JP,CDE,2024,Gross,Budget,6620744183,4345259462,2275484721,2275594710,2069664752,1800917228,474567493,4345259462
JP,CDE,2024,Gross,Forecast,6643189116,3579268029,3063921087,1727134933,1852133096,1444629597,1619291490,3579268029
JP,CDE,2024,Net,Actual,5355159814,2238412269,3116747545,1331046118,907366151,1791974551,1324772994,2238412269
JP,CDE,2024,Net,Budget,5341791695,3042203503,2299588192,1117929029,1924274474,1197628568,1101959624,3042203503
JP,CDE,2024,Net,Forecast,5941413577,3463436257,2477977320,1209335717,2254100540,1528952365,949024955,3463436257
JP,CDE,2024,Op,Actual,6131661040,3307251852,2824409188,1618874731,1688377121,1464149917,1360259271,3307251852
JP,CDE,2024,Op,Budget,3790861636,2415344326,1375517310,1480544905,934799421,808908145,566609165,2415344326
JP,CDE,2024,Op,Forecast,6720955642,4149164375,2571791267,1856243986,2292920389,1049366908,1522424359,4149164375
JP,CDE,2025,Gross,Actual,5548713358,3220496887,2328216471,2165561804,1054935083,1052808941,1275407530,3220496887
JP,CDE,2025,Gross,Budget,7096565545,4423133845,2673431700,2330809335,2092324510,2106901050,566530650,4423133845
JP,CDE,2025,Gross,Forecast,6432082464,3806834822,2625247642,1788801646,2018033176,1744968189,880279453,3806834822
JP,CDE,2025,Net,Actual,7609511267,4824497267,2785014000,2332335896,2492161371,824746904,1960267096,4824497267
JP,CDE,2025,Net,Budget,7284590543,4705170927,2579419616,2524878865,2180292062,1525480717,1053938899,4705170927
JP,CDE,2025,Net,Forecast,6902251176,4564735775,2337515401,3316124630,1248611145,810780721,1526734680,4564735775
JP,CDE,2025,Op,Actual,4178414417,2190220587,1988193830,946196546,1244024041,1034844694,953349136,2190220587
JP,CDE,2025,Op,Budget,6039329586,2618615430,3420714156,1710673298,907942132,2420326799,1000387357,2618615430
JP,CDE,2025,Op,Forecast,7035616272,4169566991,2866049281,2758285008,1411281983,1611884772,1254164509,4169566991
JP,PJ,2024,Gross,Actual,5946614711,3450434245,2496180466,2360812673,1089621572,1544954136,951226330,3450434245
JP,PJ,2024,Gross,Budget,5243656509,2752529176,2491127333,1165877908,1586651268,1433416835,1057710498,2752529176
JP,PJ,2024,Gross,Forecast,6574639190,3959970885,2614668305,1560396122,2399574763,922755248,1691913057,3959970885
JP,PJ,2024,Net,Actual,4468732124,2991364449,1477367675,2173990534,817373915,1156618510,320749165,2991364449
JP,PJ,2024,Net,Budget,4478028760,1624891449,2853137311,816951160,807940289,1259982523,1593154788,1624891449
JP,PJ,2024,Net,Forecast,5498132574,2528170593,2969961981,1240249560,1287921033,1790982975,1178979006,2528170593
JP,PJ,2024,Op,Actual,6325667862,3311965321,3013702541,2458833104,853132217,1624510922,1389191619,3311965321
JP,PJ,2024,Op,Budget,6129456774,4239064087,1890392687,2848574936,1390489151,611226774,1279165913,4239064087
JP,PJ,2024,Op,Forecast,6444243852,3123779618,3320464234,1837005556,1286774062,865597982,2454866252,3123779618
JP,PJ,2025,Gross,Actual,8546592000,4677990000,3868602000,2504120000,2173870000,2024388300,1844213700,4677990000
JP,PJ,2025,Gross,Budget,4257987909,2106020626,2151967283,1425599503,680421123,1267409725,884557558,2106020626
JP,PJ,2025,Gross,Forecast,7326432201,4182822944,3143609257,2696051715,1486771229,2240374601,903234656,4182822944
JP,PJ,2025,Net,Actual,7956345300,4300140600,3656204700,2323620000,1976520600,1884116300,1772088400,4300140600
JP,PJ,2025,Net,Budget,7173876671,4515261421,2658615250,2460428458,2054832963,1571199912,1087415338,4515261421
JP,PJ,2025,Net,Forecast,6507133443,5065421746,1441711697,2932217878,2133203868,1141449528,300262169,5065421746
JP,PJ,2025,Op,Actual,7956345300,4300140600,3656204700,2323620000,1976520600,1884116300,1772088400,4300140600
JP,PJ,2025,Op,Budget,6964409467,2558595883,4405813584,1260062309,1298533574,2401983087,2003830497,2558595883
JP,PJ,2025,Op,Forecast,6305420250,3479740503,2825679747,1302318078,2177422425,1065788782,1759890965,3479740503
KR,CDE,2024,Gross,Actual,38452649504,18958956069,19493693435,4531439273,14427516796,3786571179,15707122256,18958956069
KR,CDE,2024,Gross,Budget,46949625035,19577508346,27372116689,13712067271,5865441075,10889591684,16482525005,19577508346
KR,CDE,2024,Gross,Forecast,28094745540,13778813314,14315932226,3831533242,9947280072,6161268991,8154663235,13778813314
KR,CDE,2024,Net,Actual,50715773999,31186861366,19528912633,15382921457,15803939909,7442727533,12086185100,31186861366
KR,CDE,2024,Net,Budget,37123687862,21603555653,15520132209,10310103177,11293452476,9322358599,6197773610,21603555653
KR,CDE,2024,Net,Forecast,39412344644,26369315580,13043029064,13108164690,13261150890,8691645665,4351383399,26369315580
KR,CDE,2024,Op,Actual,34602392025,20389959993,14212432032,9835024130,10554935863,6139994252,8072437780,20389959993
KR,CDE,2024,Op,Budget,31397730655,20256229963,11141500692,10580468905,9675761058,6177811503,4963689189,20256229963
KR,CDE,2024,Op,Forecast,35349906973,18550132160,16799774813,9954480625,8595651535,7072880685,9726894128,18550132160
KR,CDE,2025,Gross,Actual,29958772147,12904536957,17054235190,5419213405,7485323552,6945115029,10109120161,12904536957
KR,CDE,2025,Gross,Budget,35102912003,18413900407,16689011596,12610937996,5802962411,8819971436,7869040160,18413900407
KR,CDE,2025,Gross,Forecast,35808090475,15390241496,20417848979,5044249251,10345992245,3356354407,17061494572,15390241496
KR,CDE,2025,Net,Actual,42133714737,20022800524,22110914213,5396184154,14626616370,6477036444,15633877769,20022800524
KR,CDE,2025,Net,Budget,50378655514,26868516583,23510138931,12834384055,14034132528,6488481637,17021657294,26868516583
KR,CDE,2025,Net,Forecast,41966562155,24689526569,17277035586,9005540739,15683985830,7551617845,9725417741,24689526569
KR,CDE,2025,Op,Actual,32284724664,13983360181,18301364483,7771315024,6212045157,6958931785,11342432698,13983360181
KR,CDE,2025,Op,Budget,43028495778,19322923145,23705572633,5499225712,13823697433,7801604530,15903968103,19322923145
KR,CDE,2025,Op,Forecast,40024579455,18670114242,21354465213,7081498741,11588615501,9014191165,12340274048,18670114242
KR,PJ,2024,Gross,Actual,33087178991,17414483923,15672695068,6785247584,10629236339,7206700707,8465994361,17414483923
KR,PJ,2024,Gross,Budget,41472056846,21341766306,20130290540,8172544479,13169221827,7766310174,12363980366,21341766306
KR,PJ,2024,Gross,Forecast,39785075771,21464609837,18320465934,13681920915,7782688922,5479551052,12840914882,21464609837
KR,PJ,2024,Net,Actual,37222367319,16847408856,20374958463,11134929532,5712479324,5396836105,14978122358,16847408856
KR,PJ,2024,Net,Budget,33225752086,16468835155,16756916931,4628445884,11840389271,2788748602,13968168329,16468835155
KR,PJ,2024,Net,Forecast,34644749528,17504882933,17139866595,6992353656,10512529277,4599267374,12540599221,17504882933
KR,PJ,2024,Op,Actual,32007681558,12579953056,19427728502,7472697523,5107255533,5525621283,13902107219,12579953056
KR,PJ,2024,Op,Budget,37772996819,19601530146,18171466673,10480362243,9121167903,4143469273,14027997400,19601530146
KR,PJ,2024,Op,Forecast,35850337510,25632731766,10217605744,7808676172,17824055594,7643930060,2573675684,25632731766
KR,PJ,2025,Gross,Actual,47728196300,25367640000,22360556300,12208570000,13159070000,8667510000,13693046300,25367640000
KR,PJ,2025,Gross,Budget,35693283704,16575191964,19118091740,11456290582,5118901382,10341587845,8776503895,16575191964
KR,PJ,2025,Gross,Forecast,35637509913,28474733428,7162776485,14155714216,14319019212,4012930527,3149845958,28474733428
KR,PJ,2025,Net,Actual,46581839300,24722800000,21859039300,11860370000,12862430000,8496310100,13362729200,24722800000
KR,PJ,2025,Net,Budget,29364550650,17392478805,11972071845,6484624561,10907854244,2905044765,9067027080,17392478805
KR,PJ,2025,Net,Forecast,28357679171,14433124419,13924554752,9594461171,4838663248,2678029032,11246525720,14433124419
KR,PJ,2025,Op,Actual,46581839300,24722800000,21859039300,11860370000,12862430000,8496310100,13362729200,24722800000
KR,PJ,2025,Op,Budget,35986523235,18789298749,17197224486,7079370082,11709928667,5544714180,11652510306,18789298749
KR,PJ,2025,Op,Forecast,25265643081,15126249802,10139393279,9618311840,5507937962,6309255334,3830137945,15126249802
MA,CDE,2024,Gross,Actual,7535039077,2982922270,4552116807,1377591589,1605330681,1559868334,2992248473,2982922270
MA,CDE,2024,Gross,Budget,11875991350,6878896667,4997094683,4764391945,2114504722,3749143070,1247951613,6878896667
MA,CDE,2024,Gross,Forecast,9897934846,3668489130,6229445716,2343950595,1324538535,4087538656,2141907060,3668489130
MA,CDE,2024,Net,Actual,10854567511,6095891146,4758676365,3844906750,2250984396,1673699289,3084977076,6095891146
MA,CDE,2024,Net,Budget,9257291883,4438367928,4818923955,1836099778,2602268150,3033227944,1785696011,4438367928
MA,CDE,2024,Net,Forecast,8826123513,3542065248,5284058265,1218591328,2323473920,3155550950,2128507315,3542065248
MA,CDE,2024,Op,Actual,7236927785,3109670111,4127257674,571825144,2537844967,1079014617,3048243057,3109670111
MA,CDE,2024,Op,Budget,10518290533,4393564238,6124726295,2422258361,1971305877,4300081415,1824644880,4393564238
MA,CDE,2024,Op,Forecast,10180237591,5000619194,5179618397,3929065229,1071553965,4011181402,1168436995,5000619194
MA,CDE,2025,Gross,Actual,7024033369,4308060615,2715972754,1987615623,2320444992,1877558043,838414711,4308060615
MA,CDE,2025,Gross,Budget,6978977953,3102126978,3876850975,1838960237,1263166741,2176677003,1700173972,3102126978
MA,CDE,2025,Gross,Forecast,9711984658,5636490233,4075494425,4088076136,1548414097,2829654700,1245839725,5636490233
MA,CDE,2025,Net,Actual,8481550697,4747043469,3734507228,4088626089,658417380,1724884601,2009622627,4747043469
MA,CDE,2025,Net,Budget,10100951894,6059431054,4041520840,4037646954,2021784100,2589319474,1452201366,6059431054
MA,CDE,2025,Net,Forecast,7223045500,3580087212,3642958288,1635234717,1944852495,1817830508,1825127780,3580087212
MA,CDE,2025,Op,Actual,9446731633,3973007624,5473724009,2215514795,1757492829,3248433975,2225290034,3973007624
MA,CDE,2025,Op,Budget,8154655785,2215231126,5939424659,998064448,1217166678,4077826985,1861597674,2215231126
MA,CDE,2025,Op,Forecast,5765623574,2549628480,3215995094,1619695228,929933252,1468044776,1747950318,2549628480
MA,PJ,2024,Gross,Actual,11849223091,6765861080,5083362011,4451635487,2314225593,3566842024,1516519987,6765861080
MA,PJ,2024,Gross,Budget,8831954921,3151284716,5680670205,2139043764,1012240952,2898639376,2782030829,3151284716
MA,PJ,2024,Gross,Forecast,9775709790,4711789024,5063920766,2086885262,2624903762,4848349272,215571494,4711789024
MA,PJ,2024,Net,Actual,11835706927,5799270895,6036436032,4603310609,1195960286,2877819053,3158616979,5799270895
MA,PJ,2024,Net,Budget,8530286358,4519643460,4010642898,2026672715,2492970745,1087727828,2922915070,4519643460
MA,PJ,2024,Net,Forecast,9012289426,5687038223,3325251203,3512669068,2174369155,1666578876,1658672327,5687038223
MA,PJ,2024,Op,Actual,6448328282,2980178842,3468149440,2402434627,577744215,1491588203,1976561237,2980178842
MA,PJ,2024,Op,Budget,8768657060,5038903186,3729753874,2439923079,2598980107,1794330377,1935423497,5038903186
MA,PJ,2024,Op,Forecast,8872880084,5358484914,3514395170,3478653306,1879831608,2187115996,1327279174,5358484914
MA,PJ,2025,Gross,Actual,12177510000,5965920000,6211590000,3675260000,2290660000,3732760000,2478830000,5965920000
MA,PJ,2025,Gross,Budget,13314392859,6126552255,7187840604,4001766917,2124785338,4174765844,3013074760,6126552255
MA,PJ,2025,Gross,Forecast,11452067400,4936841875,6515225525,2899632989,2037208886,4550928258,1964297267,4936841875
MA,PJ,2025,Net,Actual,11686840000,5633660000,6053180000,3443630000,2190030000,3531210000,2521970000,5633660000
MA,PJ,2025,Net,Budget,8480510186,4890655328,3589854858,3406636383,1484018945,1851482300,1738372558,4890655328
MA,PJ,2025,Net,Forecast,7845420304,5362431621,2482988683,3163070014,2199361607,1735385418,747603265,5362431621
MA,PJ,2025,Op,Actual,11686840000,5633660000,6053180000,3443630000,2190030000,3531210000,2521970000,5633660000
MA,PJ,2025,Op,Budget,6318086501,3266960077,3051126424,772244344,2494715733,1140826435,1910299989,3266960077
MA,PJ,2025,Op,Forecast,8167492890,4870901318,3296591572,2654094968,2216806350,691461457,2605130115,4870901318
MY,CDE,2024,Gross,Actual,10006886621,5769180356,4237706265,3329551138,2439629218,2336789687,1900916578,5769180356
MY,CDE,2024,Gross,Budget,7922680473,4333169642,3589510831,2349775131,1983394511,1855053330,1734457501,4333169642
MY,CDE,2024,Gross,Forecast,6610216759,2539886870,4070329889,1296006206,1243880664,2367654113,1702675776,2539886870
MY,CDE,2024,Net,Actual,5559183746,2480883674,3078300072,1706234302,774649372,2037126879,1041173193,2480883674
MY,CDE,2024,Net,Budget,3879531283,1558516306,2321014977,606798962,951717344,995316640,1325698337,1558516306
MY,CDE,2024,Net,Forecast,8011095644,5610109607,2400986037,3369566403,2240543204,1048194650,1352791387,5610109607
MY,CDE,2024,Op,Actual,10238400280,5000754823,5237645457,3501972779,1498782044,2407482568,2830162889,5000754823
MY,CDE,2024,Op,Budget,7974210646,4622202343,3352008303,3239893952,1382308391,1839725141,1512283162,4622202343
MY,CDE,2024,Op,Forecast,5538244435,3468702560,2069541875,2792036439,676666121,458051513,1611490362,3468702560
MY,CDE,2025,Gross,Actual,7470402507,3838790074,3631612433,3116190319,722599755,3090595771,541016662,3838790074
MY,CDE,2025,Gross,Budget,5788401201,3359500293,2428900908,1379125264,1980375029,761198337,1667702571,3359500293
MY,CDE,2025,Gross,Forecast,6641386606,3557054777,3084331829,2577673891,979380886,2074456310,1009875519,3557054777
MY,CDE,2025,Net,Actual,8539778115,4306036435,4233741680,2401129820,1904906615,2608648190,1625093490,4306036435
MY,CDE,2025,Net,Budget,7324200091,4887539725,2436660366,2787593178,2099946547,1302056099,1134604267,4887539725
MY,CDE,2025,Net,Forecast,5573145112,3092593014,2480552098,1105402955,1987190059,1516749547,963802551,3092593014
MY,CDE,2025,Op,Actual,7165551592,3003526629,4162024963,2032141093,971385536,2314430677,1847594286,3003526629
MY,CDE,2025,Op,Budget,6912966666,5207031583,1705935083,3106427924,2100603659,1185936610,519998473,5207031583
MY,CDE,2025,Op,Forecast,6992736268,2141612767,4851123501,1608245361,533367406,2232505607,2618617894,2141612767
MY,PJ,2024,Gross,Actual,6149431275,2099569235,4049862040,1349924731,749644504,1822056796,2227805244,2099569235
MY,PJ,2024,Gross,Budget,3207508276,2173588110,1033920166,1193636927,979951183,238220532,795699634,2173588110
MY,PJ,2024,Gross,Forecast,8564165318,4376294407,4187870911,2680684814,1695609593,933794845,3254076066,4376294407
MY,PJ,2024,Net,Actual,9285408934,5506731474,3778677460,2956875285,2549856189,1367343408,2411334052,5506731474
MY,PJ,2024,Net,Budget,7174614824,4818530822,2356084002,3576709397,1241821425,1871521540,484562462,4818530822
MY,PJ,2024,Net,Forecast,7562741261,4109058618,3453682643,2025040158,2084018460,1696723615,1756959028,4109058618
MY,PJ,2024,Op,Actual,7083398458,4706370400,2377028058,1783929702,2922440698,642846984,1734181074,4706370400
MY,PJ,2024,Op,Budget,7261714854,4698511427,2563203427,2073531367,2624980060,1322118829,1241084598,4698511427
MY,PJ,2024,Op,Forecast,5801933337,2478450404,3323482933,1242191047,1236259357,2454273476,869209457,2478450404
MY,PJ,2025,Gross,Actual,9992412500,5234748100,4757664400,2857330000,2377418100,2408112200,2349552200,5234748100
MY,PJ,2025,Gross,Budget,7679213547,5793227794,1885985753,2789529176,3003698618,285116872,1600868881,5793227794
MY,PJ,2025,Gross,Forecast,7165106237,3076809270,4088296967,829746373,2247062897,2304975235,1783321732,3076809270
MY,PJ,2025,Net,Actual,9768201300,5157150200,4611051100,2826390000,2330760200,2358217000,2252834100,5157150200
MY,PJ,2025,Net,Budget,7860004546,5177425507,2682579039,2032624512,3144800995,1778096741,904482298,5177425507
MY,PJ,2025,Net,Forecast,8842363023,5050928310,3791434713,3849982649,1200945661,982897036,2808537677,5050928310
MY,PJ,2025,Op,Actual,9768201300,5157150200,4611051100,2826390000,2330760200,2358217000,2252834100,5157150200
MY,PJ,2025,Op,Budget,4974639301,2429827205,2544812096,1214664263,1215162942,976496562,1568315534,2429827205
MY,PJ,2025,Op,Forecast,7074384802,3134177351,3940207451,1525565794,1608611557,2269023459,1671183992,3134177351
NL,CDE,2024,Gross,Actual,7370293622,3043570725,4326722897,1304172365,1739398360,3323514743,1003208154,3043570725
NL,CDE,2024,Gross,Budget,6108094927,3298257746,2809837181,1938714943,1359542803,1529247959,1280589222,3298257746
NL,CDE,2024,Gross,Forecast,7206328329,3345365071,3860963258,903167782,2442197289,2325962496,1535000762,3345365071
NL,CDE,2024,Net,Actual,6748601709,2459427442,4289174267,953499393,1505928049,2569875720,1719298547,2459427442
NL,CDE,2024,Net,Budget,5723694646,2478211250,3245483396,637920242,1840291008,2064567217,1180916179,2478211250
NL,CDE,2024,Net,Forecast,6149670882,1714052565,4435618317,1320947209,393105356,2534527488,1901090829,1714052565
NL,CDE,2024,Op,Actual,6307661758,3708357942,2599303816,1251090134,2457267808,1207316873,1391986943,3708357942
NL,CDE,2024,Op,Budget,6140773837,2191737959,3949035878,536398797,1655339162,3239414209,709621669,2191737959
NL,CDE,2024,Op,Forecast,6819571068,1791760607,5027810461,1245749589,546011018,3291804065,1736006396,1791760607
NL,CDE,2025,Gross,Actual,9732672990,5529249880,4203423110,2146018508,3383231372,2461590139,1741832971,5529249880
NL,CDE,2025,Gross,Budget,6963262879,4787053186,2176209693,1870323749,2916729437,942520847,1233688846,4787053186
NL,CDE,2025,Gross,Forecast,5578786297,3030960556,2547825741,1598915406,1432045150,1318952606,1228873135,3030960556
NL,CDE,2025,Net,Actual,7130619752,3419716328,3710903424,2032893031,1386823297,1706355275,2004548149,3419716328
NL,CDE,2025,Net,Budget,6270927979,2815897190,3455030789,505751018,2310146172,2490275237,964755552,2815897190
NL,CDE,2025,Net,Forecast,7243627833,3626987676,3616640157,1951741336,1675246340,2111730327,1504909830,3626987676
NL,CDE,2025,Op,Actual,4938004740,3352729108,1585275632,1585650484,1767078624,856401804,728873828,3352729108
NL,CDE,2025,Op,Budget,7256707702,3684496279,3572211423,1247686840,2436809439,2651587848,920623575,3684496279
NL,CDE,2025,Op,Forecast,6121957279,3207539544,2914417735,1685548400,1521991144,1802762091,1111655644,3207539544
NL,PJ,2024,Gross,Actual,6684273878,4275080543,2409193335,1581933298,2693147245,1400429793,1008763542,4275080543
NL,PJ,2024,Gross,Budget,7739844448,2958765999,4781078449,518900284,2439865715,2639195288,2141883161,2958765999
NL,PJ,2024,Gross,Forecast,6600602615,2569388614,4031214001,1489350744,1080037870,2113216852,1917997149,2569388614
NL,PJ,2024,Net,Actual,5308285204,2481567299,2826717905,824861329,1656705970,1901925947,924791958,2481567299
NL,PJ,2024,Net,Budget,6686165162,3163017170,3523147992,1332517088,1830500082,2689564791,833583201,3163017170
NL,PJ,2024,Net,Forecast,8703087472,3224227981,5478859491,1593994656,1630233325,3548569859,1930289632,3224227981
NL,PJ,2024,Op,Actual,5069059726,3411519714,1657540012,1907505107,1504014607,1427444700,230095312,3411519714
NL,PJ,2024,Op,Budget,6660725187,2632207392,4028517795,1400415048,1231792344,2689733304,1338784491,2632207392
NL,PJ,2024,Op,Forecast,5863399690,3350100726,2513298964,1347367996,2002732730,994814538,1518484426,3350100726
NL,PJ,2025,Gross,Actual,9143430000,4129420000,5014010000,1745910000,2383510000,3038310000,1975700000,4129420000
NL,PJ,2025,Gross,Budget,8905382306,3328581154,5576801152,1781416284,1547164870,3705921896,1870879256,3328581154
NL,PJ,2025,Gross,Forecast,7685526164,4159386351,3526139813,1301351061,2858035290,2171082973,1355056840,4159386351
NL,PJ,2025,Net,Actual,8713980000,3988920000,4725060000,1654550000,2334370000,2874940000,1850120000,3988920000
NL,PJ,2025,Net,Budget,4081450865,1893025121,2188425744,446973806,1446051315,823465580,1364960164,1893025121
NL,PJ,2025,Net,Forecast,7959910867,3742872178,4217038689,1740550996,2002321182,1715729598,2501309091,3742872178
NL,PJ,2025,Op,Actual,8713980000,3988920000,4725060000,1654550000,2334370000,2874940000,1850120000,3988920000
NL,PJ,2025,Op,Budget,7225700069,3110188020,4115512049,457661321,2652526699,2715877074,1399634975,3110188020
NL,PJ,2025,Op,Forecast,5930629923,2185219427,3745410496,1335516731,849702696,2373070017,1372340479,2185219427
NR,CDE,2024,Gross,Actual,9001007841,4639895358,4361112483,3321991818,1317903540,1653662425,2707450058,4639895358
NR,CDE,2024,Gross,Budget,6662415860,2697550144,3964865716,1988581238,708968906,1182895801,2781969915,2697550144
NR,CDE,2024,Gross,Forecast,7199055206,4552982457,2646072749,1960151985,2592830472,2028396577,617676172,4552982457
NR,CDE,2024,Net,Actual,7291337364,3218742099,4072595265,1611278654,1607463445,1913678571,2158916694,3218742099
NR,CDE,2024,Net,Budget,9181543931,4108485473,5073058458,2643360729,1465124744,2914897004,2158161454,4108485473
NR,CDE,2024,Net,Forecast,6356136540,3624903121,2731233419,1753724279,1871178842,670205042,2061028377,3624903121
NR,CDE,2024,Op,Actual,6754593797,3131121855,3623471942,2011922210,1119199645,1862303133,1761168809,3131121855
NR,CDE,2024,Op,Budget,10369649421,3920308176,6449341245,2859577784,1060730392,2935142652,3514198593,3920308176
NR,CDE,2024,Op,Forecast,6799333910,3589191459,3210142451,1444324209,2144867250,1851623550,1358518901,3589191459
NR,CDE,2025,Gross,Actual,9552193144,4832614523,4719578621,3371180449,1461434074,2138702092,2580876529,4832614523
NR,CDE,2025,Gross,Budget,8040665250,4262402311,3778262939,2641358985,1621043326,752496451,3025766488,4262402311
NR,CDE,2025,Gross,Forecast,6364882617,3798697998,2566184619,2619228046,1179469952,1644153293,922031326,3798697998
NR,CDE,2025,Net,Actual,8138200886,4281076343,3857124543,3056341111,1224735232,1064490277,2792634266,4281076343
NR,CDE,2025,Net,Budget,8329142035,3838066588,4491075447,1560598713,2277467875,1718572025,2772503422,3838066588
NR,CDE,2025,Net,Forecast,7740257887,4723818910,3016438977,2657537994,2066280916,1220130752,1796308225,4723818910
NR,CDE,2025,Op,Actual,6159374963,4250732477,1908642486,1944237741,2306494736,666414242,1242228244,4250732477
NR,CDE,2025,Op,Budget,6758751059,3464373634,3294377425,2465351893,999021741,1850894220,1443483205,3464373634
NR,CDE,2025,Op,Forecast,6805176957,3542689736,3262487221,1996957172,1545732564,1418577236,1843909985,3542689736
NR,PJ,2024,Gross,Actual,6249481872,2858428663,3391053209,1665833568,1192595095,1930597932,1460455277,2858428663
NR,PJ,2024,Gross,Budget,9731152726,4866121721,4865031005,2043855429,2822266292,2193876309,2671154696,4866121721
NR,PJ,2024,Gross,Forecast,9584548255,4943416079,4641132176,3341272527,1602143552,3241097675,1400034501,4943416079
NR,PJ,2024,Net,Actual,6665717102,3663838271,3001878831,2934746120,729092151,1547234882,1454643949,3663838271
NR,PJ,2024,Net,Budget,8974984879,4228398147,4746586732,1712066066,2516332081,2136375882,2610210850,4228398147
NR,PJ,2024,Net,Forecast,9569192938,6059581201,3509611737,4226020935,1833560266,1618507702,1891104035,6059581201
NR,PJ,2024,Op,Actual,6060269887,3205216230,2855053657,2547668181,657548049,640066075,2214987582,3205216230
NR,PJ,2024,Op,Budget,7551092319,3748617037,3802475282,1711035793,2037581244,833549279,2968926003,3748617037
NR,PJ,2024,Op,Forecast,9642766383,6072617629,3570148754,3491952123,2580665506,1039395091,2530753663,6072617629
NR,PJ,2025,Gross,Actual,11782350000,6049780000,5732570000,3593400000,2456380000,2437760000,3294810000,6049780000
NR,PJ,2025,Gross,Budget,7684007736,4206059911,3477947825,2105738655,2100321256,865775539,2612172286,4206059911
NR,PJ,2025,Gross,Forecast,9572573312,6153528299,3419045013,4057777837,2095750462,2028999281,1390045732,6153528299
NR,PJ,2025,Net,Actual,10699220000,5525160000,5174060000,3367920000,2157240000,2253150000,2920910000,5525160000
NR,PJ,2025,Net,Budget,7447632647,4280128191,3167504456,2606197720,1673930471,561095040,2606409416,4280128191
NR,PJ,2025,Net,Forecast,9746636537,4723285042,5023351495,3192088800,1531196242,1887015544,3136335951,4723285042
NR,PJ,2025,Op,Actual,10699220000,5525160000,5174060000,3367920000,2157240000,2253150000,2920910000,5525160000
NR,PJ,2025,Op,Budget,6416673046,4185935728,2230737318,2250098319,1935837409,1487996923,742740395,4185935728
NR,PJ,2025,Op,Forecast,9739299839,4726765805,5012534034,3291171123,1435594682,2928154160,2084379874,4726765805
PH,CDE,2024,Gross,Actual,4873143731,2885750958,1987392773,1276689082,1609061876,1484108841,503283932,2885750958
PH,CDE,2024,Gross,Budget,2361703284,1351510796,1010192488,438897977,912612819,648423349,361769139,1351510796
PH,CDE,2024,Gross,Forecast,3603438089,2081997040,1521441049,781710930,1300286110,1108474996,412966053,2081997040
PH,CDE,2024,Net,Actual,2026576511,1747124936,279451575,1276012031,471112905,166123829,113327746,1747124936
PH,CDE,2024,Net,Budget,2531821821,1153223879,1378597942,326518364,826705515,976795227,401802715,1153223879
PH,CDE,2024,Net,Forecast,3790113224,2043587596,1746525628,908296652,1135290944,1201301919,545223709,2043587596
PH,CDE,2024,Op,Actual,1885710163,1395660592,490049571,623309417,772351175,378679257,111370314,1395660592
PH,CDE,2024,Op,Budget,3531868879,2232761196,1299107683,1544322347,688438849,650469715,648637968,2232761196
PH,CDE,2024,Op,Forecast,2582036927,1444606557,1137430370,164630121,1279976436,937604043,199826327,1444606557
PH,CDE,2025,Gross,Actual,5356651703,3154097915,2202553788,1528084109,1626013806,2023987706,178566082,3154097915
PH,CDE,2025,Gross,Budget,2283971810,1978469219,305502591,1308617275,669851944,255108603,50393988,1978469219
PH,CDE,2025,Gross,Forecast,3267861392,2212190373,1055671019,667945612,1544244761,842335968,213335051,2212190373
PH,CDE,2025,Net,Actual,3902165379,2163673677,1738491702,1172609852,991063825,1246396791,492094911,2163673677
PH,CDE,2025,Net,Budget,3007454373,1756345960,1251108413,475550458,1280795502,687578024,563530389,1756345960
PH,CDE,2025,Net,Forecast,1751217066,766203776,985013290,100214954,665988822,473458595,511554695,766203776
PH,CDE,2025,Op,Actual,3756971317,1741858973,2015112344,1240708462,501150511,1599977193,415135151,1741858973
PH,CDE,2025,Op,Budget,3494504075,1814561954,1679942121,1405784695,408777259,1268332025,411610096,1814561954
PH,CDE,2025,Op,Forecast,4102159195,1538265118,2563894077,603355755,934909363,1981809785,582084292,1538265118
PH,PJ,2024,Gross,Actual,3372736701,1770239734,1602496967,974395718,795844016,1550746369,51750598,1770239734
PH,PJ,2024,Gross,Budget,3175178658,1736201938,1438976720,1051518218,684683720,887359438,551617282,1736201938
PH,PJ,2024,Gross,Forecast,2643529966,733689168,1909840798,268693209,464995959,1212755318,697085480,733689168
PH,PJ,2024,Net,Actual,3415654543,2120093722,1295560821,653224788,1466868934,1109843312,185717509,2120093722
PH,PJ,2024,Net,Budget,2248804421,1514786633,734017788,440050805,1074735828,797348922,-63331134,1514786633
PH,PJ,2024,Net,Forecast,4338157653,2600216237,1737941416,1593531479,1006684758,1407184845,330756571,2600216237
PH,PJ,2024,Op,Actual,4105427171,2444559400,1660867771,1711026637,733532763,1296513343,364354428,2444559400
PH,PJ,2024,Op,Budget,3868557194,2659707482,1208849712,1407409961,1252297521,1249549604,-40699892,2659707482
PH,PJ,2024,Op,Forecast,4253129853,1615195652,2637934201,665102423,950093229,2193993884,443940317,1615195652
PH,PJ,2025,Gross,Actual,4539757100,2510729500,2029027600,1298790000,1211939500,1529980000,499047600,2510729500
PH,PJ,2025,Gross,Budget,4580023531,1853388606,2726634925,379575552,1473813054,2168056945,558577980,1853388606
PH,PJ,2025,Gross,Forecast,2720925728,1861547916,859377812,502466929,1359080987,806432853,52944959,1861547916
PH,PJ,2025,Net,Actual,4372863900,2474757600,1898106300,1218260000,1256497600,1452666000,445440300,2474757600
PH,PJ,2025,Net,Budget,2647145724,1084439853,1562705871,310998178,773441675,884340703,678365168,1084439853
PH,PJ,2025,Net,Forecast,3324511219,1845845678,1478665541,129921054,1715924624,1161800589,316864952,1845845678
PH,PJ,2025,Op,Actual,4372863900,2474757600,1898106300,1218260000,1256497600,1452666000,445440300,2474757600
PH,PJ,2025,Op,Budget,4257744551,2571326433,1686418118,1377520110,1193806323,1239730360,446687758,2571326433
PH,PJ,2025,Op,Forecast,1626449332,360353293,1266096039,40193166,320160127,1044007725,222088314,360353293
RU,CDE,2024,Gross,Actual,0,0,0,0,0,0,0,0
RU,CDE,2024,Gross,Budget,0,0,0,0,0,0,0,0
RU,CDE,2024,Gross,Forecast,0,0,0,0,0,0,0,0
RU,CDE,2024,Net,Actual,120875412121,73227222002,47648190119,73227222002,0,0,47648190119,73227222002
RU,CDE,2024,Net,Budget,73011486251,32527826987,40483659264,32527826987,0,0,40483659264,32527826987
RU,CDE,2024,Net,Forecast,97252219662,48921187649,48331032013,48921187649,0,0,48331032013,48921187649
RU,CDE,2024,Op,Actual,129658221290,35703920734,93954300556,35703920734,0,0,93954300556,35703920734
RU,CDE,2024,Op,Budget,125970295592,61585284787,64385010805,61585284787,0,0,64385010805,61585284787
RU,CDE,2024,Op,Forecast,136182088034,50494590070,85687497964,50494590070,0,0,85687497964,50494590070
RU,CDE,2025,Gross,Actual,0,0,0,0,0,0,0,0
RU,CDE,2025,Gross,Budget,0,0,0,0,0,0,0,0
RU,CDE,2025,Gross,Forecast,0,0,0,0,0,0,0,0
RU,CDE,2025,Net,Actual,96943332528,33104599438,63838733090,33104599438,0,0,63838733090,33104599438
RU,CDE,2025,Net,Budget,183133642559,51135030193,131998612366,51135030193,0,0,131998612366,51135030193
RU,CDE,2025,Net,Forecast,97138158772,13429894081,83708264691,13429894081,0,0,83708264691,13429894081
RU,CDE,2025,Op,Actual,88304061019,44459025404,43845035615,44459025404,0,0,43845035615,44459025404
RU,CDE,2025,Op,Budget,124092563450,7667456475,116425106975,7667456475,0,0,116425106975,7667456475
RU,CDE,2025,Op,Forecast,126770129768,62049688499,64720441269,62049688499,0,0,64720441269,62049688499
RU,PJ,2024,Gross,Actual,0,0,0,0,0,0,0,0
RU,PJ,2024,Gross,Budget,0,0,0,0,0,0,0,0
RU,PJ,2024,Gross,Forecast,0,0,0,0,0,0,0,0
RU,PJ,2024,Net,Actual,172639344279,54096135213,118543209066,54096135213,0,0,118543209066,54096135213
RU,PJ,2024,Net,Budget,163627603072,50198742183,113428860889,50198742183,0,0,113428860889,50198742183
RU,PJ,2024,Net,Forecast,188666294526,80696395920,107969898606,80696395920,0,0,107969898606,80696395920
RU,PJ,2024,Op,Actual,136401138910,63683854105,72717284805,63683854105,0,0,72717284805,63683854105
RU,PJ,2024,Op,Budget,68146845455,18282489807,49864355648,18282489807,0,0,49864355648,18282489807
RU,PJ,2024,Op,Forecast,94967528254,25105282572,69862245682,25105282572,0,0,69862245682,25105282572
RU,PJ,2025,Gross,Actual,0,0,0,0,0,0,0,0
RU,PJ,2025,Gross,Budget,0,0,0,0,0,0,0,0
RU,PJ,2025,Gross,Forecast,0,0,0,0,0,0,0,0
RU,PJ,2025,Net,Actual,178394215600,68333234200,110060981400,68333234200,0,0,110060981400,68333234200
RU,PJ,2025,Net,Budget,158843196867,71893931052,86949265815,71893931052,0,0,86949265815,71893931052
RU,PJ,2025,Net,Forecast,115669200790,56917470336,58751730454,56917470336,0,0,58751730454,56917470336
RU,PJ,2025,Op,Actual,178394215600,68333234200,110060981400,68333234200,0,0,110060981400,68333234200
RU,PJ,2025,Op,Budget,226558800007,90153022948,136405777059,90153022948,0,0,136405777059,90153022948
RU,PJ,2025,Op,Forecast,103914368846,50105866150,53808502696,50105866150,0,0,53808502696,50105866150
SG,CDE,2024,Gross,Actual,7656995435,4920371022,2736624413,3416659329,1503711693,637732973,2098891440,4920371022
SG,CDE,2024,Gross,Budget,5018236971,2832743935,2185493036,1544668412,1288075523,801609593,1383883443,2832743935
SG,CDE,2024,Gross,Forecast,4580554383,2078198537,2502355846,1441450818,636747719,573056182,1929299664,2078198537
SG,CDE,2024,Net,Actual,4953232621,3725638441,1227594180,2518821949,1206816492,381022755,846571425,3725638441
SG,CDE,2024,Net,Budget,5146177231,2891486536,2254690695,1776990747,1114495789,715933799,1538756896,2891486536
SG,CDE,2024,Net,Forecast,5128789046,3717399494,1411389552,2363613425,1353786069,634737663,776651889,3717399494
SG,CDE,2024,Op,Actual,4754347239,2690009194,2064338045,1769939250,920069944,590707428,1473630617,2690009194
SG,CDE,2024,Op,Budget,5079464285,3510072502,1569391783,2071403020,1438669482,328191722,1241200061,3510072502
SG,CDE,2024,Op,Forecast,4057225335,2412839608,1644385727,1377904179,1034935429,730912410,913473317,2412839608
SG,CDE,2025,Gross,Actual,6537117206,3985835829,2551281377,2862943377,1122892452,609956913,1941324464,3985835829
SG,CDE,2025,Gross,Budget,5646642028,3855831621,1790810407,2094209324,1761622297,191139648,1599670759,3855831621
SG,CDE,2025,Gross,Forecast,3702110352,2234232999,1467877353,1851979098,382253901,595877493,871999860,2234232999
SG,CDE,2025,Net,Actual,4729956607,2753914187,1976042420,2001009612,752904575,393952659,1582089761,2753914187
SG,CDE,2025,Net,Budget,3532733550,1798259413,1734474137,1354641997,443617416,35067230,1699406907,1798259413
SG,CDE,2025,Net,Forecast,5451060565,2994073918,2456986647,2070774180,923299738,918105226,1538881421,2994073918
SG,CDE,2025,Op,Actual,5452282931,3444351037,2007931894,2499490540,944860497,518173463,1489758431,3444351037
SG,CDE,2025,Op,Budget,4429344835,2834272792,1595072043,1986158332,848114460,78011851,1517060192,2834272792
SG,CDE,2025,Op,Forecast,3622179819,2092844752,1529335067,1134270807,958573945,391426947,1137908120,2092844752
SG,PJ,2024,Gross,Actual,2977256964,1002795684,1974461280,352337863,650457821,776842241,1197619039,1002795684
SG,PJ,2024,Gross,Budget,4697687722,1906733498,2790954224,800566172,1106167326,899136464,1891817760,1906733498
SG,PJ,2024,Gross,Forecast,3687067082,1919362106,1767704976,1369254386,550107720,435929627,1331775349,1919362106
SG,PJ,2024,Net,Actual,4692427991,2318943083,2373484908,1630125438,688817645,192585356,2180899552,2318943083
SG,PJ,2024,Net,Budget,3074515165,2284953862,789561303,1279346247,1005607615,196969425,592591878,2284953862
SG,PJ,2024,Net,Forecast,4523585335,2737713956,1785871379,1699080978,1038632978,234312501,1551558878,2737713956
SG,PJ,2024,Op,Actual,4617625062,2511951467,2105673595,1668539326,843412141,234874996,1870798599,2511951467
SG,PJ,2024,Op,Budget,4807129189,3313190926,1493938263,2129560423,1183630503,561374912,932563351,3313190926
SG,PJ,2024,Op,Forecast,2939702126,1439002678,1500699448,800666714,638335964,193917733,1306781715,1439002678
SG,PJ,2025,Gross,Actual,6585505400,4017572500,2567932900,2415310000,1602262500,681963500,1885969400,4017572500
SG,PJ,2025,Gross,Budget,4836225094,3266143737,1570081357,2430126939,836016798,623717546,946363811,3266143737
SG,PJ,2025,Gross,Forecast,4028209127,2184723708,1843485419,1535315344,649408364,536911812,1306573607,2184723708
SG,PJ,2025,Net,Actual,6036132900,3549805400,2486327500,2090550000,1459255400,643431200,1842896300,3549805400
SG,PJ,2025,Net,Budget,3919948259,2456090080,1463858179,1428440997,1027649083,869369866,594488313,2456090080
SG,PJ,2025,Net,Forecast,4329281349,2103330675,2225950674,1067904359,1035426316,931529278,1294421396,2103330675
SG,PJ,2025,Op,Actual,6036132900,3549805400,2486327500,2090550000,1459255400,643431200,1842896300,3549805400
SG,PJ,2025,Op,Budget,6057766986,4100043220,1957723766,2393271775,1706771445,332565286,1625158480,4100043220
SG,PJ,2025,Op,Forecast,5330621974,2855337634,2475284340,1925804855,929532779,668897266,1806387074,2855337634
TH,CDE,2024,Gross,Actual,8529998397,6328954632,2201043765,3588594232,2740360400,1240737111,960306654,6328954632
TH,CDE,2024,Gross,Budget,9415396314,5473625950,3941770364,4294439653,1179186297,2137292367,1804477997,5473625950
TH,CDE,2024,Gross,Forecast,9842823856,6180790656,3662033200,3525319506,2655471150,2603207867,1058825333,6180790656
TH,CDE,2024,Net,Actual,10398148192,7504224649,2893923543,3450358068,4053866581,1405995242,1487928301,7504224649
TH,CDE,2024,Net,Budget,7071332605,4158149857,2913182748,708391784,3449758073,1526223662,1386959086,4158149857
TH,CDE,2024,Net,Forecast,7978299249,5298198651,2680100598,3348668421,1949530230,1173024939,1507075659,5298198651
TH,CDE,2024,Op,Actual,9586952186,6570655941,3016296245,3459581509,3111074432,2025997566,990298679,6570655941
TH,CDE,2024,Op,Budget,8149561180,5557387416,2592173764,3417158116,2140229300,1975925367,616248397,5557387416
TH,CDE,2024,Op,Forecast,7745693849,4806458146,2939235703,3244251881,1562206265,1559493626,1379742077,4806458146
TH,CDE,2025,Gross,Actual,10250455528,6076362559,4174092969,2697098375,3379264184,2013429073,2160663896,6076362559
TH,CDE,2025,Gross,Budget,8481273679,6521917521,1959356158,2786632562,3735284959,1134400940,824955218,6521917521
TH,CDE,2025,Gross,Forecast,9859433845,4989003027,4870430818,1663401379,3325601648,2565095787,2305335031,4989003027
TH,CDE,2025,Net,Actual,7648445661,5180414031,2468031630,2585647612,2594766419,1959044799,508986831,5180414031
TH,CDE,2025,Net,Budget,8304507968,5792812550,2511695418,3234315576,2558496974,463709884,2047985534,5792812550
TH,CDE,2025,Net,Forecast,8520745513,4778153649,3742591864,2782609855,1995543794,1896445095,1846146769,4778153649
TH,CDE,2025,Op,Actual,6890604495,5147646827,1742957668,1553677989,3593968838,1553768798,189188870,5147646827
TH,CDE,2025,Op,Budget,8189337510,5080647449,3108690061,3002815899,2077831550,1200896247,1907793814,5080647449
TH,CDE,2025,Op,Forecast,6110110754,4111848910,1998261844,1855333657,2256515253,805817418,1192444426,4111848910
TH,PJ,2024,Gross,Actual,8091179488,4548245907,3542933581,2791377347,1756868560,1819568416,1723365165,4548245907
TH,PJ,2024,Gross,Budget,10316112249,6621027195,3695085054,2261519875,4359507320,1978946662,1716138392,6621027195
TH,PJ,2024,Gross,Forecast,6730665712,4465775544,2264890168,2247426968,2218348576,908754255,1356135913,4465775544
TH,PJ,2024,Net,Actual,8119868593,5391563203,2728305390,3372844867,2018718336,1815430883,912874507,5391563203
TH,PJ,2024,Net,Budget,8952751131,5375563537,3577187594,2414261744,2961301793,1337633135,2239554459,5375563537
TH,PJ,2024,Net,Forecast,8646113392,5464199933,3181913459,2933999261,2530200672,1788529847,1393383612,5464199933
TH,PJ,2024,Op,Actual,9369283185,6577931199,2791351986,3981582449,2596348750,1142228321,1649123665,6577931199
TH,PJ,2024,Op,Budget,9704110135,5697352036,4006758099,3076498855,2620853181,1817414650,2189343449,5697352036
TH,PJ,2024,Op,Forecast,8743741414,6446107615,2297633799,3489929903,2956177712,1538416100,759217699,6446107615
TH,PJ,2025,Gross,Actual,12183322500,7702956100,4480366400,4054620000,3648336100,2257082900,2223283500,7702956100
TH,PJ,2025,Gross,Budget,7148928691,4192343109,2956585582,1335224389,2857118720,2082553825,874031757,4192343109
TH,PJ,2025,Gross,Forecast,9037292612,5703069673,3334222939,2899149574,2803920099,2461470946,872751993,5703069673
TH,PJ,2025,Net,Actual,11123435100,7178462000,3944973100,3803630000,3374832000,2047073000,1897900100,7178462000
TH,PJ,2025,Net,Budget,7382165628,4716758652,2665406976,2001002142,2715756510,1387641765,1277765211,4716758652
TH,PJ,2025,Net,Forecast,8735659505,5018196658,3717462847,2522498198,2495698460,1867418787,1850044060,5018196658
TH,PJ,2025,Op,Actual,11123435100,7178462000,3944973100,3803630000,3374832000,2047073000,1897900100,7178462000
TH,PJ,2025,Op,Budget,8934928382,5817422004,3117506378,3702027674,2115394330,1364477594,1753028784,5817422004
TH,PJ,2025,Op,Forecast,7113316454,5583731413,1529585041,3481447050,2102284363,168202464,1361382577,5583731413
TR,CDE,2024,Gross,Actual,36876069766,22927623637,13948446129,15565342135,7362281502,4274981470,9673464659,22927623637
TR,CDE,2024,Gross,Budget,41160552574,18068846060,23091706514,12813848972,5254997088,11155579367,11936127147,18068846060
TR,CDE,2024,Gross,Forecast,34523965422,19513724978,15010240444,10193039753,9320685225,5177207640,9833032804,19513724978
TR,CDE,2024,Net,Actual,32022758926,21751504856,10271254070,18350697866,3400806990,6792865119,3478388951,21751504856
TR,CDE,2024,Net,Budget,22490757648,9261570007,13229187641,6712995417,2548574590,6713895840,6515291801,9261570007
TR,CDE,2024,Net,Forecast,37924022439,20587063205,17336959234,12143611781,8443451424,7648611138,9688348096,20587063205
TR,CDE,2024,Op,Actual,24352335188,15376707205,8975627983,6809350350,8567356855,5976066767,2999561216,15376707205
TR,CDE,2024,Op,Budget,29230849255,17199863841,12030985414,11626675097,5573188744,3856270089,8174715325,17199863841
TR,CDE,2024,Op,Forecast,31428186901,18316907625,13111279276,10067989286,8248918339,6816077135,6295202141,18316907625
TR,CDE,2025,Gross,Actual,46685846649,29613442714,17072403935,21034342800,8579099914,9303765005,7768638930,29613442714
TR,CDE,2025,Gross,Budget,48095049493,26276530983,21818518510,16364042943,9912488040,10999784723,10818733787,26276530983
TR,CDE,2025,Gross,Forecast,22826065863,14435157638,8390908225,5504425987,8930731651,5151671529,3239236696,14435157638
TR,CDE,2025,Net,Actual,25675606170,20518552522,5157053648,13588454736,6930097786,1125651651,4031401997,20518552522
TR,CDE,2025,Net,Budget,36046036846,23138153909,12907882937,12782605009,10355548900,6470524122,6437358815,23138153909
TR,CDE,2025,Net,Forecast,26978334681,17329319964,9649014717,13029790946,4299529018,5929803515,3719211202,17329319964
TR,CDE,2025,Op,Actual,38058950767,20336583103,17722367664,9246781489,11089801614,10532164510,7190203154,20336583103
TR,CDE,2025,Op,Budget,29347063726,17993953513,11353110213,10638583259,7355370254,6104865397,5248244816,17993953513
TR,CDE,2025,Op,Forecast,26453234894,16339999773,10113235121,8708195201,7631804572,3760233776,6353001345,16339999773
TR,PJ,2024,Gross,Actual,39848357509,18651878233,21196479276,7652515591,10999362642,10221595788,10974883488,18651878233
TR,PJ,2024,Gross,Budget,32883305574,21411745674,11471559900,14660808066,6750937608,5390773850,6080786050,21411745674
TR,PJ,2024,Gross,Forecast,32037725101,16838104306,15199620795,8990246104,7847858202,9820687866,5378932929,16838104306
TR,PJ,2024,Net,Actual,25267080358,13141470314,12125610044,6301030232,6840440082,5712752569,6412857475,13141470314
TR,PJ,2024,Net,Budget,24898887066,13724780777,11174106289,5070468127,8654312650,4530978594,6643127695,13724780777
TR,PJ,2024,Net,Forecast,26975721932,16667008890,10308713042,7602919171,9064089719,5918157597,4390555445,16667008890
TR,PJ,2024,Op,Actual,33936303461,18085585038,15850718423,11331727219,6753857819,7881108954,7969609469,18085585038
TR,PJ,2024,Op,Budget,33593740682,21667915672,11925825010,13774974437,7892941235,7132644412,4793180598,21667915672
TR,PJ,2024,Op,Forecast,18706843233,10797223195,7909620038,3324666921,7472556274,1709289928,6200330110,10797223195
TR,PJ,2025,Gross,Actual,47102290000,26108560000,20993730000,16174970000,9933590000,10350660000,10643070000,26108560000
TR,PJ,2025,Gross,Budget,28443786091,15481227884,12962558207,7685625245,7795602639,5714273512,7248284695,15481227884
TR,PJ,2025,Gross,Forecast,22632559645,13758904937,8873654708,6104710731,7654194206,2664032650,6209622058,13758904937
TR,PJ,2025,Net,Actual,37988060000,22152690000,15835370000,13209360000,8943330000,8203510000,7631860000,22152690000
TR,PJ,2025,Net,Budget,26204912602,13650744253,12554168349,6147968013,7502776240,5655648578,6898519771,13650744253
TR,PJ,2025,Net,Forecast,33206115668,16782338972,16423776696,11263047402,5519291570,9535904248,6887872448,16782338972
TR,PJ,2025,Op,Actual,37988060000,22152690000,15835370000,13209360000,8943330000,8203510000,7631860000,22152690000
TR,PJ,2025,Op,Budget,35673579700,24382212521,11291367179,14782368789,9599843732,6523419102,4767948077,24382212521
TR,PJ,2025,Op,Forecast,27682272200,19231652650,8450619550,12372085120,6859567530,3609305939,4841313611,19231652650
TTL VSA,CDE,2024,Gross,Actual,256173229240,76521522661,179651706579,13430814660,63090708001,72454082660,107197623919,76521522661
TTL VSA,CDE,2024,Gross,Budget,321490060369,132323768110,189166292259,38438310508,93885457602,77475689360,111690602899,132323768110
TTL VSA,CDE,2024,Gross,Forecast,310658859675,165647660445,145011199230,104001708035,61645952410,49976203300,95034995930,165647660445
TTL VSA,CDE,2024,Net,Actual,257363200253,125266804869,132096395384,72966774532,52300030337,95671950900,36424444484,125266804869
TTL VSA,CDE,2024,Net,Budget,175165436189,71457953299,103707482890,27823123893,43634829406,43580649761,60126833129,71457953299
TTL VSA,CDE,2024,Net,Forecast,226425151388,124137821468,102287329920,60759869074,63377952394,43226767567,59060562353,124137821468
TTL VSA,CDE,2024,Op,Actual,216562195918,61244872444,155317323474,48664654528,12580217916,89615883000,65701440474,61244872444
TTL VSA,CDE,2024,Op,Budget,198230531452,67777840674,130452690778,32941255216,34836585458,60320355407,70132335371,67777840674
TTL VSA,CDE,2024,Op,Forecast,227715390602,98934723789,128780666813,52368688406,46566035383,86932610190,41848056623,98934723789
TTL VSA,CDE,2025,Gross,Actual,264378600927,116177681902,148200919025,40879038789,75298643113,100646087210,47554831815,116177681902
TTL VSA,CDE,2025,Gross,Budget,230807869782,111974378285,118833491497,79413631689,32560746596,83045925104,35787566393,111974378285
TTL VSA,CDE,2025,Gross,Forecast,274387484485,141085465543,133302018942,68224592660,72860872883,75811844641,57490174301,141085465543
TTL VSA,CDE,2025,Net,Actual,185916590336,75038489367,110878100969,42606867253,32431622114,57446861517,53431239452,75038489367
TTL VSA,CDE,2025,Net,Budget,241146934295,82328583898,158818350397,41557816848,40770767050,105671532028,53146818369,82328583898
TTL VSA,CDE,2025,Net,Forecast,161090669924,66292690550,94797979374,46494129131,19798561419,52040296584,42757682790,66292690550
TTL VSA,CDE,2025,Op,Actual,235456311558,64276466670,171179844888,30590639928,33685826742,66979933096,104199911792,64276466670
TTL VSA,CDE,2025,Op,Budget,257976783202,98254167319,159722615883,41225581569,57028585750,80121073422,79601542461,98254167319
TTL VSA,CDE,2025,Op,Forecast,265839580581,128097874305,137741706276,84324768467,43773105838,44548262021,93193444255,128097874305
TTL VSA,PJ,2024,Gross,Actual,242455733351,148576751990,93878981361,81137067721,67439684269,28642876905,65236104456,148576751990
TTL VSA,PJ,2024,Gross,Budget,281640342614,113816514635,167823827979,36486331454,77330183181,80248741299,87575086680,113816514635
TTL VSA,PJ,2024,Gross,Forecast,282498502139,86130980993,196367521146,44014454919,42116526074,128678493444,67689027702,86130980993
TTL VSA,PJ,2024,Net,Actual,186325208063,89275185553,97050022510,47373284304,41901901249,69307181451,27742841059,89275185553
TTL VSA,PJ,2024,Net,Budget,215101041942,114275430340,100825611602,53121783422,61153646918,18027936075,82797675527,114275430340
TTL VSA,PJ,2024,Net,Forecast,282602998545,86973465168,195629533377,41564382502,45409082666,102181884955,93447648422,86973465168
TTL VSA,PJ,2024,Op,Actual,195849623902,80756821964,115092801938,46969512401,33787309563,83701075650,31391726288,80756821964
TTL VSA,PJ,2024,Op,Budget,301757675833,113451683243,188305992590,65074751000,48376932243,80288014406,108017978184,113451683243
TTL VSA,PJ,2024,Op,Forecast,276111010809,113286670798,162824340011,57615783307,55670887491,106745013943,56079326068,113286670798
TTL VSA,PJ,2025,Gross,Actual,383634563632,166513247732,217121315900,93884609332,72628638400,107060334500,110060981400,166513247732
TTL VSA,PJ,2025,Gross,Budget,271794057227,152358646299,119435410928,99373869834,52984776465,48381786599,71053624329,152358646299
TTL VSA,PJ,2025,Gross,Forecast,411454574770,168140014982,243314559788,100914117316,67225897666,106783700426,136530859362,168140014982
TTL VSA,PJ,2025,Net,Actual,318405608374,134020421674,184385186700,73015398774,61005022900,91487028300,92898158400,134020421674
TTL VSA,PJ,2025,Net,Budget,167206431805,88252199945,78954231860,55100236616,33151963329,44012531019,34941700841,88252199945
TTL VSA,PJ,2025,Net,Forecast,267918871373,132402742636,135516128737,70409865537,61992877099,67967863478,67548265259,132402742636
TTL VSA,PJ,2025,Op,Actual,318405608374,134020421674,184385186700,73015398774,61005022900,91487028300,92898158400,134020421674
TTL VSA,PJ,2025,Op,Budget,244615510717,97967309677,146648201040,79763432181,18203877496,78436995810,68211205230,97967309677
TTL VSA,PJ,2025,Op,Forecast,208928810718,87460352353,121468458365,51290247629,36170104724,68140707617,53327750748,87460352353
TTL VSCN,CDE,2024,Gross,Actual,50909188636,20844685176,30064503460,15433442388,5411242788,10074361811,19990141649,20844685176
TTL VSCN,CDE,2024,Gross,Budget,57467523032,28943032137,28524490895,24491137351,4451894786,9258897109,19265593786,28943032137
TTL VSCN,CDE,2024,Gross,Forecast,73714127356,36581738977,37132388379,23707420441,12874318536,19003543943,18128844436,36581738977
TTL VSCN,CDE,2024,Net,Actual,73743784600,47007259091,26736525509,29053388628,17953870463,15791617961,10944907548,47007259091
TTL VSCN,CDE,2024,Net,Budget,66794229271,38212631402,28581597869,21002131932,17210499470,10253686899,18327910970,38212631402
TTL VSCN,CDE,2024,Net,Forecast,56507162529,30357838772,26149323757,17596227092,12761611680,10093419740,16055904017,30357838772
TTL VSCN,CDE,2024,Op,Actual,77931537572,46831427687,31100109885,23599046513,23232381174,15292325029,15807784856,46831427687
TTL VSCN,CDE,2024,Op,Budget,54474602640,30467517738,24007084902,16398293269,14069224469,12063229101,11943855801,30467517738
TTL VSCN,CDE,2024,Op,Forecast,54648895718,34035649827,20613245891,16310794106,17724855721,18834694160,1778551731,34035649827
TTL VSCN,CDE,2025,Gross,Actual,73702282467,35616619489,38085662978,17178535290,18438084199,17915908753,20169754225,35616619489
TTL VSCN,CDE,2025,Gross,Budget,56690694872,29120723041,27569971831,18125308500,10995414541,11653940424,15916031407,29120723041
TTL VSCN,CDE,2025,Gross,Forecast,53093736292,22360217940,30733518352,5372920923,16987297017,18661690000,12071828352,22360217940
TTL VSCN,CDE,2025,Net,Actual,51238551703,25792232863,25446318840,14963963808,10828269055,10379639089,15066679751,25792232863
TTL VSCN,CDE,2025,Net,Budget,64604838805,23173193385,41431645420,16858717967,6314475418,17023201139,24408444281,23173193385
TTL VSCN,CDE,2025,Net,Forecast,69755195486,32104272107,37650923379,17150892546,14953379561,9770037375,27880886004,32104272107
TTL VSCN,CDE,2025,Op,Actual,72198125786,35185544705,37012581081,23944042558,11241502147,17609000664,19403580417,35185544705
TTL VSCN,CDE,2025,Op,Budget,46940055924,27248830282,19691225642,12504985698,14743844584,6902904137,12788321505,27248830282
TTL VSCN,CDE,2025,Op,Forecast,50071737979,20457188835,29614549144,15720653022,4736535813,18446745852,11167803292,20457188835
TTL VSCN,PJ,2024,Gross,Actual,73211275335,34982260806,38229014529,20828047570,14154213236,13099355018,25129659511,34982260806
TTL VSCN,PJ,2024,Gross,Budget,81410749216,50484080625,30926668591,31554678474,18929402151,18433235252,12493433339,50484080625
TTL VSCN,PJ,2024,Gross,Forecast,71258222711,35905827523,35352395188,21632466515,14273361008,23545505869,11806889319,35905827523
TTL VSCN,PJ,2024,Net,Actual,62982419168,37574889910,25407529258,29075546734,8499343176,5622006093,19785523165,37574889910
TTL VSCN,PJ,2024,Net,Budget,59399432814,20420856603,38978576211,11728189081,8692667522,11991942536,26986633675,20420856603
TTL VSCN,PJ,2024,Net,Forecast,63711199143,36656608868,27054590275,19664760808,16991848060,15608037505,11446552770,36656608868
TTL VSCN,PJ,2024,Op,Actual,53760763040,26727139091,27033623949,9573514791,17153624300,4156133417,22877490532,26727139091
TTL VSCN,PJ,2024,Op,Budget,64309900728,36345661709,27964239019,21537821979,14807839730,19081687244,8882551775,36345661709
TTL VSCN,PJ,2024,Op,Forecast,50550809425,30100782759,20450026666,17787299053,12313483706,13674240015,6775786651,30100782759
TTL VSCN,PJ,2025,Gross,Actual,88293431200,46100850000,42192581200,25383040000,20717810000,19702581200,22490000000,46100850000
TTL VSCN,PJ,2025,Gross,Budget,69820121178,36974223559,32845897619,25738729132,11235494427,16951181044,15894716575,36974223559
TTL VSCN,PJ,2025,Gross,Forecast,62957526669,36890737984,26066788685,17566210572,19324527412,7012797688,19053990997,36890737984
TTL VSCN,PJ,2025,Net,Actual,86479482100,45309160000,41170322100,24846170000,20462990000,19360322100,21810000000,45309160000
TTL VSCN,PJ,2025,Net,Budget,67116953913,39216225769,27900728144,25590628157,13625597612,8528831729,19371896415,39216225769
TTL VSCN,PJ,2025,Net,Forecast,68423601287,38894963916,29528637371,20818605883,18076358033,13984057979,15544579392,38894963916
TTL VSCN,PJ,2025,Op,Actual,86479482100,45309160000,41170322100,24846170000,20462990000,19360322100,21810000000,45309160000
TTL VSCN,PJ,2025,Op,Budget,77253089942,33193150371,44059939571,18842473486,14350676885,21309742224,22750197347,33193150371
TTL VSCN,PJ,2025,Op,Forecast,42946677383,15340266072,27606411311,12347491408,2992774664,13291158544,14315252767,15340266072
TTL VSE,CDE,2024,Gross,Actual,207805889354,115424741049,92381148305,77205428234,38219312815,36481283093,55899865212,115424741049
TTL VSE,CDE,2024,Gross,Budget,187881824163,85504638102,102377186061,51020047598,34484590504,58504967633,43872218428,85504638102
TTL VSE,CDE,2024,Gross,Forecast,180618896851,89261714005,91357182846,27789061042,61472652963,50917162073,40440020773,89261714005
TTL VSE,CDE,2024,Net,Actual,227984018394,67144205417,160839812977,30215495318,36928710099,12933618916,147906194061,67144205417
TTL VSE,CDE,2024,Net,Budget,241580538026,105012621695,136567916331,77363354676,27649267019,47646379358,88921536973,105012621695
TTL VSE,CDE,2024,Net,Forecast,321386582651,170437008225,150949574426,133669316524,36767691701,43477830690,107471743736,170437008225
TTL VSE,CDE,2024,Op,Actual,357645682735,162272439439,195373243296,138816204944,23456234495,42205637150,153167606146,162272439439
TTL VSE,CDE,2024,Op,Budget,300115817633,125153121228,174962696405,100966969299,24186151929,45738846647,129223849758,125153121228
TTL VSE,CDE,2024,Op,Forecast,286942022031,117369214997,169572807034,102359054831,15010160166,46422978867,123149828167,117369214997
TTL VSE,CDE,2025,Gross,Actual,100135808963,57670024644,42465784319,21015370703,36654653941,18411898562,24053885757,57670024644
TTL VSE,CDE,2025,Gross,Budget,215717241414,94651966562,121065274852,43537823842,51114142720,41257903757,79807371095,94651966562
TTL VSE,CDE,2025,Gross,Forecast,254145480700,119972931387,134172549313,68170491814,51802439573,91051273056,43121276257,119972931387
TTL VSE,CDE,2025,Net,Actual,257363268243,103439390472,153923877771,78653146542,24786243930,21063360817,132860516954,103439390472
TTL VSE,CDE,2025,Net,Budget,248837153445,97048291994,151788861451,64276299120,32771992874,37135405786,114653455665,97048291994
TTL VSE,CDE,2025,Net,Forecast,282007425632,168318133354,113689292278,148529696328,19788437026,12281542825,101407749453,168318133354
TTL VSE,CDE,2025,Op,Actual,266727207023,113886765507,152840441516,83361255019,30525510488,37235936644,115604504872,113886765507
TTL VSE,CDE,2025,Op,Budget,258280782556,136357449582,121923332974,112817280872,23540168710,46799134297,75124198677,136357449582
TTL VSE,CDE,2025,Op,Forecast,254137151596,85205584486,168931567110,56714583696,28491000790,75221747944,93709819166,85205584486
TTL VSE,PJ,2024,Gross,Actual,173777630117,95280251532,78497378585,41061798844,54218452688,43475290596,35022087989,95280251532
TTL VSE,PJ,2024,Gross,Budget,174058845136,124348397305,49710447831,77807739376,46540657929,28626784674,21083663157,124348397305
TTL VSE,PJ,2024,Gross,Forecast,143170022862,53824685475,89345337387,36962961404,16861724071,35540327357,53805010030,53824685475
TTL VSE,PJ,2024,Net,Actual,340832712098,107213245520,233619466578,82572962030,24640283490,23295499482,210323967096,107213245520
TTL VSE,PJ,2024,Net,Budget,250661616678,122163110856,128498505822,74080331772,48082779084,57117204733,71381301089,122163110856
TTL VSE,PJ,2024,Net,Forecast,310618649554,179548156786,131070492768,155003232826,24544923960,26898903453,104171589315,179548156786
TTL VSE,PJ,2024,Op,Actual,279096151528,75380888478,203715263050,44295439418,31085449060,26321469621,177393793429,75380888478
TTL VSE,PJ,2024,Op,Budget,264531184434,114064574958,150466609476,83131986758,30932588200,36594640131,113871969345,114064574958
TTL VSE,PJ,2024,Op,Forecast,303237975980,77723173992,225514801988,60895815188,16827358804,26278489102,199236312886,77723173992
TTL VSE,PJ,2025,Gross,Actual,241585420000,112845790000,128739630000,62709210000,50136580000,63746130000,64993500000,112845790000
TTL VSE,PJ,2025,Gross,Budget,176716875246,82774997608,93941877638,51505560713,31269436895,48944949822,44996927816,82774997608
TTL VSE,PJ,2025,Gross,Forecast,196801889693,99317858907,97484030786,62888635618,36429223289,37213767150,60270263636,99317858907
TTL VSE,PJ,2025,Net,Actual,384957025600,167092284200,217864741400,122026954200,45065330000,54735270000,163129471400,167092284200
TTL VSE,PJ,2025,Net,Budget,252387733594,138420985831,113966747763,104990641447,33430344384,37505537264,76461210499,138420985831
TTL VSE,PJ,2025,Net,Forecast,366853174560,132656587978,234196586582,114757717482,17898870496,45948655645,188247930937,132656587978
TTL VSE,PJ,2025,Op,Actual,384957025600,167092284200,217864741400,122026954200,45065330000,54735270000,163129471400,167092284200
TTL VSE,PJ,2025,Op,Budget,318401271893,116702745881,201698526012,67500710544,49202035337,48240960970,153457565042,116702745881
TTL VSE,PJ,2025,Op,Forecast,317300306755,65122946884,252177359871,42581541753,22541405131,49486917368,202690442503,65122946884
TTL VSEE,CDE,2024,Gross,Actual,70582080870,29754732492,40827348378,15951282908,13803449584,25796602235,15030746143,29754732492
TTL VSEE,CDE,2024,Gross,Budget,81522722820,38017247747,43505475073,29258410973,8758836774,10314074877,33191400196,38017247747
TTL VSEE,CDE,2024,Gross,Forecast,47856807266,23544320417,24312486849,15026209956,8518110461,10463031934,13849454915,23544320417
TTL VSEE,CDE,2024,Net,Actual,190463326303,64954250314,125509075989,51600023995,13354226319,14560186103,110948889886,64954250314
TTL VSEE,CDE,2024,Net,Budget,161715629878,37428977552,124286652326,25983470181,11445507371,21093296562,103193355764,37428977552
TTL VSEE,CDE,2024,Net,Forecast,163375856235,104183100754,59192755481,93048024637,11135076117,11729118857,47463636624,104183100754
TTL VSEE,CDE,2024,Op,Actual,189071673234,39914025704,149157647530,26071942400,13842083304,10356403360,138801244170,39914025704
TTL VSEE,CDE,2024,Op,Budget,174481555724,30332767247,144148788477,18300154821,12032612426,16732877848,127415910629,30332767247
TTL VSEE,CDE,2024,Op,Forecast,173937787132,55533580848,118404206284,43018749816,12514831032,12836325606,105567880678,55533580848
TTL VSEE,CDE,2025,Gross,Actual,46284929084,21116057112,25168871972,4746602572,16369454540,3308123471,21860748501,21116057112
TTL VSEE,CDE,2025,Gross,Budget,72498471325,35403616140,37094855185,23421448435,11982167705,26563834645,10531020540,35403616140
TTL VSEE,CDE,2025,Gross,Forecast,82741322505,48989996824,33751325681,27586405547,21403591277,22978024959,10773300722,48989996824
TTL VSEE,CDE,2025,Net,Actual,196613968014,100709323518,95904644496,94253967998,6455355520,16946284955,78958359541,100709323518
TTL VSEE,CDE,2025,Net,Budget,217209295129,107220368978,109988926151,100665448068,6554920910,15511895289,94477030862,107220368978
TTL VSEE,CDE,2025,Net,Forecast,232770174045,85649616409,147120557636,77446932033,8202684376,10309220117,136811337519,85649616409
TTL VSEE,CDE,2025,Op,Actual,198024951275,95238206645,102786744630,80549078795,14689127850,23768914280,79017830350,95238206645
TTL VSEE,CDE,2025,Op,Budget,197907487582,129072893684,68834593898,116313859687,12759033997,10159098656,58675495242,129072893684
TTL VSEE,CDE,2025,Op,Forecast,165729843147,59936461165,105793381982,51080271867,8856189298,14240127385,91553254597,59936461165
TTL VSEE,PJ,2024,Gross,Actual,84379557423,42941616325,41437941098,27380569377,15561046948,18655710881,22782230217,42941616325
TTL VSEE,PJ,2024,Gross,Budget,41283089320,14404446196,26878643124,4199367301,10205078895,14400054690,12478588434,14404446196
TTL VSEE,PJ,2024,Gross,Forecast,53436297382,13620786040,39815511342,9451077879,4169708161,21032799247,18782712095,13620786040
TTL VSEE,PJ,2024,Net,Actual,152951657492,79898827604,73052829888,57189242309,22709585295,20741887507,52310942381,79898827604
TTL VSEE,PJ,2024,Net,Budget,227018120536,88070650752,138947469784,79197249134,8873401618,9160603059,129786866725,88070650752
TTL VSEE,PJ,2024,Net,Forecast,223795607134,62310965636,161484641498,48211667060,14099298576,4605767792,156878873706,62310965636
TTL VSEE,PJ,2024,Op,Actual,180958722924,70870809484,110087913440,57707661159,13163148325,17070194903,93017718537,70870809484
TTL VSEE,PJ,2024,Op,Budget,236320581390,123395004794,112925576596,113939445709,9455559085,13828158379,99097418217,123395004794
TTL VSEE,PJ,2024,Op,Forecast,187656945383,67334046174,120322899209,52860156474,14473889700,21408408849,98914490360,67334046174
TTL VSEE,PJ,2025,Gross,Actual,93167170000,44509420000,48657750000,26578450000,17930970000,24319280000,24338470000,44509420000
TTL VSEE,PJ,2025,Gross,Budget,54719437625,22181031378,32538406247,10510222652,11670808726,14988263520,17550142727,22181031378
TTL VSEE,PJ,2025,Gross,Forecast,65173120838,34665048216,30508072622,21597881163,13067167053,12599745711,17908326911,34665048216
TTL VSEE,PJ,2025,Net,Actual,258351025600,108550864200,149800161400,91750064200,16800800000,20191170000,129608991400,108550864200
TTL VSEE,PJ,2025,Net,Budget,201776688298,84589416771,117187271527,63226328264,21363088507,20961465334,96225806193,84589416771
TTL VSEE,PJ,2025,Net,Forecast,99647748834,40141604926,59506143908,28547723871,11593881055,8229897808,51276246100,40141604926
TTL VSEE,PJ,2025,Op,Actual,258351025600,108550864200,149800161400,91750064200,16800800000,20191170000,129608991400,108550864200
TTL VSEE,PJ,2025,Op,Budget,166057678312,91540798420,74516879892,75865928237,15674870183,10793604098,63723275794,91540798420
TTL VSEE,PJ,2025,Op,Forecast,267077289284,121293421594,145783867690,105118695393,16174726201,7785524005,137998343685,121293421594
TTL VSEW,CDE,2024,Gross,Actual,84896109795,38484645824,46411463971,8685152150,29799493674,29650830270,16760633701,38484645824
TTL VSEW,CDE,2024,Gross,Budget,87686264250,51162224142,36524040108,21029560183,30132663959,14096995143,22427044965,51162224142
TTL VSEW,CDE,2024,Gross,Forecast,93640024789,42570129068,51069895721,28304290520,14265838548,29701397089,21368498632,42570129068
TTL VSEW,CDE,2024,Net,Actual,60419861975,29797704475,30622157500,14953001570,14844702905,13774916412,16847241088,29797704475
TTL VSEW,CDE,2024,Net,Budget,80566050981,39845541613,40720509368,19473801186,20371740427,25554469349,15166040019,39845541613
TTL VSEW,CDE,2024,Net,Forecast,95828975125,33634034870,62194940255,16011015507,17623019363,31349791484,30845148771,33634034870
TTL VSEW,CDE,2024,Op,Actual,70279560766,36428124283,33851436483,16879452469,19548671814,16068805636,17782630847,36428124283
TTL VSEW,CDE,2024,Op,Budget,74088610720,29702281771,44386328949,16927188911,12775092860,27052541737,17333787212,29702281771
TTL VSEW,CDE,2024,Op,Forecast,89237710540,33919795638,55317914902,21072991238,12846804400,34836955646,20480959256,33919795638
TTL VSEW,CDE,2025,Gross,Actual,71496688836,46897592672,24599096164,24270493543,22627099129,17258265530,7340830634,46897592672
TTL VSEW,CDE,2025,Gross,Budget,63686354319,42986846201,20699508118,14412494725,28574351476,5279063462,15420444656,42986846201
TTL VSEW,CDE,2025,Gross,Forecast,84395437936,44833177787,39562260149,20039028764,24794149023,23448950170,16113309979,44833177787
TTL VSEW,CDE,2025,Net,Actual,80283129834,27703045609,52580084225,10374202107,17328843502,32774260421,19805823804,27703045609
TTL VSEW,CDE,2025,Net,Budget,94017595024,56394452399,37623142625,34766300302,21628152097,23225582448,14397560177,56394452399
TTL VSEW,CDE,2025,Net,Forecast,78718141177,36128407824,42589733353,6283431812,29844976012,30518119569,12071613784,36128407824
TTL VSEW,CDE,2025,Op,Actual,98900167571,55598057263,43302110308,27592693300,28005363963,25184225425,18117884883,55598057263
TTL VSEW,CDE,2025,Op,Budget,81388877173,37642462866,43746414307,20875342882,16767119984,20733868537,23012545770,37642462866
TTL VSEW,CDE,2025,Op,Forecast,101428351081,42142097092,59286253989,14550837971,27591259121,30273695131,29012558858,42142097092
TTL VSEW,PJ,2024,Gross,Actual,83399773681,34175199960,49224573721,23310222389,10864977571,21051235432,28173338289,34175199960
TTL VSEW,PJ,2024,Gross,Budget,96776914645,64309625019,32467289626,35327202891,28982422128,12247437390,20219852236,64309625019
TTL VSEW,PJ,2024,Gross,Forecast,63625696294,34014647582,29611048712,21199904403,12814743179,12416102143,17194946569,34014647582
TTL VSEW,PJ,2024,Net,Actual,84865577189,39969838208,44895738981,14971099677,24998738531,26218082959,18677656022,39969838208
TTL VSEW,PJ,2024,Net,Budget,85680950659,54852097902,30828852757,30804804910,24047292992,10086016528,20742836229,54852097902
TTL VSEW,PJ,2024,Net,Forecast,90863667204,54790527261,36073139943,31255716811,23534810450,18684132215,17389007728,54790527261
TTL VSEW,PJ,2024,Op,Actual,101774789286,55221146099,46553643187,25197701836,30023444263,30905076321,15648566866,55221146099
TTL VSEW,PJ,2024,Op,Budget,66850296575,29781528906,37068767669,15659369755,14122159151,21383704105,15685063564,29781528906
TTL VSEW,PJ,2024,Op,Forecast,68435769359,34466002441,33969766918,17916024211,16549978230,8960489110,25009277808,34466002441
TTL VSEW,PJ,2025,Gross,Actual,119822720000,58832700000,60990020000,31265570000,27567130000,32805650000,28184370000,58832700000
TTL VSEW,PJ,2025,Gross,Budget,90121100201,45082052023,45039048178,19732415851,25349636172,21746504784,23292543394,45082052023
TTL VSEW,PJ,2025,Gross,Forecast,112130974022,61460890935,50670083087,28231286787,33229604148,23006935131,27663147956,61460890935
TTL VSEW,PJ,2025,Net,Actual,106219590000,51833130000,54386460000,27019320000,24813810000,29568080000,24818380000,51833130000
TTL VSEW,PJ,2025,Net,Budget,73288155797,31705557040,41582598757,11516213879,20189343161,14447767529,27134831228,31705557040
TTL VSEW,PJ,2025,Net,Forecast,76329787273,38091462765,38238324508,17233494758,20857968007,27163221981,11075102527,38091462765
TTL VSEW,PJ,2025,Op,Actual,106219590000,51833130000,54386460000,27019320000,24813810000,29568080000,24818380000,51833130000
TTL VSEW,PJ,2025,Op,Budget,104356690913,49576073547,54780617366,29221984728,20354088819,27248455820,27532161546,49576073547
TTL VSEW,PJ,2025,Op,Forecast,84986844255,44514591013,40472253242,26870321543,17644269470,26364147448,14108105794,44514591013
TTL VSI,CDE,2024,Gross,Actual,193454299525,107107771120,86346528405,41043608696,66064162424,29326207439,57020320966,107107771120
TTL VSI,CDE,2024,Gross,Budget,138323008613,61272397120,77050611493,22227304904,39045092216,32802801265,44247810228,61272397120
TTL VSI,CDE,2024,Gross,Forecast,169882288518,99516103615,70366184903,53608240946,45907862669,41230387929,29135796974,99516103615
TTL VSI,CDE,2024,Net,Actual,125272091753,88907823431,36364268322,33655778955,55252044476,11955432889,24408835433,88907823431
TTL VSI,CDE,2024,Net,Budget,109944288257,76102859026,33841429231,48794999183,27307859843,22509117669,11332311562,76102859026
TTL VSI,CDE,2024,Net,Forecast,148671220304,79471840280,69199380024,24182312884,55289527396,36811542159,32387837865,79471840280
TTL VSI,CDE,2024,Op,Actual,126009115863,88423190569,37585925294,25181163356,63242027213,11235881681,26350043613,88423190569
TTL VSI,CDE,2024,Op,Budget,143856114219,77682641428,66173472791,45395791996,32286849432,17404692008,48768780783,77682641428
TTL VSI,CDE,2024,Op,Forecast,116510222148,70560699052,45949523096,42466812317,28093886735,23922063750,22027459346,70560699052
TTL VSI,CDE,2025,Gross,Actual,160815109927,108313941096,52501168831,40583761328,67730179768,28556634609,23944534222,108313941096
TTL VSI,CDE,2025,Gross,Budget,177855174690,76928231170,100926943520,42681837433,34246393737,54886702265,46040241255,76928231170
TTL VSI,CDE,2025,Gross,Forecast,112925215366,62956494735,49968720631,41168202211,21788292524,13871081414,36097639217,62956494735
TTL VSI,CDE,2025,Net,Actual,107972477474,60099186663,47873290811,45505742854,14593443809,30317812004,17555478807,60099186663
TTL VSI,CDE,2025,Net,Budget,138504245304,64887249488,73616995816,39062642274,25824607214,27740422859,45876572957,64887249488
TTL VSI,CDE,2025,Net,Forecast,102853026315,61049492204,41803534111,37245286999,23804205205,11342860942,30460673169,61049492204
TTL VSI,CDE,2025,Op,Actual,143643561542,72634783314,71008778228,22456172687,50178610627,23891495853,47117282375,72634783314
TTL VSI,CDE,2025,Op,Budget,138416394980,87039583331,51376811649,53271011199,33768572132,28544401857,22832409792,87039583331
TTL VSI,CDE,2025,Op,Forecast,150049026062,79246116130,70802909932,52614390577,26631725553,50298186975,20504722957,79246116130
TTL VSI,PJ,2024,Gross,Actual,122248430002,73448153235,48800276767,47115670885,26332482350,28108132614,20692144153,73448153235
TTL VSI,PJ,2024,Gross,Budget,188848323264,121413721899,67434601365,68895751125,52517970774,37414578271,30020023094,121413721899
TTL VSI,PJ,2024,Gross,Forecast,124851231580,88332162621,36519068959,42798133282,45534029339,23713327401,12805741558,88332162621
TTL VSI,PJ,2024,Net,Actual,119830076105,62345532430,57484543675,14960097292,47385435138,33480256559,24004287116,62345532430
TTL VSI,PJ,2024,Net,Budget,155733203731,79412051971,76321151760,43090219477,36321832494,25045252773,51275898987,79412051971
TTL VSI,PJ,2024,Net,Forecast,111986207294,71444421097,40541786197,43687171861,27757249236,1503152545,39038633652,71444421097
TTL VSI,PJ,2024,Op,Actual,167067519615,102995768147,64071751468,42355697500,60640070647,29984532260,34087219208,102995768147
TTL VSI,PJ,2024,Op,Budget,116104403069,70389327283,45715075786,10722961124,59666366159,26369998890,19345076896,70389327283
TTL VSI,PJ,2024,Op,Forecast,165278681822,90062884592,75215797230,29798175207,60264709385,35868549629,39347247601,90062884592
TTL VSI,PJ,2025,Gross,Actual,190383423300,106251985700,84131437600,52862910000,53389075700,40838352000,43293085600,106251985700
TTL VSI,PJ,2025,Gross,Budget,176248040300,104080046408,72167993892,54789395597,49290650811,38634839436,33533154456,104080046408
TTL VSI,PJ,2025,Gross,Forecast,150148189252,77165634673,72982554579,37778794234,39386840439,33005707072,39976847507,77165634673
TTL VSI,PJ,2025,Net,Actual,182742590200,101371387200,81371203000,49654901400,51716485800,39705804900,41665398100,101371387200
TTL VSI,PJ,2025,Net,Budget,135966629328,67298893762,68667735566,43092709581,24206184181,28335192393,40332543173,67298893762
TTL VSI,PJ,2025,Net,Forecast,105348784206,60134259264,45214524942,24615278576,35518980688,19340909976,25873614966,60134259264
TTL VSI,PJ,2025,Op,Actual,182742590200,101371387200,81371203000,49654901400,51716485800,39705804900,41665398100,101371387200
TTL VSI,PJ,2025,Op,Budget,123592653536,60555610417,63037043119,32780989970,27774620447,35000934011,28036109108,60555610417
TTL VSI,PJ,2025,Op,Forecast,131732732581,88367923760,43364808821,48521392044,39846531716,19903877917,23460930904,88367923760
TW,CDE,2024,Gross,Actual,28962041468,15840034873,13122006595,9480693511,6359341362,7028745679,6093260916,15840034873
TW,CDE,2024,Gross,Budget,31944722727,18283407756,13661314971,11101137076,7182270680,6215783953,7445531018,18283407756
TW,CDE,2024,Gross,Forecast,31697543337,16264198701,15433344636,8965591175,7298607526,5923212263,9510132373,16264198701
TW,CDE,2024,Net,Actual,33708569764,16011525676,17697044088,8747303227,7264222449,6868914021,10828130067,16011525676
TW,CDE,2024,Net,Budget,41285994207,24344702623,16941291584,14438442718,9906259905,7251228921,9690062663,24344702623
TW,CDE,2024,Net,Forecast,30710741017,14918342393,15792398624,6393714969,8524627424,5693861890,10098536734,14918342393
TW,CDE,2024,Op,Actual,35799845743,19316590335,16483255408,9465286995,9851303340,8543798347,7939457061,19316590335
TW,CDE,2024,Op,Budget,34252109292,18718670987,15533438305,9300592957,9418078030,5498529136,10034909169,18718670987
TW,CDE,2024,Op,Forecast,35963697655,19367607234,16596090421,10368356405,8999250829,5725643191,10870447230,19367607234
TW,CDE,2025,Gross,Actual,25857779938,16948400734,8909379204,9978840701,6969560033,5735530986,3173848218,16948400734
TW,CDE,2025,Gross,Budget,29733765361,14207937701,15525827660,7068563405,7139374296,8273767802,7252059858,14207937701
TW,CDE,2025,Gross,Forecast,29115907879,16374811283,12741096596,9163009067,7211802216,6582075752,6159020844,16374811283
TW,CDE,2025,Net,Actual,27700448910,14201832135,13498616775,7557335092,6644497043,5515653468,7982963307,14201832135
TW,CDE,2025,Net,Budget,26085080476,15112653091,10972427385,9208934582,5903718509,5266269950,5706157435,15112653091
TW,CDE,2025,Net,Forecast,32827061731,14887569734,17939491997,6045402038,8842167696,7114984376,10824507621,14887569734
TW,CDE,2025,Op,Actual,30913659836,16086801332,14826858504,9825697107,6261104225,7861661560,6965196944,16086801332
TW,CDE,2025,Op,Budget,30587242415,13286665711,17300576704,8107244055,5179421656,4678888959,12621687745,13286665711
TW,CDE,2025,Op,Forecast,25976071835,12647828029,13328243806,6988861137,5658966892,7352625565,5975618241,12647828029
TW,PJ,2024,Gross,Actual,35489243132,20279546609,15209696523,13409895592,6869651017,6343143454,8866553069,20279546609
TW,PJ,2024,Gross,Budget,26910851905,12911351393,13999500512,7384653500,5526697893,6845346343,7154154169,12911351393
TW,PJ,2024,Gross,Forecast,31379702170,15310511157,16069191013,10030278208,5280232949,7242479334,8826711679,15310511157
TW,PJ,2024,Net,Actual,30927646200,15380454502,15547191698,8417716680,6962737822,6608630985,8938560713,15380454502
TW,PJ,2024,Net,Budget,32697638720,16943974377,15753664343,8182564865,8761409512,3345135877,12408528466,16943974377
TW,PJ,2024,Net,Forecast,34925440333,16530647552,18394792781,10023010540,6507637012,7718439615,10676353166,16530647552
TW,PJ,2024,Op,Actual,36349460968,14794905818,21554555150,5242054288,9552851530,9311912280,12242642870,14794905818
TW,PJ,2024,Op,Budget,28546092055,14186673025,14359419030,8387541789,5799131236,7614537495,6744881535,14186673025
TW,PJ,2024,Op,Forecast,34615455520,21249233979,13366221541,13110207029,8139026950,5385055735,7981165806,21249233979
TW,PJ,2025,Gross,Actual,39974138400,22094380000,17879758400,12032720000,10061660000,8699464000,9180294400,22094380000
TW,PJ,2025,Gross,Budget,26680653309,18595346401,8085306908,10856616118,7738730283,2551226591,5534080317,18595346401
TW,PJ,2025,Gross,Forecast,30555372418,14990714852,15564657566,8367793870,6622920982,8984668190,6579989376,14990714852
TW,PJ,2025,Net,Actual,43191244000,22094192600,21097051400,12032540000,10061652600,8699464000,12397587400,22094192600
TW,PJ,2025,Net,Budget,31846929330,17388620893,14458308437,9506040625,7882580268,8212653893,6245654544,17388620893
TW,PJ,2025,Net,Forecast,32931877495,17579327579,15352549916,8630290567,8949037012,7163931527,8188618389,17579327579
TW,PJ,2025,Op,Actual,43191244000,22094192600,21097051400,12032540000,10061652600,8699464000,12397587400,22094192600
TW,PJ,2025,Op,Budget,34017569149,19530424811,14487144338,10347613581,9182811230,5910690904,8576453434,19530424811
TW,PJ,2025,Op,Forecast,32742369612,20557829263,12184540349,9996037303,10561791960,6067608757,6116931592,20557829263
UK,CDE,2024,Gross,Actual,7255950079,4031910495,3224039584,1302109177,2729801318,2348567046,875472538,4031910495
UK,CDE,2024,Gross,Budget,14584032274,7537469845,7046562429,5204519986,2332949859,4259915884,2786646545,7537469845
UK,CDE,2024,Gross,Forecast,13115528272,8020732200,5094796072,5108302035,2912430165,1895861884,3198934188,8020732200
UK,CDE,2024,Net,Actual,12817795810,8016675608,4801120202,5477583832,2539091776,2305451402,2495668800,8016675608
UK,CDE,2024,Net,Budget,10114218754,6373964938,3740253816,4287207465,2086757473,2369463710,1370790106,6373964938
UK,CDE,2024,Net,Forecast,10441685198,7892127882,2549557316,4600756620,3291371262,1865917302,683640014,7892127882
UK,CDE,2024,Op,Actual,9687278872,6237926902,3449351970,2367157105,3870769797,1412688094,2036663876,6237926902
UK,CDE,2024,Op,Budget,10777114663,8562272383,2214842280,4688964243,3873308140,1203821811,1011020469,8562272383
UK,CDE,2024,Op,Forecast,9796800789,7875617638,1921183151,6175800962,1699816676,1671647927,249535224,7875617638
UK,CDE,2025,Gross,Actual,14731991748,8609878060,6122113688,5113629022,3496249038,4262628492,1859485196,8609878060
UK,CDE,2025,Gross,Budget,11525204350,8520350976,3004853374,4211914548,4308436428,2303544996,701308378,8520350976
UK,CDE,2025,Gross,Forecast,10851002862,7253905843,3597097019,5599521783,1654384060,2291098823,1305998196,7253905843
UK,CDE,2025,Net,Actual,3159258467,2034851734,1124406733,1245314920,789536814,561690563,562716170,2034851734
UK,CDE,2025,Net,Budget,8526732996,6036743721,2489989275,2602345917,3434397804,1384248494,1105740781,6036743721
UK,CDE,2025,Net,Forecast,9575612790,5515446103,4060166687,4089050071,1426396032,2988707343,1071459344,5515446103
UK,CDE,2025,Op,Actual,13495513008,8367885227,5127627781,5559532921,2808352306,2798130697,2329497084,8367885227
UK,CDE,2025,Op,Budget,13746546663,9019771207,4726775456,6970624916,2049146291,2094403766,2632371690,9019771207
UK,CDE,2025,Op,Forecast,9375017125,5384699636,3990317489,4424480438,960219198,2109198724,1881118765,5384699636
UK,PJ,2024,Gross,Actual,14682753476,9882557974,4800195502,5777964041,4104593933,3451207486,1348988016,9882557974
UK,PJ,2024,Gross,Budget,12380313048,7188589004,5191724044,4899935541,2288653463,3970071682,1221652362,7188589004
UK,PJ,2024,Gross,Forecast,15369804784,8077303355,7292501429,5162797307,2914506048,4517121771,2775379658,8077303355
UK,PJ,2024,Net,Actual,13020626309,7253838319,5766787990,3825013766,3428824553,3188307358,2578480632,7253838319
UK,PJ,2024,Net,Budget,8483795352,4678782483,3805012869,2779018620,1899763863,2032556133,1772456736,4678782483
UK,PJ,2024,Net,Forecast,7907313991,4442641987,3464672004,2001081397,2441560590,2060262914,1404409090,4442641987
UK,PJ,2024,Op,Actual,8922497755,5446506113,3475991642,2697266600,2749239513,2887762686,588228956,5446506113
UK,PJ,2024,Op,Budget,12000137258,8590645103,3409492155,5994227921,2596417182,1277291018,2132201137,8590645103
UK,PJ,2024,Op,Forecast,10546442441,4899891286,5646551155,2933034769,1966856517,3419551951,2226999204,4899891286
UK,PJ,2025,Gross,Actual,17248920000,10620010000,6628910000,6336930000,4283080000,4095960000,2532950000,10620010000
UK,PJ,2025,Gross,Budget,13969461688,9478358753,4491102935,6718559386,2759799367,2739922770,1751180165,9478358753
UK,PJ,2025,Gross,Forecast,7940165921,4014667448,3925498473,2615503887,1399163561,2912554277,1012944196,4014667448
UK,PJ,2025,Net,Actual,14328190000,8890750000,5437440000,5241610000,3649140000,3319340000,2118100000,8890750000
UK,PJ,2025,Net,Budget,12053420477,7757998185,4295422292,5635381116,2122617069,2445200133,1850222159,7757998185
UK,PJ,2025,Net,Forecast,11427456803,6423264068,5004192735,3133709275,3289554793,3682923096,1321269639,6423264068
UK,PJ,2025,Op,Actual,14328190000,8890750000,5437440000,5241610000,3649140000,3319340000,2118100000,8890750000
UK,PJ,2025,Op,Budget,10152862279,6314830130,3838032149,3578259190,2736570940,3158899934,679132215,6314830130
UK,PJ,2025,Op,Forecast,10809893863,5441420365,5368473498,1667515587,3773904778,2832813865,2535659633,5441420365
VN,CDE,2024,Gross,Actual,5581333605,3044687662,2536645943,556626964,2488060698,1573287657,963358286,3044687662
VN,CDE,2024,Gross,Budget,8065065573,5633088244,2431977329,1202952565,4430135679,1400197264,1031780065,5633088244
VN,CDE,2024,Gross,Forecast,9650724401,6949384222,2701340179,2046326033,4903058189,1866639213,834700966,6949384222
VN,CDE,2024,Net,Actual,7544169352,5007208410,2536960942,2360705140,2646503270,1728705515,808255427,5007208410
VN,CDE,2024,Net,Budget,7574753020,4948020826,2626732194,2750172207,2197848619,1387908131,1238824063,4948020826
VN,CDE,2024,Net,Forecast,8227279304,6637992071,1589287233,2750764866,3887227205,1272574491,316712742,6637992071
VN,CDE,2024,Op,Actual,6303835654,3368795315,2935040339,784288979,2584506336,2227080825,707959514,3368795315
VN,CDE,2024,Op,Budget,4582926394,3092181015,1490745379,2272239387,819941628,917574842,573170537,3092181015
VN,CDE,2024,Op,Forecast,6292541411,3149899480,3142641931,658206484,2491692996,1702317052,1440324879,3149899480
VN,CDE,2025,Gross,Actual,8745038203,5805423999,2939614204,1255715367,4549708632,1895919847,1043694357,5805423999
VN,CDE,2025,Gross,Budget,9799156882,7322549581,2476607301,1774766826,5547782755,1278336896,1198270405,7322549581
VN,CDE,2025,Gross,Forecast,8432976218,6398314745,2034661473,2087239979,4311074766,959756534,1074904939,6398314745
VN,CDE,2025,Net,Actual,8223342863,5123515490,3099827373,3386900652,1736614838,2186315443,913511930,5123515490
VN,CDE,2025,Net,Budget,6516943986,4069279566,2447664420,2809749755,1259529811,896785366,1550879054,4069279566
VN,CDE,2025,Net,Forecast,7852173255,6147974215,1704199040,3548069192,2599905023,1177115679,527083361,6147974215
VN,CDE,2025,Op,Actual,6069862590,3548124535,2521738055,1293149148,2254975387,1843408182,678329873,3548124535
VN,CDE,2025,Op,Budget,7039982002,4490543558,2549438444,1253284594,3237258964,1501843178,1047595266,4490543558
VN,CDE,2025,Op,Forecast,7514647369,5185388248,2329259121,2344642123,2840746125,1487870842,841388279,5185388248
VN,PJ,2024,Gross,Actual,5296149069,3142207321,2153941748,1107486268,2034721053,1598657462,555284286,3142207321
VN,PJ,2024,Gross,Budget,8422414930,6239829525,2182585405,3147084154,3092745371,858631113,1323954292,6239829525
VN,PJ,2024,Gross,Forecast,10493646989,8348352339,2145294650,4004214013,4344138326,1475395130,669899520,8348352339
VN,PJ,2024,Net,Actual,7431635500,4859952183,2571683317,2676497165,2183455018,1464448408,1107234909,4859952183
VN,PJ,2024,Net,Budget,5731434381,3120317266,2611117115,873102629,2247214637,1310613964,1300503151,3120317266
VN,PJ,2024,Net,Forecast,8659678687,6242721053,2416957634,1562886122,4679834931,1063061959,1353895675,6242721053
VN,PJ,2024,Op,Actual,9603128176,7298355283,2304772893,3526268854,3772086429,1787897114,516875779,7298355283
VN,PJ,2024,Op,Budget,6993294179,4064783144,2928511035,902168394,3162614750,1522062878,1406448157,4064783144
VN,PJ,2024,Op,Forecast,8649234546,7247526433,1401708113,2979321790,4268204643,1088593100,313115013,7247526433
VN,PJ,2025,Gross,Actual,10595970900,7419139100,3176831800,2902010000,4517129100,1811165400,1365666400,7419139100
VN,PJ,2025,Gross,Budget,5498134177,2855899962,2642234215,1270871011,1585028951,1549538999,1092695216,2855899962
VN,PJ,2025,Gross,Forecast,6833561051,4407152741,2426408310,843615486,3563537255,1327754929,1098653381,4407152741
VN,PJ,2025,Net,Actual,10425940200,7288669400,3137270800,2871560000,4417109400,1789613400,1347657400,7288669400
VN,PJ,2025,Net,Budget,7104843781,4953397435,2151446346,1709497051,3243900384,1365079561,786366785,4953397435
VN,PJ,2025,Net,Forecast,8481439473,5542331818,2939107655,1506935105,4035396713,1719510069,1219597586,5542331818
VN,PJ,2025,Op,Actual,10425940200,7288669400,3137270800,2871560000,4417109400,1789613400,1347657400,7288669400
VN,PJ,2025,Op,Budget,8166960675,5594679189,2572281486,2196238201,3398440988,1031509642,1540771844,5594679189
VN,PJ,2025,Op,Forecast,8155084281,6852263742,1302820539,3025719252,3826544490,739739378,563081161,6852263742
VSA,CDE,2024,Gross,Actual,259322274456,153554893565,105767380891,87068546643,66486346922,28689014831,77078366060,153554893565
VSA,CDE,2024,Gross,Budget,287914153469,88601507895,199312645574,35325564604,53275943291,105632678883,93679966691,88601507895
VSA,CDE,2024,Gross,Forecast,300819742231,119610961885,181208780346,49472348794,70138613091,91854366853,89354413493,119610961885
VSA,CDE,2024,Net,Actual,281962552261,129350429250,152612123011,84331703716,45018725534,53894682668,98717440343,129350429250
VSA,CDE,2024,Net,Budget,276229204023,117638476385,158590727638,56660878902,60977597483,100823533609,57767194029,117638476385
VSA,CDE,2024,Net,Forecast,300232255982,147812666047,152419589935,74198689807,73613976240,97294166985,55125422950,147812666047
VSA,CDE,2024,Op,Actual,185950342128,49547483782,136402858346,38185325548,11362158234,63525952886,72876905460,49547483782
VSA,CDE,2024,Op,Budget,248103889894,79035514606,169068375288,29352064138,49683450468,70301570325,98766804963,79035514606
VSA,CDE,2024,Op,Forecast,253803860191,88365274932,165438585259,39288747703,49076527229,87859936922,77578648337,88365274932
VSA,CDE,2025,Gross,Actual,261175918830,94695927582,166479991248,26975945384,67719982198,69748600082,96731391166,94695927582
VSA,CDE,2025,Gross,Budget,346133359603,151244236500,194889123103,86975817673,64268418827,97345440637,97543682466,151244236500
VSA,CDE,2025,Gross,Forecast,239596496926,59517388190,180079108736,14772136276,44745251914,44941714921,135137393815,59517388190
VSA,CDE,2025,Net,Actual,211346458169,96898035134,114448423035,41230452828,55667582306,59143737902,55304685133,96898035134
VSA,CDE,2025,Net,Budget,241743398296,75259098700,166484299596,15409612592,59849486108,77942748955,88541550641,75259098700
VSA,CDE,2025,Net,Forecast,183107689371,85187035512,97920653859,42961352009,42225683503,62513332015,35407321844,85187035512
VSA,CDE,2025,Op,Actual,278042585959,106256482310,171786103649,51126109607,55130372703,54963902074,116822201575,106256482310
VSA,CDE,2025,Op,Budget,263622409343,102063857218,161558552125,58760775644,43303081574,64541417550,97017134575,102063857218
VSA,CDE,2025,Op,Forecast,295873220771,134932682767,160940538004,59083740459,75848942308,88875775365,72064762639,134932682767
VSA,PJ,2024,Gross,Actual,327308524040,161874928646,165433595394,99476434199,62398494447,84978201997,80455393397,161874928646
VSA,PJ,2024,Gross,Budget,292080821188,76950518420,215130302768,59155156487,17795361933,102569042728,112561260040,76950518420
VSA,PJ,2024,Gross,Forecast,358615464699,116777064932,241838399767,90637428918,26139636014,99616567738,142221832029,116777064932
VSA,PJ,2024,Net,Actual,296547152399,100520905719,196026246680,58131167408,42389738311,111164684305,84861562375,100520905719
VSA,PJ,2024,Net,Budget,176281974566,95922890454,80359084112,22653880361,73269010093,60373268226,19985815886,95922890454
VSA,PJ,2024,Net,Forecast,275505960830,144281581408,131224379422,70356066926,73925514482,53279943985,77944435437,144281581408
VSA,PJ,2024,Op,Actual,233285085921,108309147323,124975938598,47884554590,60424592733,57106764379,67869174219,108309147323
VSA,PJ,2024,Op,Budget,194056963714,122009267259,72047696455,60488790275,61520476984,61408483116,10639213339,122009267259
VSA,PJ,2024,Op,Forecast,281020274062,138059983843,142960290219,58660592870,79399390973,72691521227,70268768992,138059983843
VSA,PJ,2025,Gross,Actual,383634563632,166513247732,217121315900,93884609332,72628638400,107060334500,110060981400,166513247732
VSA,PJ,2025,Gross,Budget,268026006551,150754510081,117271496470,79941378717,70813131364,88911695866,28359800604,150754510081
VSA,PJ,2025,Gross,Forecast,206286457121,42277086191,164009370930,7056199988,35220886203,91133764754,72875606176,42277086191
VSA,PJ,2025,Net,Actual,318405608374,134020421674,184385186700,73015398774,61005022900,91487028300,92898158400,134020421674
VSA,PJ,2025,Net,Budget,219827351758,100918580770,118908770988,74104302135,26814278635,26912811040,91995959948,100918580770
VSA,PJ,2025,Net,Forecast,233504586922,88527551668,144977035254,21869795525,66657756143,59966288642,85010746612,88527551668
VSA,PJ,2025,Op,Actual,318405608374,134020421674,184385186700,73015398774,61005022900,91487028300,92898158400,134020421674
VSA,PJ,2025,Op,Budget,250066377616,85605697784,164460679832,25921223957,59684473827,72213446887,92247232945,85605697784
VSA,PJ,2025,Op,Forecast,264700994722,102529046830,162171947892,59591399933,42937646897,99456997626,62714950266,102529046830
VSC,CDE,2024,Gross,Actual,756395602275,452466278653,303929323622,226870916426,225595362227,125863449834,178065873788,452466278653
VSC,CDE,2024,Gross,Budget,737823892756,394320626538,343503266218,207520047782,186800578756,130043560339,213459705879,394320626538
VSC,CDE,2024,Gross,Forecast,598745685759,316865318555,281880367204,177752625043,139112693512,124196575097,157683792107,316865318555
VSC,CDE,2024,Net,Actual,772698702509,343617790226,429080912283,233861144436,109756645790,198767294098,230313618185,343617790226
VSC,CDE,2024,Net,Budget,845645497874,366433033246,479212464628,217285112720,149147920526,151613023225,327599441403,366433033246
VSC,CDE,2024,Net,Forecast,661187466410,255715397556,405472068854,145711239639,110004157917,193631918671,211840150183,255715397556
VSC,CDE,2024,Op,Actual,660862749407,319248875855,341613873552,200237741116,119011134739,91461676587,250152196965,319248875855
VSC,CDE,2024,Op,Budget,665812752974,275859160074,389953592900,185871622487,89987537587,117983276915,271970315985,275859160074
VSC,CDE,2024,Op,Forecast,490061291870,273164247280,216897044590,176664627946,96499619334,123548995479,93348049111,273164247280
VSC,CDE,2025,Gross,Actual,435955000391,189467347071,246487653320,79253248991,110214098080,130472542473,116015110847,189467347071
VSC,CDE,2025,Gross,Budget,886543228557,452763909818,433779318739,252114023367,200649886451,279197176200,154582142539,452763909818
VSC,CDE,2025,Gross,Forecast,510107307998,323243081892,186864226106,235819829015,87423252877,54680058793,132184167313,323243081892
VSC,CDE,2025,Net,Actual,751374603580,270176687531,481197916049,47306241178,222870446353,226694338225,254503577824,270176687531
VSC,CDE,2025,Net,Budget,581320274276,306371692913,274948581363,239022506506,67349186407,86032431230,188916150133,306371692913
VSC,CDE,2025,Net,Forecast,575635219368,234461246529,341173972839,174478218829,59983027700,101818431123,239355541716,234461246529
VSC,CDE,2025,Op,Actual,493598531216,296046855230,197551675986,122196833587,173850021643,123106660028,74445015958,296046855230
VSC,CDE,2025,Op,Budget,693033320468,241628504078,451404816390,141675144743,99953359335,217405149764,233999666626,241628504078
VSC,CDE,2025,Op,Forecast,729432288651,376617292886,352814995765,196793586489,179823706397,136940274130,215874721635,376617292886
VSC,PJ,2024,Gross,Actual,754342962610,361983459063,392359503547,176946720764,185036738299,242284812042,150074691505,361983459063
VSC,PJ,2024,Gross,Budget,804499474328,365697860071,438801614257,171751849087,193946010984,235186992052,203614622205,365697860071
VSC,PJ,2024,Gross,Forecast,697129465732,575748666945,121380798787,314913514328,260835152617,79243622391,42137176396,575748666945
VSC,PJ,2024,Net,Actual,700080176721,375927206239,324152970482,256972417469,118954788770,193705979489,130446990993,375927206239
VSC,PJ,2024,Net,Budget,870551743718,457457899438,413093844280,278962430006,178495469432,89770263205,323323581075,457457899438
VSC,PJ,2024,Net,Forecast,560336099330,264881682926,295454416404,180731694195,84149988731,94854871603,200599544801,264881682926
VSC,PJ,2024,Op,Actual,858065364440,444675470226,413389894214,287777795868,156897674358,207235531977,206154362237,444675470226
VSC,PJ,2024,Op,Budget,698508619204,309547008921,388961610283,213339888203,96207120718,134842624554,254118985729,309547008921
VSC,PJ,2024,Op,Forecast,761465420439,351699625553,409765794886,176840053181,174859572372,252524506791,157241288095,351699625553
VSC,PJ,2025,Gross,Actual,923883907332,442759063432,481124843900,240856129332,201902934100,235697129700,245427714200,442759063432
VSC,PJ,2025,Gross,Budget,526859090481,243999076559,282860013922,65318142486,178680934073,146976625146,135883388776,243999076559
VSC,PJ,2025,Gross,Forecast,671606581051,326197654024,345408927027,163033784970,163163869054,226500980013,118907947014,326197654024
VSC,PJ,2025,Net,Actual,994180328274,458840349374,535339978900,275559694374,183280655000,209638157300,325701821600,458840349374
VSC,PJ,2025,Net,Budget,712275646114,331602443959,380673202155,145424855436,186177588523,150338487985,230334714170,331602443959
VSC,PJ,2025,Net,Forecast,668044439415,241303633952,426740805463,65135878471,176167755481,305699099375,121041706088,241303633952
VSC,PJ,2025,Op,Actual,994180328274,458840349374,535339978900,275559694374,183280655000,209638157300,325701821600,458840349374
VSC,PJ,2025,Op,Budget,850605194979,458176233599,392428961380,225242229507,232934004092,210538039528,181890921852,458176233599
VSC,PJ,2025,Op,Forecast,645818260604,381703450592,264114810012,229672523149,152030927443,170395496909,93719313103,381703450592
VSCN,CDE,2024,Gross,Actual,61544822386,23270302501,38274519885,17917772604,5352529897,16596942848,21677577037,23270302501
VSCN,CDE,2024,Gross,Budget,53960003915,28640848117,25319155798,21897448618,6743399499,16688961904,8630193894,28640848117
VSCN,CDE,2024,Gross,Forecast,62513042910,32985884351,29527158559,12039942322,20945942029,11329247530,18197911029,32985884351
VSCN,CDE,2024,Net,Actual,70349536588,43313626740,27035909848,17521942924,25791683816,15104458089,11931451759,43313626740
VSCN,CDE,2024,Net,Budget,59346496877,24730786659,34615710218,12198593066,12532193593,15994677865,18621032353,24730786659
VSCN,CDE,2024,Net,Forecast,61306313538,39710929490,21595384048,16727330802,22983598688,16121454232,5473929816,39710929490
VSCN,CDE,2024,Op,Actual,68369200855,39273488503,29095712352,17433254697,21840233806,17936851318,11158861034,39273488503
VSCN,CDE,2024,Op,Budget,64818437865,27743816548,37074621317,22042498919,5701317629,13796708086,23277913231,27743816548
VSCN,CDE,2024,Op,Forecast,57158341571,36037512466,21120829105,14617326770,21420185696,5505383687,15615445418,36037512466
VSCN,CDE,2025,Gross,Actual,73225155861,40778418714,32446737147,28450779753,12327638961,6767732757,25679004390,40778418714
VSCN,CDE,2025,Gross,Budget,78189089701,28342112078,49846977623,13382593326,14959518752,21161684983,28685292640,28342112078
VSCN,CDE,2025,Gross,Forecast,72518358985,43558822330,28959536655,35195005787,8363816543,9331742269,19627794386,43558822330
VSCN,CDE,2025,Net,Actual,92733332513,42071692567,50661639946,17793841929,24277850638,20895888350,29765751596,42071692567
VSCN,CDE,2025,Net,Budget,76093306224,36950265628,39143040596,26315649616,10634616012,17117631923,22025408673,36950265628
VSCN,CDE,2025,Net,Forecast,77935937806,39407605454,38528332352,30459661654,8947943800,17880052216,20648280136,39407605454
VSCN,CDE,2025,Op,Actual,73334280032,36577075004,36757205028,22365742342,14211332662,18538216823,18218988205,36577075004
VSCN,CDE,2025,Op,Budget,74629025366,32435062365,42193963001,12934281339,19500781026,25545954238,16648008763,32435062365
VSCN,CDE,2025,Op,Forecast,71745937823,49772904078,21973033745,27200911769,22571992309,7552145826,14420887919,49772904078
VSCN,PJ,2024,Gross,Actual,88079390516,51365987184,36713403332,26858979209,24507007975,17222945998,19490457334,51365987184
VSCN,PJ,2024,Gross,Budget,63458924705,33909742360,29549182345,16289359776,17620382584,17033168284,12516014061,33909742360
VSCN,PJ,2024,Gross,Forecast,73209237196,22735055437,50474181759,18163421534,4571633903,28176012213,22298169546,22735055437
VSCN,PJ,2024,Net,Actual,55186189652,37454944201,17731245451,17528975164,19925969037,9324798441,8406447010,37454944201
VSCN,PJ,2024,Net,Budget,48133518569,20402514600,27731003969,9790903852,10611610748,5953462340,21777541629,20402514600
VSCN,PJ,2024,Net,Forecast,73248191496,41009550920,32238640576,24551525328,16458025592,17227324998,15011315578,41009550920
VSCN,PJ,2024,Op,Actual,48325125857,24595607299,23729518558,14863504312,9732102987,10324019521,13405499037,24595607299
VSCN,PJ,2024,Op,Budget,71570599592,34992928470,36577671122,21859397816,13133530654,18136857852,18440813270,34992928470
VSCN,PJ,2024,Op,Forecast,72176125922,38561534150,33614591772,24966179634,13595354516,13596773426,20017818346,38561534150
VSCN,PJ,2025,Gross,Actual,88293431200,46100850000,42192581200,25383040000,20717810000,19702581200,22490000000,46100850000
VSCN,PJ,2025,Gross,Budget,53101795578,25098094943,28003700635,13005095635,12092999308,15058375421,12945325214,25098094943
VSCN,PJ,2025,Gross,Forecast,68026856897,34884425036,33142431861,27116014541,7768410495,24213079707,8929352154,34884425036
VSCN,PJ,2025,Net,Actual,86479482100,45309160000,41170322100,24846170000,20462990000,19360322100,21810000000,45309160000
VSCN,PJ,2025,Net,Budget,46698659411,27265701597,19432957814,13826961853,13438739744,10815366940,8617590874,27265701597
VSCN,PJ,2025,Net,Forecast,65423155712,39643934097,25779221615,21090942781,18552991316,10386174563,15393047052,39643934097
VSCN,PJ,2025,Op,Actual,86479482100,45309160000,41170322100,24846170000,20462990000,19360322100,21810000000,45309160000
VSCN,PJ,2025,Op,Budget,65103445958,35934795410,29168650548,25827638264,10107157146,17573330995,11595319553,35934795410
VSCN,PJ,2025,Op,Forecast,60090913801,26351957511,33738956290,12810245966,13541711545,11607754614,22131201676,26351957511
