region,product,year,rev_op_type,sales_budget_type,month,amount,mom_growth,vs_budget,seasonal_index
AZ,CDE,2024,Gross,Actual,Jan,1019835217,,343007547,0.1675
AZ,CDE,2024,Gross,Actual,Feb,10251675,0.0101,-29135264,0.0017
AZ,CDE,2024,Gross,Actual,Mar,1578358152,153.961,-275262915,0.2593
AZ,CDE,2024,Gross,Actual,Apr,81035550,0.0513,47046940,0.0133
AZ,CDE,2024,Gross,Actual,May,335862462,4.1446,-711152405,0.0552
AZ,CDE,2024,Gross,Actual,Jun,23042109,0.0686,-413490270,0.0038
AZ,CDE,2024,Gross,Actual,Jul,906939403,39.3601,813143519,0.149
AZ,CDE,2024,Gross,Actual,Aug,162210573,0.1789,2723918,0.0266
AZ,CDE,2024,Gross,Actual,Sep,1537079195,9.4758,-571499724,0.2525
AZ,CDE,2024,Gross,Actual,Oct,139908592,0.091,82510261,0.023
AZ,CDE,2024,Gross,Actual,Nov,268899939,1.922,-649221203,0.0442
AZ,CDE,2024,Gross,Actual,Dec,24481805,0.091,20863152,0.004
AZ,CDE,2024,Gross,Budget,Jan,676827670,,0,0.0911
AZ,CDE,2024,Gross,Budget,Feb,39386939,0.0582,0,0.0053
AZ,CDE,2024,Gross,Budget,Mar,1853621067,47.0618,0,0.2495
AZ,CDE,2024,Gross,Budget,Apr,33988610,0.0183,0,0.0046
AZ,CDE,2024,Gross,Budget,May,1047014867,30.8049,0,0.1409
AZ,CDE,2024,Gross,Budget,Jun,436532379,0.4169,0,0.0588
AZ,CDE,2024,Gross,Budget,Jul,93795884,0.2149,0,0.0126
AZ,CDE,2024,Gross,Budget,Aug,159486655,1.7004,0,0.0215
AZ,CDE,2024,Gross,Budget,Sep,2108578919,13.221,0,0.2839
AZ,CDE,2024,Gross,Budget,Oct,57398331,0.0272,0,0.0077
AZ,CDE,2024,Gross,Budget,Nov,918121142,15.9956,0,0.1236
AZ,CDE,2024,Gross,Budget,Dec,3618653,0.0039,0,0.0005
AZ,CDE,2024,Gross,Forecast,Jan,735165159,,58337489,0.1749
AZ,CDE,2024,Gross,Forecast,Feb,73700510,0.1003,34313571,0.0175
AZ,CDE,2024,Gross,Forecast,Mar,602585317,8.1761,-1251035750,0.1434
AZ,CDE,2024,Gross,Forecast,Apr,148040692,0.2457,114052082,0.0352
AZ,CDE,2024,Gross,Forecast,May,821035493,5.546,-225979374,0.1953
AZ,CDE,2024,Gross,Forecast,Jun,108476159,0.1321,-328056220,0.0258
AZ,CDE,2024,Gross,Forecast,Jul,249961810,2.3043,156165926,0.0595
AZ,CDE,2024,Gross,Forecast,Aug,140161784,0.5607,-19324871,0.0333
AZ,CDE,2024,Gross,Forecast,Sep,302899086,2.1611,-1805679833,0.0721
AZ,CDE,2024,Gross,Forecast,Oct,89713043,0.2962,32314712,0.0213
AZ,CDE,2024,Gross,Forecast,Nov,816094639,9.0967,-102026503,0.1942
AZ,CDE,2024,Gross,Forecast,Dec,115541195,0.1416,111922542,0.0275
AZ,CDE,2024,Net,Actual,Jan,983041046,,633438886,0.1485
AZ,CDE,2024,Net,Actual,Feb,62746326,0.0638,-19050564,0.0095
AZ,CDE,2024,Net,Actual,Mar,753830592,12.0139,383005634,0.1139
AZ,CDE,2024,Net,Actual,Apr,45846128,0.0608,42655342,0.0069
AZ,CDE,2024,Net,Actual,May,641281584,13.9877,-920971213,0.0969
AZ,CDE,2024,Net,Actual,Jun,222845332,0.3475,160203080,0.0337
AZ,CDE,2024,Net,Actual,Jul,523434898,2.3489,173265078,0.0791
AZ,CDE,2024,Net,Actual,Aug,64498839,0.1232,-52477807,0.0097
AZ,CDE,2024,Net,Actual,Sep,2300795452,35.6719,214867211,0.3476
AZ,CDE,2024,Net,Actual,Oct,88883548,0.0386,-11238441,0.0134
AZ,CDE,2024,Net,Actual,Nov,842176767,9.4751,402856395,0.1272
AZ,CDE,2024,Net,Actual,Dec,90107053,0.107,-4891090,0.0136
AZ,CDE,2024,Net,Budget,Jan,349602160,,0,0.0622
AZ,CDE,2024,Net,Budget,Feb,81796890,0.234,0,0.0146
AZ,CDE,2024,Net,Budget,Mar,370824958,4.5335,0,0.066
AZ,CDE,2024,Net,Budget,Apr,3190786,0.0086,0,0.0006
AZ,CDE,2024,Net,Budget,May,1562252797,489.6138,0,0.2781
AZ,CDE,2024,Net,Budget,Jun,62642252,0.0401,0,0.0112
AZ,CDE,2024,Net,Budget,Jul,350169820,5.59,0,0.0623
AZ,CDE,2024,Net,Budget,Aug,116976646,0.3341,0,0.0208
AZ,CDE,2024,Net,Budget,Sep,2085928241,17.832,0,0.3713
AZ,CDE,2024,Net,Budget,Oct,100121989,0.048,0,0.0178
AZ,CDE,2024,Net,Budget,Nov,439320372,4.3879,0,0.0782
AZ,CDE,2024,Net,Budget,Dec,94998143,0.2162,0,0.0169
AZ,CDE,2024,Net,Forecast,Jan,253232881,,-96369279,0.0728
AZ,CDE,2024,Net,Forecast,Feb,15191985,0.06,-66604905,0.0044
AZ,CDE,2024,Net,Forecast,Mar,66411342,4.3715,-304413616,0.0191
AZ,CDE,2024,Net,Forecast,Apr,41928259,0.6313,38737473,0.0121
AZ,CDE,2024,Net,Forecast,May,626637922,14.9455,-935614875,0.1802
AZ,CDE,2024,Net,Forecast,Jun,348319089,0.5559,285676837,0.1002
AZ,CDE,2024,Net,Forecast,Jul,476545589,1.3681,126375769,0.137
AZ,CDE,2024,Net,Forecast,Aug,107574,0.0002,-116869072,0.0
AZ,CDE,2024,Net,Forecast,Sep,1373341420,12766.4809,-712586821,0.3949
AZ,CDE,2024,Net,Forecast,Oct,19154536,0.0139,-80967453,0.0055
AZ,CDE,2024,Net,Forecast,Nov,186761199,9.7502,-252559173,0.0537
AZ,CDE,2024,Net,Forecast,Dec,69730252,0.3734,-25267891,0.0201
AZ,CDE,2024,Op,Actual,Jan,1131419167,,682126937,0.2448
AZ,CDE,2024,Op,Actual,Feb,118278052,0.1045,87379875,0.0256
AZ,CDE,2024,Op,Actual,Mar,75242052,0.6361,-698625592,0.0163
AZ,CDE,2024,Op,Actual,Apr,84729115,1.1261,80743039,0.0183
AZ,CDE,2024,Op,Actual,May,1921240173,22.6751,304633864,0.4156
AZ,CDE,2024,Op,Actual,Jun,286495425,0.1491,-92995628,0.062
AZ,CDE,2024,Op,Actual,Jul,682342540,2.3817,-164488125,0.1476
AZ,CDE,2024,Op,Actual,Aug,2980804,0.0044,-71686420,0.0006
AZ,CDE,2024,Op,Actual,Sep,132798826,44.5513,-1908935054,0.0287
AZ,CDE,2024,Op,Actual,Oct,12266383,0.0924,-50621182,0.0027
AZ,CDE,2024,Op,Actual,Nov,17476221,1.4247,-701312391,0.0038
AZ,CDE,2024,Op,Actual,Dec,157453649,9.0096,31057490,0.0341
AZ,CDE,2024,Op,Budget,Jan,449292230,,0,0.0631
AZ,CDE,2024,Op,Budget,Feb,30898177,0.0688,0,0.0043
AZ,CDE,2024,Op,Budget,Mar,773867644,25.0457,0,0.1086
AZ,CDE,2024,Op,Budget,Apr,3986076,0.0052,0,0.0006
AZ,CDE,2024,Op,Budget,May,1616606309,405.5633,0,0.2269
AZ,CDE,2024,Op,Budget,Jun,379491053,0.2347,0,0.0533
AZ,CDE,2024,Op,Budget,Jul,846830665,2.2315,0,0.1188
AZ,CDE,2024,Op,Budget,Aug,74667224,0.0882,0,0.0105
AZ,CDE,2024,Op,Budget,Sep,2041733880,27.3444,0,0.2865
AZ,CDE,2024,Op,Budget,Oct,62887565,0.0308,0,0.0088
AZ,CDE,2024,Op,Budget,Nov,718788612,11.4297,0,0.1009
AZ,CDE,2024,Op,Budget,Dec,126396159,0.1758,0,0.0177
AZ,CDE,2024,Op,Forecast,Jan,677233556,,227941326,0.1854
AZ,CDE,2024,Op,Forecast,Feb,43381335,0.0641,12483158,0.0119
AZ,CDE,2024,Op,Forecast,Mar,605472856,13.957,-168394788,0.1657
AZ,CDE,2024,Op,Forecast,Apr,62049739,0.1025,58063663,0.017
AZ,CDE,2024,Op,Forecast,May,468809326,7.5554,-1147796983,0.1283
AZ,CDE,2024,Op,Forecast,Jun,131494819,0.2805,-247996234,0.036
AZ,CDE,2024,Op,Forecast,Jul,698334802,5.3107,-148495863,0.1911
AZ,CDE,2024,Op,Forecast,Aug,16327239,0.0234,-58339985,0.0045
AZ,CDE,2024,Op,Forecast,Sep,697143632,42.6982,-1344590248,0.1908
AZ,CDE,2024,Op,Forecast,Oct,47499176,0.0681,-15388389,0.013
AZ,CDE,2024,Op,Forecast,Nov,170795560,3.5958,-547993052,0.0467
AZ,CDE,2024,Op,Forecast,Dec,34972499,0.2048,-91423660,0.0096
AZ,CDE,2025,Gross,Actual,Jan,152524735,,-327011228,0.0379
AZ,CDE,2025,Gross,Actual,Feb,115451184,0.7569,-84555116,0.0287
AZ,CDE,2025,Gross,Actual,Mar,380727086,3.2977,196708064,0.0946
AZ,CDE,2025,Gross,Actual,Apr,174416418,0.4581,118871508,0.0433
AZ,CDE,2025,Gross,Actual,May,1329145385,7.6205,-153090030,0.3303
AZ,CDE,2025,Gross,Actual,Jun,119785330,0.0901,-77988305,0.0298
AZ,CDE,2025,Gross,Actual,Jul,549326873,4.5859,255797170,0.1365
AZ,CDE,2025,Gross,Actual,Aug,38615822,0.0703,-109829271,0.0096
AZ,CDE,2025,Gross,Actual,Sep,234973530,6.0849,-1880105262,0.0584
AZ,CDE,2025,Gross,Actual,Oct,69085452,0.294,-4237424,0.0172
AZ,CDE,2025,Gross,Actual,Nov,752055357,10.8859,-227566642,0.1869
AZ,CDE,2025,Gross,Actual,Dec,108317190,0.144,101347804,0.0269
AZ,CDE,2025,Gross,Budget,Jan,479535963,,0,0.0771
AZ,CDE,2025,Gross,Budget,Feb,200006300,0.4171,0,0.0322
AZ,CDE,2025,Gross,Budget,Mar,184019022,0.9201,0,0.0296
AZ,CDE,2025,Gross,Budget,Apr,55544910,0.3018,0,0.0089
AZ,CDE,2025,Gross,Budget,May,1482235415,26.6854,0,0.2385
AZ,CDE,2025,Gross,Budget,Jun,197773635,0.1334,0,0.0318
AZ,CDE,2025,Gross,Budget,Jul,293529703,1.4842,0,0.0472
AZ,CDE,2025,Gross,Budget,Aug,148445093,0.5057,0,0.0239
AZ,CDE,2025,Gross,Budget,Sep,2115078792,14.2482,0,0.3403
AZ,CDE,2025,Gross,Budget,Oct,73322876,0.0347,0,0.0118
AZ,CDE,2025,Gross,Budget,Nov,979621999,13.3604,0,0.1576
AZ,CDE,2025,Gross,Budget,Dec,6969386,0.0071,0,0.0011
AZ,CDE,2025,Gross,Forecast,Jan,637623412,,158087449,0.1085
AZ,CDE,2025,Gross,Forecast,Feb,134066305,0.2103,-65939995,0.0228
AZ,CDE,2025,Gross,Forecast,Mar,600774384,4.4812,416755362,0.1022
AZ,CDE,2025,Gross,Forecast,Apr,86809088,0.1445,31264178,0.0148
AZ,CDE,2025,Gross,Forecast,May,1459515345,16.8129,-22720070,0.2483
AZ,CDE,2025,Gross,Forecast,Jun,332160544,0.2276,134386909,0.0565
AZ,CDE,2025,Gross,Forecast,Jul,478241772,1.4398,184712069,0.0814
AZ,CDE,2025,Gross,Forecast,Aug,157343275,0.329,8898182,0.0268
AZ,CDE,2025,Gross,Forecast,Sep,1794538853,11.4052,-320539939,0.3053
AZ,CDE,2025,Gross,Forecast,Oct,98161666,0.0547,24838790,0.0167
AZ,CDE,2025,Gross,Forecast,Nov,89579119,0.9126,-890042880,0.0152
AZ,CDE,2025,Gross,Forecast,Dec,8923109,0.0996,1953723,0.0015
AZ,CDE,2025,Net,Actual,Jan,522015206,,301924688,0.1186
AZ,CDE,2025,Net,Actual,Feb,54713016,0.1048,35970517,0.0124
AZ,CDE,2025,Net,Actual,Mar,1083483900,19.803,427782268,0.2462
AZ,CDE,2025,Net,Actual,Apr,61640050,0.0569,-18294649,0.014
AZ,CDE,2025,Net,Actual,May,1111430610,18.031,-857471639,0.2526
AZ,CDE,2025,Net,Actual,Jun,9550642,0.0086,-149131364,0.0022
AZ,CDE,2025,Net,Actual,Jul,884515171,92.6132,719618737,0.201
AZ,CDE,2025,Net,Actual,Aug,75387401,0.0852,-40791801,0.0171
AZ,CDE,2025,Net,Actual,Sep,427142262,5.666,215113703,0.0971
AZ,CDE,2025,Net,Actual,Oct,32852830,0.0769,22506746,0.0075
AZ,CDE,2025,Net,Actual,Nov,59541246,1.8124,-30536601,0.0135
AZ,CDE,2025,Net,Actual,Dec,77703242,1.305,15405799,0.0177
AZ,CDE,2025,Net,Budget,Jan,220090518,,0,0.0586
AZ,CDE,2025,Net,Budget,Feb,18742499,0.0852,0,0.005
AZ,CDE,2025,Net,Budget,Mar,655701632,34.9847,0,0.1745
AZ,CDE,2025,Net,Budget,Apr,79934699,0.1219,0,0.0213
AZ,CDE,2025,Net,Budget,May,1968902249,24.6314,0,0.5239
AZ,CDE,2025,Net,Budget,Jun,158682006,0.0806,0,0.0422
AZ,CDE,2025,Net,Budget,Jul,164896434,1.0392,0,0.0439
AZ,CDE,2025,Net,Budget,Aug,116179202,0.7046,0,0.0309
AZ,CDE,2025,Net,Budget,Sep,212028559,1.825,0,0.0564
AZ,CDE,2025,Net,Budget,Oct,10346084,0.0488,0,0.0028
AZ,CDE,2025,Net,Budget,Nov,90077847,8.7065,0,0.024
AZ,CDE,2025,Net,Budget,Dec,62297443,0.6916,0,0.0166
AZ,CDE,2025,Net,Forecast,Jan,564767956,,344677438,0.0864
AZ,CDE,2025,Net,Forecast,Feb,77703894,0.1376,58961395,0.0119
AZ,CDE,2025,Net,Forecast,Mar,137316251,1.7672,-518385381,0.021
AZ,CDE,2025,Net,Forecast,Apr,109768275,0.7994,29833576,0.0168
AZ,CDE,2025,Net,Forecast,May,1996217300,18.1857,27315051,0.3054
AZ,CDE,2025,Net,Forecast,Jun,54748300,0.0274,-103933706,0.0084
AZ,CDE,2025,Net,Forecast,Jul,939411809,17.1587,774515375,0.1437
AZ,CDE,2025,Net,Forecast,Aug,42024271,0.0447,-74154931,0.0064
AZ,CDE,2025,Net,Forecast,Sep,1860670104,44.2761,1648641545,0.2846
AZ,CDE,2025,Net,Forecast,Oct,9521670,0.0051,-824414,0.0015
AZ,CDE,2025,Net,Forecast,Nov,693065788,72.7883,602987941,0.106
AZ,CDE,2025,Net,Forecast,Dec,51548903,0.0744,-10748540,0.0079
AZ,CDE,2025,Op,Actual,Jan,1161459453,,786139262,0.1641
AZ,CDE,2025,Op,Actual,Feb,58399207,0.0503,13487767,0.0083
AZ,CDE,2025,Op,Actual,Mar,1170788692,20.048,-423173597,0.1654
AZ,CDE,2025,Op,Actual,Apr,95625157,0.0817,88580435,0.0135
AZ,CDE,2025,Op,Actual,May,2008706827,21.006,1534015910,0.2838
AZ,CDE,2025,Op,Actual,Jun,186375098,0.0928,99208921,0.0263
AZ,CDE,2025,Op,Actual,Jul,296971287,1.5934,-153419028,0.042
AZ,CDE,2025,Op,Actual,Aug,91655489,0.3086,17898404,0.0129
AZ,CDE,2025,Op,Actual,Sep,861763345,9.4022,-1104052278,0.1218
AZ,CDE,2025,Op,Actual,Oct,42999933,0.0499,-11558611,0.0061
AZ,CDE,2025,Op,Actual,Nov,967188967,22.4928,150443695,0.1367
AZ,CDE,2025,Op,Actual,Dec,135842221,0.1405,23547073,0.0192
AZ,CDE,2025,Op,Budget,Jan,375320191,,0,0.062
AZ,CDE,2025,Op,Budget,Feb,44911440,0.1197,0,0.0074
AZ,CDE,2025,Op,Budget,Mar,1593962289,35.4912,0,0.2632
AZ,CDE,2025,Op,Budget,Apr,7044722,0.0044,0,0.0012
AZ,CDE,2025,Op,Budget,May,474690917,67.3825,0,0.0784
AZ,CDE,2025,Op,Budget,Jun,87166177,0.1836,0,0.0144
AZ,CDE,2025,Op,Budget,Jul,450390315,5.167,0,0.0744
AZ,CDE,2025,Op,Budget,Aug,73757085,0.1638,0,0.0122
AZ,CDE,2025,Op,Budget,Sep,1965815623,26.6526,0,0.3246
AZ,CDE,2025,Op,Budget,Oct,54558544,0.0278,0,0.009
AZ,CDE,2025,Op,Budget,Nov,816745272,14.9701,0,0.1349
AZ,CDE,2025,Op,Budget,Dec,112295148,0.1375,0,0.0185
AZ,CDE,2025,Op,Forecast,Jan,298017662,,-77302529,0.0558
AZ,CDE,2025,Op,Forecast,Feb,85158425,0.2857,40246985,0.0159
AZ,CDE,2025,Op,Forecast,Mar,1180254661,13.8595,-413707628,0.221
AZ,CDE,2025,Op,Forecast,Apr,17866868,0.0151,10822146,0.0033
AZ,CDE,2025,Op,Forecast,May,724215061,40.534,249524144,0.1356
AZ,CDE,2025,Op,Forecast,Jun,258276609,0.3566,171110432,0.0484
AZ,CDE,2025,Op,Forecast,Jul,910801217,3.5265,460410902,0.1706
AZ,CDE,2025,Op,Forecast,Aug,14717904,0.0162,-59039181,0.0028
AZ,CDE,2025,Op,Forecast,Sep,1393528098,94.6825,-572287525,0.261
AZ,CDE,2025,Op,Forecast,Oct,30321421,0.0218,-24237123,0.0057
AZ,CDE,2025,Op,Forecast,Nov,339556717,11.1986,-477188555,0.0636
AZ,CDE,2025,Op,Forecast,Dec,87152791,0.2567,-25142357,0.0163
AZ,PJ,2024,Gross,Actual,Jan,677466099,,-189502043,0.139
AZ,PJ,2024,Gross,Actual,Feb,156906432,0.2316,124177413,0.0322
AZ,PJ,2024,Gross,Actual,Mar,522532831,3.3302,273503118,0.1072
AZ,PJ,2024,Gross,Actual,Apr,142273310,0.2723,60558173,0.0292
AZ,PJ,2024,Gross,Actual,May,1284937260,9.0315,1128595698,0.2636
AZ,PJ,2024,Gross,Actual,Jun,206629942,0.1608,110331514,0.0424
AZ,PJ,2024,Gross,Actual,Jul,700738324,3.3913,613900062,0.1437
AZ,PJ,2024,Gross,Actual,Aug,101126905,0.1443,8173849,0.0207
AZ,PJ,2024,Gross,Actual,Sep,391890619,3.8752,-1169987855,0.0804
AZ,PJ,2024,Gross,Actual,Oct,120182685,0.3067,83293353,0.0247
AZ,PJ,2024,Gross,Actual,Nov,436642802,3.6332,84659206,0.0896
AZ,PJ,2024,Gross,Actual,Dec,134091187,0.3071,52094732,0.0275
AZ,PJ,2024,Gross,Budget,Jan,866968142,,0,0.2346
AZ,PJ,2024,Gross,Budget,Feb,32729019,0.0378,0,0.0089
AZ,PJ,2024,Gross,Budget,Mar,249029713,7.6088,0,0.0674
AZ,PJ,2024,Gross,Budget,Apr,81715137,0.3281,0,0.0221
AZ,PJ,2024,Gross,Budget,May,156341562,1.9133,0,0.0423
AZ,PJ,2024,Gross,Budget,Jun,96298428,0.6159,0,0.0261
AZ,PJ,2024,Gross,Budget,Jul,86838262,0.9018,0,0.0235
AZ,PJ,2024,Gross,Budget,Aug,92953056,1.0704,0,0.0252
AZ,PJ,2024,Gross,Budget,Sep,1561878474,16.8029,0,0.4226
AZ,PJ,2024,Gross,Budget,Oct,36889332,0.0236,0,0.01
AZ,PJ,2024,Gross,Budget,Nov,351983596,9.5416,0,0.0952
AZ,PJ,2024,Gross,Budget,Dec,81996455,0.233,0,0.0222
AZ,PJ,2024,Gross,Forecast,Jan,564862421,,-302105721,0.1061
AZ,PJ,2024,Gross,Forecast,Feb,235691426,0.4173,202962407,0.0443
AZ,PJ,2024,Gross,Forecast,Mar,466180053,1.9779,217150340,0.0876
AZ,PJ,2024,Gross,Forecast,Apr,85332753,0.183,3617616,0.016
AZ,PJ,2024,Gross,Forecast,May,2033106001,23.8256,1876764439,0.382
AZ,PJ,2024,Gross,Forecast,Jun,31756184,0.0156,-64542244,0.006
AZ,PJ,2024,Gross,Forecast,Jul,973619784,30.6592,886781522,0.1829
AZ,PJ,2024,Gross,Forecast,Aug,87391710,0.0898,-5561346,0.0164
AZ,PJ,2024,Gross,Forecast,Sep,552855435,6.3262,-1009023039,0.1039
AZ,PJ,2024,Gross,Forecast,Oct,41803332,0.0756,4914000,0.0079
AZ,PJ,2024,Gross,Forecast,Nov,127623608,3.053,-224359988,0.024
AZ,PJ,2024,Gross,Forecast,Dec,122424519,0.9593,40428064,0.023
AZ,PJ,2024,Net,Actual,Jan,705091564,,-240252021,0.1103
AZ,PJ,2024,Net,Actual,Feb,33330491,0.0473,-49604557,0.0052
AZ,PJ,2024,Net,Actual,Mar,487032539,14.6122,-758614282,0.0762
AZ,PJ,2024,Net,Actual,Apr,125597522,0.2579,32494906,0.0197
AZ,PJ,2024,Net,Actual,May,1888443183,15.0357,1094426467,0.2955
AZ,PJ,2024,Net,Actual,Jun,100058969,0.053,6497884,0.0157
AZ,PJ,2024,Net,Actual,Jul,898558428,8.9803,103562195,0.1406
AZ,PJ,2024,Net,Actual,Aug,115619702,0.1287,20473379,0.0181
AZ,PJ,2024,Net,Actual,Sep,1750901150,15.1436,430926004,0.274
AZ,PJ,2024,Net,Actual,Oct,87866384,0.0502,-1887170,0.0137
AZ,PJ,2024,Net,Actual,Nov,88246529,1.0043,-102087426,0.0138
AZ,PJ,2024,Net,Actual,Dec,109869876,1.245,46241652,0.0172
AZ,PJ,2024,Net,Budget,Jan,945343585,,0,0.1628
AZ,PJ,2024,Net,Budget,Feb,82935048,0.0877,0,0.0143
AZ,PJ,2024,Net,Budget,Mar,1245646821,15.0195,0,0.2145
AZ,PJ,2024,Net,Budget,Apr,93102616,0.0747,0,0.016
AZ,PJ,2024,Net,Budget,May,794016716,8.5284,0,0.1367
AZ,PJ,2024,Net,Budget,Jun,93561085,0.1178,0,0.0161
AZ,PJ,2024,Net,Budget,Jul,794996233,8.4971,0,0.1369
AZ,PJ,2024,Net,Budget,Aug,95146323,0.1197,0,0.0164
AZ,PJ,2024,Net,Budget,Sep,1319975146,13.8731,0,0.2273
AZ,PJ,2024,Net,Budget,Oct,89753554,0.068,0,0.0155
AZ,PJ,2024,Net,Budget,Nov,190333955,2.1206,0,0.0328
AZ,PJ,2024,Net,Budget,Dec,63628224,0.3343,0,0.011
AZ,PJ,2024,Net,Forecast,Jan,21438139,,-923905446,0.0071
AZ,PJ,2024,Net,Forecast,Feb,113219372,5.2812,30284324,0.0372
AZ,PJ,2024,Net,Forecast,Mar,25606386,0.2262,-1220040435,0.0084
AZ,PJ,2024,Net,Forecast,Apr,14713828,0.5746,-78388788,0.0048
AZ,PJ,2024,Net,Forecast,May,951614368,64.6748,157597652,0.313
AZ,PJ,2024,Net,Forecast,Jun,218417855,0.2295,124856770,0.0718
AZ,PJ,2024,Net,Forecast,Jul,230614116,1.0558,-564382117,0.0758
AZ,PJ,2024,Net,Forecast,Aug,76029159,0.3297,-19117164,0.025
AZ,PJ,2024,Net,Forecast,Sep,1029276654,13.5379,-290698492,0.3385
AZ,PJ,2024,Net,Forecast,Oct,105621430,0.1026,15867876,0.0347
AZ,PJ,2024,Net,Forecast,Nov,186733172,1.7679,-3600783,0.0614
AZ,PJ,2024,Net,Forecast,Dec,67254776,0.3602,3626552,0.0221
AZ,PJ,2024,Op,Actual,Jan,628496489,,619302935,0.1619
AZ,PJ,2024,Op,Actual,Feb,77115837,0.1227,68641774,0.0199
AZ,PJ,2024,Op,Actual,Mar,398553436,5.1682,-337496638,0.1027
AZ,PJ,2024,Op,Actual,Apr,121546233,0.305,117670837,0.0313
AZ,PJ,2024,Op,Actual,May,1191792419,9.8053,114281447,0.3071
AZ,PJ,2024,Op,Actual,Jun,146169867,0.1226,-153280976,0.0377
AZ,PJ,2024,Op,Actual,Jul,130527711,0.893,-548632426,0.0336
AZ,PJ,2024,Op,Actual,Aug,98830635,0.7572,10115440,0.0255
AZ,PJ,2024,Op,Actual,Sep,69729808,0.7055,-1980386963,0.018
AZ,PJ,2024,Op,Actual,Oct,119461364,1.7132,38189776,0.0308
AZ,PJ,2024,Op,Actual,Nov,878288075,7.3521,431510603,0.2263
AZ,PJ,2024,Op,Actual,Dec,20456411,0.0233,-36769180,0.0053
AZ,PJ,2024,Op,Budget,Jan,9193554,,0,0.0017
AZ,PJ,2024,Op,Budget,Feb,8474063,0.9217,0,0.0015
AZ,PJ,2024,Op,Budget,Mar,736050074,86.8592,0,0.1329
AZ,PJ,2024,Op,Budget,Apr,3875396,0.0053,0,0.0007
AZ,PJ,2024,Op,Budget,May,1077510972,278.0389,0,0.1946
AZ,PJ,2024,Op,Budget,Jun,299450843,0.2779,0,0.0541
AZ,PJ,2024,Op,Budget,Jul,679160137,2.268,0,0.1226
AZ,PJ,2024,Op,Budget,Aug,88715195,0.1306,0,0.016
AZ,PJ,2024,Op,Budget,Sep,2050116771,23.109,0,0.3702
AZ,PJ,2024,Op,Budget,Oct,81271588,0.0396,0,0.0147
AZ,PJ,2024,Op,Budget,Nov,446777472,5.4973,0,0.0807
AZ,PJ,2024,Op,Budget,Dec,57225591,0.1281,0,0.0103
AZ,PJ,2024,Op,Forecast,Jan,677460607,,668267053,0.0963
AZ,PJ,2024,Op,Forecast,Feb,53848264,0.0795,45374201,0.0077
AZ,PJ,2024,Op,Forecast,Mar,1727275956,32.0767,991225882,0.2456
AZ,PJ,2024,Op,Forecast,Apr,70129466,0.0406,66254070,0.01
AZ,PJ,2024,Op,Forecast,May,901592595,12.8561,-175918377,0.1282
AZ,PJ,2024,Op,Forecast,Jun,335000316,0.3716,35549473,0.0476
AZ,PJ,2024,Op,Forecast,Jul,777374984,2.3205,98214847,0.1105
AZ,PJ,2024,Op,Forecast,Aug,96545181,0.1242,7829986,0.0137
AZ,PJ,2024,Op,Forecast,Sep,1957011937,20.2704,-93104834,0.2783
AZ,PJ,2024,Op,Forecast,Oct,48503255,0.0248,-32768333,0.0069
AZ,PJ,2024,Op,Forecast,Nov,345568648,7.1246,-101208824,0.0491
AZ,PJ,2024,Op,Forecast,Dec,42771208,0.1238,-14454383,0.0061
AZ,PJ,2025,Gross,Actual,Jan,797890000,,321724840,0.106
AZ,PJ,2025,Gross,Actual,Feb,161010000,0.2018,-2158819,0.0214
AZ,PJ,2025,Gross,Actual,Mar,1349510000,8.3815,573778715,0.1792
AZ,PJ,2025,Gross,Actual,Apr,120080000,0.089,92785145,0.0159
AZ,PJ,2025,Gross,Actual,May,1376500000,11.4632,371549041,0.1828
AZ,PJ,2025,Gross,Actual,Jun,328138800,0.2384,-76519323,0.0436
AZ,PJ,2025,Gross,Actual,Jul,688490000,2.0982,-224996448,0.0914
AZ,PJ,2025,Gross,Actual,Aug,112260000,0.1631,16073089,0.0149
AZ,PJ,2025,Gross,Actual,Sep,1680431600,14.9691,1390695773,0.2231
AZ,PJ,2025,Gross,Actual,Oct,105898700,0.063,34804100,0.0141
AZ,PJ,2025,Gross,Actual,Nov,691672900,6.5315,81783645,0.0918
AZ,PJ,2025,Gross,Actual,Dec,118851300,0.1718,23088991,0.0158
AZ,PJ,2025,Gross,Budget,Jan,476165160,,0,0.0966
AZ,PJ,2025,Gross,Budget,Feb,163168819,0.3427,0,0.0331
AZ,PJ,2025,Gross,Budget,Mar,775731285,4.7542,0,0.1574
AZ,PJ,2025,Gross,Budget,Apr,27294855,0.0352,0,0.0055
AZ,PJ,2025,Gross,Budget,May,1004950959,36.8183,0,0.2039
AZ,PJ,2025,Gross,Budget,Jun,404658123,0.4027,0,0.0821
AZ,PJ,2025,Gross,Budget,Jul,913486448,2.2574,0,0.1854
AZ,PJ,2025,Gross,Budget,Aug,96186911,0.1053,0,0.0195
AZ,PJ,2025,Gross,Budget,Sep,289735827,3.0122,0,0.0588
AZ,PJ,2025,Gross,Budget,Oct,71094600,0.2454,0,0.0144
AZ,PJ,2025,Gross,Budget,Nov,609889255,8.5786,0,0.1238
AZ,PJ,2025,Gross,Budget,Dec,95762309,0.157,0,0.0194
AZ,PJ,2025,Gross,Forecast,Jan,108403305,,-367761855,0.02
AZ,PJ,2025,Gross,Forecast,Feb,96124144,0.8867,-67044675,0.0178
AZ,PJ,2025,Gross,Forecast,Mar,1031715213,10.7332,255983928,0.1907
AZ,PJ,2025,Gross,Forecast,Apr,162140985,0.1572,134846130,0.03
AZ,PJ,2025,Gross,Forecast,May,293668123,1.8112,-711282836,0.0543
AZ,PJ,2025,Gross,Forecast,Jun,12243498,0.0417,-392414625,0.0023
AZ,PJ,2025,Gross,Forecast,Jul,649713743,53.066,-263772705,0.1201
AZ,PJ,2025,Gross,Forecast,Aug,157982704,0.2432,61795793,0.0292
AZ,PJ,2025,Gross,Forecast,Sep,1860480563,11.7765,1570744736,0.344
AZ,PJ,2025,Gross,Forecast,Oct,108856458,0.0585,37761858,0.0201
AZ,PJ,2025,Gross,Forecast,Nov,852586366,7.8322,242697111,0.1576
AZ,PJ,2025,Gross,Forecast,Dec,75073206,0.0881,-20689103,0.0139
AZ,PJ,2025,Net,Actual,Jan,785060000,,-125757286,0.1126
AZ,PJ,2025,Net,Actual,Feb,79720000,0.1015,22739656,0.0114
AZ,PJ,2025,Net,Actual,Mar,1186170000,14.8792,498383418,0.1701
AZ,PJ,2025,Net,Actual,Apr,86080000,0.0726,63433761,0.0123
AZ,PJ,2025,Net,Actual,May,1349850000,15.6813,828438052,0.1936
AZ,PJ,2025,Net,Actual,Jun,263305600,0.1951,39411514,0.0378
AZ,PJ,2025,Net,Actual,Jul,630650000,2.3951,201904444,0.0904
AZ,PJ,2025,Net,Actual,Aug,78220000,0.124,3032873,0.0112
AZ,PJ,2025,Net,Actual,Sep,1668087000,21.3256,1208479861,0.2392
AZ,PJ,2025,Net,Actual,Oct,79814100,0.0478,74609772,0.0114
AZ,PJ,2025,Net,Actual,Nov,658258300,8.2474,-215528314,0.0944
AZ,PJ,2025,Net,Actual,Dec,107411600,0.1632,87338315,0.0154
AZ,PJ,2025,Net,Budget,Jan,910817286,,0,0.2125
AZ,PJ,2025,Net,Budget,Feb,56980344,0.0626,0,0.0133
AZ,PJ,2025,Net,Budget,Mar,687786582,12.0706,0,0.1605
AZ,PJ,2025,Net,Budget,Apr,22646239,0.0329,0,0.0053
AZ,PJ,2025,Net,Budget,May,521411948,23.0242,0,0.1217
AZ,PJ,2025,Net,Budget,Jun,223894086,0.4294,0,0.0522
AZ,PJ,2025,Net,Budget,Jul,428745556,1.9149,0,0.1
AZ,PJ,2025,Net,Budget,Aug,75187127,0.1754,0,0.0175
AZ,PJ,2025,Net,Budget,Sep,459607139,6.1128,0,0.1072
AZ,PJ,2025,Net,Budget,Oct,5204328,0.0113,0,0.0012
AZ,PJ,2025,Net,Budget,Nov,873786614,167.8961,0,0.2039
AZ,PJ,2025,Net,Budget,Dec,20073285,0.023,0,0.0047
AZ,PJ,2025,Net,Forecast,Jan,230949501,,-679867785,0.0521
AZ,PJ,2025,Net,Forecast,Feb,9941155,0.043,-47039189,0.0022
AZ,PJ,2025,Net,Forecast,Mar,27724708,2.7889,-660061874,0.0063
AZ,PJ,2025,Net,Forecast,Apr,80223456,2.8936,57577217,0.0181
AZ,PJ,2025,Net,Forecast,May,1936039730,24.1331,1414627782,0.437
AZ,PJ,2025,Net,Forecast,Jun,225583830,0.1165,1689744,0.0509
AZ,PJ,2025,Net,Forecast,Jul,685218397,3.0375,256472841,0.1547
AZ,PJ,2025,Net,Forecast,Aug,104187486,0.1521,29000359,0.0235
AZ,PJ,2025,Net,Forecast,Sep,290240227,2.7857,-169366912,0.0655
AZ,PJ,2025,Net,Forecast,Oct,118587680,0.4086,113383352,0.0268
AZ,PJ,2025,Net,Forecast,Nov,592096469,4.9929,-281690145,0.1337
AZ,PJ,2025,Net,Forecast,Dec,129095019,0.218,109021734,0.0291
AZ,PJ,2025,Op,Actual,Jan,785060000,,684718176,0.1126
AZ,PJ,2025,Op,Actual,Feb,79720000,0.1015,16631251,0.0114
AZ,PJ,2025,Op,Actual,Mar,1186170000,14.8792,-590597945,0.1701
AZ,PJ,2025,Op,Actual,Apr,86080000,0.0726,-26657346,0.0123
AZ,PJ,2025,Op,Actual,May,1349850000,15.6813,175776556,0.1936
AZ,PJ,2025,Op,Actual,Jun,263305600,0.1951,258751402,0.0378
AZ,PJ,2025,Op,Actual,Jul,630650000,2.3951,-3190511,0.0904
AZ,PJ,2025,Op,Actual,Aug,78220000,0.124,20850521,0.0112
AZ,PJ,2025,Op,Actual,Sep,1668087000,21.3256,283261612,0.2392
AZ,PJ,2025,Op,Actual,Oct,79814100,0.0478,10675136,0.0114
AZ,PJ,2025,Op,Actual,Nov,658258300,8.2474,-309411843,0.0944
AZ,PJ,2025,Op,Actual,Dec,107411600,0.1632,-30342332,0.0154
AZ,PJ,2025,Op,Budget,Jan,100341824,,0,0.0155
AZ,PJ,2025,Op,Budget,Feb,63088749,0.6287,0,0.0097
AZ,PJ,2025,Op,Budget,Mar,1776767945,28.163,0,0.2741
AZ,PJ,2025,Op,Budget,Apr,112737346,0.0635,0,0.0174
AZ,PJ,2025,Op,Budget,May,1174073444,10.4142,0,0.1811
AZ,PJ,2025,Op,Budget,Jun,4554198,0.0039,0,0.0007
AZ,PJ,2025,Op,Budget,Jul,633840511,139.1772,0,0.0978
AZ,PJ,2025,Op,Budget,Aug,57369479,0.0905,0,0.0089
AZ,PJ,2025,Op,Budget,Sep,1384825388,24.1387,0,0.2136
AZ,PJ,2025,Op,Budget,Oct,69138964,0.0499,0,0.0107
AZ,PJ,2025,Op,Budget,Nov,967670143,13.996,0,0.1493
AZ,PJ,2025,Op,Budget,Dec,137753932,0.1424,0,0.0213
AZ,PJ,2025,Op,Forecast,Jan,876655227,,776313403,0.2462
AZ,PJ,2025,Op,Forecast,Feb,117965644,0.1346,54876895,0.0331
AZ,PJ,2025,Op,Forecast,Mar,149656742,1.2686,-1627111203,0.042
AZ,PJ,2025,Op,Forecast,Apr,116664554,0.7795,3927208,0.0328
AZ,PJ,2025,Op,Forecast,May,413525175,3.5446,-760548269,0.1161
AZ,PJ,2025,Op,Forecast,Jun,158620865,0.3836,154066667,0.0445
AZ,PJ,2025,Op,Forecast,Jul,360417542,2.2722,-273422969,0.1012
AZ,PJ,2025,Op,Forecast,Aug,25843903,0.0717,-31525576,0.0073
AZ,PJ,2025,Op,Forecast,Sep,1113789668,43.0968,-271035720,0.3128
AZ,PJ,2025,Op,Forecast,Oct,63075999,0.0566,-6062965,0.0177
AZ,PJ,2025,Op,Forecast,Nov,97899578,1.5521,-869770565,0.0275
AZ,PJ,2025,Op,Forecast,Dec,67102537,0.6854,-70651395,0.0188
BD+,CDE,2024,Gross,Actual,Jan,438862277,,-44107595,0.0239
BD+,CDE,2024,Gross,Actual,Feb,409467833,0.933,16160900,0.0223
BD+,CDE,2024,Gross,Actual,Mar,1121650193,2.7393,-29900130,0.0611
BD+,CDE,2024,Gross,Actual,Apr,1024653126,0.9135,659588570,0.0558
BD+,CDE,2024,Gross,Actual,May,1253152510,1.223,-1735602014,0.0683
BD+,CDE,2024,Gross,Actual,Jun,3121238980,2.4907,214277083,0.17
BD+,CDE,2024,Gross,Actual,Jul,1279890600,0.4101,848442916,0.0697
BD+,CDE,2024,Gross,Actual,Aug,970531176,0.7583,-390205908,0.0529
BD+,CDE,2024,Gross,Actual,Sep,2036805577,2.0987,573723718,0.111
BD+,CDE,2024,Gross,Actual,Oct,1611292662,0.7911,564248356,0.0878
BD+,CDE,2024,Gross,Actual,Nov,3775822405,2.3433,2283697529,0.2057
BD+,CDE,2024,Gross,Actual,Dec,1313724418,0.3479,567369671,0.0716
BD+,CDE,2024,Gross,Budget,Jan,482969872,,0,0.0326
BD+,CDE,2024,Gross,Budget,Feb,393306933,0.8144,0,0.0265
BD+,CDE,2024,Gross,Budget,Mar,1151550323,2.9279,0,0.0777
BD+,CDE,2024,Gross,Budget,Apr,365064556,0.317,0,0.0246
BD+,CDE,2024,Gross,Budget,May,2988754524,8.1869,0,0.2015
BD+,CDE,2024,Gross,Budget,Jun,2906961897,0.9726,0,0.196
BD+,CDE,2024,Gross,Budget,Jul,431447684,0.1484,0,0.0291
BD+,CDE,2024,Gross,Budget,Aug,1360737084,3.1539,0,0.0918
BD+,CDE,2024,Gross,Budget,Sep,1463081859,1.0752,0,0.0987
BD+,CDE,2024,Gross,Budget,Oct,1047044306,0.7156,0,0.0706
BD+,CDE,2024,Gross,Budget,Nov,1492124876,1.4251,0,0.1006
BD+,CDE,2024,Gross,Budget,Dec,746354747,0.5002,0,0.0503
BD+,CDE,2024,Gross,Forecast,Jan,134965331,,-348004541,0.0091
BD+,CDE,2024,Gross,Forecast,Feb,201004316,1.4893,-192302617,0.0136
BD+,CDE,2024,Gross,Forecast,Mar,1767578048,8.7937,616027725,0.1197
BD+,CDE,2024,Gross,Forecast,Apr,339342886,0.192,-25721670,0.023
BD+,CDE,2024,Gross,Forecast,May,611298664,1.8014,-2377455860,0.0414
BD+,CDE,2024,Gross,Forecast,Jun,6996470151,11.4453,4089508254,0.4739
BD+,CDE,2024,Gross,Forecast,Jul,518738523,0.0741,87290839,0.0351
BD+,CDE,2024,Gross,Forecast,Aug,931763753,1.7962,-428973331,0.0631
BD+,CDE,2024,Gross,Forecast,Sep,2651633984,2.8458,1188552125,0.1796
BD+,CDE,2024,Gross,Forecast,Oct,157749255,0.0595,-889295051,0.0107
BD+,CDE,2024,Gross,Forecast,Nov,194766083,1.2347,-1297358793,0.0132
BD+,CDE,2024,Gross,Forecast,Dec,257307809,1.3211,-489046938,0.0174
BD+,CDE,2024,Net,Actual,Jan,20865356,,-644545696,0.0012
BD+,CDE,2024,Net,Actual,Feb,271796856,13.0262,262721513,0.0159
BD+,CDE,2024,Net,Actual,Mar,1803753562,6.6364,480680465,0.1055
BD+,CDE,2024,Net,Actual,Apr,919753172,0.5099,418498767,0.0538
BD+,CDE,2024,Net,Actual,May,499275104,0.5428,-1522488450,0.0292
BD+,CDE,2024,Net,Actual,Jun,5640125153,11.2966,565269752,0.33
BD+,CDE,2024,Net,Actual,Jul,1482138885,0.2628,735559695,0.0867
BD+,CDE,2024,Net,Actual,Aug,681178434,0.4596,-369609396,0.0398
BD+,CDE,2024,Net,Actual,Sep,1233584335,1.811,-1174528762,0.0722
BD+,CDE,2024,Net,Actual,Oct,346942441,0.2812,-37986711,0.0203
BD+,CDE,2024,Net,Actual,Nov,483807947,1.3945,-2283942302,0.0283
BD+,CDE,2024,Net,Actual,Dec,3710641573,7.6697,3641281663,0.2171
BD+,CDE,2024,Net,Budget,Jan,665411052,,0,0.0391
BD+,CDE,2024,Net,Budget,Feb,9075343,0.0136,0,0.0005
BD+,CDE,2024,Net,Budget,Mar,1323073097,145.7877,0,0.0777
BD+,CDE,2024,Net,Budget,Apr,501254405,0.3789,0,0.0294
BD+,CDE,2024,Net,Budget,May,2021763554,4.0334,0,0.1188
BD+,CDE,2024,Net,Budget,Jun,5074855401,2.5101,0,0.2981
BD+,CDE,2024,Net,Budget,Jul,746579190,0.1471,0,0.0439
BD+,CDE,2024,Net,Budget,Aug,1050787830,1.4075,0,0.0617
BD+,CDE,2024,Net,Budget,Sep,2408113097,2.2917,0,0.1415
BD+,CDE,2024,Net,Budget,Oct,384929152,0.1598,0,0.0226
BD+,CDE,2024,Net,Budget,Nov,2767750249,7.1903,0,0.1626
BD+,CDE,2024,Net,Budget,Dec,69359910,0.0251,0,0.0041
BD+,CDE,2024,Net,Forecast,Jan,196284763,,-469126289,0.0196
BD+,CDE,2024,Net,Forecast,Feb,281697733,1.4351,272622390,0.0282
BD+,CDE,2024,Net,Forecast,Mar,1133436876,4.0236,-189636221,0.1134
BD+,CDE,2024,Net,Forecast,Apr,1086520317,0.9586,585265912,0.1087
BD+,CDE,2024,Net,Forecast,May,217091905,0.1998,-1804671649,0.0217
BD+,CDE,2024,Net,Forecast,Jun,718160028,3.3081,-4356695373,0.0718
BD+,CDE,2024,Net,Forecast,Jul,323623676,0.4506,-422955514,0.0324
BD+,CDE,2024,Net,Forecast,Aug,1264353382,3.9069,213565552,0.1264
BD+,CDE,2024,Net,Forecast,Sep,181209835,0.1433,-2226903262,0.0181
BD+,CDE,2024,Net,Forecast,Oct,1111834746,6.1356,726905594,0.1112
BD+,CDE,2024,Net,Forecast,Nov,2003942607,1.8024,-763807642,0.2004
BD+,CDE,2024,Net,Forecast,Dec,1480868147,0.739,1411508237,0.1481
BD+,CDE,2024,Op,Actual,Jan,584353158,,124927746,0.0222
BD+,CDE,2024,Op,Actual,Feb,326750500,0.5592,-21258018,0.0124
BD+,CDE,2024,Op,Actual,Mar,945300872,2.893,-737737136,0.0359
BD+,CDE,2024,Op,Actual,Apr,2076337526,2.1965,1802554289,0.0789
BD+,CDE,2024,Op,Actual,May,2417540250,1.1643,1810268068,0.0919
BD+,CDE,2024,Op,Actual,Jun,6886861503,2.8487,1834990127,0.2617
BD+,CDE,2024,Op,Actual,Jul,409476495,0.0595,-201217353,0.0156
BD+,CDE,2024,Op,Actual,Aug,1274151799,3.1117,-410268996,0.0484
BD+,CDE,2024,Op,Actual,Sep,2138635446,1.6785,-236140435,0.0813
BD+,CDE,2024,Op,Actual,Oct,1625459211,0.76,815518794,0.0618
BD+,CDE,2024,Op,Actual,Nov,4119258261,2.5342,963287421,0.1565
BD+,CDE,2024,Op,Actual,Dec,3509517301,0.852,1981952021,0.1334
BD+,CDE,2024,Op,Budget,Jan,459425412,,0,0.0247
BD+,CDE,2024,Op,Budget,Feb,348008518,0.7575,0,0.0187
BD+,CDE,2024,Op,Budget,Mar,1683038008,4.8362,0,0.0906
BD+,CDE,2024,Op,Budget,Apr,273783237,0.1627,0,0.0147
BD+,CDE,2024,Op,Budget,May,607272182,2.2181,0,0.0327
BD+,CDE,2024,Op,Budget,Jun,5051871376,8.319,0,0.2718
BD+,CDE,2024,Op,Budget,Jul,610693848,0.1209,0,0.0329
BD+,CDE,2024,Op,Budget,Aug,1684420795,2.7582,0,0.0906
BD+,CDE,2024,Op,Budget,Sep,2374775881,1.4098,0,0.1278
BD+,CDE,2024,Op,Budget,Oct,809940417,0.3411,0,0.0436
BD+,CDE,2024,Op,Budget,Nov,3155970840,3.8965,0,0.1698
BD+,CDE,2024,Op,Budget,Dec,1527565280,0.484,0,0.0822
BD+,CDE,2024,Op,Forecast,Jan,36605362,,-422820050,0.0027
BD+,CDE,2024,Op,Forecast,Feb,151216260,4.131,-196792258,0.0113
BD+,CDE,2024,Op,Forecast,Mar,1193569378,7.8931,-489468630,0.089
BD+,CDE,2024,Op,Forecast,Apr,540631679,0.453,266848442,0.0403
BD+,CDE,2024,Op,Forecast,May,165028421,0.3053,-442243761,0.0123
BD+,CDE,2024,Op,Forecast,Jun,2367276415,14.3447,-2684594961,0.1765
BD+,CDE,2024,Op,Forecast,Jul,788306128,0.333,177612280,0.0588
BD+,CDE,2024,Op,Forecast,Aug,1642612814,2.0837,-41807981,0.1225
BD+,CDE,2024,Op,Forecast,Sep,2468487332,1.5028,93711451,0.1841
BD+,CDE,2024,Op,Forecast,Oct,1224238801,0.4959,414298384,0.0913
BD+,CDE,2024,Op,Forecast,Nov,2754113325,2.2497,-401857515,0.2054
BD+,CDE,2024,Op,Forecast,Dec,77935032,0.0283,-1449630248,0.0058
BD+,CDE,2025,Gross,Actual,Jan,124627137,,22749871,0.0063
BD+,CDE,2025,Gross,Actual,Feb,243163904,1.9511,-117797636,0.0123
BD+,CDE,2025,Gross,Actual,Mar,765117592,3.1465,210960916,0.0386
BD+,CDE,2025,Gross,Actual,Apr,384438870,0.5025,178497356,0.0194
BD+,CDE,2025,Gross,Actual,May,1243855835,3.2355,153112249,0.0627
BD+,CDE,2025,Gross,Actual,Jun,5679993948,4.5664,524517035,0.2864
BD+,CDE,2025,Gross,Actual,Jul,798983565,0.1407,-881128837,0.0403
BD+,CDE,2025,Gross,Actual,Aug,487195175,0.6098,-182203580,0.0246
BD+,CDE,2025,Gross,Actual,Sep,819287273,1.6816,684205341,0.0413
BD+,CDE,2025,Gross,Actual,Oct,1662077590,2.0287,327411490,0.0838
BD+,CDE,2025,Gross,Actual,Nov,3936188071,2.3682,2093398774,0.1985
BD+,CDE,2025,Gross,Actual,Dec,3686719535,0.9366,517363070,0.1859
BD+,CDE,2025,Gross,Budget,Jan,101877266,,0,0.0062
BD+,CDE,2025,Gross,Budget,Feb,360961540,3.5431,0,0.0221
BD+,CDE,2025,Gross,Budget,Mar,554156676,1.5352,0,0.034
BD+,CDE,2025,Gross,Budget,Apr,205941514,0.3716,0,0.0126
BD+,CDE,2025,Gross,Budget,May,1090743586,5.2964,0,0.0669
BD+,CDE,2025,Gross,Budget,Jun,5155476913,4.7266,0,0.3163
BD+,CDE,2025,Gross,Budget,Jul,1680112402,0.3259,0,0.1031
BD+,CDE,2025,Gross,Budget,Aug,669398755,0.3984,0,0.0411
BD+,CDE,2025,Gross,Budget,Sep,135081932,0.2018,0,0.0083
BD+,CDE,2025,Gross,Budget,Oct,1334666100,9.8804,0,0.0819
BD+,CDE,2025,Gross,Budget,Nov,1842789297,1.3807,0,0.1131
BD+,CDE,2025,Gross,Budget,Dec,3169356465,1.7199,0,0.1944
BD+,CDE,2025,Gross,Forecast,Jan,464805283,,362928017,0.0317
BD+,CDE,2025,Gross,Forecast,Feb,244297749,0.5256,-116663791,0.0167
BD+,CDE,2025,Gross,Forecast,Mar,353835983,1.4484,-200320693,0.0242
BD+,CDE,2025,Gross,Forecast,Apr,577363331,1.6317,371421817,0.0394
BD+,CDE,2025,Gross,Forecast,May,1268388686,2.1969,177645100,0.0866
BD+,CDE,2025,Gross,Forecast,Jun,5111631346,4.03,-43845567,0.3491
BD+,CDE,2025,Gross,Forecast,Jul,888305347,0.1738,-791807055,0.0607
BD+,CDE,2025,Gross,Forecast,Aug,560876734,0.6314,-108522021,0.0383
BD+,CDE,2025,Gross,Forecast,Sep,640307943,1.1416,505226011,0.0437
BD+,CDE,2025,Gross,Forecast,Oct,1011831793,1.5802,-322834307,0.0691
BD+,CDE,2025,Gross,Forecast,Nov,2638831373,2.608,796042076,0.1802
BD+,CDE,2025,Gross,Forecast,Dec,881026947,0.3339,-2288329518,0.0602
BD+,CDE,2025,Net,Actual,Jan,661605835,,117687829,0.0466
BD+,CDE,2025,Net,Actual,Feb,50058603,0.0757,-101435440,0.0035
BD+,CDE,2025,Net,Actual,Mar,1715983548,34.2795,1162844897,0.121
BD+,CDE,2025,Net,Actual,Apr,319819584,0.1864,-536899048,0.0225
BD+,CDE,2025,Net,Actual,May,995430458,3.1125,-1197502399,0.0702
BD+,CDE,2025,Net,Actual,Jun,1927220658,1.9361,-5674535570,0.1359
BD+,CDE,2025,Net,Actual,Jul,1660190976,0.8614,334264577,0.117
BD+,CDE,2025,Net,Actual,Aug,1570679757,0.9461,-374440491,0.1107
BD+,CDE,2025,Net,Actual,Sep,515476119,0.3282,-2591739280,0.0363
BD+,CDE,2025,Net,Actual,Oct,534495018,1.0369,-414401990,0.0377
BD+,CDE,2025,Net,Actual,Nov,168448438,0.3152,-1400094418,0.0119
BD+,CDE,2025,Net,Actual,Dec,4065881566,24.1372,1786416859,0.2866
BD+,CDE,2025,Net,Budget,Jan,543918006,,0,0.0236
BD+,CDE,2025,Net,Budget,Feb,151494043,0.2785,0,0.0066
BD+,CDE,2025,Net,Budget,Mar,553138651,3.6512,0,0.024
BD+,CDE,2025,Net,Budget,Apr,856718632,1.5488,0,0.0371
BD+,CDE,2025,Net,Budget,May,2192932857,2.5597,0,0.095
BD+,CDE,2025,Net,Budget,Jun,7601756228,3.4665,0,0.3294
BD+,CDE,2025,Net,Budget,Jul,1325926399,0.1744,0,0.0575
BD+,CDE,2025,Net,Budget,Aug,1945120248,1.467,0,0.0843
BD+,CDE,2025,Net,Budget,Sep,3107215399,1.5974,0,0.1347
BD+,CDE,2025,Net,Budget,Oct,948897008,0.3054,0,0.0411
BD+,CDE,2025,Net,Budget,Nov,1568542856,1.653,0,0.068
BD+,CDE,2025,Net,Budget,Dec,2279464707,1.4532,0,0.0988
BD+,CDE,2025,Net,Forecast,Jan,98623976,,-445294030,0.0064
BD+,CDE,2025,Net,Forecast,Feb,337746444,3.4246,186252401,0.0218
BD+,CDE,2025,Net,Forecast,Mar,1162577150,3.4422,609438499,0.0749
BD+,CDE,2025,Net,Forecast,Apr,686198064,0.5902,-170520568,0.0442
BD+,CDE,2025,Net,Forecast,May,46436715,0.0677,-2146496142,0.003
BD+,CDE,2025,Net,Forecast,Jun,3842661532,82.7505,-3759094696,0.2476
BD+,CDE,2025,Net,Forecast,Jul,840445808,0.2187,-485480591,0.0542
BD+,CDE,2025,Net,Forecast,Aug,1863673981,2.2175,-81446267,0.1201
BD+,CDE,2025,Net,Forecast,Sep,1453566700,0.7799,-1653648699,0.0937
BD+,CDE,2025,Net,Forecast,Oct,872101946,0.6,-76795062,0.0562
BD+,CDE,2025,Net,Forecast,Nov,2580651011,2.9591,1012108155,0.1663
BD+,CDE,2025,Net,Forecast,Dec,1733629824,0.6718,-545834883,0.1117
BD+,CDE,2025,Op,Actual,Jan,281070490,,-134413433,0.0168
BD+,CDE,2025,Op,Actual,Feb,416303803,1.4811,66267674,0.0249
BD+,CDE,2025,Op,Actual,Mar,340294786,0.8174,-850959665,0.0204
BD+,CDE,2025,Op,Actual,Apr,1763003109,5.1808,-313326170,0.1056
BD+,CDE,2025,Op,Actual,May,2405034225,1.3642,-236680575,0.144
BD+,CDE,2025,Op,Actual,Jun,5748371031,2.3901,-2802225474,0.3442
BD+,CDE,2025,Op,Actual,Jul,602441846,0.1048,-571603999,0.0361
BD+,CDE,2025,Op,Actual,Aug,473499896,0.786,-535111954,0.0284
BD+,CDE,2025,Op,Actual,Sep,2168658780,4.5801,1545922838,0.1298
BD+,CDE,2025,Op,Actual,Oct,1009877343,0.4657,-534964886,0.0605
BD+,CDE,2025,Op,Actual,Nov,1006756124,0.9969,-1789870223,0.0603
BD+,CDE,2025,Op,Actual,Dec,486510996,0.4832,449667622,0.0291
BD+,CDE,2025,Op,Budget,Jan,415483923,,0,0.0185
BD+,CDE,2025,Op,Budget,Feb,350036129,0.8425,0,0.0156
BD+,CDE,2025,Op,Budget,Mar,1191254451,3.4032,0,0.0532
BD+,CDE,2025,Op,Budget,Apr,2076329279,1.743,0,0.0927
BD+,CDE,2025,Op,Budget,May,2641714800,1.2723,0,0.1179
BD+,CDE,2025,Op,Budget,Jun,8550596505,3.2368,0,0.3816
BD+,CDE,2025,Op,Budget,Jul,1174045845,0.1373,0,0.0524
BD+,CDE,2025,Op,Budget,Aug,1008611850,0.8591,0,0.045
BD+,CDE,2025,Op,Budget,Sep,622735942,0.6174,0,0.0278
BD+,CDE,2025,Op,Budget,Oct,1544842229,2.4807,0,0.0689
BD+,CDE,2025,Op,Budget,Nov,2796626347,1.8103,0,0.1248
BD+,CDE,2025,Op,Budget,Dec,36843374,0.0132,0,0.0016
BD+,CDE,2025,Op,Forecast,Jan,14716192,,-400767731,0.0013
BD+,CDE,2025,Op,Forecast,Feb,301907240,20.5153,-48128889,0.0265
BD+,CDE,2025,Op,Forecast,Mar,705735190,2.3376,-485519261,0.0619
BD+,CDE,2025,Op,Forecast,Apr,251441805,0.3563,-1824887474,0.022
BD+,CDE,2025,Op,Forecast,May,2400841400,9.5483,-240873400,0.2104
BD+,CDE,2025,Op,Forecast,Jun,1334515080,0.5559,-7216081425,0.117
BD+,CDE,2025,Op,Forecast,Jul,882850069,0.6616,-291195776,0.0774
BD+,CDE,2025,Op,Forecast,Aug,635695979,0.72,-372915871,0.0557
BD+,CDE,2025,Op,Forecast,Sep,772477807,1.2152,149741865,0.0677
BD+,CDE,2025,Op,Forecast,Oct,1622455724,2.1003,77613495,0.1422
BD+,CDE,2025,Op,Forecast,Nov,1007095134,0.6207,-1789531213,0.0883
BD+,CDE,2025,Op,Forecast,Dec,1480595352,1.4702,1443751978,0.1298
BD+,PJ,2024,Gross,Actual,Jan,229486414,,-3422294,0.0123
BD+,PJ,2024,Gross,Actual,Feb,155127613,0.676,-265423843,0.0083
BD+,PJ,2024,Gross,Actual,Mar,1010545586,6.5143,-971489526,0.0542
BD+,PJ,2024,Gross,Actual,Apr,1124377801,1.1126,498549269,0.0603
BD+,PJ,2024,Gross,Actual,May,2237138683,1.9897,-221697405,0.1201
BD+,PJ,2024,Gross,Actual,Jun,3054622162,1.3654,-2909769409,0.1639
BD+,PJ,2024,Gross,Actual,Jul,1233209890,0.4037,257198040,0.0662
BD+,PJ,2024,Gross,Actual,Aug,239245148,0.194,-1110183329,0.0128
BD+,PJ,2024,Gross,Actual,Sep,2721962567,11.3773,-169822334,0.1461
BD+,PJ,2024,Gross,Actual,Oct,540160549,0.1984,-263888898,0.029
BD+,PJ,2024,Gross,Actual,Nov,2757723865,5.1054,2348808002,0.148
BD+,PJ,2024,Gross,Actual,Dec,3329341617,1.2073,16018798,0.1787
BD+,PJ,2024,Gross,Budget,Jan,232908708,,0,0.0109
BD+,PJ,2024,Gross,Budget,Feb,420551456,1.8056,0,0.0196
BD+,PJ,2024,Gross,Budget,Mar,1982035112,4.7129,0,0.0925
BD+,PJ,2024,Gross,Budget,Apr,625828532,0.3158,0,0.0292
BD+,PJ,2024,Gross,Budget,May,2458836088,3.9289,0,0.1147
BD+,PJ,2024,Gross,Budget,Jun,5964391571,2.4257,0,0.2783
BD+,PJ,2024,Gross,Budget,Jul,976011850,0.1636,0,0.0455
BD+,PJ,2024,Gross,Budget,Aug,1349428477,1.3826,0,0.063
BD+,PJ,2024,Gross,Budget,Sep,2891784901,2.143,0,0.135
BD+,PJ,2024,Gross,Budget,Oct,804049447,0.278,0,0.0375
BD+,PJ,2024,Gross,Budget,Nov,408915863,0.5086,0,0.0191
BD+,PJ,2024,Gross,Budget,Dec,3313322819,8.1027,0,0.1546
BD+,PJ,2024,Gross,Forecast,Jan,652486171,,419577463,0.0376
BD+,PJ,2024,Gross,Forecast,Feb,144638004,0.2217,-275913452,0.0083
BD+,PJ,2024,Gross,Forecast,Mar,1477304781,10.2138,-504730331,0.0852
BD+,PJ,2024,Gross,Forecast,Apr,1593850185,1.0789,968021653,0.0919
BD+,PJ,2024,Gross,Forecast,May,1833552764,1.1504,-625283324,0.1057
BD+,PJ,2024,Gross,Forecast,Jun,6727218616,3.669,762827045,0.3879
BD+,PJ,2024,Gross,Forecast,Jul,1178414340,0.1752,202402490,0.068
BD+,PJ,2024,Gross,Forecast,Aug,209359557,0.1777,-1140068920,0.0121
BD+,PJ,2024,Gross,Forecast,Sep,104030206,0.4969,-2787754695,0.006
BD+,PJ,2024,Gross,Forecast,Oct,601993543,5.7867,-202055904,0.0347
BD+,PJ,2024,Gross,Forecast,Nov,2118722271,3.5195,1709806408,0.1222
BD+,PJ,2024,Gross,Forecast,Dec,699039124,0.3299,-2614283695,0.0403
BD+,PJ,2024,Net,Actual,Jan,481243061,,303015834,0.0216
BD+,PJ,2024,Net,Actual,Feb,276694272,0.575,233827630,0.0124
BD+,PJ,2024,Net,Actual,Mar,960086553,3.4698,11344651,0.0431
BD+,PJ,2024,Net,Actual,Apr,1342945380,1.3988,217672326,0.0603
BD+,PJ,2024,Net,Actual,May,2827181024,2.1052,2082614304,0.127
BD+,PJ,2024,Net,Actual,Jun,7105994105,2.5135,6295220881,0.3192
BD+,PJ,2024,Net,Actual,Jul,372412142,0.0524,-635212278,0.0167
BD+,PJ,2024,Net,Actual,Aug,784540875,2.1066,-952310366,0.0352
BD+,PJ,2024,Net,Actual,Sep,3041482057,3.8768,401737384,0.1366
BD+,PJ,2024,Net,Actual,Oct,21752811,0.0072,-1531931520,0.001
BD+,PJ,2024,Net,Actual,Nov,2924546715,134.4445,1000966108,0.1314
BD+,PJ,2024,Net,Actual,Dec,2123880776,0.7262,-1436472233,0.0954
BD+,PJ,2024,Net,Budget,Jan,178227227,,0,0.011
BD+,PJ,2024,Net,Budget,Feb,42866642,0.2405,0,0.0026
BD+,PJ,2024,Net,Budget,Mar,948741902,22.1324,0,0.0583
BD+,PJ,2024,Net,Budget,Apr,1125273054,1.1861,0,0.0692
BD+,PJ,2024,Net,Budget,May,744566720,0.6617,0,0.0458
BD+,PJ,2024,Net,Budget,Jun,810773224,1.0889,0,0.0498
BD+,PJ,2024,Net,Budget,Jul,1007624420,1.2428,0,0.0619
BD+,PJ,2024,Net,Budget,Aug,1736851241,1.7237,0,0.1067
BD+,PJ,2024,Net,Budget,Sep,2639744673,1.5198,0,0.1622
BD+,PJ,2024,Net,Budget,Oct,1553684331,0.5886,0,0.0955
BD+,PJ,2024,Net,Budget,Nov,1923580607,1.2381,0,0.1182
BD+,PJ,2024,Net,Budget,Dec,3560353009,1.8509,0,0.2188
BD+,PJ,2024,Net,Forecast,Jan,631724741,,453497514,0.0361
BD+,PJ,2024,Net,Forecast,Feb,369620274,0.5851,326753632,0.0211
BD+,PJ,2024,Net,Forecast,Mar,274034769,0.7414,-674707133,0.0157
BD+,PJ,2024,Net,Forecast,Apr,1616060719,5.8973,490787665,0.0923
BD+,PJ,2024,Net,Forecast,May,898154110,0.5558,153587390,0.0513
BD+,PJ,2024,Net,Forecast,Jun,4800208086,5.3445,3989434862,0.2742
BD+,PJ,2024,Net,Forecast,Jul,68791707,0.0143,-938832713,0.0039
BD+,PJ,2024,Net,Forecast,Aug,789333499,11.4743,-947517742,0.0451
BD+,PJ,2024,Net,Forecast,Sep,2365213403,2.9965,-274531270,0.1351
BD+,PJ,2024,Net,Forecast,Oct,724960932,0.3065,-828723399,0.0414
BD+,PJ,2024,Net,Forecast,Nov,2079625349,2.8686,156044742,0.1188
BD+,PJ,2024,Net,Forecast,Dec,2887078248,1.3883,-673274761,0.1649
BD+,PJ,2024,Op,Actual,Jan,386206685,,80976188,0.027
BD+,PJ,2024,Op,Actual,Feb,128158035,0.3318,-18295216,0.0089
BD+,PJ,2024,Op,Actual,Mar,6211405,0.0485,-106206756,0.0004
BD+,PJ,2024,Op,Actual,Apr,620156263,99.8415,-430286519,0.0433
BD+,PJ,2024,Op,Actual,May,2155745960,3.4761,576065089,0.1505
BD+,PJ,2024,Op,Actual,Jun,6179351176,2.8665,-1379277132,0.4315
BD+,PJ,2024,Op,Actual,Jul,85021616,0.0138,-124591589,0.0059
BD+,PJ,2024,Op,Actual,Aug,1029558730,12.1094,304479196,0.0719
BD+,PJ,2024,Op,Actual,Sep,2233741879,2.1696,126148601,0.156
BD+,PJ,2024,Op,Actual,Oct,98337277,0.044,-587037491,0.0069
BD+,PJ,2024,Op,Actual,Nov,352093501,3.5805,-1153185286,0.0246
BD+,PJ,2024,Op,Actual,Dec,1047142223,2.974,-1196810543,0.0731
BD+,PJ,2024,Op,Budget,Jan,305230497,,0,0.0167
BD+,PJ,2024,Op,Budget,Feb,146453251,0.4798,0,0.008
BD+,PJ,2024,Op,Budget,Mar,112418161,0.7676,0,0.0062
BD+,PJ,2024,Op,Budget,Apr,1050442782,9.3441,0,0.0576
BD+,PJ,2024,Op,Budget,May,1579680871,1.5038,0,0.0867
BD+,PJ,2024,Op,Budget,Jun,7558628308,4.7849,0,0.4146
BD+,PJ,2024,Op,Budget,Jul,209613205,0.0277,0,0.0115
BD+,PJ,2024,Op,Budget,Aug,725079534,3.4591,0,0.0398
BD+,PJ,2024,Op,Budget,Sep,2107593278,2.9067,0,0.1156
BD+,PJ,2024,Op,Budget,Oct,685374768,0.3252,0,0.0376
BD+,PJ,2024,Op,Budget,Nov,1505278787,2.1963,0,0.0826
BD+,PJ,2024,Op,Budget,Dec,2243952766,1.4907,0,0.1231
BD+,PJ,2024,Op,Forecast,Jan,300359019,,-4871478,0.018
BD+,PJ,2024,Op,Forecast,Feb,413275699,1.3759,266822448,0.0248
BD+,PJ,2024,Op,Forecast,Mar,1312941702,3.1769,1200523541,0.0787
BD+,PJ,2024,Op,Forecast,Apr,418286352,0.3186,-632156430,0.0251
BD+,PJ,2024,Op,Forecast,May,995779546,2.3806,-583901325,0.0597
BD+,PJ,2024,Op,Forecast,Jun,5806456015,5.8311,-1752172293,0.3481
BD+,PJ,2024,Op,Forecast,Jul,863614821,0.1487,654001616,0.0518
BD+,PJ,2024,Op,Forecast,Aug,1417521893,1.6414,692442359,0.085
BD+,PJ,2024,Op,Forecast,Sep,3152834595,2.2242,1045241317,0.189
BD+,PJ,2024,Op,Forecast,Oct,93603008,0.0297,-591771760,0.0056
BD+,PJ,2024,Op,Forecast,Nov,1439152881,15.3751,-66125906,0.0863
BD+,PJ,2024,Op,Forecast,Dec,466535370,0.3242,-1777417396,0.028
BD+,PJ,2025,Gross,Actual,Jan,465760000,,388830336,0.0202
BD+,PJ,2025,Gross,Actual,Feb,302970000,0.6505,180114300,0.0131
BD+,PJ,2025,Gross,Actual,Mar,1406160000,4.6413,600685286,0.061
BD+,PJ,2025,Gross,Actual,Apr,1500140000,1.0668,902804898,0.0651
BD+,PJ,2025,Gross,Actual,May,2003480000,1.3355,298423235,0.0869
BD+,PJ,2025,Gross,Actual,Jun,5892473300,2.9411,-2173151369,0.2556
BD+,PJ,2025,Gross,Actual,Jul,1148920000,0.195,-458558426,0.0498
BD+,PJ,2025,Gross,Actual,Aug,1350970000,1.1759,-193963283,0.0586
BD+,PJ,2025,Gross,Actual,Sep,2192720500,1.6231,-977223805,0.0951
BD+,PJ,2025,Gross,Actual,Oct,1171583800,0.5343,194513456,0.0508
BD+,PJ,2025,Gross,Actual,Nov,2811209500,2.3995,2046140888,0.122
BD+,PJ,2025,Gross,Actual,Dec,2804019600,0.9974,2403064504,0.1216
BD+,PJ,2025,Gross,Budget,Jan,76929664,,0,0.0039
BD+,PJ,2025,Gross,Budget,Feb,122855700,1.597,0,0.0062
BD+,PJ,2025,Gross,Budget,Mar,805474714,6.5563,0,0.0406
BD+,PJ,2025,Gross,Budget,Apr,597335102,0.7416,0,0.0301
BD+,PJ,2025,Gross,Budget,May,1705056765,2.8544,0,0.0859
BD+,PJ,2025,Gross,Budget,Jun,8065624669,4.7304,0,0.4066
BD+,PJ,2025,Gross,Budget,Jul,1607478426,0.1993,0,0.081
BD+,PJ,2025,Gross,Budget,Aug,1544933283,0.9611,0,0.0779
BD+,PJ,2025,Gross,Budget,Sep,3169944305,2.0518,0,0.1598
BD+,PJ,2025,Gross,Budget,Oct,977070344,0.3082,0,0.0493
BD+,PJ,2025,Gross,Budget,Nov,765068612,0.783,0,0.0386
BD+,PJ,2025,Gross,Budget,Dec,400955096,0.5241,0,0.0202
BD+,PJ,2025,Gross,Forecast,Jan,204848554,,127918890,0.0171
BD+,PJ,2025,Gross,Forecast,Feb,39039809,0.1906,-83815891,0.0033
BD+,PJ,2025,Gross,Forecast,Mar,828273301,21.2161,22798587,0.069
BD+,PJ,2025,Gross,Forecast,Apr,185234161,0.2236,-412100941,0.0154
BD+,PJ,2025,Gross,Forecast,May,614362831,3.3167,-1090693934,0.0512
BD+,PJ,2025,Gross,Forecast,Jun,3263263892,5.3116,-4802360777,0.2718
BD+,PJ,2025,Gross,Forecast,Jul,193146231,0.0592,-1414332195,0.0161
BD+,PJ,2025,Gross,Forecast,Aug,1921230885,9.947,376297602,0.16
BD+,PJ,2025,Gross,Forecast,Sep,2861541520,1.4894,-308402785,0.2383
BD+,PJ,2025,Gross,Forecast,Oct,961121453,0.3359,-15948891,0.08
BD+,PJ,2025,Gross,Forecast,Nov,363851896,0.3786,-401216716,0.0303
BD+,PJ,2025,Gross,Forecast,Dec,571151358,1.5697,170196262,0.0476
BD+,PJ,2025,Net,Actual,Jan,448520000,,-181780360,0.0198
BD+,PJ,2025,Net,Actual,Feb,291760000,0.6505,179985024,0.0129
BD+,PJ,2025,Net,Actual,Mar,1376470000,4.7178,13491037,0.0608
BD+,PJ,2025,Net,Actual,Apr,1444630000,1.0495,458974102,0.0638
BD+,PJ,2025,Net,Actual,May,1929350000,1.3355,1017707944,0.0852
BD+,PJ,2025,Net,Actual,Jun,5842285800,3.0281,5380974673,0.258
BD+,PJ,2025,Net,Actual,Jul,1126020000,0.1927,501752222,0.0497
BD+,PJ,2025,Net,Actual,Aug,1323950000,1.1758,402569614,0.0585
BD+,PJ,2025,Net,Actual,Sep,2175845500,1.6434,1322529721,0.0961
BD+,PJ,2025,Net,Actual,Oct,1148242100,0.5277,-559778155,0.0507
BD+,PJ,2025,Net,Actual,Nov,2754985500,2.3993,2670116,0.1217
BD+,PJ,2025,Net,Actual,Dec,2778794800,1.0086,1629395500,0.1227
BD+,PJ,2025,Net,Budget,Jan,630300360,,0,0.0505
BD+,PJ,2025,Net,Budget,Feb,111774976,0.1773,0,0.009
BD+,PJ,2025,Net,Budget,Mar,1362978963,12.194,0,0.1093
BD+,PJ,2025,Net,Budget,Apr,985655898,0.7232,0,0.079
BD+,PJ,2025,Net,Budget,May,911642056,0.9249,0,0.0731
BD+,PJ,2025,Net,Budget,Jun,461311127,0.506,0,0.037
BD+,PJ,2025,Net,Budget,Jul,624267778,1.3532,0,0.0501
BD+,PJ,2025,Net,Budget,Aug,921380386,1.4759,0,0.0739
BD+,PJ,2025,Net,Budget,Sep,853315779,0.9261,0,0.0684
BD+,PJ,2025,Net,Budget,Oct,1708020255,2.0016,0,0.1369
BD+,PJ,2025,Net,Budget,Nov,2752315384,1.6114,0,0.2207
BD+,PJ,2025,Net,Budget,Dec,1149399300,0.4176,0,0.0922
BD+,PJ,2025,Net,Forecast,Jan,36776356,,-593524004,0.0018
BD+,PJ,2025,Net,Forecast,Feb,417886665,11.3629,306111689,0.0202
BD+,PJ,2025,Net,Forecast,Mar,1089880503,2.6081,-273098460,0.0527
BD+,PJ,2025,Net,Forecast,Apr,826951974,0.7588,-158703924,0.04
BD+,PJ,2025,Net,Forecast,May,2860104876,3.4586,1948462820,0.1383
BD+,PJ,2025,Net,Forecast,Jun,4742695256,1.6582,4281384129,0.2293
BD+,PJ,2025,Net,Forecast,Jul,1582977481,0.3338,958709703,0.0765
BD+,PJ,2025,Net,Forecast,Aug,340294251,0.215,-581086135,0.0164
BD+,PJ,2025,Net,Forecast,Sep,1308695530,3.8458,455379751,0.0633
BD+,PJ,2025,Net,Forecast,Oct,1205716950,0.9213,-502303305,0.0583
BD+,PJ,2025,Net,Forecast,Nov,3276684936,2.7176,524369552,0.1584
BD+,PJ,2025,Net,Forecast,Dec,2998134141,0.915,1848734841,0.1449
BD+,PJ,2025,Op,Actual,Jan,448520000,,388758177,0.0198
BD+,PJ,2025,Op,Actual,Feb,291760000,0.6505,64812644,0.0129
BD+,PJ,2025,Op,Actual,Mar,1376470000,4.7178,-13169350,0.0608
BD+,PJ,2025,Op,Actual,Apr,1444630000,1.0495,-375632772,0.0638
BD+,PJ,2025,Op,Actual,May,1929350000,1.3355,-870942496,0.0852
BD+,PJ,2025,Op,Actual,Jun,5842285800,3.0281,-2179240845,0.258
BD+,PJ,2025,Op,Actual,Jul,1126020000,0.1927,-461389435,0.0497
BD+,PJ,2025,Op,Actual,Aug,1323950000,1.1758,426000762,0.0585
BD+,PJ,2025,Op,Actual,Sep,2175845500,1.6434,-989797942,0.0961
BD+,PJ,2025,Op,Actual,Oct,1148242100,0.5277,10271318,0.0507
BD+,PJ,2025,Op,Actual,Nov,2754985500,2.3993,1619416878,0.1217
BD+,PJ,2025,Op,Actual,Dec,2778794800,1.0086,264120805,0.1227
BD+,PJ,2025,Op,Budget,Jan,59761823,,0,0.0024
BD+,PJ,2025,Op,Budget,Feb,226947356,3.7975,0,0.0092
BD+,PJ,2025,Op,Budget,Mar,1389639350,6.1232,0,0.0561
BD+,PJ,2025,Op,Budget,Apr,1820262772,1.3099,0,0.0735
BD+,PJ,2025,Op,Budget,May,2800292496,1.5384,0,0.1131
BD+,PJ,2025,Op,Budget,Jun,8021526645,2.8645,0,0.324
BD+,PJ,2025,Op,Budget,Jul,1587409435,0.1979,0,0.0641
BD+,PJ,2025,Op,Budget,Aug,897949238,0.5657,0,0.0363
BD+,PJ,2025,Op,Budget,Sep,3165643442,3.5254,0,0.1279
BD+,PJ,2025,Op,Budget,Oct,1137970782,0.3595,0,0.046
BD+,PJ,2025,Op,Budget,Nov,1135568622,0.9979,0,0.0459
BD+,PJ,2025,Op,Budget,Dec,2514673995,2.2145,0,0.1016
BD+,PJ,2025,Op,Forecast,Jan,524458406,,464696583,0.0233
BD+,PJ,2025,Op,Forecast,Feb,84396630,0.1609,-142550726,0.0038
BD+,PJ,2025,Op,Forecast,Mar,1631642175,19.333,242002825,0.0726
BD+,PJ,2025,Op,Forecast,Apr,2023777533,1.2403,203514761,0.09
BD+,PJ,2025,Op,Forecast,May,2411739925,1.1917,-388552571,0.1073
BD+,PJ,2025,Op,Forecast,Jun,8091029246,3.3549,69502601,0.3599
BD+,PJ,2025,Op,Forecast,Jul,1656357293,0.2047,68947858,0.0737
BD+,PJ,2025,Op,Forecast,Aug,1542473468,0.9312,644524230,0.0686
BD+,PJ,2025,Op,Forecast,Sep,2141692314,1.3885,-1023951128,0.0953
BD+,PJ,2025,Op,Forecast,Oct,678185370,0.3167,-459785412,0.0302
BD+,PJ,2025,Op,Forecast,Nov,389652547,0.5746,-745916075,0.0173
BD+,PJ,2025,Op,Forecast,Dec,1307469234,3.3555,-1207204761,0.0582
CE,CDE,2024,Gross,Actual,Jan,148989824,,-139447315,0.0053
CE,CDE,2024,Gross,Actual,Feb,952010641,6.3898,216663754,0.0338
CE,CDE,2024,Gross,Actual,Mar,4441725288,4.6656,3187548055,0.1579
CE,CDE,2024,Gross,Actual,Apr,1188836499,0.2677,944496250,0.0423
CE,CDE,2024,Gross,Actual,May,402663823,0.3387,-336648984,0.0143
CE,CDE,2024,Gross,Actual,Jun,3704573782,9.2002,-112090581,0.1317
CE,CDE,2024,Gross,Actual,Jul,3470496245,0.9368,2739892908,0.1234
CE,CDE,2024,Gross,Actual,Aug,973624983,0.2805,-1545793461,0.0346
CE,CDE,2024,Gross,Actual,Sep,4000662936,4.109,-1628561769,0.1422
CE,CDE,2024,Gross,Actual,Oct,2779627512,0.6948,-3515707299,0.0988
CE,CDE,2024,Gross,Actual,Nov,5684421066,2.045,1856239364,0.2021
CE,CDE,2024,Gross,Actual,Dec,382006459,0.0672,123980461,0.0136
CE,CDE,2024,Gross,Budget,Jan,288437139,,0,0.011
CE,CDE,2024,Gross,Budget,Feb,735346887,2.5494,0,0.0279
CE,CDE,2024,Gross,Budget,Mar,1254177233,1.7056,0,0.0476
CE,CDE,2024,Gross,Budget,Apr,244340249,0.1948,0,0.0093
CE,CDE,2024,Gross,Budget,May,739312807,3.0258,0,0.0281
CE,CDE,2024,Gross,Budget,Jun,3816664363,5.1624,0,0.1449
CE,CDE,2024,Gross,Budget,Jul,730603337,0.1914,0,0.0277
CE,CDE,2024,Gross,Budget,Aug,2519418444,3.4484,0,0.0957
CE,CDE,2024,Gross,Budget,Sep,5629224705,2.2343,0,0.2137
CE,CDE,2024,Gross,Budget,Oct,6295334811,1.1183,0,0.239
CE,CDE,2024,Gross,Budget,Nov,3828181702,0.6081,0,0.1453
CE,CDE,2024,Gross,Budget,Dec,258025998,0.0674,0,0.0098
CE,CDE,2024,Gross,Forecast,Jan,726624466,,438187327,0.0283
CE,CDE,2024,Gross,Forecast,Feb,71101456,0.0979,-664245431,0.0028
CE,CDE,2024,Gross,Forecast,Mar,4406206316,61.9707,3152029083,0.1718
CE,CDE,2024,Gross,Forecast,Apr,2250819589,0.5108,2006479340,0.0878
CE,CDE,2024,Gross,Forecast,May,26947153,0.012,-712365654,0.0011
CE,CDE,2024,Gross,Forecast,Jun,1026812324,38.1047,-2789852039,0.04
CE,CDE,2024,Gross,Forecast,Jul,3074191845,2.9939,2343588508,0.1199
CE,CDE,2024,Gross,Forecast,Aug,2691773490,0.8756,172355046,0.105
CE,CDE,2024,Gross,Forecast,Sep,6270015170,2.3293,640790465,0.2445
CE,CDE,2024,Gross,Forecast,Oct,1225282174,0.1954,-5070052637,0.0478
CE,CDE,2024,Gross,Forecast,Nov,3697206273,3.0174,-130975429,0.1442
CE,CDE,2024,Gross,Forecast,Dec,174968502,0.0473,-83057496,0.0068
CE,CDE,2024,Net,Actual,Jan,1000871174,,118455482,0.0546
CE,CDE,2024,Net,Actual,Feb,450360981,0.45,-1489174675,0.0245
CE,CDE,2024,Net,Actual,Mar,1944499863,4.3176,-3824261851,0.106
CE,CDE,2024,Net,Actual,Apr,1773745845,0.9122,-564285889,0.0967
CE,CDE,2024,Net,Actual,May,302595119,0.1706,109150600,0.0165
CE,CDE,2024,Net,Actual,Jun,691285017,2.2845,632460795,0.0377
CE,CDE,2024,Net,Actual,Jul,917869362,1.3278,-725658139,0.05
CE,CDE,2024,Net,Actual,Aug,234085865,0.255,-1129084333,0.0128
CE,CDE,2024,Net,Actual,Sep,5001269715,21.3651,-1538468458,0.2726
CE,CDE,2024,Net,Actual,Oct,1761118195,0.3521,-1792291102,0.096
CE,CDE,2024,Net,Actual,Nov,3347745810,1.9009,1471565621,0.1825
CE,CDE,2024,Net,Actual,Dec,921519567,0.2753,-393248402,0.0502
CE,CDE,2024,Net,Budget,Jan,882415692,,0,0.0321
CE,CDE,2024,Net,Budget,Feb,1939535656,2.198,0,0.0706
CE,CDE,2024,Net,Budget,Mar,5768761714,2.9743,0,0.21
CE,CDE,2024,Net,Budget,Apr,2338031734,0.4053,0,0.0851
CE,CDE,2024,Net,Budget,May,193444519,0.0827,0,0.007
CE,CDE,2024,Net,Budget,Jun,58824222,0.3041,0,0.0021
CE,CDE,2024,Net,Budget,Jul,1643527501,27.9396,0,0.0598
CE,CDE,2024,Net,Budget,Aug,1363170198,0.8294,0,0.0496
CE,CDE,2024,Net,Budget,Sep,6539738173,4.7974,0,0.2381
CE,CDE,2024,Net,Budget,Oct,3553409297,0.5434,0,0.1293
CE,CDE,2024,Net,Budget,Nov,1876180189,0.528,0,0.0683
CE,CDE,2024,Net,Budget,Dec,1314767969,0.7008,0,0.0479
CE,CDE,2024,Net,Forecast,Jan,1142032729,,259617037,0.0624
CE,CDE,2024,Net,Forecast,Feb,850432743,0.7447,-1089102913,0.0465
CE,CDE,2024,Net,Forecast,Mar,2425614212,2.8522,-3343147502,0.1326
CE,CDE,2024,Net,Forecast,Apr,2417111636,0.9965,79079902,0.1321
CE,CDE,2024,Net,Forecast,May,951709383,0.3937,758264864,0.052
CE,CDE,2024,Net,Forecast,Jun,342792481,0.3602,283968259,0.0187
CE,CDE,2024,Net,Forecast,Jul,1135179277,3.3116,-508348224,0.0621
CE,CDE,2024,Net,Forecast,Aug,550738424,0.4852,-812431774,0.0301
CE,CDE,2024,Net,Forecast,Sep,1623868651,2.9485,-4915869522,0.0888
CE,CDE,2024,Net,Forecast,Oct,3129977839,1.9275,-423431458,0.1711
CE,CDE,2024,Net,Forecast,Nov,2920103415,0.9329,1043923226,0.1596
CE,CDE,2024,Net,Forecast,Dec,802483858,0.2748,-512284111,0.0439
CE,CDE,2024,Op,Actual,Jan,1320194126,,682672860,0.0498
CE,CDE,2024,Op,Actual,Feb,1826563507,1.3836,86731246,0.0689
CE,CDE,2024,Op,Actual,Mar,4256430488,2.3303,3982949285,0.1605
CE,CDE,2024,Op,Actual,Apr,2973593161,0.6986,745507926,0.1121
CE,CDE,2024,Op,Actual,May,440848266,0.1483,-28919378,0.0166
CE,CDE,2024,Op,Actual,Jun,3157911884,7.1633,2586167139,0.1191
CE,CDE,2024,Op,Actual,Jul,902680596,0.2858,742579690,0.034
CE,CDE,2024,Op,Actual,Aug,2529712453,2.8024,714226278,0.0954
CE,CDE,2024,Op,Actual,Sep,2284742555,0.9032,-197490712,0.0862
CE,CDE,2024,Op,Actual,Oct,3893873163,1.7043,1953458801,0.1468
CE,CDE,2024,Op,Actual,Nov,2863617013,0.7354,40899106,0.108
CE,CDE,2024,Op,Actual,Dec,69624962,0.0243,-1132370287,0.0026
CE,CDE,2024,Op,Budget,Jan,637521266,,0,0.039
CE,CDE,2024,Op,Budget,Feb,1739832261,2.7291,0,0.1065
CE,CDE,2024,Op,Budget,Mar,273481203,0.1572,0,0.0167
CE,CDE,2024,Op,Budget,Apr,2228085235,8.1471,0,0.1363
CE,CDE,2024,Op,Budget,May,469767644,0.2108,0,0.0287
CE,CDE,2024,Op,Budget,Jun,571744745,1.2171,0,0.035
CE,CDE,2024,Op,Budget,Jul,160100906,0.28,0,0.0098
CE,CDE,2024,Op,Budget,Aug,1815486175,11.3396,0,0.1111
CE,CDE,2024,Op,Budget,Sep,2482233267,1.3673,0,0.1519
CE,CDE,2024,Op,Budget,Oct,1940414362,0.7817,0,0.1187
CE,CDE,2024,Op,Budget,Nov,2822717907,1.4547,0,0.1727
CE,CDE,2024,Op,Budget,Dec,1201995249,0.4258,0,0.0735
CE,CDE,2024,Op,Forecast,Jan,1576208163,,938686897,0.0658
CE,CDE,2024,Op,Forecast,Feb,29492998,0.0187,-1710339263,0.0012
CE,CDE,2024,Op,Forecast,Mar,2011326077,68.1967,1737844874,0.084
CE,CDE,2024,Op,Forecast,Apr,371012084,0.1845,-1857073151,0.0155
CE,CDE,2024,Op,Forecast,May,859974293,2.3179,390206649,0.0359
CE,CDE,2024,Op,Forecast,Jun,3983320264,4.6319,3411575519,0.1663
CE,CDE,2024,Op,Forecast,Jul,113380316,0.0285,-46720590,0.0047
CE,CDE,2024,Op,Forecast,Aug,1534871590,13.5374,-280614585,0.0641
CE,CDE,2024,Op,Forecast,Sep,5587711408,3.6405,3105478141,0.2332
CE,CDE,2024,Op,Forecast,Oct,4899632059,0.8769,2959217697,0.2045
CE,CDE,2024,Op,Forecast,Nov,2112326515,0.4311,-710391392,0.0882
CE,CDE,2024,Op,Forecast,Dec,877353859,0.4153,-324641390,0.0366
CE,CDE,2025,Gross,Actual,Jan,1649775093,,984899471,0.0569
CE,CDE,2025,Gross,Actual,Feb,899275797,0.5451,895982060,0.031
CE,CDE,2025,Gross,Actual,Mar,4142237412,4.6062,-744912315,0.143
CE,CDE,2025,Gross,Actual,Apr,1206318607,0.2912,364627444,0.0416
CE,CDE,2025,Gross,Actual,May,677353318,0.5615,451124769,0.0234
CE,CDE,2025,Gross,Actual,Jun,874488859,1.291,-3386850458,0.0302
CE,CDE,2025,Gross,Actual,Jul,827696530,0.9465,-1354207743,0.0286
CE,CDE,2025,Gross,Actual,Aug,196558008,0.2375,-1152181505,0.0068
CE,CDE,2025,Gross,Actual,Sep,4865798929,24.755,2403666943,0.168
CE,CDE,2025,Gross,Actual,Oct,7027278685,1.4442,134862812,0.2426
CE,CDE,2025,Gross,Actual,Nov,6353678100,0.9041,2969940537,0.2193
CE,CDE,2025,Gross,Actual,Dec,248816442,0.0392,-840654841,0.0086
CE,CDE,2025,Gross,Budget,Jan,664875622,,0,0.0235
CE,CDE,2025,Gross,Budget,Feb,3293737,0.005,0,0.0001
CE,CDE,2025,Gross,Budget,Mar,4887149727,1483.7705,0,0.173
CE,CDE,2025,Gross,Budget,Apr,841691163,0.1722,0,0.0298
CE,CDE,2025,Gross,Budget,May,226228549,0.2688,0,0.008
CE,CDE,2025,Gross,Budget,Jun,4261339317,18.8364,0,0.1509
CE,CDE,2025,Gross,Budget,Jul,2181904273,0.512,0,0.0773
CE,CDE,2025,Gross,Budget,Aug,1348739513,0.6181,0,0.0478
CE,CDE,2025,Gross,Budget,Sep,2462131986,1.8255,0,0.0872
CE,CDE,2025,Gross,Budget,Oct,6892415873,2.7994,0,0.244
CE,CDE,2025,Gross,Budget,Nov,3383737563,0.4909,0,0.1198
CE,CDE,2025,Gross,Budget,Dec,1089471283,0.322,0,0.0386
CE,CDE,2025,Gross,Forecast,Jan,1622756528,,957880906,0.1018
CE,CDE,2025,Gross,Forecast,Feb,1082732368,0.6672,1079438631,0.0679
CE,CDE,2025,Gross,Forecast,Mar,115515320,0.1067,-4771634407,0.0072
CE,CDE,2025,Gross,Forecast,Apr,634365073,5.4916,-207326090,0.0398
CE,CDE,2025,Gross,Forecast,May,129629788,0.2043,-96598761,0.0081
CE,CDE,2025,Gross,Forecast,Jun,3794553207,29.2722,-466786110,0.2381
CE,CDE,2025,Gross,Forecast,Jul,2962964094,0.7808,781059821,0.1859
CE,CDE,2025,Gross,Forecast,Aug,808651172,0.2729,-540088341,0.0507
CE,CDE,2025,Gross,Forecast,Sep,94425235,0.1168,-2367706751,0.0059
CE,CDE,2025,Gross,Forecast,Oct,2029736825,21.4957,-4862679048,0.1274
CE,CDE,2025,Gross,Forecast,Nov,2307040352,1.1366,-1076697211,0.1448
CE,CDE,2025,Gross,Forecast,Dec,355123974,0.1539,-734347309,0.0223
CE,CDE,2025,Net,Actual,Jan,91413475,,-877230860,0.0031
CE,CDE,2025,Net,Actual,Feb,925097802,10.1199,878356607,0.0317
CE,CDE,2025,Net,Actual,Mar,5243525468,5.6681,552115226,0.1799
CE,CDE,2025,Net,Actual,Apr,2451895187,0.4676,-330067660,0.0841
CE,CDE,2025,Net,Actual,May,779400258,0.3179,-121139760,0.0267
CE,CDE,2025,Net,Actual,Jun,673682483,0.8644,353731192,0.0231
CE,CDE,2025,Net,Actual,Jul,866316558,1.2859,719387553,0.0297
CE,CDE,2025,Net,Actual,Aug,2556510198,2.951,97392759,0.0877
CE,CDE,2025,Net,Actual,Sep,6283586872,2.4579,2196602020,0.2156
CE,CDE,2025,Net,Actual,Oct,5750336067,0.9151,4167465579,0.1973
CE,CDE,2025,Net,Actual,Nov,2842924113,0.4944,-2640303772,0.0975
CE,CDE,2025,Net,Actual,Dec,681887592,0.2399,81798265,0.0234
CE,CDE,2025,Net,Budget,Jan,968644335,,0,0.0402
CE,CDE,2025,Net,Budget,Feb,46741195,0.0483,0,0.0019
CE,CDE,2025,Net,Budget,Mar,4691410242,100.3699,0,0.1949
CE,CDE,2025,Net,Budget,Apr,2781962847,0.593,0,0.1156
CE,CDE,2025,Net,Budget,May,900540018,0.3237,0,0.0374
CE,CDE,2025,Net,Budget,Jun,319951291,0.3553,0,0.0133
CE,CDE,2025,Net,Budget,Jul,146929005,0.4592,0,0.0061
CE,CDE,2025,Net,Budget,Aug,2459117439,16.7368,0,0.1022
CE,CDE,2025,Net,Budget,Sep,4086984852,1.662,0,0.1698
CE,CDE,2025,Net,Budget,Oct,1582870488,0.3873,0,0.0658
CE,CDE,2025,Net,Budget,Nov,5483227885,3.4641,0,0.2278
CE,CDE,2025,Net,Budget,Dec,600089327,0.1094,0,0.0249
CE,CDE,2025,Net,Forecast,Jan,564342109,,-404302226,0.0262
CE,CDE,2025,Net,Forecast,Feb,2018559193,3.5768,1971817998,0.0938
CE,CDE,2025,Net,Forecast,Mar,3064303013,1.5181,-1627107229,0.1424
CE,CDE,2025,Net,Forecast,Apr,2321700785,0.7577,-460262062,0.1079
CE,CDE,2025,Net,Forecast,May,157974869,0.068,-742565149,0.0073
CE,CDE,2025,Net,Forecast,Jun,1292488342,8.1816,972537051,0.0601
CE,CDE,2025,Net,Forecast,Jul,141257161,0.1093,-5671844,0.0066
CE,CDE,2025,Net,Forecast,Aug,498501118,3.529,-1960616321,0.0232
CE,CDE,2025,Net,Forecast,Sep,4141978779,8.3089,54993927,0.1925
CE,CDE,2025,Net,Forecast,Oct,3891198256,0.9395,2308327768,0.1809
CE,CDE,2025,Net,Forecast,Nov,2718438922,0.6986,-2764788963,0.1264
CE,CDE,2025,Net,Forecast,Dec,703574415,0.2588,103485088,0.0327
CE,CDE,2025,Op,Actual,Jan,215770913,,-1300204848,0.0097
CE,CDE,2025,Op,Actual,Feb,800871126,3.7117,224650318,0.0359
CE,CDE,2025,Op,Actual,Mar,5530335507,6.9054,2992397827,0.2476
CE,CDE,2025,Op,Actual,Apr,87293130,0.0158,-2651003355,0.0039
CE,CDE,2025,Op,Actual,May,773320360,8.8589,762484748,0.0346
CE,CDE,2025,Op,Actual,Jun,3386702336,4.3794,2682805394,0.1517
CE,CDE,2025,Op,Actual,Jul,1836634165,0.5423,-351096122,0.0822
CE,CDE,2025,Op,Actual,Aug,410611373,0.2236,-1049258367,0.0184
CE,CDE,2025,Op,Actual,Sep,2491842315,6.0686,710968617,0.1116
CE,CDE,2025,Op,Actual,Oct,4405836751,1.7681,3330621639,0.1973
CE,CDE,2025,Op,Actual,Nov,1031572365,0.2341,163323142,0.0462
CE,CDE,2025,Op,Actual,Dec,1360843031,1.3192,1196623864,0.0609
CE,CDE,2025,Op,Budget,Jan,1515975761,,0,0.0971
CE,CDE,2025,Op,Budget,Feb,576220808,0.3801,0,0.0369
CE,CDE,2025,Op,Budget,Mar,2537937680,4.4045,0,0.1625
CE,CDE,2025,Op,Budget,Apr,2738296485,1.0789,0,0.1753
CE,CDE,2025,Op,Budget,May,10835612,0.004,0,0.0007
CE,CDE,2025,Op,Budget,Jun,703896942,64.9614,0,0.0451
CE,CDE,2025,Op,Budget,Jul,2187730287,3.108,0,0.1401
CE,CDE,2025,Op,Budget,Aug,1459869740,0.6673,0,0.0935
CE,CDE,2025,Op,Budget,Sep,1780873698,1.2199,0,0.114
CE,CDE,2025,Op,Budget,Oct,1075215112,0.6038,0,0.0688
CE,CDE,2025,Op,Budget,Nov,868249223,0.8075,0,0.0556
CE,CDE,2025,Op,Budget,Dec,164219167,0.1891,0,0.0105
CE,CDE,2025,Op,Forecast,Jan,1585974542,,69998781,0.0816
CE,CDE,2025,Op,Forecast,Feb,1531756556,0.9658,955535748,0.0788
CE,CDE,2025,Op,Forecast,Mar,2819111153,1.8404,281173473,0.1451
CE,CDE,2025,Op,Forecast,Apr,579835804,0.2057,-2158460681,0.0298
CE,CDE,2025,Op,Forecast,May,281130843,0.4848,270295231,0.0145
CE,CDE,2025,Op,Forecast,Jun,4341870427,15.4443,3637973485,0.2234
CE,CDE,2025,Op,Forecast,Jul,1960418394,0.4515,-227311893,0.1009
CE,CDE,2025,Op,Forecast,Aug,2196715488,1.1205,736845748,0.113
CE,CDE,2025,Op,Forecast,Sep,1322642789,0.6021,-458230909,0.0681
CE,CDE,2025,Op,Forecast,Oct,886991126,0.6706,-188223986,0.0456
CE,CDE,2025,Op,Forecast,Nov,1325162009,1.494,456912786,0.0682
CE,CDE,2025,Op,Forecast,Dec,602738518,0.4548,438519351,0.031
CE,PJ,2024,Gross,Actual,Jan,403593494,,-58744891,0.02
CE,PJ,2024,Gross,Actual,Feb,1354707239,3.3566,335396479,0.0672
CE,PJ,2024,Gross,Actual,Mar,1266230439,0.9347,18423224,0.0628
CE,PJ,2024,Gross,Actual,Apr,2915501541,2.3025,445660387,0.1446
CE,PJ,2024,Gross,Actual,May,1002221119,0.3438,721866781,0.0497
CE,PJ,2024,Gross,Actual,Jun,4021369714,4.0125,1891795667,0.1994
CE,PJ,2024,Gross,Actual,Jul,3877739650,0.9643,3008976814,0.1923
CE,PJ,2024,Gross,Actual,Aug,7631330,0.002,-1649762245,0.0004
CE,PJ,2024,Gross,Actual,Sep,1451746919,190.2351,806506984,0.072
CE,PJ,2024,Gross,Actual,Oct,1433825664,0.9877,-6479565831,0.0711
CE,PJ,2024,Gross,Actual,Nov,1650164400,1.1509,-2861733118,0.0818
CE,PJ,2024,Gross,Actual,Dec,779991925,0.4727,242473003,0.0387
CE,PJ,2024,Gross,Budget,Jan,462338385,,0,0.0195
CE,PJ,2024,Gross,Budget,Feb,1019310760,2.2047,0,0.0429
CE,PJ,2024,Gross,Budget,Mar,1247807215,1.2242,0,0.0526
CE,PJ,2024,Gross,Budget,Apr,2469841154,1.9793,0,0.104
CE,PJ,2024,Gross,Budget,May,280354338,0.1135,0,0.0118
CE,PJ,2024,Gross,Budget,Jun,2129574047,7.596,0,0.0897
CE,PJ,2024,Gross,Budget,Jul,868762836,0.408,0,0.0366
CE,PJ,2024,Gross,Budget,Aug,1657393575,1.9078,0,0.0698
CE,PJ,2024,Gross,Budget,Sep,645239935,0.3893,0,0.0272
CE,PJ,2024,Gross,Budget,Oct,7913391495,12.2643,0,0.3333
CE,PJ,2024,Gross,Budget,Nov,4511897518,0.5702,0,0.19
CE,PJ,2024,Gross,Budget,Dec,537518922,0.1191,0,0.0226
CE,PJ,2024,Gross,Forecast,Jan,496163502,,33825117,0.0243
CE,PJ,2024,Gross,Forecast,Feb,687465361,1.3856,-331845399,0.0337
CE,PJ,2024,Gross,Forecast,Mar,1095637725,1.5937,-152169490,0.0536
CE,PJ,2024,Gross,Forecast,Apr,2326202989,2.1231,-143638165,0.1139
CE,PJ,2024,Gross,Forecast,May,113535855,0.0488,-166818483,0.0056
CE,PJ,2024,Gross,Forecast,Jun,2015433274,17.7515,-114140773,0.0987
CE,PJ,2024,Gross,Forecast,Jul,420486091,0.2086,-448276745,0.0206
CE,PJ,2024,Gross,Forecast,Aug,24509567,0.0583,-1632884008,0.0012
CE,PJ,2024,Gross,Forecast,Sep,6862929937,280.0102,6217690002,0.336
CE,PJ,2024,Gross,Forecast,Oct,4625565463,0.674,-3287826032,0.2265
CE,PJ,2024,Gross,Forecast,Nov,558332053,0.1207,-3953565465,0.0273
CE,PJ,2024,Gross,Forecast,Dec,1197359324,2.1445,659840402,0.0586
CE,PJ,2024,Net,Actual,Jan,677376188,,48475383,0.0446
CE,PJ,2024,Net,Actual,Feb,1134106188,1.6743,1132505146,0.0747
CE,PJ,2024,Net,Actual,Mar,236071241,0.2082,-2539016659,0.0156
CE,PJ,2024,Net,Actual,Apr,1848833232,7.8317,-684960097,0.1218
CE,PJ,2024,Net,Actual,May,639452105,0.3459,-255063833,0.0421
CE,PJ,2024,Net,Actual,Jun,1176164544,1.8393,965516290,0.0775
CE,PJ,2024,Net,Actual,Jul,148153056,0.126,-2615718857,0.0098
CE,PJ,2024,Net,Actual,Aug,417836080,2.8203,-608606857,0.0275
CE,PJ,2024,Net,Actual,Sep,3186058295,7.6251,-1130433293,0.21
CE,PJ,2024,Net,Actual,Oct,1768456993,0.5551,-471040112,0.1166
CE,PJ,2024,Net,Actual,Nov,3270176138,1.8492,-197958537,0.2155
CE,PJ,2024,Net,Actual,Dec,670638494,0.2051,-576625188,0.0442
CE,PJ,2024,Net,Budget,Jan,628900805,,0,0.0284
CE,PJ,2024,Net,Budget,Feb,1601042,0.0025,0,0.0001
CE,PJ,2024,Net,Budget,Mar,2775087900,1733.3011,0,0.1255
CE,PJ,2024,Net,Budget,Apr,2533793329,0.913,0,0.1146
CE,PJ,2024,Net,Budget,May,894515938,0.353,0,0.0405
CE,PJ,2024,Net,Budget,Jun,210648254,0.2355,0,0.0095
CE,PJ,2024,Net,Budget,Jul,2763871913,13.1208,0,0.125
CE,PJ,2024,Net,Budget,Aug,1026442937,0.3714,0,0.0464
CE,PJ,2024,Net,Budget,Sep,4316491588,4.2053,0,0.1953
CE,PJ,2024,Net,Budget,Oct,2239497105,0.5188,0,0.1013
CE,PJ,2024,Net,Budget,Nov,3468134675,1.5486,0,0.1569
CE,PJ,2024,Net,Budget,Dec,1247263682,0.3596,0,0.0564
CE,PJ,2024,Net,Forecast,Jan,1728435945,,1099535140,0.1029
CE,PJ,2024,Net,Forecast,Feb,1842497121,1.066,1840896079,0.1097
CE,PJ,2024,Net,Forecast,Mar,920472096,0.4996,-1854615804,0.0548
CE,PJ,2024,Net,Forecast,Apr,433865833,0.4714,-2099927496,0.0258
CE,PJ,2024,Net,Forecast,May,984958745,2.2702,90442807,0.0586
CE,PJ,2024,Net,Forecast,Jun,2680702080,2.7216,2470053826,0.1596
CE,PJ,2024,Net,Forecast,Jul,1906969954,0.7114,-856901959,0.1135
CE,PJ,2024,Net,Forecast,Aug,2297579529,1.2048,1271136592,0.1368
CE,PJ,2024,Net,Forecast,Sep,76018498,0.0331,-4240473090,0.0045
CE,PJ,2024,Net,Forecast,Oct,3251035095,42.7664,1011537990,0.1935
CE,PJ,2024,Net,Forecast,Nov,323301746,0.0994,-3144832929,0.0192
CE,PJ,2024,Net,Forecast,Dec,354803439,1.0974,-892460243,0.0211
CE,PJ,2024,Op,Actual,Jan,242415650,,-717541646,0.0126
CE,PJ,2024,Op,Actual,Feb,760771659,3.1383,450326511,0.0394
CE,PJ,2024,Op,Actual,Mar,928782496,1.2208,-4675930029,0.0482
CE,PJ,2024,Op,Actual,Apr,1631126952,1.7562,387782262,0.0846
CE,PJ,2024,Op,Actual,May,477467478,0.2927,265883768,0.0248
CE,PJ,2024,Op,Actual,Jun,1415923566,2.9655,1091089452,0.0734
CE,PJ,2024,Op,Actual,Jul,2206742790,1.5585,1623032927,0.1144
CE,PJ,2024,Op,Actual,Aug,1860527119,0.8431,788436640,0.0965
CE,PJ,2024,Op,Actual,Sep,4635945554,2.4917,-1939225752,0.2404
CE,PJ,2024,Op,Actual,Oct,1907019501,0.4114,-2017359289,0.0989
CE,PJ,2024,Op,Actual,Nov,2760367171,1.4475,-670079077,0.1431
CE,PJ,2024,Op,Actual,Dec,460447341,0.1668,-598538161,0.0239
CE,PJ,2024,Op,Budget,Jan,959957296,,0,0.0379
CE,PJ,2024,Op,Budget,Feb,310445148,0.3234,0,0.0123
CE,PJ,2024,Op,Budget,Mar,5604712525,18.0538,0,0.2215
CE,PJ,2024,Op,Budget,Apr,1243344690,0.2218,0,0.0491
CE,PJ,2024,Op,Budget,May,211583710,0.1702,0,0.0084
CE,PJ,2024,Op,Budget,Jun,324834114,1.5353,0,0.0128
CE,PJ,2024,Op,Budget,Jul,583709863,1.7969,0,0.0231
CE,PJ,2024,Op,Budget,Aug,1072090479,1.8367,0,0.0424
CE,PJ,2024,Op,Budget,Sep,6575171306,6.133,0,0.2599
CE,PJ,2024,Op,Budget,Oct,3924378790,0.5968,0,0.1551
CE,PJ,2024,Op,Budget,Nov,3430446248,0.8741,0,0.1356
CE,PJ,2024,Op,Budget,Dec,1058985502,0.3087,0,0.0419
CE,PJ,2024,Op,Forecast,Jan,699004842,,-260952454,0.041
CE,PJ,2024,Op,Forecast,Feb,637100497,0.9114,326655349,0.0373
CE,PJ,2024,Op,Forecast,Mar,4253525166,6.6764,-1351187359,0.2492
CE,PJ,2024,Op,Forecast,Apr,671631008,0.1579,-571713682,0.0394
CE,PJ,2024,Op,Forecast,May,154472670,0.23,-57111040,0.0091
CE,PJ,2024,Op,Forecast,Jun,3205310154,20.75,2880476040,0.1878
CE,PJ,2024,Op,Forecast,Jul,2400051239,0.7488,1816341376,0.1406
CE,PJ,2024,Op,Forecast,Aug,246770619,0.1028,-825319860,0.0145
CE,PJ,2024,Op,Forecast,Sep,210036892,0.8511,-6365134414,0.0123
CE,PJ,2024,Op,Forecast,Oct,2386686797,11.3632,-1537691993,0.1399
CE,PJ,2024,Op,Forecast,Nov,919632382,0.3853,-2510813866,0.0539
CE,PJ,2024,Op,Forecast,Dec,1281450418,1.3934,222464916,0.0751
CE,PJ,2025,Gross,Actual,Jan,1597470000,,1394186066,0.0471
CE,PJ,2025,Gross,Actual,Feb,988880000,0.619,634705930,0.0292
CE,PJ,2025,Gross,Actual,Mar,4141870000,4.1884,-244650121,0.1222
CE,PJ,2025,Gross,Actual,Apr,2102330000,0.5076,1593624027,0.062
CE,PJ,2025,Gross,Actual,May,671620000,0.3195,498309334,0.0198
CE,PJ,2025,Gross,Actual,Jun,2932770000,4.3667,300264764,0.0865
CE,PJ,2025,Gross,Actual,Jul,2617510000,0.8925,-127556074,0.0772
CE,PJ,2025,Gross,Actual,Aug,1822920000,0.6964,774964079,0.0538
CE,PJ,2025,Gross,Actual,Sep,5795430000,3.1792,1414405673,0.171
CE,PJ,2025,Gross,Actual,Oct,5590910000,0.9647,-158870096,0.165
CE,PJ,2025,Gross,Actual,Nov,4779080000,0.8548,-1224273944,0.141
CE,PJ,2025,Gross,Actual,Dec,846580000,0.1771,283020421,0.025
CE,PJ,2025,Gross,Budget,Jan,203283934,,0,0.0071
CE,PJ,2025,Gross,Budget,Feb,354174070,1.7423,0,0.0123
CE,PJ,2025,Gross,Budget,Mar,4386520121,12.3852,0,0.1526
CE,PJ,2025,Gross,Budget,Apr,508705973,0.116,0,0.0177
CE,PJ,2025,Gross,Budget,May,173310666,0.3407,0,0.006
CE,PJ,2025,Gross,Budget,Jun,2632505236,15.1895,0,0.0916
CE,PJ,2025,Gross,Budget,Jul,2745066074,1.0428,0,0.0955
CE,PJ,2025,Gross,Budget,Aug,1047955921,0.3818,0,0.0365
CE,PJ,2025,Gross,Budget,Sep,4381024327,4.1805,0,0.1524
CE,PJ,2025,Gross,Budget,Oct,5749780096,1.3124,0,0.2
CE,PJ,2025,Gross,Budget,Nov,6003353944,1.0441,0,0.2088
CE,PJ,2025,Gross,Budget,Dec,563559579,0.0939,0,0.0196
CE,PJ,2025,Gross,Forecast,Jan,118685508,,-84598426,0.0054
CE,PJ,2025,Gross,Forecast,Feb,470833492,3.9671,116659422,0.0215
CE,PJ,2025,Gross,Forecast,Mar,4822329821,10.2421,435809700,0.22
CE,PJ,2025,Gross,Forecast,Apr,1231814907,0.2554,723108934,0.0562
CE,PJ,2025,Gross,Forecast,May,176647894,0.1434,3337228,0.0081
CE,PJ,2025,Gross,Forecast,Jun,4068971005,23.0344,1436465769,0.1857
CE,PJ,2025,Gross,Forecast,Jul,2374513438,0.5836,-370552636,0.1083
CE,PJ,2025,Gross,Forecast,Aug,1169276613,0.4924,121320692,0.0533
CE,PJ,2025,Gross,Forecast,Sep,2522418729,2.1572,-1858605598,0.1151
CE,PJ,2025,Gross,Forecast,Oct,4486807651,1.7788,-1262972445,0.2047
CE,PJ,2025,Gross,Forecast,Nov,79584650,0.0177,-5923769294,0.0036
CE,PJ,2025,Gross,Forecast,Dec,395303285,4.9671,-168256294,0.018
CE,PJ,2025,Net,Actual,Jan,1384990000,,761299394,0.0457
CE,PJ,2025,Net,Actual,Feb,1481150000,1.0694,1036934536,0.0489
CE,PJ,2025,Net,Actual,Mar,3897700000,2.6315,-393591519,0.1287
CE,PJ,2025,Net,Actual,Apr,2040000000,0.5234,1330821548,0.0674
CE,PJ,2025,Net,Actual,May,668270000,0.3276,6946001,0.0221
CE,PJ,2025,Net,Actual,Jun,2959170000,4.4281,-1262834077,0.0977
CE,PJ,2025,Net,Actual,Jul,2040790000,0.6896,1920202364,0.0674
CE,PJ,2025,Net,Actual,Aug,1801970000,0.883,936202028,0.0595
CE,PJ,2025,Net,Actual,Sep,4613690000,2.5604,2862348199,0.1524
CE,PJ,2025,Net,Actual,Oct,4574840000,0.9916,2356414869,0.1511
CE,PJ,2025,Net,Actual,Nov,3879560000,0.848,660928103,0.1281
CE,PJ,2025,Net,Actual,Dec,939780000,0.2422,183238716,0.031
CE,PJ,2025,Net,Budget,Jan,623690606,,0,0.0314
CE,PJ,2025,Net,Budget,Feb,444215464,0.7122,0,0.0223
CE,PJ,2025,Net,Budget,Mar,4291291519,9.6604,0,0.2158
CE,PJ,2025,Net,Budget,Apr,709178452,0.1653,0,0.0357
CE,PJ,2025,Net,Budget,May,661323999,0.9325,0,0.0333
CE,PJ,2025,Net,Budget,Jun,4222004077,6.3842,0,0.2123
CE,PJ,2025,Net,Budget,Jul,120587636,0.0286,0,0.0061
CE,PJ,2025,Net,Budget,Aug,865767972,7.1796,0,0.0435
CE,PJ,2025,Net,Budget,Sep,1751341801,2.0229,0,0.0881
CE,PJ,2025,Net,Budget,Oct,2218425131,1.2667,0,0.1116
CE,PJ,2025,Net,Budget,Nov,3218631897,1.4509,0,0.1619
CE,PJ,2025,Net,Budget,Dec,756541284,0.2351,0,0.038
CE,PJ,2025,Net,Forecast,Jan,1222784297,,599093691,0.0697
CE,PJ,2025,Net,Forecast,Feb,373834754,0.3057,-70380710,0.0213
CE,PJ,2025,Net,Forecast,Mar,3793941765,10.1487,-497349754,0.2162
CE,PJ,2025,Net,Forecast,Apr,47491605,0.0125,-661686847,0.0027
CE,PJ,2025,Net,Forecast,May,225279528,4.7436,-436044471,0.0128
CE,PJ,2025,Net,Forecast,Jun,3777928218,16.77,-444075859,0.2153
CE,PJ,2025,Net,Forecast,Jul,1717745700,0.4547,1597158064,0.0979
CE,PJ,2025,Net,Forecast,Aug,2294649421,1.3358,1428881449,0.1308
CE,PJ,2025,Net,Forecast,Sep,381196661,0.1661,-1370145140,0.0217
CE,PJ,2025,Net,Forecast,Oct,1942288949,5.0952,-276136182,0.1107
CE,PJ,2025,Net,Forecast,Nov,1163638132,0.5991,-2054993765,0.0663
CE,PJ,2025,Net,Forecast,Dec,606366637,0.5211,-150174647,0.0346
CE,PJ,2025,Op,Actual,Jan,1384990000,,477684089,0.0457
CE,PJ,2025,Op,Actual,Feb,1481150000,1.0694,162631885,0.0489
CE,PJ,2025,Op,Actual,Mar,3897700000,2.6315,-590957884,0.1287
CE,PJ,2025,Op,Actual,Apr,2040000000,0.5234,551292784,0.0674
CE,PJ,2025,Op,Actual,May,668270000,0.3276,327028770,0.0221
CE,PJ,2025,Op,Actual,Jun,2959170000,4.4281,1181939001,0.0977
CE,PJ,2025,Op,Actual,Jul,2040790000,0.6896,485042256,0.0674
CE,PJ,2025,Op,Actual,Aug,1801970000,0.883,901180858,0.0595
CE,PJ,2025,Op,Actual,Sep,4613690000,2.5604,-1890169867,0.1524
CE,PJ,2025,Op,Actual,Oct,4574840000,0.9916,859923657,0.1511
CE,PJ,2025,Op,Actual,Nov,3879560000,0.848,-197409340,0.1281
CE,PJ,2025,Op,Actual,Dec,939780000,0.2422,15231386,0.031
CE,PJ,2025,Op,Budget,Jan,907305911,,0,0.0324
CE,PJ,2025,Op,Budget,Feb,1318518115,1.4532,0,0.0471
CE,PJ,2025,Op,Budget,Mar,4488657884,3.4043,0,0.1603
CE,PJ,2025,Op,Budget,Apr,1488707216,0.3317,0,0.0532
CE,PJ,2025,Op,Budget,May,341241230,0.2292,0,0.0122
CE,PJ,2025,Op,Budget,Jun,1777230999,5.2081,0,0.0635
CE,PJ,2025,Op,Budget,Jul,1555747744,0.8754,0,0.0556
CE,PJ,2025,Op,Budget,Aug,900789142,0.579,0,0.0322
CE,PJ,2025,Op,Budget,Sep,6503859867,7.2202,0,0.2323
CE,PJ,2025,Op,Budget,Oct,3714916343,0.5712,0,0.1327
CE,PJ,2025,Op,Budget,Nov,4076969340,1.0975,0,0.1456
CE,PJ,2025,Op,Budget,Dec,924548614,0.2268,0,0.033
CE,PJ,2025,Op,Forecast,Jan,1602000567,,694694656,0.0652
CE,PJ,2025,Op,Forecast,Feb,1477471103,0.9223,158952988,0.0601
CE,PJ,2025,Op,Forecast,Mar,142464159,0.0964,-4346193725,0.0058
CE,PJ,2025,Op,Forecast,Apr,2602802851,18.2699,1114095635,0.1059
CE,PJ,2025,Op,Forecast,May,380526888,0.1462,39285658,0.0155
CE,PJ,2025,Op,Forecast,Jun,3257686041,8.561,1480455042,0.1325
CE,PJ,2025,Op,Forecast,Jul,1293238815,0.397,-262508929,0.0526
CE,PJ,2025,Op,Forecast,Aug,1230173577,0.9512,329384435,0.05
CE,PJ,2025,Op,Forecast,Sep,2426388623,1.9724,-4077471244,0.0987
CE,PJ,2025,Op,Forecast,Oct,6314890376,2.6026,2599974033,0.2569
CE,PJ,2025,Op,Forecast,Nov,2579022250,0.4084,-1497947090,0.1049
CE,PJ,2025,Op,Forecast,Dec,1275552448,0.4946,351003834,0.0519
CH,CDE,2024,Gross,Actual,Jan,87113334,,-190908725,0.0288
CH,CDE,2024,Gross,Actual,Feb,187153075,2.1484,-58725755,0.0619
CH,CDE,2024,Gross,Actual,Mar,150701432,0.8052,-30117548,0.0499
CH,CDE,2024,Gross,Actual,Apr,253943590,1.6851,-89732799,0.0841
CH,CDE,2024,Gross,Actual,May,187431146,0.7381,172261432,0.062
CH,CDE,2024,Gross,Actual,Jun,60007700,0.3202,-159513935,0.0199
CH,CDE,2024,Gross,Actual,Jul,406351594,6.7717,-74298772,0.1345
CH,CDE,2024,Gross,Actual,Aug,237760490,0.5851,116068681,0.0787
CH,CDE,2024,Gross,Actual,Sep,180293898,0.7583,64540658,0.0597
CH,CDE,2024,Gross,Actual,Oct,588416480,3.2637,571905874,0.1948
CH,CDE,2024,Gross,Actual,Nov,371891438,0.632,5432355,0.1231
CH,CDE,2024,Gross,Actual,Dec,310071862,0.8338,86406408,0.1026
CH,CDE,2024,Gross,Budget,Jan,278022059,,0,0.1066
CH,CDE,2024,Gross,Budget,Feb,245878830,0.8844,0,0.0943
CH,CDE,2024,Gross,Budget,Mar,180818980,0.7354,0,0.0693
CH,CDE,2024,Gross,Budget,Apr,343676389,1.9007,0,0.1318
CH,CDE,2024,Gross,Budget,May,15169714,0.0441,0,0.0058
CH,CDE,2024,Gross,Budget,Jun,219521635,14.471,0,0.0842
CH,CDE,2024,Gross,Budget,Jul,480650366,2.1895,0,0.1843
CH,CDE,2024,Gross,Budget,Aug,121691809,0.2532,0,0.0467
CH,CDE,2024,Gross,Budget,Sep,115753240,0.9512,0,0.0444
CH,CDE,2024,Gross,Budget,Oct,16510606,0.1426,0,0.0063
CH,CDE,2024,Gross,Budget,Nov,366459083,22.1954,0,0.1405
CH,CDE,2024,Gross,Budget,Dec,223665454,0.6103,0,0.0858
CH,CDE,2024,Gross,Forecast,Jan,345565713,,67543654,0.1316
CH,CDE,2024,Gross,Forecast,Feb,177525844,0.5137,-68352986,0.0676
CH,CDE,2024,Gross,Forecast,Mar,349515096,1.9688,168696116,0.1331
CH,CDE,2024,Gross,Forecast,Apr,314382688,0.8995,-29293701,0.1198
CH,CDE,2024,Gross,Forecast,May,138116385,0.4393,122946671,0.0526
CH,CDE,2024,Gross,Forecast,Jun,165445885,1.1979,-54075750,0.063
CH,CDE,2024,Gross,Forecast,Jul,389217963,2.3525,-91432403,0.1483
CH,CDE,2024,Gross,Forecast,Aug,238302478,0.6123,116610669,0.0908
CH,CDE,2024,Gross,Forecast,Sep,98880110,0.4149,-16873130,0.0377
CH,CDE,2024,Gross,Forecast,Oct,283663458,2.8688,267152852,0.1081
CH,CDE,2024,Gross,Forecast,Nov,40252358,0.1419,-326206725,0.0153
CH,CDE,2024,Gross,Forecast,Dec,84130734,2.0901,-139534720,0.032
CH,CDE,2024,Net,Actual,Jan,251966194,,-159598769,0.1406
CH,CDE,2024,Net,Actual,Feb,226242038,0.8979,57882001,0.1262
CH,CDE,2024,Net,Actual,Mar,7879266,0.0348,-274118999,0.0044
CH,CDE,2024,Net,Actual,Apr,34368064,4.3618,1661110,0.0192
CH,CDE,2024,Net,Actual,May,128945525,3.7519,52315715,0.0719
CH,CDE,2024,Net,Actual,Jun,118289959,0.9174,114002965,0.066
CH,CDE,2024,Net,Actual,Jul,13981562,0.1182,-159948629,0.0078
CH,CDE,2024,Net,Actual,Aug,85754645,6.1334,32158980,0.0478
CH,CDE,2024,Net,Actual,Sep,82426873,0.9612,-92114539,0.046
CH,CDE,2024,Net,Actual,Oct,331060165,4.0164,152762563,0.1847
CH,CDE,2024,Net,Actual,Nov,376863762,1.1384,355259280,0.2103
CH,CDE,2024,Net,Actual,Dec,134676570,0.3574,-45436703,0.0751
CH,CDE,2024,Net,Budget,Jan,411564963,,0,0.2342
CH,CDE,2024,Net,Budget,Feb,168360037,0.4091,0,0.0958
CH,CDE,2024,Net,Budget,Mar,281998265,1.675,0,0.1604
CH,CDE,2024,Net,Budget,Apr,32706954,0.116,0,0.0186
CH,CDE,2024,Net,Budget,May,76629810,2.3429,0,0.0436
CH,CDE,2024,Net,Budget,Jun,4286994,0.0559,0,0.0024
CH,CDE,2024,Net,Budget,Jul,173930191,40.5716,0,0.099
CH,CDE,2024,Net,Budget,Aug,53595665,0.3081,0,0.0305
CH,CDE,2024,Net,Budget,Sep,174541412,3.2566,0,0.0993
CH,CDE,2024,Net,Budget,Oct,178297602,1.0215,0,0.1014
CH,CDE,2024,Net,Budget,Nov,21604482,0.1212,0,0.0123
CH,CDE,2024,Net,Budget,Dec,180113273,8.3368,0,0.1025
CH,CDE,2024,Net,Forecast,Jan,30314742,,-381250221,0.012
CH,CDE,2024,Net,Forecast,Feb,155812585,5.1398,-12547452,0.0615
CH,CDE,2024,Net,Forecast,Mar,151439945,0.9719,-130558320,0.0597
CH,CDE,2024,Net,Forecast,Apr,308475727,2.037,275768773,0.1217
CH,CDE,2024,Net,Forecast,May,228836825,0.7418,152207015,0.0903
CH,CDE,2024,Net,Forecast,Jun,393770951,1.7207,389483957,0.1553
CH,CDE,2024,Net,Forecast,Jul,439090081,1.1151,265159890,0.1732
CH,CDE,2024,Net,Forecast,Aug,171330803,0.3902,117735138,0.0676
CH,CDE,2024,Net,Forecast,Sep,86942261,0.5075,-87599151,0.0343
CH,CDE,2024,Net,Forecast,Oct,263511360,3.0309,85213758,0.1039
CH,CDE,2024,Net,Forecast,Nov,215157291,0.8165,193552809,0.0849
CH,CDE,2024,Net,Forecast,Dec,90718323,0.4216,-89394950,0.0358
CH,CDE,2024,Op,Actual,Jan,1918331,,-203719929,0.0024
CH,CDE,2024,Op,Actual,Feb,23395474,12.1957,-46646268,0.0296
CH,CDE,2024,Op,Actual,Mar,46993896,2.0087,-225245392,0.0594
CH,CDE,2024,Op,Actual,Apr,21980355,0.4677,-179239280,0.0278
CH,CDE,2024,Op,Actual,May,100874681,4.5893,-67273198,0.1275
CH,CDE,2024,Op,Actual,Jun,6810132,0.0675,-208906489,0.0086
CH,CDE,2024,Op,Actual,Jul,140374525,20.6126,-23968921,0.1774
CH,CDE,2024,Op,Actual,Aug,48903343,0.3484,27017639,0.0618
CH,CDE,2024,Op,Actual,Sep,44480212,0.9096,-110206536,0.0562
CH,CDE,2024,Op,Actual,Oct,55188385,1.2407,-456505351,0.0698
CH,CDE,2024,Op,Actual,Nov,225090500,4.0786,-57229415,0.2845
CH,CDE,2024,Op,Actual,Dec,75149757,0.3339,-31311334,0.095
CH,CDE,2024,Op,Budget,Jan,205638260,,0,0.0866
CH,CDE,2024,Op,Budget,Feb,70041742,0.3406,0,0.0295
CH,CDE,2024,Op,Budget,Mar,272239288,3.8868,0,0.1147
CH,CDE,2024,Op,Budget,Apr,201219635,0.7391,0,0.0847
CH,CDE,2024,Op,Budget,May,168147879,0.8356,0,0.0708
CH,CDE,2024,Op,Budget,Jun,215716621,1.2829,0,0.0909
CH,CDE,2024,Op,Budget,Jul,164343446,0.7618,0,0.0692
CH,CDE,2024,Op,Budget,Aug,21885704,0.1332,0,0.0092
CH,CDE,2024,Op,Budget,Sep,154686748,7.0679,0,0.0651
CH,CDE,2024,Op,Budget,Oct,511693736,3.3079,0,0.2155
CH,CDE,2024,Op,Budget,Nov,282319915,0.5517,0,0.1189
CH,CDE,2024,Op,Budget,Dec,106461091,0.3771,0,0.0448
CH,CDE,2024,Op,Forecast,Jan,317605670,,111967410,0.1701
CH,CDE,2024,Op,Forecast,Feb,5398262,0.017,-64643480,0.0029
CH,CDE,2024,Op,Forecast,Mar,140568827,26.0396,-131670461,0.0753
CH,CDE,2024,Op,Forecast,Apr,248538447,1.7681,47318812,0.1331
CH,CDE,2024,Op,Forecast,May,101511942,0.4084,-66635937,0.0544
CH,CDE,2024,Op,Forecast,Jun,33077468,0.3258,-182639153,0.0177
CH,CDE,2024,Op,Forecast,Jul,52034484,1.5731,-112308962,0.0279
CH,CDE,2024,Op,Forecast,Aug,186663,0.0036,-21699041,0.0001
CH,CDE,2024,Op,Forecast,Sep,114506886,613.4418,-40179862,0.0613
CH,CDE,2024,Op,Forecast,Oct,519554793,4.5373,7861057,0.2783
CH,CDE,2024,Op,Forecast,Nov,257290193,0.4952,-25029722,0.1378
CH,CDE,2024,Op,Forecast,Dec,76868008,0.2988,-29593083,0.0412
CH,CDE,2025,Gross,Actual,Jan,232305020,,-201209155,0.0917
CH,CDE,2025,Gross,Actual,Feb,120633409,0.5193,-223619595,0.0476
CH,CDE,2025,Gross,Actual,Mar,74501542,0.6176,-69011631,0.0294
CH,CDE,2025,Gross,Actual,Apr,336478392,4.5164,165444666,0.1328
CH,CDE,2025,Gross,Actual,May,142712188,0.4241,3705248,0.0563
CH,CDE,2025,Gross,Actual,Jun,358119328,2.5094,71987189,0.1413
CH,CDE,2025,Gross,Actual,Jul,166106787,0.4638,-45029506,0.0656
CH,CDE,2025,Gross,Actual,Aug,123522509,0.7436,-109767851,0.0487
CH,CDE,2025,Gross,Actual,Sep,52465245,0.4247,-23823864,0.0207
CH,CDE,2025,Gross,Actual,Oct,523652563,9.9809,115705839,0.2066
CH,CDE,2025,Gross,Actual,Nov,148809262,0.2842,-179722985,0.0587
CH,CDE,2025,Gross,Actual,Dec,254719724,1.7117,128921644,0.1005
CH,CDE,2025,Gross,Budget,Jan,433514175,,0,0.1495
CH,CDE,2025,Gross,Budget,Feb,344253004,0.7941,0,0.1187
CH,CDE,2025,Gross,Budget,Mar,143513173,0.4169,0,0.0495
CH,CDE,2025,Gross,Budget,Apr,171033726,1.1918,0,0.059
CH,CDE,2025,Gross,Budget,May,139006940,0.8127,0,0.0479
CH,CDE,2025,Gross,Budget,Jun,286132139,2.0584,0,0.0987
CH,CDE,2025,Gross,Budget,Jul,211136293,0.7379,0,0.0728
CH,CDE,2025,Gross,Budget,Aug,233290360,1.1049,0,0.0804
CH,CDE,2025,Gross,Budget,Sep,76289109,0.327,0,0.0263
CH,CDE,2025,Gross,Budget,Oct,407946724,5.3474,0,0.1406
CH,CDE,2025,Gross,Budget,Nov,328532247,0.8053,0,0.1133
CH,CDE,2025,Gross,Budget,Dec,125798080,0.3829,0,0.0434
CH,CDE,2025,Gross,Forecast,Jan,159462461,,-274051714,0.0635
CH,CDE,2025,Gross,Forecast,Feb,157994877,0.9908,-186258127,0.0629
CH,CDE,2025,Gross,Forecast,Mar,16396397,0.1038,-127116776,0.0065
CH,CDE,2025,Gross,Forecast,Apr,333087864,20.3147,162054138,0.1326
CH,CDE,2025,Gross,Forecast,May,57517613,0.1727,-81489327,0.0229
CH,CDE,2025,Gross,Forecast,Jun,320019542,5.5639,33887403,0.1274
CH,CDE,2025,Gross,Forecast,Jul,414353451,1.2948,203217158,0.1649
CH,CDE,2025,Gross,Forecast,Aug,131647605,0.3177,-101642755,0.0524
CH,CDE,2025,Gross,Forecast,Sep,131834430,1.0014,55545321,0.0525
CH,CDE,2025,Gross,Forecast,Oct,462334851,3.5069,54388127,0.184
CH,CDE,2025,Gross,Forecast,Nov,22100682,0.0478,-306431565,0.0088
CH,CDE,2025,Gross,Forecast,Dec,305395913,13.8184,179597833,0.1216
CH,CDE,2025,Net,Actual,Jan,201027109,,130373313,0.1102
CH,CDE,2025,Net,Actual,Feb,365932516,1.8203,175543137,0.2006
CH,CDE,2025,Net,Actual,Mar,371999685,1.0166,158632556,0.2039
CH,CDE,2025,Net,Actual,Apr,95197593,0.2559,-110690894,0.0522
CH,CDE,2025,Net,Actual,May,12889553,0.1354,2578050,0.0071
CH,CDE,2025,Net,Actual,Jun,12034157,0.9336,-155692722,0.0066
CH,CDE,2025,Net,Actual,Jul,6635260,0.5514,-95763114,0.0036
CH,CDE,2025,Net,Actual,Aug,101988340,15.3707,-69843282,0.0559
CH,CDE,2025,Net,Actual,Sep,103639615,1.0162,-134183769,0.0568
CH,CDE,2025,Net,Actual,Oct,224709953,2.1682,95321586,0.1232
CH,CDE,2025,Net,Actual,Nov,193957413,0.8631,-162682759,0.1063
CH,CDE,2025,Net,Actual,Dec,134259216,0.6922,-41679233,0.0736
CH,CDE,2025,Net,Budget,Jan,70653796,,0,0.0348
CH,CDE,2025,Net,Budget,Feb,190389379,2.6947,0,0.0937
CH,CDE,2025,Net,Budget,Mar,213367129,1.1207,0,0.105
CH,CDE,2025,Net,Budget,Apr,205888487,0.9649,0,0.1013
CH,CDE,2025,Net,Budget,May,10311503,0.0501,0,0.0051
CH,CDE,2025,Net,Budget,Jun,167726879,16.266,0,0.0825
CH,CDE,2025,Net,Budget,Jul,102398374,0.6105,0,0.0504
CH,CDE,2025,Net,Budget,Aug,171831622,1.6781,0,0.0845
CH,CDE,2025,Net,Budget,Sep,237823384,1.384,0,0.117
CH,CDE,2025,Net,Budget,Oct,129388367,0.5441,0,0.0637
CH,CDE,2025,Net,Budget,Nov,356640172,2.7564,0,0.1755
CH,CDE,2025,Net,Budget,Dec,175938449,0.4933,0,0.0866
CH,CDE,2025,Net,Forecast,Jan,184429932,,113776136,0.0721
CH,CDE,2025,Net,Forecast,Feb,414307887,2.2464,223918508,0.162
CH,CDE,2025,Net,Forecast,Mar,55915369,0.135,-157451760,0.0219
CH,CDE,2025,Net,Forecast,Apr,18156127,0.3247,-187732360,0.0071
CH,CDE,2025,Net,Forecast,May,74236019,4.0888,63924516,0.029
CH,CDE,2025,Net,Forecast,Jun,289031737,3.8934,121304858,0.113
CH,CDE,2025,Net,Forecast,Jul,486979309,1.6849,384580935,0.1905
CH,CDE,2025,Net,Forecast,Aug,70052974,0.1439,-101778648,0.0274
CH,CDE,2025,Net,Forecast,Sep,28106538,0.4012,-209716846,0.011
CH,CDE,2025,Net,Forecast,Oct,515753705,18.35,386365338,0.2017
CH,CDE,2025,Net,Forecast,Nov,340656043,0.6605,-15984129,0.1332
CH,CDE,2025,Net,Forecast,Dec,79067127,0.2321,-96871322,0.0309
CH,CDE,2025,Op,Actual,Jan,143604816,,111215918,0.073
CH,CDE,2025,Op,Actual,Feb,33440907,0.2329,-353753044,0.017
CH,CDE,2025,Op,Actual,Mar,53012605,1.5853,-376016820,0.027
CH,CDE,2025,Op,Actual,Apr,355392119,6.7039,202156075,0.1807
CH,CDE,2025,Op,Actual,May,156056251,0.4391,-54355554,0.0794
CH,CDE,2025,Op,Actual,Jun,70082244,0.4491,-244223065,0.0356
CH,CDE,2025,Op,Actual,Jul,442212938,6.3099,134364430,0.2249
CH,CDE,2025,Op,Actual,Aug,105426799,0.2384,-26930602,0.0536
CH,CDE,2025,Op,Actual,Sep,98893937,0.938,-16050752,0.0503
CH,CDE,2025,Op,Actual,Oct,380891863,3.8515,-157435011,0.1937
CH,CDE,2025,Op,Actual,Nov,120250806,0.3157,43908201,0.0611
CH,CDE,2025,Op,Actual,Dec,7287963,0.0606,-257342457,0.0037
CH,CDE,2025,Op,Budget,Jan,32388898,,0,0.0109
CH,CDE,2025,Op,Budget,Feb,387193951,11.9545,0,0.1308
CH,CDE,2025,Op,Budget,Mar,429029425,1.108,0,0.1449
CH,CDE,2025,Op,Budget,Apr,153236044,0.3572,0,0.0518
CH,CDE,2025,Op,Budget,May,210411805,1.3731,0,0.0711
CH,CDE,2025,Op,Budget,Jun,314305309,1.4938,0,0.1061
CH,CDE,2025,Op,Budget,Jul,307848508,0.9795,0,0.104
CH,CDE,2025,Op,Budget,Aug,132357401,0.4299,0,0.0447
CH,CDE,2025,Op,Budget,Sep,114944689,0.8684,0,0.0388
CH,CDE,2025,Op,Budget,Oct,538326874,4.6834,0,0.1818
CH,CDE,2025,Op,Budget,Nov,76342605,0.1418,0,0.0258
CH,CDE,2025,Op,Budget,Dec,264630420,3.4664,0,0.0894
CH,CDE,2025,Op,Forecast,Jan,338027809,,305638911,0.1573
CH,CDE,2025,Op,Forecast,Feb,313476326,0.9274,-73717625,0.1458
CH,CDE,2025,Op,Forecast,Mar,111966604,0.3572,-317062821,0.0521
CH,CDE,2025,Op,Forecast,Apr,125349021,1.1195,-27887023,0.0583
CH,CDE,2025,Op,Forecast,May,210810748,1.6818,398943,0.0981
CH,CDE,2025,Op,Forecast,Jun,239704746,1.1371,-74600563,0.1115
CH,CDE,2025,Op,Forecast,Jul,259727964,1.0835,-48120544,0.1208
CH,CDE,2025,Op,Forecast,Aug,90622345,0.3489,-41735056,0.0422
CH,CDE,2025,Op,Forecast,Sep,45279901,0.4997,-69664788,0.0211
CH,CDE,2025,Op,Forecast,Oct,47184678,1.0421,-491142196,0.022
CH,CDE,2025,Op,Forecast,Nov,329217176,6.9772,252874571,0.1532
CH,CDE,2025,Op,Forecast,Dec,37942380,0.1153,-226688040,0.0177
CH,PJ,2024,Gross,Actual,Jan,286935509,,132994051,0.124
CH,PJ,2024,Gross,Actual,Feb,232486441,0.8102,-55809554,0.1005
CH,PJ,2024,Gross,Actual,Mar,155686079,0.6697,-244870157,0.0673
CH,PJ,2024,Gross,Actual,Apr,384193374,2.4677,103977287,0.1661
CH,PJ,2024,Gross,Actual,May,163394019,0.4253,-38885241,0.0706
CH,PJ,2024,Gross,Actual,Jun,314432512,1.9244,271093603,0.1359
CH,PJ,2024,Gross,Actual,Jul,265161702,0.8433,183764333,0.1146
CH,PJ,2024,Gross,Actual,Aug,109308376,0.4122,-9078291,0.0472
CH,PJ,2024,Gross,Actual,Sep,16676048,0.1526,-34215497,0.0072
CH,PJ,2024,Gross,Actual,Oct,37204529,2.231,-385273470,0.0161
CH,PJ,2024,Gross,Actual,Nov,221141512,5.9439,-175740326,0.0956
CH,PJ,2024,Gross,Actual,Dec,126930021,0.574,-188423351,0.0549
CH,PJ,2024,Gross,Budget,Jan,153941458,,0,0.0559
CH,PJ,2024,Gross,Budget,Feb,288295995,1.8728,0,0.1047
CH,PJ,2024,Gross,Budget,Mar,400556236,1.3894,0,0.1454
CH,PJ,2024,Gross,Budget,Apr,280216087,0.6996,0,0.1017
CH,PJ,2024,Gross,Budget,May,202279260,0.7219,0,0.0734
CH,PJ,2024,Gross,Budget,Jun,43338909,0.2143,0,0.0157
CH,PJ,2024,Gross,Budget,Jul,81397369,1.8782,0,0.0296
CH,PJ,2024,Gross,Budget,Aug,118386667,1.4544,0,0.043
CH,PJ,2024,Gross,Budget,Sep,50891545,0.4299,0,0.0185
CH,PJ,2024,Gross,Budget,Oct,422477999,8.3015,0,0.1534
CH,PJ,2024,Gross,Budget,Nov,396881838,0.9394,0,0.1441
CH,PJ,2024,Gross,Budget,Dec,315353372,0.7946,0,0.1145
CH,PJ,2024,Gross,Forecast,Jan,439129260,,285187802,0.2433
CH,PJ,2024,Gross,Forecast,Feb,13254617,0.0302,-275041378,0.0073
CH,PJ,2024,Gross,Forecast,Mar,5286209,0.3988,-395270027,0.0029
CH,PJ,2024,Gross,Forecast,Apr,243277938,46.0212,-36938149,0.1348
CH,PJ,2024,Gross,Forecast,May,69546481,0.2859,-132732779,0.0385
CH,PJ,2024,Gross,Forecast,Jun,135195473,1.944,91856564,0.0749
CH,PJ,2024,Gross,Forecast,Jul,344518847,2.5483,263121478,0.1909
CH,PJ,2024,Gross,Forecast,Aug,31255270,0.0907,-87131397,0.0173
CH,PJ,2024,Gross,Forecast,Sep,226343463,7.2418,175451918,0.1254
CH,PJ,2024,Gross,Forecast,Oct,57540542,0.2542,-364937457,0.0319
CH,PJ,2024,Gross,Forecast,Nov,29490070,0.5125,-367391768,0.0163
CH,PJ,2024,Gross,Forecast,Dec,210216501,7.1284,-105136871,0.1165
CH,PJ,2024,Net,Actual,Jan,129691244,,-201204817,0.055
CH,PJ,2024,Net,Actual,Feb,88580530,0.683,-312222608,0.0376
CH,PJ,2024,Net,Actual,Mar,437045342,4.9339,-288525,0.1853
CH,PJ,2024,Net,Actual,Apr,277801936,0.6356,264123803,0.1178
CH,PJ,2024,Net,Actual,May,190938557,0.6873,127075487,0.081
CH,PJ,2024,Net,Actual,Jun,173610016,0.9092,-148633151,0.0736
CH,PJ,2024,Net,Actual,Jul,47629044,0.2743,-190575198,0.0202
CH,PJ,2024,Net,Actual,Aug,1382667,0.029,-107604694,0.0006
CH,PJ,2024,Net,Actual,Sep,226989653,164.168,60805152,0.0963
CH,PJ,2024,Net,Actual,Oct,481212807,2.12,454959121,0.2041
CH,PJ,2024,Net,Actual,Nov,209797025,0.436,160734169,0.089
CH,PJ,2024,Net,Actual,Dec,93333214,0.4449,-54276778,0.0396
CH,PJ,2024,Net,Budget,Jan,330896061,,0,0.1435
CH,PJ,2024,Net,Budget,Feb,400803138,1.2113,0,0.1739
CH,PJ,2024,Net,Budget,Mar,437333867,1.0911,0,0.1897
CH,PJ,2024,Net,Budget,Apr,13678133,0.0313,0,0.0059
CH,PJ,2024,Net,Budget,May,63863070,4.669,0,0.0277
CH,PJ,2024,Net,Budget,Jun,322243167,5.0458,0,0.1398
CH,PJ,2024,Net,Budget,Jul,238204242,0.7392,0,0.1033
CH,PJ,2024,Net,Budget,Aug,108987361,0.4575,0,0.0473
CH,PJ,2024,Net,Budget,Sep,166184501,1.5248,0,0.0721
CH,PJ,2024,Net,Budget,Oct,26253686,0.158,0,0.0114
CH,PJ,2024,Net,Budget,Nov,49062856,1.8688,0,0.0213
CH,PJ,2024,Net,Budget,Dec,147609992,3.0086,0,0.064
CH,PJ,2024,Net,Forecast,Jan,299959938,,-30936123,0.1166
CH,PJ,2024,Net,Forecast,Feb,470057068,1.5671,69253930,0.1827
CH,PJ,2024,Net,Forecast,Mar,159957645,0.3403,-277376222,0.0622
CH,PJ,2024,Net,Forecast,Apr,104273239,0.6519,90595106,0.0405
CH,PJ,2024,Net,Forecast,May,211610336,2.0294,147747266,0.0823
CH,PJ,2024,Net,Forecast,Jun,268007162,1.2665,-54236005,0.1042
CH,PJ,2024,Net,Forecast,Jul,388553422,1.4498,150349180,0.151
CH,PJ,2024,Net,Forecast,Aug,154885695,0.3986,45898334,0.0602
CH,PJ,2024,Net,Forecast,Sep,60324438,0.3895,-105860063,0.0235
CH,PJ,2024,Net,Forecast,Oct,21013451,0.3483,-5240235,0.0082
CH,PJ,2024,Net,Forecast,Nov,400194241,19.0447,351131385,0.1556
CH,PJ,2024,Net,Forecast,Dec,33569424,0.0839,-114040568,0.013
CH,PJ,2024,Op,Actual,Jan,350629431,,-167438928,0.1384
CH,PJ,2024,Op,Actual,Feb,49835781,0.1421,-204394487,0.0197
CH,PJ,2024,Op,Actual,Mar,227615717,4.5673,84721925,0.0899
CH,PJ,2024,Op,Actual,Apr,101301240,0.4451,87092317,0.04
CH,PJ,2024,Op,Actual,May,166719692,1.6458,25999732,0.0658
CH,PJ,2024,Op,Actual,Jun,223711632,1.3418,181691523,0.0883
CH,PJ,2024,Op,Actual,Jul,26604294,0.1189,-149058055,0.0105
CH,PJ,2024,Op,Actual,Aug,59013991,2.2182,-76964693,0.0233
CH,PJ,2024,Op,Actual,Sep,164977387,2.7956,97923510,0.0651
CH,PJ,2024,Op,Actual,Oct,477193839,2.8925,-99596416,0.1884
CH,PJ,2024,Op,Actual,Nov,374871314,0.7856,12500139,0.148
CH,PJ,2024,Op,Actual,Dec,310649698,0.8287,20874964,0.1226
CH,PJ,2024,Op,Budget,Jan,518068359,,0,0.1905
CH,PJ,2024,Op,Budget,Feb,254230268,0.4907,0,0.0935
CH,PJ,2024,Op,Budget,Mar,142893792,0.5621,0,0.0525
CH,PJ,2024,Op,Budget,Apr,14208923,0.0994,0,0.0052
CH,PJ,2024,Op,Budget,May,140719960,9.9036,0,0.0517
CH,PJ,2024,Op,Budget,Jun,42020109,0.2986,0,0.0154
CH,PJ,2024,Op,Budget,Jul,175662349,4.1804,0,0.0646
CH,PJ,2024,Op,Budget,Aug,135978684,0.7741,0,0.05
CH,PJ,2024,Op,Budget,Sep,67053877,0.4931,0,0.0247
CH,PJ,2024,Op,Budget,Oct,576790255,8.6019,0,0.2121
CH,PJ,2024,Op,Budget,Nov,362371175,0.6283,0,0.1332
CH,PJ,2024,Op,Budget,Dec,289774734,0.7997,0,0.1065
CH,PJ,2024,Op,Forecast,Jan,81717827,,-436350532,0.056
CH,PJ,2024,Op,Forecast,Feb,148875921,1.8218,-105354347,0.102
CH,PJ,2024,Op,Forecast,Mar,57317335,0.385,-85576457,0.0393
CH,PJ,2024,Op,Forecast,Apr,23649360,0.4126,9440437,0.0162
CH,PJ,2024,Op,Forecast,May,225217066,9.5232,84497106,0.1543
CH,PJ,2024,Op,Forecast,Jun,145432677,0.6457,103412568,0.0996
CH,PJ,2024,Op,Forecast,Jul,118405521,0.8142,-57256828,0.0811
CH,PJ,2024,Op,Forecast,Aug,147839095,1.2486,11860411,0.1013
CH,PJ,2024,Op,Forecast,Sep,53541237,0.3622,-13512640,0.0367
CH,PJ,2024,Op,Forecast,Oct,111800494,2.0881,-464989761,0.0766
CH,PJ,2024,Op,Forecast,Nov,58593414,0.5241,-303777761,0.0401
CH,PJ,2024,Op,Forecast,Dec,287133790,4.9004,-2640944,0.1967
CH,PJ,2025,Gross,Actual,Jan,433890000,,362919433,0.1283
CH,PJ,2025,Gross,Actual,Feb,318150000,0.7333,-100013688,0.094
CH,PJ,2025,Gross,Actual,Mar,310940000,0.9773,-12676712,0.0919
CH,PJ,2025,Gross,Actual,Apr,265340000,0.8533,-119935959,0.0784
CH,PJ,2025,Gross,Actual,May,164680000,0.6206,-73314791,0.0487
CH,PJ,2025,Gross,Actual,Jun,270210000,1.6408,-54372622,0.0799
CH,PJ,2025,Gross,Actual,Jul,336350000,1.2448,-125548677,0.0994
CH,PJ,2025,Gross,Actual,Aug,176000000,0.5233,90982831,0.052
CH,PJ,2025,Gross,Actual,Sep,185540000,1.0542,-21501869,0.0548
CH,PJ,2025,Gross,Actual,Oct,405840000,2.1873,-63843692,0.12
CH,PJ,2025,Gross,Actual,Nov,291500000,0.7183,257681707,0.0862
CH,PJ,2025,Gross,Actual,Dec,224490000,0.7701,2715166,0.0664
CH,PJ,2025,Gross,Budget,Jan,70970567,,0,0.0219
CH,PJ,2025,Gross,Budget,Feb,418163688,5.8921,0,0.1291
CH,PJ,2025,Gross,Budget,Mar,323616712,0.7739,0,0.0999
CH,PJ,2025,Gross,Budget,Apr,385275959,1.1905,0,0.1189
CH,PJ,2025,Gross,Budget,May,237994791,0.6177,0,0.0735
CH,PJ,2025,Gross,Budget,Jun,324582622,1.3638,0,0.1002
CH,PJ,2025,Gross,Budget,Jul,461898677,1.4231,0,0.1426
CH,PJ,2025,Gross,Budget,Aug,85017169,0.1841,0,0.0262
CH,PJ,2025,Gross,Budget,Sep,207041869,2.4353,0,0.0639
CH,PJ,2025,Gross,Budget,Oct,469683692,2.2685,0,0.145
CH,PJ,2025,Gross,Budget,Nov,33818293,0.072,0,0.0104
CH,PJ,2025,Gross,Budget,Dec,221774834,6.5578,0,0.0685
CH,PJ,2025,Gross,Forecast,Jan,55353038,,-15617529,0.0258
CH,PJ,2025,Gross,Forecast,Feb,49666546,0.8973,-368497142,0.0232
CH,PJ,2025,Gross,Forecast,Mar,51071621,1.0283,-272545091,0.0238
CH,PJ,2025,Gross,Forecast,Apr,285296051,5.5862,-99979908,0.1332
CH,PJ,2025,Gross,Forecast,May,46106079,0.1616,-191888712,0.0215
CH,PJ,2025,Gross,Forecast,Jun,65381950,1.4181,-259200672,0.0305
CH,PJ,2025,Gross,Forecast,Jul,241540066,3.6943,-220358611,0.1128
CH,PJ,2025,Gross,Forecast,Aug,145333901,0.6017,60316732,0.0679
CH,PJ,2025,Gross,Forecast,Sep,181027278,1.2456,-26014591,0.0845
CH,PJ,2025,Gross,Forecast,Oct,526010116,2.9057,56326424,0.2456
CH,PJ,2025,Gross,Forecast,Nov,162930731,0.3097,129112438,0.0761
CH,PJ,2025,Gross,Forecast,Dec,332045156,2.038,110270322,0.155
CH,PJ,2025,Net,Actual,Jan,408210000,,-84349596,0.1262
CH,PJ,2025,Net,Actual,Feb,316940000,0.7764,-43196401,0.098
CH,PJ,2025,Net,Actual,Mar,301330000,0.9507,125969851,0.0931
CH,PJ,2025,Net,Actual,Apr,254100000,0.8433,-97339914,0.0785
CH,PJ,2025,Net,Actual,May,163110000,0.6419,7640252,0.0504
CH,PJ,2025,Net,Actual,Jun,267070000,1.6374,-112133981,0.0825
CH,PJ,2025,Net,Actual,Jul,328620000,1.2305,-51323621,0.1016
CH,PJ,2025,Net,Actual,Aug,134160000,0.4083,118633148,0.0415
CH,PJ,2025,Net,Actual,Sep,165680000,1.2349,106122311,0.0512
CH,PJ,2025,Net,Actual,Oct,405840000,2.4495,371465120,0.1254
CH,PJ,2025,Net,Actual,Nov,275480000,0.6788,98009102,0.0851
CH,PJ,2025,Net,Actual,Dec,214960000,0.7803,38706869,0.0664
CH,PJ,2025,Net,Budget,Jan,492559596,,0,0.1786
CH,PJ,2025,Net,Budget,Feb,360136401,0.7312,0,0.1306
CH,PJ,2025,Net,Budget,Mar,175360149,0.4869,0,0.0636
CH,PJ,2025,Net,Budget,Apr,351439914,2.0041,0,0.1275
CH,PJ,2025,Net,Budget,May,155469748,0.4424,0,0.0564
CH,PJ,2025,Net,Budget,Jun,379203981,2.4391,0,0.1375
CH,PJ,2025,Net,Budget,Jul,379943621,1.002,0,0.1378
CH,PJ,2025,Net,Budget,Aug,15526852,0.0409,0,0.0056
CH,PJ,2025,Net,Budget,Sep,59557689,3.8358,0,0.0216
CH,PJ,2025,Net,Budget,Oct,34374880,0.5772,0,0.0125
CH,PJ,2025,Net,Budget,Nov,177470898,5.1628,0,0.0644
CH,PJ,2025,Net,Budget,Dec,176253131,0.9931,0,0.0639
CH,PJ,2025,Net,Forecast,Jan,419862858,,-72696738,0.1515
CH,PJ,2025,Net,Forecast,Feb,130154837,0.31,-229981564,0.047
CH,PJ,2025,Net,Forecast,Mar,321591907,2.4708,146231758,0.116
CH,PJ,2025,Net,Forecast,Apr,224825824,0.6991,-126614090,0.0811
CH,PJ,2025,Net,Forecast,May,180487383,0.8028,25017635,0.0651
CH,PJ,2025,Net,Forecast,Jun,283253653,1.5694,-95950328,0.1022
CH,PJ,2025,Net,Forecast,Jul,41854679,0.1478,-338088942,0.0151
CH,PJ,2025,Net,Forecast,Aug,147646152,3.5276,132119300,0.0533
CH,PJ,2025,Net,Forecast,Sep,7406562,0.0502,-52151127,0.0027
CH,PJ,2025,Net,Forecast,Oct,600990147,81.1429,566615267,0.2168
CH,PJ,2025,Net,Forecast,Nov,124154311,0.2066,-53316587,0.0448
CH,PJ,2025,Net,Forecast,Dec,289898853,2.335,113645722,0.1046
CH,PJ,2025,Op,Actual,Jan,408210000,,-120996535,0.1262
CH,PJ,2025,Op,Actual,Feb,316940000,0.7764,-78360293,0.098
CH,PJ,2025,Op,Actual,Mar,301330000,0.9507,87480765,0.0931
CH,PJ,2025,Op,Actual,Apr,254100000,0.8433,56083354,0.0785
CH,PJ,2025,Op,Actual,May,163110000,0.6419,126988073,0.0504
CH,PJ,2025,Op,Actual,Jun,267070000,1.6374,163474617,0.0825
CH,PJ,2025,Op,Actual,Jul,328620000,1.2305,239648008,0.1016
CH,PJ,2025,Op,Actual,Aug,134160000,0.4083,109887004,0.0415
CH,PJ,2025,Op,Actual,Sep,165680000,1.2349,156947080,0.0512
CH,PJ,2025,Op,Actual,Oct,405840000,2.4495,-46450525,0.1254
CH,PJ,2025,Op,Actual,Nov,275480000,0.6788,161102235,0.0851
CH,PJ,2025,Op,Actual,Dec,214960000,0.7803,211888347,0.0664
CH,PJ,2025,Op,Budget,Jan,529206535,,0,0.2441
CH,PJ,2025,Op,Budget,Feb,395300293,0.747,0,0.1824
CH,PJ,2025,Op,Budget,Mar,213849235,0.541,0,0.0986
CH,PJ,2025,Op,Budget,Apr,198016646,0.926,0,0.0913
CH,PJ,2025,Op,Budget,May,36121927,0.1824,0,0.0167
CH,PJ,2025,Op,Budget,Jun,103595383,2.8679,0,0.0478
CH,PJ,2025,Op,Budget,Jul,88971992,0.8588,0,0.041
CH,PJ,2025,Op,Budget,Aug,24272996,0.2728,0,0.0112
CH,PJ,2025,Op,Budget,Sep,8732920,0.3598,0,0.004
CH,PJ,2025,Op,Budget,Oct,452290525,51.7914,0,0.2086
CH,PJ,2025,Op,Budget,Nov,114377765,0.2529,0,0.0528
CH,PJ,2025,Op,Budget,Dec,3071653,0.0269,0,0.0014
CH,PJ,2025,Op,Forecast,Jan,28277683,,-500928852,0.0113
CH,PJ,2025,Op,Forecast,Feb,422211752,14.9309,26911459,0.1691
CH,PJ,2025,Op,Forecast,Mar,314633725,0.7452,100784490,0.126
CH,PJ,2025,Op,Forecast,Apr,195444338,0.6212,-2572308,0.0783
CH,PJ,2025,Op,Forecast,May,147974588,0.7571,111852661,0.0593
CH,PJ,2025,Op,Forecast,Jun,315941554,2.1351,212346171,0.1265
CH,PJ,2025,Op,Forecast,Jul,139109179,0.4403,50137187,0.0557
CH,PJ,2025,Op,Forecast,Aug,34667271,0.2492,10394275,0.0139
CH,PJ,2025,Op,Forecast,Sep,223543615,6.4483,214810695,0.0895
CH,PJ,2025,Op,Forecast,Oct,58718001,0.2627,-393572524,0.0235
CH,PJ,2025,Op,Forecast,Nov,302489854,5.1516,188112089,0.1212
CH,PJ,2025,Op,Forecast,Dec,313737055,1.0372,310665402,0.1257
DC,CDE,2024,Gross,Actual,Jan,165958326,,-1210443066,0.0083
DC,CDE,2024,Gross,Actual,Feb,2015411631,12.1441,139639447,0.1013
DC,CDE,2024,Gross,Actual,Mar,2484352313,1.2327,2406597324,0.1248
DC,CDE,2024,Gross,Actual,Apr,1112614857,0.4478,532790550,0.0559
DC,CDE,2024,Gross,Actual,May,1276959358,1.1477,1095394882,0.0642
DC,CDE,2024,Gross,Actual,Jun,869308627,0.6808,165199299,0.0437
DC,CDE,2024,Gross,Actual,Jul,76333123,0.0878,-3163334574,0.0038
DC,CDE,2024,Gross,Actual,Aug,1832971486,24.0128,761990179,0.0921
DC,CDE,2024,Gross,Actual,Sep,4037660085,2.2028,3664222759,0.2029
DC,CDE,2024,Gross,Actual,Oct,352601153,0.0873,-2467358447,0.0177
DC,CDE,2024,Gross,Actual,Nov,1431212483,4.059,-1740701797,0.0719
DC,CDE,2024,Gross,Actual,Dec,4246966409,2.9674,-1726810210,0.2134
DC,CDE,2024,Gross,Budget,Jan,1376401392,,0,0.0642
DC,CDE,2024,Gross,Budget,Feb,1875772184,1.3628,0,0.0875
DC,CDE,2024,Gross,Budget,Mar,77754989,0.0415,0,0.0036
DC,CDE,2024,Gross,Budget,Apr,579824307,7.4571,0,0.027
DC,CDE,2024,Gross,Budget,May,181564476,0.3131,0,0.0085
DC,CDE,2024,Gross,Budget,Jun,704109328,3.878,0,0.0328
DC,CDE,2024,Gross,Budget,Jul,3239667697,4.6011,0,0.1511
DC,CDE,2024,Gross,Budget,Aug,1070981307,0.3306,0,0.0499
DC,CDE,2024,Gross,Budget,Sep,373437326,0.3487,0,0.0174
DC,CDE,2024,Gross,Budget,Oct,2819959600,7.5514,0,0.1315
DC,CDE,2024,Gross,Budget,Nov,3171914280,1.1248,0,0.1479
DC,CDE,2024,Gross,Budget,Dec,5973776619,1.8833,0,0.2786
DC,CDE,2024,Gross,Forecast,Jan,1852248417,,475847025,0.0932
DC,CDE,2024,Gross,Forecast,Feb,830111058,0.4482,-1045661126,0.0418
DC,CDE,2024,Gross,Forecast,Mar,2248204473,2.7083,2170449484,0.1131
DC,CDE,2024,Gross,Forecast,Apr,1150137650,0.5116,570313343,0.0579
DC,CDE,2024,Gross,Forecast,May,843012914,0.733,661448438,0.0424
DC,CDE,2024,Gross,Forecast,Jun,1729528864,2.0516,1025419536,0.087
DC,CDE,2024,Gross,Forecast,Jul,937563921,0.5421,-2302103776,0.0472
DC,CDE,2024,Gross,Forecast,Aug,2134573632,2.2767,1063592325,0.1074
DC,CDE,2024,Gross,Forecast,Sep,3471641587,1.6264,3098204261,0.1747
DC,CDE,2024,Gross,Forecast,Oct,2156011482,0.621,-663948118,0.1085
DC,CDE,2024,Gross,Forecast,Nov,761649111,0.3533,-2410265169,0.0383
DC,CDE,2024,Gross,Forecast,Dec,1758019073,2.3082,-4215757546,0.0885
DC,CDE,2024,Net,Actual,Jan,692097141,,-180899892,0.0474
DC,CDE,2024,Net,Actual,Feb,576252555,0.8326,298661156,0.0395
DC,CDE,2024,Net,Actual,Mar,943569916,1.6374,-1494994977,0.0646
DC,CDE,2024,Net,Actual,Apr,389078049,0.4123,263658371,0.0266
DC,CDE,2024,Net,Actual,May,1215903250,3.1251,459312352,0.0833
DC,CDE,2024,Net,Actual,Jun,966570302,0.7949,-1274874039,0.0662
DC,CDE,2024,Net,Actual,Jul,760065672,0.7864,234973359,0.0521
DC,CDE,2024,Net,Actual,Aug,1509732021,1.9863,637731643,0.1034
DC,CDE,2024,Net,Actual,Sep,2633236091,1.7442,2181524297,0.1803
DC,CDE,2024,Net,Actual,Oct,572563297,0.2174,-326251556,0.0392
DC,CDE,2024,Net,Actual,Nov,77995554,0.1362,-2399255735,0.0053
DC,CDE,2024,Net,Actual,Dec,4265172053,54.6848,-917828832,0.2921
DC,CDE,2024,Net,Budget,Jan,872997033,,0,0.051
DC,CDE,2024,Net,Budget,Feb,277591399,0.318,0,0.0162
DC,CDE,2024,Net,Budget,Mar,2438564893,8.7847,0,0.1424
DC,CDE,2024,Net,Budget,Apr,125419678,0.0514,0,0.0073
DC,CDE,2024,Net,Budget,May,756590898,6.0325,0,0.0442
DC,CDE,2024,Net,Budget,Jun,2241444341,2.9626,0,0.1309
DC,CDE,2024,Net,Budget,Jul,525092313,0.2343,0,0.0307
DC,CDE,2024,Net,Budget,Aug,872000378,1.6607,0,0.0509
DC,CDE,2024,Net,Budget,Sep,451711794,0.518,0,0.0264
DC,CDE,2024,Net,Budget,Oct,898814853,1.9898,0,0.0525
DC,CDE,2024,Net,Budget,Nov,2477251289,2.7561,0,0.1447
DC,CDE,2024,Net,Budget,Dec,5183000885,2.0922,0,0.3027
DC,CDE,2024,Net,Forecast,Jan,1116645658,,243648625,0.0734
DC,CDE,2024,Net,Forecast,Feb,74969756,0.0671,-202621643,0.0049
DC,CDE,2024,Net,Forecast,Mar,2252992812,30.052,-185572081,0.148
DC,CDE,2024,Net,Forecast,Apr,479481476,0.2128,354061798,0.0315
DC,CDE,2024,Net,Forecast,May,125254103,0.2612,-631336795,0.0082
DC,CDE,2024,Net,Forecast,Jun,3587215,0.0286,-2237857126,0.0002
DC,CDE,2024,Net,Forecast,Jul,1995705884,556.3385,1470613571,0.1311
DC,CDE,2024,Net,Forecast,Aug,588805806,0.295,-283194572,0.0387
DC,CDE,2024,Net,Forecast,Sep,1487818144,2.5268,1036106350,0.0977
DC,CDE,2024,Net,Forecast,Oct,3452147940,2.3203,2553333087,0.2268
DC,CDE,2024,Net,Forecast,Nov,1984654155,0.5749,-492597134,0.1304
DC,CDE,2024,Net,Forecast,Dec,1660903057,0.8369,-3522097828,0.1091
DC,CDE,2024,Op,Actual,Jan,858243681,,502268744,0.0494
DC,CDE,2024,Op,Actual,Feb,613104910,0.7144,532587273,0.0353
DC,CDE,2024,Op,Actual,Mar,417048755,0.6802,-566611893,0.024
DC,CDE,2024,Op,Actual,Apr,152176184,0.3649,-222626911,0.0088
DC,CDE,2024,Op,Actual,May,987518468,6.4893,-480181010,0.0568
DC,CDE,2024,Op,Actual,Jun,2050099564,2.076,1172555114,0.1179
DC,CDE,2024,Op,Actual,Jul,1759263911,0.8581,1294344585,0.1012
DC,CDE,2024,Op,Actual,Aug,390610964,0.222,-448819501,0.0225
DC,CDE,2024,Op,Actual,Sep,2618520467,6.7037,-491945051,0.1506
DC,CDE,2024,Op,Actual,Oct,422371159,0.1613,-798432720,0.0243
DC,CDE,2024,Op,Actual,Nov,3522049857,8.3388,1498379942,0.2025
DC,CDE,2024,Op,Actual,Dec,3598240518,1.0216,3406751942,0.2069
DC,CDE,2024,Op,Budget,Jan,355974937,,0,0.0297
DC,CDE,2024,Op,Budget,Feb,80517637,0.2262,0,0.0067
DC,CDE,2024,Op,Budget,Mar,983660648,12.2167,0,0.082
DC,CDE,2024,Op,Budget,Apr,374803095,0.381,0,0.0313
DC,CDE,2024,Op,Budget,May,1467699478,3.9159,0,0.1224
DC,CDE,2024,Op,Budget,Jun,877544450,0.5979,0,0.0732
DC,CDE,2024,Op,Budget,Jul,464919326,0.5298,0,0.0388
DC,CDE,2024,Op,Budget,Aug,839430465,1.8055,0,0.07
DC,CDE,2024,Op,Budget,Sep,3110465518,3.7054,0,0.2594
DC,CDE,2024,Op,Budget,Oct,1220803879,0.3925,0,0.1018
DC,CDE,2024,Op,Budget,Nov,2023669915,1.6577,0,0.1688
DC,CDE,2024,Op,Budget,Dec,191488576,0.0946,0,0.016
DC,CDE,2024,Op,Forecast,Jan,508766590,,152791653,0.0303
DC,CDE,2024,Op,Forecast,Feb,149531197,0.2939,69013560,0.0089
DC,CDE,2024,Op,Forecast,Mar,2437211038,16.299,1453550390,0.1454
DC,CDE,2024,Op,Forecast,Apr,292040815,0.1198,-82762280,0.0174
DC,CDE,2024,Op,Forecast,May,364890766,1.2495,-1102808712,0.0218
DC,CDE,2024,Op,Forecast,Jun,2290204339,6.2764,1412659889,0.1366
DC,CDE,2024,Op,Forecast,Jul,416901328,0.182,-48017998,0.0249
DC,CDE,2024,Op,Forecast,Aug,683818737,1.6402,-155611728,0.0408
DC,CDE,2024,Op,Forecast,Sep,2257099886,3.3007,-853365632,0.1346
DC,CDE,2024,Op,Forecast,Oct,2505525814,1.1101,1284721935,0.1494
DC,CDE,2024,Op,Forecast,Nov,603989673,0.2411,-1419680242,0.036
DC,CDE,2024,Op,Forecast,Dec,4256588294,7.0475,4065099718,0.2539
DC,CDE,2025,Gross,Actual,Jan,1170945698,,193203150,0.0422
DC,CDE,2025,Gross,Actual,Feb,1234439609,1.0542,692064133,0.0445
DC,CDE,2025,Gross,Actual,Mar,1800190581,1.4583,1195537291,0.0649
DC,CDE,2025,Gross,Actual,Apr,1220962294,0.6782,824318331,0.044
DC,CDE,2025,Gross,Actual,May,2037017271,1.6684,673060214,0.0734
DC,CDE,2025,Gross,Actual,Jun,2293919198,1.1261,829860477,0.0827
DC,CDE,2025,Gross,Actual,Jul,3147736059,1.3722,788618354,0.1135
DC,CDE,2025,Gross,Actual,Aug,2137128179,0.6789,1397115809,0.077
DC,CDE,2025,Gross,Actual,Sep,2177699625,1.019,-1578679434,0.0785
DC,CDE,2025,Gross,Actual,Oct,4388814643,2.0153,1145335261,0.1582
DC,CDE,2025,Gross,Actual,Nov,1649788891,0.3759,-3282547495,0.0595
DC,CDE,2025,Gross,Actual,Dec,4483570099,2.7177,-228487767,0.1616
DC,CDE,2025,Gross,Budget,Jan,977742548,,0,0.039
DC,CDE,2025,Gross,Budget,Feb,542375476,0.5547,0,0.0216
DC,CDE,2025,Gross,Budget,Mar,604653290,1.1148,0,0.0241
DC,CDE,2025,Gross,Budget,Apr,396643963,0.656,0,0.0158
DC,CDE,2025,Gross,Budget,May,1363957057,3.4387,0,0.0544
DC,CDE,2025,Gross,Budget,Jun,1464058721,1.0734,0,0.0583
DC,CDE,2025,Gross,Budget,Jul,2359117705,1.6114,0,0.094
DC,CDE,2025,Gross,Budget,Aug,740012370,0.3137,0,0.0295
DC,CDE,2025,Gross,Budget,Sep,3756379059,5.0761,0,0.1497
DC,CDE,2025,Gross,Budget,Oct,3243479382,0.8635,0,0.1293
DC,CDE,2025,Gross,Budget,Nov,4932336386,1.5207,0,0.1966
DC,CDE,2025,Gross,Budget,Dec,4712057866,0.9553,0,0.1878
DC,CDE,2025,Gross,Forecast,Jan,1346948348,,369205800,0.0664
DC,CDE,2025,Gross,Forecast,Feb,1781432241,1.3226,1239056765,0.0878
DC,CDE,2025,Gross,Forecast,Mar,2789607529,1.5659,2184954239,0.1375
DC,CDE,2025,Gross,Forecast,Apr,349250556,0.1252,-47393407,0.0172
DC,CDE,2025,Gross,Forecast,May,942269282,2.698,-421687775,0.0464
DC,CDE,2025,Gross,Forecast,Jun,300725613,0.3192,-1163333108,0.0148
DC,CDE,2025,Gross,Forecast,Jul,3366539196,11.1947,1007421491,0.1659
DC,CDE,2025,Gross,Forecast,Aug,1664894109,0.4945,924881739,0.0821
DC,CDE,2025,Gross,Forecast,Sep,2278502494,1.3686,-1477876565,0.1123
DC,CDE,2025,Gross,Forecast,Oct,1864306314,0.8182,-1379173068,0.0919
DC,CDE,2025,Gross,Forecast,Nov,745739125,0.4,-4186597261,0.0368
DC,CDE,2025,Gross,Forecast,Dec,2857335347,3.8315,-1854722519,0.1408
DC,CDE,2025,Net,Actual,Jan,391754727,,-648468275,0.0282
DC,CDE,2025,Net,Actual,Feb,56299838,0.1437,-503827052,0.0041
DC,CDE,2025,Net,Actual,Mar,848341586,15.0683,-1911949501,0.0611
DC,CDE,2025,Net,Actual,Apr,15085401,0.0178,-157150799,0.0011
DC,CDE,2025,Net,Actual,May,646837225,42.8784,-844138297,0.0466
DC,CDE,2025,Net,Actual,Jun,286579154,0.443,-1904725634,0.0206
DC,CDE,2025,Net,Actual,Jul,1796193821,6.2677,704548647,0.1293
DC,CDE,2025,Net,Actual,Aug,1299743779,0.7236,-88524300,0.0936
DC,CDE,2025,Net,Actual,Sep,1208471491,0.9298,-1104783030,0.087
DC,CDE,2025,Net,Actual,Oct,3500530228,2.8967,2855181206,0.2521
DC,CDE,2025,Net,Actual,Nov,2533540422,0.7238,-1384282580,0.1824
DC,CDE,2025,Net,Actual,Dec,1303918485,0.5147,-1456418346,0.0939
DC,CDE,2025,Net,Budget,Jan,1040223002,,0,0.0512
DC,CDE,2025,Net,Budget,Feb,560126890,0.5385,0,0.0275
DC,CDE,2025,Net,Budget,Mar,2760291087,4.928,0,0.1358
DC,CDE,2025,Net,Budget,Apr,172236200,0.0624,0,0.0085
DC,CDE,2025,Net,Budget,May,1490975522,8.6566,0,0.0733
DC,CDE,2025,Net,Budget,Jun,2191304788,1.4697,0,0.1078
DC,CDE,2025,Net,Budget,Jul,1091645174,0.4982,0,0.0537
DC,CDE,2025,Net,Budget,Aug,1388268079,1.2717,0,0.0683
DC,CDE,2025,Net,Budget,Sep,2313254521,1.6663,0,0.1138
DC,CDE,2025,Net,Budget,Oct,645349022,0.279,0,0.0317
DC,CDE,2025,Net,Budget,Nov,3917823002,6.0709,0,0.1927
DC,CDE,2025,Net,Budget,Dec,2760336831,0.7046,0,0.1358
DC,CDE,2025,Net,Forecast,Jan,394396444,,-645826558,0.0193
DC,CDE,2025,Net,Forecast,Feb,815866753,2.0686,255739863,0.0398
DC,CDE,2025,Net,Forecast,Mar,1507527196,1.8478,-1252763891,0.0736
DC,CDE,2025,Net,Forecast,Apr,451698901,0.2996,279462701,0.022
DC,CDE,2025,Net,Forecast,May,580044150,1.2841,-910931372,0.0283
DC,CDE,2025,Net,Forecast,Jun,1957443522,3.3746,-233861266,0.0956
DC,CDE,2025,Net,Forecast,Jul,553799450,0.2829,-537845724,0.027
DC,CDE,2025,Net,Forecast,Aug,958853918,1.7314,-429414161,0.0468
DC,CDE,2025,Net,Forecast,Sep,2152804721,2.2452,-160449800,0.1051
DC,CDE,2025,Net,Forecast,Oct,2822388211,1.311,2177039189,0.1378
DC,CDE,2025,Net,Forecast,Nov,4036252111,1.4301,118429109,0.197
DC,CDE,2025,Net,Forecast,Dec,4254627693,1.0541,1494290862,0.2077
DC,CDE,2025,Op,Actual,Jan,24590075,,-236514608,0.0018
DC,CDE,2025,Op,Actual,Feb,700115914,28.4715,560358619,0.0511
DC,CDE,2025,Op,Actual,Mar,836457980,1.1947,-1582046557,0.0611
DC,CDE,2025,Op,Actual,Apr,987076859,1.1801,833753424,0.0721
DC,CDE,2025,Op,Actual,May,728296081,0.7378,-970532136,0.0532
DC,CDE,2025,Op,Actual,Jun,1721453136,2.3637,1101678937,0.1257
DC,CDE,2025,Op,Actual,Jul,1078816092,0.6267,-1047492505,0.0788
DC,CDE,2025,Op,Actual,Aug,957413654,0.8875,769637436,0.0699
DC,CDE,2025,Op,Actual,Sep,2162708950,2.2589,-749612956,0.1579
DC,CDE,2025,Op,Actual,Oct,209197815,0.0967,-2285912680,0.0153
DC,CDE,2025,Op,Actual,Nov,2079600639,9.9408,-478021767,0.1519
DC,CDE,2025,Op,Actual,Dec,2207393229,1.0615,1310699439,0.1612
DC,CDE,2025,Op,Budget,Jan,261104683,,0,0.0159
DC,CDE,2025,Op,Budget,Feb,139757295,0.5353,0,0.0085
DC,CDE,2025,Op,Budget,Mar,2418504537,17.305,0,0.1469
DC,CDE,2025,Op,Budget,Apr,153323435,0.0634,0,0.0093
DC,CDE,2025,Op,Budget,May,1698828217,11.08,0,0.1032
DC,CDE,2025,Op,Budget,Jun,619774199,0.3648,0,0.0376
DC,CDE,2025,Op,Budget,Jul,2126308597,3.4308,0,0.1291
DC,CDE,2025,Op,Budget,Aug,187776218,0.0883,0,0.0114
DC,CDE,2025,Op,Budget,Sep,2912321906,15.5095,0,0.1769
DC,CDE,2025,Op,Budget,Oct,2495110495,0.8567,0,0.1515
DC,CDE,2025,Op,Budget,Nov,2557622406,1.0251,0,0.1553
DC,CDE,2025,Op,Budget,Dec,896693790,0.3506,0,0.0545
DC,CDE,2025,Op,Forecast,Jan,117128519,,-143976164,0.0089
DC,CDE,2025,Op,Forecast,Feb,452877365,3.8665,313120070,0.0344
DC,CDE,2025,Op,Forecast,Mar,978075510,2.1597,-1440429027,0.0744
DC,CDE,2025,Op,Forecast,Apr,611930035,0.6256,458606600,0.0465
DC,CDE,2025,Op,Forecast,May,1142298569,1.8667,-556529648,0.0869
DC,CDE,2025,Op,Forecast,Jun,1837504572,1.6086,1217730373,0.1397
DC,CDE,2025,Op,Forecast,Jul,2332686893,1.2695,206378296,0.1774
DC,CDE,2025,Op,Forecast,Aug,1024999818,0.4394,837223600,0.0779
DC,CDE,2025,Op,Forecast,Sep,913669456,0.8914,-1998652450,0.0695
DC,CDE,2025,Op,Forecast,Oct,1124114784,1.2303,-1370995711,0.0855
DC,CDE,2025,Op,Forecast,Nov,1484900231,1.321,-1072722175,0.1129
DC,CDE,2025,Op,Forecast,Dec,1130188668,0.7611,233494878,0.0859
DC,PJ,2024,Gross,Actual,Jan,843083002,,-308651089,0.0387
DC,PJ,2024,Gross,Actual,Feb,983507414,1.1666,552962830,0.0452
DC,PJ,2024,Gross,Actual,Mar,2228614114,2.266,1930494977,0.1024
DC,PJ,2024,Gross,Actual,Apr,1365543287,0.6127,886038455,0.0627
DC,PJ,2024,Gross,Actual,May,183252509,0.1342,-1631827702,0.0084
DC,PJ,2024,Gross,Actual,Jun,1668176879,9.1032,218700847,0.0766
DC,PJ,2024,Gross,Actual,Jul,3276466441,1.9641,3191909662,0.1505
DC,PJ,2024,Gross,Actual,Aug,40183569,0.0123,-1351442016,0.0018
DC,PJ,2024,Gross,Actual,Sep,2491224019,61.9961,-449194329,0.1144
DC,PJ,2024,Gross,Actual,Oct,137587006,0.0552,-4346494773,0.0063
DC,PJ,2024,Gross,Actual,Nov,4812872844,34.9806,413623538,0.2211
DC,PJ,2024,Gross,Actual,Dec,3739417668,0.777,-1730407622,0.1718
DC,PJ,2024,Gross,Budget,Jan,1151734091,,0,0.0472
DC,PJ,2024,Gross,Budget,Feb,430544584,0.3738,0,0.0176
DC,PJ,2024,Gross,Budget,Mar,298119137,0.6924,0,0.0122
DC,PJ,2024,Gross,Budget,Apr,479504832,1.6084,0,0.0197
DC,PJ,2024,Gross,Budget,May,1815080211,3.7853,0,0.0744
DC,PJ,2024,Gross,Budget,Jun,1449476032,0.7986,0,0.0594
DC,PJ,2024,Gross,Budget,Jul,84556779,0.0583,0,0.0035
DC,PJ,2024,Gross,Budget,Aug,1391625585,16.4579,0,0.057
DC,PJ,2024,Gross,Budget,Sep,2940418348,2.1129,0,0.1205
DC,PJ,2024,Gross,Budget,Oct,4484081779,1.525,0,0.1838
DC,PJ,2024,Gross,Budget,Nov,4399249306,0.9811,0,0.1803
DC,PJ,2024,Gross,Budget,Dec,5469825290,1.2434,0,0.2242
DC,PJ,2024,Gross,Forecast,Jan,1978892506,,827158415,0.0973
DC,PJ,2024,Gross,Forecast,Feb,221941141,0.1122,-208603443,0.0109
DC,PJ,2024,Gross,Forecast,Mar,2206365666,9.9412,1908246529,0.1085
DC,PJ,2024,Gross,Forecast,Apr,193530419,0.0877,-285974413,0.0095
DC,PJ,2024,Gross,Forecast,May,723852362,3.7403,-1091227849,0.0356
DC,PJ,2024,Gross,Forecast,Jun,1608428653,2.222,158952621,0.0791
DC,PJ,2024,Gross,Forecast,Jul,2266315883,1.409,2181759104,0.1114
DC,PJ,2024,Gross,Forecast,Aug,1118455529,0.4935,-273170056,0.055
DC,PJ,2024,Gross,Forecast,Sep,2032181495,1.817,-908236853,0.0999
DC,PJ,2024,Gross,Forecast,Oct,3857149596,1.898,-626932183,0.1896
DC,PJ,2024,Gross,Forecast,Nov,2212783430,0.5737,-2186465876,0.1088
DC,PJ,2024,Gross,Forecast,Dec,1924590564,0.8698,-3545234726,0.0946
DC,PJ,2024,Net,Actual,Jan,208810051,,-843229540,0.016
DC,PJ,2024,Net,Actual,Feb,237287993,1.1364,-429145805,0.0181
DC,PJ,2024,Net,Actual,Mar,2513441233,10.5924,1517221643,0.1922
DC,PJ,2024,Net,Actual,Apr,244040285,0.0971,-667824388,0.0187
DC,PJ,2024,Net,Actual,May,848211090,3.4757,843837252,0.0649
DC,PJ,2024,Net,Actual,Jun,578235199,0.6817,214200457,0.0442
DC,PJ,2024,Net,Actual,Jul,1993445292,3.4475,1779878483,0.1524
DC,PJ,2024,Net,Actual,Aug,12713810,0.0064,-1539193178,0.001
DC,PJ,2024,Net,Actual,Sep,1551732836,122.051,-673857709,0.1187
DC,PJ,2024,Net,Actual,Oct,1937915249,1.2489,1059243585,0.1482
DC,PJ,2024,Net,Actual,Nov,2836279092,1.4636,-1083763400,0.2169
DC,PJ,2024,Net,Actual,Dec,115943023,0.0409,-2592437803,0.0089
DC,PJ,2024,Net,Budget,Jan,1052039591,,0,0.0679
DC,PJ,2024,Net,Budget,Feb,666433798,0.6335,0,0.043
DC,PJ,2024,Net,Budget,Mar,996219590,1.4949,0,0.0643
DC,PJ,2024,Net,Budget,Apr,911864673,0.9153,0,0.0589
DC,PJ,2024,Net,Budget,May,4373838,0.0048,0,0.0003
DC,PJ,2024,Net,Budget,Jun,364034742,83.23,0,0.0235
DC,PJ,2024,Net,Budget,Jul,213566809,0.5867,0,0.0138
DC,PJ,2024,Net,Budget,Aug,1551906988,7.2666,0,0.1002
DC,PJ,2024,Net,Budget,Sep,2225590545,1.4341,0,0.1437
DC,PJ,2024,Net,Budget,Oct,878671664,0.3948,0,0.0567
DC,PJ,2024,Net,Budget,Nov,3920042492,4.4613,0,0.253
DC,PJ,2024,Net,Budget,Dec,2708380826,0.6909,0,0.1748
DC,PJ,2024,Net,Forecast,Jan,751544577,,-300495014,0.0636
DC,PJ,2024,Net,Forecast,Feb,100305467,0.1335,-566128331,0.0085
DC,PJ,2024,Net,Forecast,Mar,1415261395,14.1095,419041805,0.1197
DC,PJ,2024,Net,Forecast,Apr,655552987,0.4632,-256311686,0.0555
DC,PJ,2024,Net,Forecast,May,893618175,1.3632,889244337,0.0756
DC,PJ,2024,Net,Forecast,Jun,1702492802,1.9052,1338458060,0.144
DC,PJ,2024,Net,Forecast,Jul,200106377,0.1175,-13460432,0.0169
DC,PJ,2024,Net,Forecast,Aug,875033807,4.3728,-676873181,0.074
DC,PJ,2024,Net,Forecast,Sep,158938480,0.1816,-2066652065,0.0134
DC,PJ,2024,Net,Forecast,Oct,2070356817,13.0262,1191685153,0.1752
DC,PJ,2024,Net,Forecast,Nov,2043464749,0.987,-1876577743,0.1729
DC,PJ,2024,Net,Forecast,Dec,952597163,0.4662,-1755783663,0.0806
DC,PJ,2024,Op,Actual,Jan,818431915,,657358743,0.0494
DC,PJ,2024,Op,Actual,Feb,529974262,0.6475,-2285680,0.032
DC,PJ,2024,Op,Actual,Mar,2051470721,3.8709,1769017190,0.1237
DC,PJ,2024,Op,Actual,Apr,167880796,0.0818,-617453158,0.0101
DC,PJ,2024,Op,Actual,May,754649073,4.4951,-366012620,0.0455
DC,PJ,2024,Op,Actual,Jun,408459703,0.5413,332402342,0.0246
DC,PJ,2024,Op,Actual,Jul,1575531144,3.8572,1193641399,0.095
DC,PJ,2024,Op,Actual,Aug,1698854176,1.0783,1240717589,0.1025
DC,PJ,2024,Op,Actual,Sep,828169558,0.4875,-692547531,0.05
DC,PJ,2024,Op,Actual,Oct,2301322259,2.7788,-912693881,0.1388
DC,PJ,2024,Op,Actual,Nov,2478991438,1.0772,1928223070,0.1495
DC,PJ,2024,Op,Actual,Dec,2964974698,1.196,2224456103,0.1788
DC,PJ,2024,Op,Budget,Jan,161073172,,0,0.0164
DC,PJ,2024,Op,Budget,Feb,532259942,3.3045,0,0.0542
DC,PJ,2024,Op,Budget,Mar,282453531,0.5307,0,0.0288
DC,PJ,2024,Op,Budget,Apr,785333954,2.7804,0,0.0799
DC,PJ,2024,Op,Budget,May,1120661693,1.427,0,0.1141
DC,PJ,2024,Op,Budget,Jun,76057361,0.0679,0,0.0077
DC,PJ,2024,Op,Budget,Jul,381889745,5.0211,0,0.0389
DC,PJ,2024,Op,Budget,Aug,458136587,1.1997,0,0.0466
DC,PJ,2024,Op,Budget,Sep,1520717089,3.3194,0,0.1548
DC,PJ,2024,Op,Budget,Oct,3214016140,2.1135,0,0.3272
DC,PJ,2024,Op,Budget,Nov,550768368,0.1714,0,0.0561
DC,PJ,2024,Op,Budget,Dec,740518595,1.3445,0,0.0754
DC,PJ,2024,Op,Forecast,Jan,543961240,,382888068,0.0421
DC,PJ,2024,Op,Forecast,Feb,438545106,0.8062,-93714836,0.0339
DC,PJ,2024,Op,Forecast,Mar,1821450140,4.1534,1538996609,0.141
DC,PJ,2024,Op,Forecast,Apr,645242334,0.3542,-140091620,0.0499
DC,PJ,2024,Op,Forecast,May,572202687,0.8868,-548459006,0.0443
DC,PJ,2024,Op,Forecast,Jun,329758664,0.5763,253701303,0.0255
DC,PJ,2024,Op,Forecast,Jul,1504825177,4.5634,1122935432,0.1165
DC,PJ,2024,Op,Forecast,Aug,1103692911,0.7334,645556324,0.0854
DC,PJ,2024,Op,Forecast,Sep,899767301,0.8152,-620949788,0.0696
DC,PJ,2024,Op,Forecast,Oct,3231390817,3.5914,17374677,0.2501
DC,PJ,2024,Op,Forecast,Nov,397626750,0.1231,-153141618,0.0308
DC,PJ,2024,Op,Forecast,Dec,1433700292,3.6056,693181697,0.1109
DC,PJ,2025,Gross,Actual,Jan,1459680000,,-107974841,0.0512
DC,PJ,2025,Gross,Actual,Feb,1412370000,0.9676,684546396,0.0495
DC,PJ,2025,Gross,Actual,Mar,1993140000,1.4112,918313655,0.0699
DC,PJ,2025,Gross,Actual,Apr,1330020000,0.6673,26557883,0.0466
DC,PJ,2025,Gross,Actual,May,1587440000,1.1935,-516522558,0.0556
DC,PJ,2025,Gross,Actual,Jun,1721020000,1.0841,1556421117,0.0603
DC,PJ,2025,Gross,Actual,Jul,2314250000,1.3447,2278753042,0.0811
DC,PJ,2025,Gross,Actual,Aug,1473710000,0.6368,294889173,0.0517
DC,PJ,2025,Gross,Actual,Sep,2769980000,1.8796,758125510,0.0971
DC,PJ,2025,Gross,Actual,Oct,3014530000,1.0883,-384660001,0.1057
DC,PJ,2025,Gross,Actual,Nov,3741800000,1.2413,3520204312,0.1311
DC,PJ,2025,Gross,Actual,Dec,5714330000,1.5272,4085364875,0.2003
DC,PJ,2025,Gross,Budget,Jan,1567654841,,0,0.1017
DC,PJ,2025,Gross,Budget,Feb,727823604,0.4643,0,0.0472
DC,PJ,2025,Gross,Budget,Mar,1074826345,1.4768,0,0.0697
DC,PJ,2025,Gross,Budget,Apr,1303462117,1.2127,0,0.0845
DC,PJ,2025,Gross,Budget,May,2103962558,1.6141,0,0.1365
DC,PJ,2025,Gross,Budget,Jun,164598883,0.0782,0,0.0107
DC,PJ,2025,Gross,Budget,Jul,35496958,0.2157,0,0.0023
DC,PJ,2025,Gross,Budget,Aug,1178820827,33.2091,0,0.0765
DC,PJ,2025,Gross,Budget,Sep,2011854490,1.7067,0,0.1305
DC,PJ,2025,Gross,Budget,Oct,3399190001,1.6896,0,0.2205
DC,PJ,2025,Gross,Budget,Nov,221595688,0.0652,0,0.0144
DC,PJ,2025,Gross,Budget,Dec,1628965125,7.3511,0,0.1057
DC,PJ,2025,Gross,Forecast,Jan,1597203074,,29548233,0.0764
DC,PJ,2025,Gross,Forecast,Feb,1920097370,1.2022,1192273766,0.0919
DC,PJ,2025,Gross,Forecast,Mar,2516514844,1.3106,1441688499,0.1204
DC,PJ,2025,Gross,Forecast,Apr,1718018142,0.6827,414556025,0.0822
DC,PJ,2025,Gross,Forecast,May,678892960,0.3952,-1425069598,0.0325
DC,PJ,2025,Gross,Forecast,Jun,2531634101,3.7291,2367035218,0.1211
DC,PJ,2025,Gross,Forecast,Jul,1045607737,0.413,1010110779,0.05
DC,PJ,2025,Gross,Forecast,Aug,336755265,0.3221,-842065562,0.0161
DC,PJ,2025,Gross,Forecast,Sep,1397384171,4.1496,-614470319,0.0668
DC,PJ,2025,Gross,Forecast,Oct,1113703309,0.797,-2285486692,0.0533
DC,PJ,2025,Gross,Forecast,Nov,746209178,0.67,524613490,0.0357
DC,PJ,2025,Gross,Forecast,Dec,5301604241,7.1047,3672639116,0.2536
DC,PJ,2025,Net,Actual,Jan,816580000,,375248625,0.04
DC,PJ,2025,Net,Actual,Feb,558140000,0.6835,349100194,0.0273
DC,PJ,2025,Net,Actual,Mar,1900680000,3.4054,-500147739,0.093
DC,PJ,2025,Net,Actual,Apr,690200000,0.3631,230997254,0.0338
DC,PJ,2025,Net,Actual,May,1179290000,1.7086,243128111,0.0577
DC,PJ,2025,Net,Actual,Jun,1586330000,1.3452,1544660228,0.0776
DC,PJ,2025,Net,Actual,Jul,1714840000,1.081,1349783119,0.0839
DC,PJ,2025,Net,Actual,Aug,1135490000,0.6622,1112623698,0.0556
DC,PJ,2025,Net,Actual,Sep,2130190000,1.876,-1022550208,0.1043
DC,PJ,2025,Net,Actual,Oct,2388160000,1.1211,1918695229,0.1169
DC,PJ,2025,Net,Actual,Nov,2773170000,1.1612,1610470841,0.1357
DC,PJ,2025,Net,Actual,Dec,3556680000,1.2825,-1119538303,0.1741
DC,PJ,2025,Net,Budget,Jan,441331375,,0,0.0308
DC,PJ,2025,Net,Budget,Feb,209039806,0.4737,0,0.0146
DC,PJ,2025,Net,Budget,Mar,2400827739,11.485,0,0.1675
DC,PJ,2025,Net,Budget,Apr,459202746,0.1913,0,0.032
DC,PJ,2025,Net,Budget,May,936161889,2.0387,0,0.0653
DC,PJ,2025,Net,Budget,Jun,41669772,0.0445,0,0.0029
DC,PJ,2025,Net,Budget,Jul,365056881,8.7607,0,0.0255
DC,PJ,2025,Net,Budget,Aug,22866302,0.0626,0,0.0016
DC,PJ,2025,Net,Budget,Sep,3152740208,137.8771,0,0.2199
DC,PJ,2025,Net,Budget,Oct,469464771,0.1489,0,0.0327
DC,PJ,2025,Net,Budget,Nov,1162699159,2.4766,0,0.0811
DC,PJ,2025,Net,Budget,Dec,4676218303,4.0219,0,0.3262
DC,PJ,2025,Net,Forecast,Jan,74861457,,-366469918,0.0087
DC,PJ,2025,Net,Forecast,Feb,316283967,4.2249,107244161,0.0366
DC,PJ,2025,Net,Forecast,Mar,48243369,0.1525,-2352584370,0.0056
DC,PJ,2025,Net,Forecast,Apr,645987147,13.3902,186784401,0.0748
DC,PJ,2025,Net,Forecast,May,1725785555,2.6715,789623666,0.1998
DC,PJ,2025,Net,Forecast,Jun,238889013,0.1384,197219241,0.0277
DC,PJ,2025,Net,Forecast,Jul,2213227949,9.2647,1848171068,0.2562
DC,PJ,2025,Net,Forecast,Aug,879676562,0.3975,856810260,0.1018
DC,PJ,2025,Net,Forecast,Sep,884346025,1.0053,-2268394183,0.1024
DC,PJ,2025,Net,Forecast,Oct,471733345,0.5334,2268574,0.0546
DC,PJ,2025,Net,Forecast,Nov,1035718041,2.1956,-126981118,0.1199
DC,PJ,2025,Net,Forecast,Dec,103910470,0.1003,-4572307833,0.012
DC,PJ,2025,Op,Actual,Jan,816580000,,585673999,0.04
DC,PJ,2025,Op,Actual,Feb,558140000,0.6835,-154298283,0.0273
DC,PJ,2025,Op,Actual,Mar,1900680000,3.4054,599116426,0.093
DC,PJ,2025,Op,Actual,Apr,690200000,0.3631,303645051,0.0338
DC,PJ,2025,Op,Actual,May,1179290000,1.7086,525622163,0.0577
DC,PJ,2025,Op,Actual,Jun,1586330000,1.3452,1018431656,0.0776
DC,PJ,2025,Op,Actual,Jul,1714840000,1.081,1020746295,0.0839
DC,PJ,2025,Op,Actual,Aug,1135490000,0.6622,180172416,0.0556
DC,PJ,2025,Op,Actual,Sep,2130190000,1.876,1859281335,0.1043
DC,PJ,2025,Op,Actual,Oct,2388160000,1.1211,250261420,0.1169
DC,PJ,2025,Op,Actual,Nov,2773170000,1.1612,1631168702,0.1357
DC,PJ,2025,Op,Actual,Dec,3556680000,1.2825,1318731630,0.1741
DC,PJ,2025,Op,Budget,Jan,230906001,,0,0.0205
DC,PJ,2025,Op,Budget,Feb,712438283,3.0854,0,0.0631
DC,PJ,2025,Op,Budget,Mar,1301563574,1.8269,0,0.1153
DC,PJ,2025,Op,Budget,Apr,386554949,0.297,0,0.0342
DC,PJ,2025,Op,Budget,May,653667837,1.691,0,0.0579
DC,PJ,2025,Op,Budget,Jun,567898344,0.8688,0,0.0503
DC,PJ,2025,Op,Budget,Jul,694093705,1.2222,0,0.0615
DC,PJ,2025,Op,Budget,Aug,955317584,1.3764,0,0.0846
DC,PJ,2025,Op,Budget,Sep,270908665,0.2836,0,0.024
DC,PJ,2025,Op,Budget,Oct,2137898580,7.8916,0,0.1893
DC,PJ,2025,Op,Budget,Nov,1142001298,0.5342,0,0.1011
DC,PJ,2025,Op,Budget,Dec,2237948370,1.9597,0,0.1982
DC,PJ,2025,Op,Forecast,Jan,877975661,,647069660,0.0502
DC,PJ,2025,Op,Forecast,Feb,427789269,0.4872,-284649014,0.0245
DC,PJ,2025,Op,Forecast,Mar,928862576,2.1713,-372700998,0.0531
DC,PJ,2025,Op,Forecast,Apr,653662811,0.7037,267107862,0.0374
DC,PJ,2025,Op,Forecast,May,130747885,0.2,-522919952,0.0075
DC,PJ,2025,Op,Forecast,Jun,2282473231,17.4571,1714574887,0.1305
DC,PJ,2025,Op,Forecast,Jul,1240368091,0.5434,546274386,0.0709
DC,PJ,2025,Op,Forecast,Aug,754704161,0.6085,-200613423,0.0432
DC,PJ,2025,Op,Forecast,Sep,454235514,0.6019,183326849,0.026
DC,PJ,2025,Op,Forecast,Oct,3121370981,6.8717,983472401,0.1785
DC,PJ,2025,Op,Forecast,Nov,3338289110,1.0695,2196287812,0.1909
DC,PJ,2025,Op,Forecast,Dec,3277952052,0.9819,1040003682,0.1874
DE,CDE,2024,Gross,Actual,Jan,3257395596,,-1178420824,0.1144
DE,CDE,2024,Gross,Actual,Feb,1389135395,0.4265,-190734399,0.0488
DE,CDE,2024,Gross,Actual,Mar,82653895,0.0595,1895945,0.0029
DE,CDE,2024,Gross,Actual,Apr,2370452371,28.6793,-2257523672,0.0832
DE,CDE,2024,Gross,Actual,May,2191989207,0.9247,-699564654,0.077
DE,CDE,2024,Gross,Actual,Jun,1466410027,0.669,-2345304760,0.0515
DE,CDE,2024,Gross,Actual,Jul,1540638991,1.0506,-1089111552,0.0541
DE,CDE,2024,Gross,Actual,Aug,5830312314,3.7843,260059860,0.2047
DE,CDE,2024,Gross,Actual,Sep,520432785,0.0893,-1674449204,0.0183
DE,CDE,2024,Gross,Actual,Oct,3906705088,7.5066,2003134397,0.1372
DE,CDE,2024,Gross,Actual,Nov,2859669556,0.732,-108500840,0.1004
DE,CDE,2024,Gross,Actual,Dec,3063115827,1.0711,2239957227,0.1076
DE,CDE,2024,Gross,Budget,Jan,4435816420,,0,0.1323
DE,CDE,2024,Gross,Budget,Feb,1579869794,0.3562,0,0.0471
DE,CDE,2024,Gross,Budget,Mar,80757950,0.0511,0,0.0024
DE,CDE,2024,Gross,Budget,Apr,4627976043,57.3068,0,0.1381
DE,CDE,2024,Gross,Budget,May,2891553861,0.6248,0,0.0863
DE,CDE,2024,Gross,Budget,Jun,3811714787,1.3182,0,0.1137
DE,CDE,2024,Gross,Budget,Jul,2629750543,0.6899,0,0.0785
DE,CDE,2024,Gross,Budget,Aug,5570252454,2.1182,0,0.1662
DE,CDE,2024,Gross,Budget,Sep,2194881989,0.394,0,0.0655
DE,CDE,2024,Gross,Budget,Oct,1903570691,0.8673,0,0.0568
DE,CDE,2024,Gross,Budget,Nov,2968170396,1.5593,0,0.0886
DE,CDE,2024,Gross,Budget,Dec,823158600,0.2773,0,0.0246
DE,CDE,2024,Gross,Forecast,Jan,2185223513,,-2250592907,0.0607
DE,CDE,2024,Gross,Forecast,Feb,2895196111,1.3249,1315326317,0.0805
DE,CDE,2024,Gross,Forecast,Mar,562538280,0.1943,481780330,0.0156
DE,CDE,2024,Gross,Forecast,Apr,3842447511,6.8306,-785528532,0.1068
DE,CDE,2024,Gross,Forecast,May,3272647828,0.8517,381093967,0.091
DE,CDE,2024,Gross,Forecast,Jun,4174173886,1.2755,362459099,0.116
DE,CDE,2024,Gross,Forecast,Jul,5215889838,1.2496,2586139295,0.145
DE,CDE,2024,Gross,Forecast,Aug,4662987535,0.894,-907264919,0.1296
DE,CDE,2024,Gross,Forecast,Sep,627746935,0.1346,-1567135054,0.0174
DE,CDE,2024,Gross,Forecast,Oct,997790780,1.5895,-905779911,0.0277
DE,CDE,2024,Gross,Forecast,Nov,4398779267,4.4085,1430608871,0.1223
DE,CDE,2024,Gross,Forecast,Dec,3139323119,0.7137,2316164519,0.0873
DE,CDE,2024,Net,Actual,Jan,111580895,,-791847578,0.0045
DE,CDE,2024,Net,Actual,Feb,1028721533,9.2195,-1962788556,0.0415
DE,CDE,2024,Net,Actual,Mar,1999091027,1.9433,-916120186,0.0807
DE,CDE,2024,Net,Actual,Apr,2627544947,1.3144,-24132,0.106
DE,CDE,2024,Net,Actual,May,1190713599,0.4532,527374621,0.048
DE,CDE,2024,Net,Actual,Jun,4074098365,3.4216,3644710500,0.1644
DE,CDE,2024,Net,Actual,Jul,3039738027,0.7461,201236477,0.1226
DE,CDE,2024,Net,Actual,Aug,4490326589,1.4772,249701603,0.1812
DE,CDE,2024,Net,Actual,Sep,963540655,0.2146,-1937267126,0.0389
DE,CDE,2024,Net,Actual,Oct,78077319,0.081,-2389340967,0.0032
DE,CDE,2024,Net,Actual,Nov,3427522560,43.8991,879812432,0.1383
DE,CDE,2024,Net,Actual,Dec,1754177831,0.5118,1152892047,0.0708
DE,CDE,2024,Net,Budget,Jan,903428473,,0,0.0346
DE,CDE,2024,Net,Budget,Feb,2991510089,3.3113,0,0.1145
DE,CDE,2024,Net,Budget,Mar,2915211213,0.9745,0,0.1116
DE,CDE,2024,Net,Budget,Apr,2627569079,0.9013,0,0.1006
DE,CDE,2024,Net,Budget,May,663338978,0.2525,0,0.0254
DE,CDE,2024,Net,Budget,Jun,429387865,0.6473,0,0.0164
DE,CDE,2024,Net,Budget,Jul,2838501550,6.6106,0,0.1086
DE,CDE,2024,Net,Budget,Aug,4240624986,1.494,0,0.1623
DE,CDE,2024,Net,Budget,Sep,2900807781,0.6841,0,0.111
DE,CDE,2024,Net,Budget,Oct,2467418286,0.8506,0,0.0944
DE,CDE,2024,Net,Budget,Nov,2547710128,1.0325,0,0.0975
DE,CDE,2024,Net,Budget,Dec,601285784,0.236,0,0.023
DE,CDE,2024,Net,Forecast,Jan,2742851818,,1839423345,0.1188
DE,CDE,2024,Net,Forecast,Feb,633612358,0.231,-2357897731,0.0274
DE,CDE,2024,Net,Forecast,Mar,197591785,0.3118,-2717619428,0.0086
DE,CDE,2024,Net,Forecast,Apr,1176214513,5.9528,-1451354566,0.0509
DE,CDE,2024,Net,Forecast,May,3629627872,3.0859,2966288894,0.1571
DE,CDE,2024,Net,Forecast,Jun,1242811285,0.3424,813423420,0.0538
DE,CDE,2024,Net,Forecast,Jul,1048517059,0.8437,-1789984491,0.0454
DE,CDE,2024,Net,Forecast,Aug,4271830118,4.0742,31205132,0.1849
DE,CDE,2024,Net,Forecast,Sep,2859102726,0.6693,-41705055,0.1238
DE,CDE,2024,Net,Forecast,Oct,306174761,0.1071,-2161243525,0.0133
DE,CDE,2024,Net,Forecast,Nov,3508350308,11.4587,960640180,0.1519
DE,CDE,2024,Net,Forecast,Dec,1480945280,0.4221,879659496,0.0641
DE,CDE,2024,Op,Actual,Jan,312622316,,-917294190,0.0146
DE,CDE,2024,Op,Actual,Feb,1872651846,5.9901,564035399,0.0874
DE,CDE,2024,Op,Actual,Mar,1952930642,1.0429,-311028088,0.0912
DE,CDE,2024,Op,Actual,Apr,4714516663,2.4141,901074391,0.22
DE,CDE,2024,Op,Actual,May,3859523386,0.8186,629613134,0.1801
DE,CDE,2024,Op,Actual,Jun,3131314103,0.8113,13178054,0.1461
DE,CDE,2024,Op,Actual,Jul,2953503501,0.9432,-858164663,0.1379
DE,CDE,2024,Op,Actual,Aug,184710128,0.0625,-1797389473,0.0086
DE,CDE,2024,Op,Actual,Sep,661020467,3.5787,-1018109945,0.0309
DE,CDE,2024,Op,Actual,Oct,6092829,0.0092,-1854325771,0.0003
DE,CDE,2024,Op,Actual,Nov,1517622514,249.0834,107684809,0.0708
DE,CDE,2024,Op,Actual,Dec,258901282,0.1706,-1991906828,0.0121
DE,CDE,2024,Op,Budget,Jan,1229916506,,0,0.044
DE,CDE,2024,Op,Budget,Feb,1308616447,1.064,0,0.0468
DE,CDE,2024,Op,Budget,Mar,2263958730,1.73,0,0.081
DE,CDE,2024,Op,Budget,Apr,3813442272,1.6844,0,0.1364
DE,CDE,2024,Op,Budget,May,3229910252,0.847,0,0.1155
DE,CDE,2024,Op,Budget,Jun,3118136049,0.9654,0,0.1115
DE,CDE,2024,Op,Budget,Jul,3811668164,1.2224,0,0.1363
DE,CDE,2024,Op,Budget,Aug,1982099601,0.52,0,0.0709
DE,CDE,2024,Op,Budget,Sep,1679130412,0.8471,0,0.0601
DE,CDE,2024,Op,Budget,Oct,1860418600,1.108,0,0.0665
DE,CDE,2024,Op,Budget,Nov,1409937705,0.7579,0,0.0504
DE,CDE,2024,Op,Budget,Dec,2250808110,1.5964,0,0.0805
DE,CDE,2024,Op,Forecast,Jan,3657242146,,2427325640,0.1469
DE,CDE,2024,Op,Forecast,Feb,1222404745,0.3342,-86211702,0.0491
DE,CDE,2024,Op,Forecast,Mar,2045590070,1.6734,-218368660,0.0822
DE,CDE,2024,Op,Forecast,Apr,4626635994,2.2618,813193722,0.1859
DE,CDE,2024,Op,Forecast,May,232029537,0.0502,-2997880715,0.0093
DE,CDE,2024,Op,Forecast,Jun,1422517970,6.1308,-1695618079,0.0571
DE,CDE,2024,Op,Forecast,Jul,413753636,0.2909,-3397914528,0.0166
DE,CDE,2024,Op,Forecast,Aug,3613631310,8.7338,1631531709,0.1452
DE,CDE,2024,Op,Forecast,Sep,1709938281,0.4732,30807869,0.0687
DE,CDE,2024,Op,Forecast,Oct,728683567,0.4261,-1131735033,0.0293
DE,CDE,2024,Op,Forecast,Nov,2959361346,4.0612,1549423641,0.1189
DE,CDE,2024,Op,Forecast,Dec,2260410003,0.7638,9601893,0.0908
DE,CDE,2025,Gross,Actual,Jan,2253095349,,-1072444456,0.0911
DE,CDE,2025,Gross,Actual,Feb,542435322,0.2408,334506089,0.0219
DE,CDE,2025,Gross,Actual,Mar,196744846,0.3627,-697419977,0.008
DE,CDE,2025,Gross,Actual,Apr,2427654957,12.3391,1261063192,0.0981
DE,CDE,2025,Gross,Actual,May,2166984741,0.8926,324265149,0.0876
DE,CDE,2025,Gross,Actual,Jun,873404736,0.4031,-4241180037,0.0353
DE,CDE,2025,Gross,Actual,Jul,4546234404,5.2052,2713525468,0.1838
DE,CDE,2025,Gross,Actual,Aug,4920960114,1.0824,4342529189,0.199
DE,CDE,2025,Gross,Actual,Sep,2436167779,0.4951,842570996,0.0985
DE,CDE,2025,Gross,Actual,Oct,856012448,0.3514,-406929821,0.0346
DE,CDE,2025,Gross,Actual,Nov,2788463885,3.2575,1415120685,0.1127
DE,CDE,2025,Gross,Actual,Dec,726029059,0.2604,-730862196,0.0294
DE,CDE,2025,Gross,Budget,Jan,3325539805,,0,0.161
DE,CDE,2025,Gross,Budget,Feb,207929233,0.0625,0,0.0101
DE,CDE,2025,Gross,Budget,Mar,894164823,4.3003,0,0.0433
DE,CDE,2025,Gross,Budget,Apr,1166591765,1.3047,0,0.0565
DE,CDE,2025,Gross,Budget,May,1842719592,1.5796,0,0.0892
DE,CDE,2025,Gross,Budget,Jun,5114584773,2.7756,0,0.2477
DE,CDE,2025,Gross,Budget,Jul,1832708936,0.3583,0,0.0888
DE,CDE,2025,Gross,Budget,Aug,578430925,0.3156,0,0.028
DE,CDE,2025,Gross,Budget,Sep,1593596783,2.755,0,0.0772
DE,CDE,2025,Gross,Budget,Oct,1262942269,0.7925,0,0.0612
DE,CDE,2025,Gross,Budget,Nov,1373343200,1.0874,0,0.0665
DE,CDE,2025,Gross,Budget,Dec,1456891255,1.0608,0,0.0706
DE,CDE,2025,Gross,Forecast,Jan,3232959156,,-92580649,0.0935
DE,CDE,2025,Gross,Forecast,Feb,3925546968,1.2142,3717617735,0.1135
DE,CDE,2025,Gross,Forecast,Mar,1878816846,0.4786,984652023,0.0543
DE,CDE,2025,Gross,Forecast,Apr,3307475217,1.7604,2140883452,0.0957
DE,CDE,2025,Gross,Forecast,May,258366475,0.0781,-1584353117,0.0075
DE,CDE,2025,Gross,Forecast,Jun,3678497636,14.2375,-1436087137,0.1064
DE,CDE,2025,Gross,Forecast,Jul,3334480267,0.9065,1501771331,0.0964
DE,CDE,2025,Gross,Forecast,Aug,326912789,0.098,-251518136,0.0095
DE,CDE,2025,Gross,Forecast,Sep,7719963991,23.6148,6126367208,0.2233
DE,CDE,2025,Gross,Forecast,Oct,1295403903,0.1678,32461634,0.0375
DE,CDE,2025,Gross,Forecast,Nov,4497332947,3.4718,3123989747,0.1301
DE,CDE,2025,Gross,Forecast,Dec,1117961605,0.2486,-338929650,0.0323
DE,CDE,2025,Net,Actual,Jan,393129539,,-2775371829,0.0145
DE,CDE,2025,Net,Actual,Feb,1468183894,3.7346,-206036547,0.0542
DE,CDE,2025,Net,Actual,Mar,1778994137,1.2117,-737058757,0.0656
DE,CDE,2025,Net,Actual,Apr,3990423379,2.2431,3297382796,0.1472
DE,CDE,2025,Net,Actual,May,235871429,0.0591,-3420504197,0.0087
DE,CDE,2025,Net,Actual,Jun,4584413033,19.4361,3308866733,0.1691
DE,CDE,2025,Net,Actual,Jul,1202639884,0.2623,-3555268427,0.0444
DE,CDE,2025,Net,Actual,Aug,5023585447,4.1771,4525610475,0.1853
DE,CDE,2025,Net,Actual,Sep,1485871090,0.2958,-5095033588,0.0548
DE,CDE,2025,Net,Actual,Oct,1558670061,1.049,1550294946,0.0575
DE,CDE,2025,Net,Actual,Nov,2497336397,1.6022,271239576,0.0921
DE,CDE,2025,Net,Actual,Dec,2888786222,1.1567,1622654318,0.1066
DE,CDE,2025,Net,Budget,Jan,3168501368,,0,0.1119
DE,CDE,2025,Net,Budget,Feb,1674220441,0.5284,0,0.0591
DE,CDE,2025,Net,Budget,Mar,2516052894,1.5028,0,0.0888
DE,CDE,2025,Net,Budget,Apr,693040583,0.2754,0,0.0245
DE,CDE,2025,Net,Budget,May,3656375626,5.2758,0,0.1291
DE,CDE,2025,Net,Budget,Jun,1275546300,0.3489,0,0.045
DE,CDE,2025,Net,Budget,Jul,4757908311,3.7301,0,0.168
DE,CDE,2025,Net,Budget,Aug,497974972,0.1047,0,0.0176
DE,CDE,2025,Net,Budget,Sep,6580904678,13.2153,0,0.2324
DE,CDE,2025,Net,Budget,Oct,8375115,0.0013,0,0.0003
DE,CDE,2025,Net,Budget,Nov,2226096821,265.799,0,0.0786
DE,CDE,2025,Net,Budget,Dec,1266131904,0.5688,0,0.0447
DE,CDE,2025,Net,Forecast,Jan,4095831522,,927330154,0.1209
DE,CDE,2025,Net,Forecast,Feb,2515902906,0.6143,841682465,0.0742
DE,CDE,2025,Net,Forecast,Mar,1742201147,0.6925,-773851747,0.0514
DE,CDE,2025,Net,Forecast,Apr,4410213461,2.5314,3717172878,0.1301
DE,CDE,2025,Net,Forecast,May,3530836980,0.8006,-125538646,0.1042
DE,CDE,2025,Net,Forecast,Jun,2059105056,0.5832,783558756,0.0608
DE,CDE,2025,Net,Forecast,Jul,2593470932,1.2595,-2164437379,0.0765
DE,CDE,2025,Net,Forecast,Aug,4560961264,1.7586,4062986292,0.1346
DE,CDE,2025,Net,Forecast,Sep,4546900959,0.9969,-2034003719,0.1342
DE,CDE,2025,Net,Forecast,Oct,926805591,0.2038,918430476,0.0273
DE,CDE,2025,Net,Forecast,Nov,949710531,1.0247,-1276386290,0.028
DE,CDE,2025,Net,Forecast,Dec,1957697897,2.0614,691565993,0.0578
DE,CDE,2025,Op,Actual,Jan,1190565441,,-391613241,0.0402
DE,CDE,2025,Op,Actual,Feb,749357423,0.6294,-1433047126,0.0253
DE,CDE,2025,Op,Actual,Mar,1813548647,2.4201,-768952269,0.0612
DE,CDE,2025,Op,Actual,Apr,3281563388,1.8095,3233920319,0.1107
DE,CDE,2025,Op,Actual,May,3558676967,1.0844,1560046423,0.12
DE,CDE,2025,Op,Actual,Jun,4123219815,1.1586,-738306050,0.1391
DE,CDE,2025,Op,Actual,Jul,2230832962,0.541,1536083090,0.0752
DE,CDE,2025,Op,Actual,Aug,4011433263,1.7982,500917063,0.1353
DE,CDE,2025,Op,Actual,Sep,4636460825,1.1558,-1331817019,0.1564
DE,CDE,2025,Op,Actual,Oct,992926797,0.2142,-1498980387,0.0335
DE,CDE,2025,Op,Actual,Nov,1696969802,1.7091,-674609539,0.0572
DE,CDE,2025,Op,Actual,Dec,1366521347,0.8053,891629335,0.0461
DE,CDE,2025,Op,Budget,Jan,1582178682,,0,0.055
DE,CDE,2025,Op,Budget,Feb,2182404549,1.3794,0,0.0759
DE,CDE,2025,Op,Budget,Mar,2582500916,1.1833,0,0.0898
DE,CDE,2025,Op,Budget,Apr,47643069,0.0184,0,0.0017
DE,CDE,2025,Op,Budget,May,1998630544,41.9501,0,0.0695
DE,CDE,2025,Op,Budget,Jun,4861525865,2.4324,0,0.169
DE,CDE,2025,Op,Budget,Jul,694749872,0.1429,0,0.0242
DE,CDE,2025,Op,Budget,Aug,3510516200,5.0529,0,0.122
DE,CDE,2025,Op,Budget,Sep,5968277844,1.7001,0,0.2075
DE,CDE,2025,Op,Budget,Oct,2491907184,0.4175,0,0.0866
DE,CDE,2025,Op,Budget,Nov,2371579341,0.9517,0,0.0824
DE,CDE,2025,Op,Budget,Dec,474892012,0.2002,0,0.0165
DE,CDE,2025,Op,Forecast,Jan,1907875168,,325696486,0.0557
DE,CDE,2025,Op,Forecast,Feb,2248154810,1.1784,65750261,0.0657
DE,CDE,2025,Op,Forecast,Mar,121741592,0.0542,-2460759324,0.0036
DE,CDE,2025,Op,Forecast,Apr,4200769538,34.5056,4153126469,0.1227
DE,CDE,2025,Op,Forecast,May,1187554930,0.2827,-811075614,0.0347
DE,CDE,2025,Op,Forecast,Jun,4756501429,4.0053,-105024436,0.139
DE,CDE,2025,Op,Forecast,Jul,3383225169,0.7113,2688475297,0.0989
DE,CDE,2025,Op,Forecast,Aug,2580308689,0.7627,-930207511,0.0754
DE,CDE,2025,Op,Forecast,Sep,5004882742,1.9396,-963395102,0.1462
DE,CDE,2025,Op,Forecast,Oct,2089288217,0.4174,-402618967,0.061
DE,CDE,2025,Op,Forecast,Nov,3760202798,1.7998,1388623457,0.1099
DE,CDE,2025,Op,Forecast,Dec,2982985118,0.7933,2508093106,0.0872
DE,PJ,2024,Gross,Actual,Jan,2148798390,,1399492942,0.0868
DE,PJ,2024,Gross,Actual,Feb,414151728,0.1927,-330790257,0.0167
DE,PJ,2024,Gross,Actual,Mar,1114213220,2.6904,1016736619,0.045
DE,PJ,2024,Gross,Actual,Apr,3773780735,3.3869,2349325731,0.1524
DE,PJ,2024,Gross,Actual,May,1893212699,0.5017,-295850390,0.0765
DE,PJ,2024,Gross,Actual,Jun,2073063093,1.095,-3104040542,0.0837
DE,PJ,2024,Gross,Actual,Jul,2551638747,1.2309,174708431,0.1031
DE,PJ,2024,Gross,Actual,Aug,2623941542,1.0283,2533361396,0.106
DE,PJ,2024,Gross,Actual,Sep,676096617,0.2577,-27567930,0.0273
DE,PJ,2024,Gross,Actual,Oct,321396316,0.4754,-1714274314,0.013
DE,PJ,2024,Gross,Actual,Nov,4576382552,14.2391,691423564,0.1848
DE,PJ,2024,Gross,Actual,Dec,2591345395,0.5662,-626852233,0.1047
DE,PJ,2024,Gross,Budget,Jan,749305448,,0,0.033
DE,PJ,2024,Gross,Budget,Feb,744941985,0.9942,0,0.0328
DE,PJ,2024,Gross,Budget,Mar,97476601,0.1309,0,0.0043
DE,PJ,2024,Gross,Budget,Apr,1424455004,14.6133,0,0.0628
DE,PJ,2024,Gross,Budget,May,2189063089,1.5368,0,0.0965
DE,PJ,2024,Gross,Budget,Jun,5177103635,2.365,0,0.2281
DE,PJ,2024,Gross,Budget,Jul,2376930316,0.4591,0,0.1047
DE,PJ,2024,Gross,Budget,Aug,90580146,0.0381,0,0.004
DE,PJ,2024,Gross,Budget,Sep,703664547,7.7684,0,0.031
DE,PJ,2024,Gross,Budget,Oct,2035670630,2.893,0,0.0897
DE,PJ,2024,Gross,Budget,Nov,3884958988,1.9084,0,0.1712
DE,PJ,2024,Gross,Budget,Dec,3218197628,0.8284,0,0.1418
DE,PJ,2024,Gross,Forecast,Jan,596611929,,-152693519,0.0329
DE,PJ,2024,Gross,Forecast,Feb,257358384,0.4314,-487583601,0.0142
DE,PJ,2024,Gross,Forecast,Mar,1504700739,5.8467,1407224138,0.0831
DE,PJ,2024,Gross,Forecast,Apr,2630972467,1.7485,1206517463,0.1453
DE,PJ,2024,Gross,Forecast,May,620866910,0.236,-1568196179,0.0343
DE,PJ,2024,Gross,Forecast,Jun,1229685890,1.9806,-3947417745,0.0679
DE,PJ,2024,Gross,Forecast,Jul,199375533,0.1621,-2177554783,0.011
DE,PJ,2024,Gross,Forecast,Aug,1121626554,5.6257,1031046408,0.0619
DE,PJ,2024,Gross,Forecast,Sep,2567468942,2.2891,1863804395,0.1418
DE,PJ,2024,Gross,Forecast,Oct,909165293,0.3541,-1126505337,0.0502
DE,PJ,2024,Gross,Forecast,Nov,3334162552,3.6673,-550796436,0.1841
DE,PJ,2024,Gross,Forecast,Dec,3138779894,0.9414,-79417734,0.1733
DE,PJ,2024,Net,Actual,Jan,241310538,,-914144224,0.0128
DE,PJ,2024,Net,Actual,Feb,1375537186,5.7003,1297505596,0.0732
DE,PJ,2024,Net,Actual,Mar,793834230,0.5771,110486048,0.0422
DE,PJ,2024,Net,Actual,Apr,667297212,0.8406,315902186,0.0355
DE,PJ,2024,Net,Actual,May,3006310088,4.5052,2802146746,0.16
DE,PJ,2024,Net,Actual,Jun,3740368343,1.2442,-131164589,0.1991
DE,PJ,2024,Net,Actual,Jul,1626584484,0.4349,602176766,0.0866
DE,PJ,2024,Net,Actual,Aug,3516371739,2.1618,2763170657,0.1871
DE,PJ,2024,Net,Actual,Sep,192408688,0.0547,-6106435066,0.0102
DE,PJ,2024,Net,Actual,Oct,3056842349,15.8872,384598501,0.1627
DE,PJ,2024,Net,Actual,Nov,39894175,0.0131,-1666932849,0.0021
DE,PJ,2024,Net,Actual,Dec,532868727,13.3571,-223053302,0.0284
DE,PJ,2024,Net,Budget,Jan,1155454762,,0,0.0591
DE,PJ,2024,Net,Budget,Feb,78031590,0.0675,0,0.004
DE,PJ,2024,Net,Budget,Mar,683348182,8.7573,0,0.0349
DE,PJ,2024,Net,Budget,Apr,351395026,0.5142,0,0.018
DE,PJ,2024,Net,Budget,May,204163342,0.581,0,0.0104
DE,PJ,2024,Net,Budget,Jun,3871532932,18.9629,0,0.198
DE,PJ,2024,Net,Budget,Jul,1024407718,0.2646,0,0.0524
DE,PJ,2024,Net,Budget,Aug,753201082,0.7353,0,0.0385
DE,PJ,2024,Net,Budget,Sep,6298843754,8.3628,0,0.3221
DE,PJ,2024,Net,Budget,Oct,2672243848,0.4242,0,0.1367
DE,PJ,2024,Net,Budget,Nov,1706827024,0.6387,0,0.0873
DE,PJ,2024,Net,Budget,Dec,755922029,0.4429,0,0.0387
DE,PJ,2024,Net,Forecast,Jan,1601216307,,445761545,0.0785
DE,PJ,2024,Net,Forecast,Feb,1076945413,0.6726,998913823,0.0528
DE,PJ,2024,Net,Forecast,Mar,682725704,0.6339,-622478,0.0335
DE,PJ,2024,Net,Forecast,Apr,4538181045,6.6472,4186786019,0.2226
DE,PJ,2024,Net,Forecast,May,600538988,0.1323,396375646,0.0295
DE,PJ,2024,Net,Forecast,Jun,4620211967,7.6934,748679035,0.2266
DE,PJ,2024,Net,Forecast,Jul,254327757,0.055,-770079961,0.0125
DE,PJ,2024,Net,Forecast,Aug,299796586,1.1788,-453404496,0.0147
DE,PJ,2024,Net,Forecast,Sep,179605218,0.5991,-6119238536,0.0088
DE,PJ,2024,Net,Forecast,Oct,3432294239,19.1102,760050391,0.1683
DE,PJ,2024,Net,Forecast,Nov,1228964086,0.3581,-477862938,0.0603
DE,PJ,2024,Net,Forecast,Dec,1873618589,1.5246,1117696560,0.0919
DE,PJ,2024,Op,Actual,Jan,2877218375,,-392495084,0.0984
DE,PJ,2024,Op,Actual,Feb,1994527145,0.6932,-1144964417,0.0682
DE,PJ,2024,Op,Actual,Mar,1547243584,0.7757,1432405310,0.0529
DE,PJ,2024,Op,Actual,Apr,369901446,0.2391,-3691819915,0.0126
DE,PJ,2024,Op,Actual,May,3691161323,9.9788,155457052,0.1262
DE,PJ,2024,Op,Actual,Jun,4481044041,1.214,2247245006,0.1532
DE,PJ,2024,Op,Actual,Jul,2897014464,0.6465,1210357292,0.0991
DE,PJ,2024,Op,Actual,Aug,2481895637,0.8567,865329537,0.0849
DE,PJ,2024,Op,Actual,Sep,2160478852,0.8705,-3102801332,0.0739
DE,PJ,2024,Op,Actual,Oct,2987302514,1.3827,887129447,0.1022
DE,PJ,2024,Op,Actual,Nov,2125665478,0.7116,787131971,0.0727
DE,PJ,2024,Op,Actual,Dec,1630049902,0.7668,1227026281,0.0557
DE,PJ,2024,Op,Budget,Jan,3269713459,,0,0.1137
DE,PJ,2024,Op,Budget,Feb,3139491562,0.9602,0,0.1091
DE,PJ,2024,Op,Budget,Mar,114838274,0.0366,0,0.004
DE,PJ,2024,Op,Budget,Apr,4061721361,35.3691,0,0.1412
DE,PJ,2024,Op,Budget,May,3535704271,0.8705,0,0.1229
DE,PJ,2024,Op,Budget,Jun,2233799035,0.6318,0,0.0777
DE,PJ,2024,Op,Budget,Jul,1686657172,0.7551,0,0.0586
DE,PJ,2024,Op,Budget,Aug,1616566100,0.9584,0,0.0562
DE,PJ,2024,Op,Budget,Sep,5263280184,3.2558,0,0.183
DE,PJ,2024,Op,Budget,Oct,2100173067,0.399,0,0.073
DE,PJ,2024,Op,Budget,Nov,1338533507,0.6373,0,0.0465
DE,PJ,2024,Op,Budget,Dec,403023621,0.3011,0,0.014
DE,PJ,2024,Op,Forecast,Jan,2503824639,,-765888820,0.0971
DE,PJ,2024,Op,Forecast,Feb,1636502,0.0007,-3137855060,0.0001
DE,PJ,2024,Op,Forecast,Mar,409851055,250.4434,295012781,0.0159
DE,PJ,2024,Op,Forecast,Apr,3588438440,8.7555,-473282921,0.1392
DE,PJ,2024,Op,Forecast,May,317590699,0.0885,-3218113572,0.0123
DE,PJ,2024,Op,Forecast,Jun,1524139733,4.7991,-709659302,0.0591
DE,PJ,2024,Op,Forecast,Jul,4173600596,2.7383,2486943424,0.1619
DE,PJ,2024,Op,Forecast,Aug,2413216953,0.5782,796650853,0.0936
DE,PJ,2024,Op,Forecast,Sep,4592506929,1.9031,-670773255,0.1781
DE,PJ,2024,Op,Forecast,Oct,2871644586,0.6253,771471519,0.1114
DE,PJ,2024,Op,Forecast,Nov,362158297,0.1261,-976375210,0.014
DE,PJ,2024,Op,Forecast,Dec,3028090317,8.3612,2625066696,0.1174
DE,PJ,2025,Gross,Actual,Jan,3177300000,,2708233205,0.0792
DE,PJ,2025,Gross,Actual,Feb,2840020000,0.8938,491236410,0.0708
DE,PJ,2025,Gross,Actual,Mar,2032090000,0.7155,1527279420,0.0506
DE,PJ,2025,Gross,Actual,Apr,3643340000,1.7929,223635127,0.0908
DE,PJ,2025,Gross,Actual,May,3167870000,0.8695,950944113,0.0789
DE,PJ,2025,Gross,Actual,Jun,3880380000,1.2249,2347989233,0.0967
DE,PJ,2025,Gross,Actual,Jul,3759410000,0.9688,3098038480,0.0937
DE,PJ,2025,Gross,Actual,Aug,4146230000,1.1029,-1331414600,0.1033
DE,PJ,2025,Gross,Actual,Sep,5311350000,1.281,2879053662,0.1324
DE,PJ,2025,Gross,Actual,Oct,2635960000,0.4963,2384694266,0.0657
DE,PJ,2025,Gross,Actual,Nov,3157280000,1.1978,2302706533,0.0787
DE,PJ,2025,Gross,Actual,Dec,2379150000,0.7535,923371696,0.0593
DE,PJ,2025,Gross,Budget,Jan,469066795,,0,0.0217
DE,PJ,2025,Gross,Budget,Feb,2348783590,5.0074,0,0.1086
DE,PJ,2025,Gross,Budget,Mar,504810580,0.2149,0,0.0233
DE,PJ,2025,Gross,Budget,Apr,3419704873,6.7742,0,0.1581
DE,PJ,2025,Gross,Budget,May,2216925887,0.6483,0,0.1025
DE,PJ,2025,Gross,Budget,Jun,1532390767,0.6912,0,0.0709
DE,PJ,2025,Gross,Budget,Jul,661371520,0.4316,0,0.0306
DE,PJ,2025,Gross,Budget,Aug,5477644600,8.2823,0,0.2533
DE,PJ,2025,Gross,Budget,Sep,2432296338,0.444,0,0.1125
DE,PJ,2025,Gross,Budget,Oct,251265734,0.1033,0,0.0116
DE,PJ,2025,Gross,Budget,Nov,854573467,3.4011,0,0.0395
DE,PJ,2025,Gross,Budget,Dec,1455778304,1.7035,0,0.0673
DE,PJ,2025,Gross,Forecast,Jan,1589888067,,1120821272,0.0537
DE,PJ,2025,Gross,Forecast,Feb,1004888187,0.632,-1343895403,0.0339
DE,PJ,2025,Gross,Forecast,Mar,2431155702,2.4193,1926345122,0.0821
DE,PJ,2025,Gross,Forecast,Apr,3417127862,1.4056,-2577011,0.1154
DE,PJ,2025,Gross,Forecast,May,1211544361,0.3546,-1005381526,0.0409
DE,PJ,2025,Gross,Forecast,Jun,4811046938,3.971,3278656171,0.1625
DE,PJ,2025,Gross,Forecast,Jul,5386837669,1.1197,4725466149,0.182
DE,PJ,2025,Gross,Forecast,Aug,607435395,0.1128,-4870209205,0.0205
DE,PJ,2025,Gross,Forecast,Sep,6391889881,10.5227,3959593543,0.2159
DE,PJ,2025,Gross,Forecast,Oct,62933575,0.0098,-188332159,0.0021
DE,PJ,2025,Gross,Forecast,Nov,1440313155,22.8862,585739688,0.0487
DE,PJ,2025,Gross,Forecast,Dec,1247919278,0.8664,-207859026,0.0422
DE,PJ,2025,Net,Actual,Jan,2915160000,,1466523888,0.0825
DE,PJ,2025,Net,Actual,Feb,2099950000,0.7204,-169002569,0.0594
DE,PJ,2025,Net,Actual,Mar,2047090000,0.9748,707978689,0.0579
DE,PJ,2025,Net,Actual,Apr,3276820000,1.6007,-1323049369,0.0927
DE,PJ,2025,Net,Actual,May,2601550000,0.7939,-918300885,0.0736
DE,PJ,2025,Net,Actual,Jun,3668350000,1.4101,-297148522,0.1038
DE,PJ,2025,Net,Actual,Jul,3426910000,0.9342,-60067474,0.0969
DE,PJ,2025,Net,Actual,Aug,3806460000,1.1108,2558977331,0.1077
DE,PJ,2025,Net,Actual,Sep,4517700000,1.1869,4433610515,0.1278
DE,PJ,2025,Net,Actual,Oct,2381370000,0.5271,-1074198750,0.0674
DE,PJ,2025,Net,Actual,Nov,2568100000,1.0784,1945582723,0.0726
DE,PJ,2025,Net,Actual,Dec,2046330000,0.7968,597133517,0.0579
DE,PJ,2025,Net,Budget,Jan,1448636112,,0,0.0527
DE,PJ,2025,Net,Budget,Feb,2268952569,1.5663,0,0.0825
DE,PJ,2025,Net,Budget,Mar,1339111311,0.5902,0,0.0487
DE,PJ,2025,Net,Budget,Apr,4599869369,3.435,0,0.1673
DE,PJ,2025,Net,Budget,May,3519850885,0.7652,0,0.1281
DE,PJ,2025,Net,Budget,Jun,3965498522,1.1266,0,0.1443
DE,PJ,2025,Net,Budget,Jul,3486977474,0.8793,0,0.1269
DE,PJ,2025,Net,Budget,Aug,1247482669,0.3578,0,0.0454
DE,PJ,2025,Net,Budget,Sep,84089485,0.0674,0,0.0031
DE,PJ,2025,Net,Budget,Oct,3455568750,41.0939,0,0.1257
DE,PJ,2025,Net,Budget,Nov,622517277,0.1801,0,0.0226
DE,PJ,2025,Net,Budget,Dec,1449196483,2.328,0,0.0527
DE,PJ,2025,Net,Forecast,Jan,3867374706,,2418738594,0.1984
DE,PJ,2025,Net,Forecast,Feb,68014892,0.0176,-2200937677,0.0035
DE,PJ,2025,Net,Forecast,Mar,540316644,7.9441,-798794667,0.0277
DE,PJ,2025,Net,Forecast,Apr,2144478036,3.9689,-2455391333,0.11
DE,PJ,2025,Net,Forecast,May,125954439,0.0587,-3393896446,0.0065
DE,PJ,2025,Net,Forecast,Jun,5161139789,40.9762,1195641267,0.2647
DE,PJ,2025,Net,Forecast,Jul,17482093,0.0034,-3469495381,0.0009
DE,PJ,2025,Net,Forecast,Aug,629512191,36.009,-617970478,0.0323
DE,PJ,2025,Net,Forecast,Sep,54280985,0.0862,-29808500,0.0028
DE,PJ,2025,Net,Forecast,Oct,3347482150,61.6695,-108086600,0.1717
DE,PJ,2025,Net,Forecast,Nov,1178832003,0.3522,556314726,0.0605
DE,PJ,2025,Net,Forecast,Dec,2361111122,2.0029,911914639,0.1211
DE,PJ,2025,Op,Actual,Jan,2915160000,,1521256412,0.0825
DE,PJ,2025,Op,Actual,Feb,2099950000,0.7204,1252231,0.0594
DE,PJ,2025,Op,Actual,Mar,2047090000,0.9748,-571569042,0.0579
DE,PJ,2025,Op,Actual,Apr,3276820000,1.6007,2970942363,0.0927
DE,PJ,2025,Op,Actual,May,2601550000,0.7939,724847770,0.0736
DE,PJ,2025,Op,Actual,Jun,3668350000,1.4101,-358740691,0.1038
DE,PJ,2025,Op,Actual,Jul,3426910000,0.9342,-389150751,0.0969
DE,PJ,2025,Op,Actual,Aug,3806460000,1.1108,-1563770921,0.1077
DE,PJ,2025,Op,Actual,Sep,4517700000,1.1869,-2139588289,0.1278
DE,PJ,2025,Op,Actual,Oct,2381370000,0.5271,1088406134,0.0674
DE,PJ,2025,Op,Actual,Nov,2568100000,1.0784,2299095793,0.0726
DE,PJ,2025,Op,Actual,Dec,2046330000,0.7968,274492049,0.0579
DE,PJ,2025,Op,Budget,Jan,1393903588,,0,0.0443
DE,PJ,2025,Op,Budget,Feb,2098697769,1.5056,0,0.0666
DE,PJ,2025,Op,Budget,Mar,2618659042,1.2478,0,0.0831
DE,PJ,2025,Op,Budget,Apr,305877637,0.1168,0,0.0097
DE,PJ,2025,Op,Budget,May,1876702230,6.1355,0,0.0596
DE,PJ,2025,Op,Budget,Jun,4027090691,2.1458,0,0.1279
DE,PJ,2025,Op,Budget,Jul,3816060751,0.9476,0,0.1212
DE,PJ,2025,Op,Budget,Aug,5370230921,1.4073,0,0.1705
DE,PJ,2025,Op,Budget,Sep,6657288289,1.2397,0,0.2114
DE,PJ,2025,Op,Budget,Oct,1292963866,0.1942,0,0.041
DE,PJ,2025,Op,Budget,Nov,269004207,0.2081,0,0.0085
DE,PJ,2025,Op,Budget,Dec,1771837951,6.5867,0,0.0563
DE,PJ,2025,Op,Forecast,Jan,1595263737,,201360149,0.0506
DE,PJ,2025,Op,Forecast,Feb,1439091086,0.9021,-659606683,0.0457
DE,PJ,2025,Op,Forecast,Mar,1954044369,1.3578,-664614673,0.062
DE,PJ,2025,Op,Forecast,Apr,2724521804,1.3943,2418644167,0.0865
DE,PJ,2025,Op,Forecast,May,611189617,0.2243,-1265512613,0.0194
DE,PJ,2025,Op,Forecast,Jun,5125873631,8.3867,1098782940,0.1627
DE,PJ,2025,Op,Forecast,Jul,559814290,0.1092,-3256246461,0.0178
DE,PJ,2025,Op,Forecast,Aug,4726341856,8.4427,-643889065,0.1501
DE,PJ,2025,Op,Forecast,Sep,5772647784,1.2214,-884640505,0.1833
DE,PJ,2025,Op,Forecast,Oct,1835851947,0.318,542888081,0.0583
DE,PJ,2025,Op,Forecast,Nov,3439731656,1.8736,3170727449,0.1092
DE,PJ,2025,Op,Forecast,Dec,1711610577,0.4976,-60227374,0.0543
ES,CDE,2024,Gross,Actual,Jan,649781081,,-261697273,0.1401
ES,CDE,2024,Gross,Actual,Feb,351615924,0.5411,162435136,0.0758
ES,CDE,2024,Gross,Actual,Mar,603053979,1.7151,-290028858,0.13
ES,CDE,2024,Gross,Actual,Apr,132750684,0.2201,-279840021,0.0286
ES,CDE,2024,Gross,Actual,May,124990562,0.9415,-14991979,0.0269
ES,CDE,2024,Gross,Actual,Jun,400227089,3.2021,162385724,0.0863
ES,CDE,2024,Gross,Actual,Jul,527289479,1.3175,-951509573,0.1137
ES,CDE,2024,Gross,Actual,Aug,261584244,0.4961,-227936573,0.0564
ES,CDE,2024,Gross,Actual,Sep,325380120,1.2439,163008524,0.0702
ES,CDE,2024,Gross,Actual,Oct,122874979,0.3776,-291332579,0.0265
ES,CDE,2024,Gross,Actual,Nov,694552616,5.6525,304736855,0.1498
ES,CDE,2024,Gross,Actual,Dec,443792415,0.639,-5111297,0.0957
ES,CDE,2024,Gross,Budget,Jan,911478354,,0,0.1478
ES,CDE,2024,Gross,Budget,Feb,189180788,0.2076,0,0.0307
ES,CDE,2024,Gross,Budget,Mar,893082837,4.7208,0,0.1448
ES,CDE,2024,Gross,Budget,Apr,412590705,0.462,0,0.0669
ES,CDE,2024,Gross,Budget,May,139982541,0.3393,0,0.0227
ES,CDE,2024,Gross,Budget,Jun,237841365,1.6991,0,0.0386
ES,CDE,2024,Gross,Budget,Jul,1478799052,6.2176,0,0.2398
ES,CDE,2024,Gross,Budget,Aug,489520817,0.331,0,0.0794
ES,CDE,2024,Gross,Budget,Sep,162371596,0.3317,0,0.0263
ES,CDE,2024,Gross,Budget,Oct,414207558,2.551,0,0.0672
ES,CDE,2024,Gross,Budget,Nov,389815761,0.9411,0,0.0632
ES,CDE,2024,Gross,Budget,Dec,448903712,1.1516,0,0.0728
ES,CDE,2024,Gross,Forecast,Jan,1069312352,,157833998,0.2689
ES,CDE,2024,Gross,Forecast,Feb,248152725,0.2321,58971937,0.0624
ES,CDE,2024,Gross,Forecast,Mar,304721053,1.228,-588361784,0.0766
ES,CDE,2024,Gross,Forecast,Apr,718425232,2.3576,305834527,0.1807
ES,CDE,2024,Gross,Forecast,May,315336746,0.4389,175354205,0.0793
ES,CDE,2024,Gross,Forecast,Jun,117204593,0.3717,-120636772,0.0295
ES,CDE,2024,Gross,Forecast,Jul,560482290,4.7821,-918316762,0.1409
ES,CDE,2024,Gross,Forecast,Aug,69203845,0.1235,-420316972,0.0174
ES,CDE,2024,Gross,Forecast,Sep,209494650,3.0272,47123054,0.0527
ES,CDE,2024,Gross,Forecast,Oct,57614211,0.275,-356593347,0.0145
ES,CDE,2024,Gross,Forecast,Nov,83912085,1.4564,-305903676,0.0211
ES,CDE,2024,Gross,Forecast,Dec,222836702,2.6556,-226067010,0.056
ES,CDE,2024,Net,Actual,Jan,624821389,,434881422,0.1169
ES,CDE,2024,Net,Actual,Feb,37920280,0.0607,-255005983,0.0071
ES,CDE,2024,Net,Actual,Mar,844739494,22.2767,748994455,0.158
ES,CDE,2024,Net,Actual,Apr,137498721,0.1628,-288618612,0.0257
ES,CDE,2024,Net,Actual,May,198345465,1.4425,158409296,0.0371
ES,CDE,2024,Net,Actual,Jun,214291867,1.0804,-273984817,0.0401
ES,CDE,2024,Net,Actual,Jul,1409159747,6.5759,1170941376,0.2636
ES,CDE,2024,Net,Actual,Aug,409750433,0.2908,106472009,0.0767
ES,CDE,2024,Net,Actual,Sep,104721626,0.2556,-152104133,0.0196
ES,CDE,2024,Net,Actual,Oct,511586245,4.8852,432052642,0.0957
ES,CDE,2024,Net,Actual,Nov,585987164,1.1454,198157149,0.1096
ES,CDE,2024,Net,Actual,Dec,266903436,0.4555,160988106,0.0499
ES,CDE,2024,Net,Budget,Jan,189939967,,0,0.0654
ES,CDE,2024,Net,Budget,Feb,292926263,1.5422,0,0.1009
ES,CDE,2024,Net,Budget,Mar,95745039,0.3269,0,0.033
ES,CDE,2024,Net,Budget,Apr,426117333,4.4505,0,0.1467
ES,CDE,2024,Net,Budget,May,39936169,0.0937,0,0.0137
ES,CDE,2024,Net,Budget,Jun,488276684,12.2264,0,0.1681
ES,CDE,2024,Net,Budget,Jul,238218371,0.4879,0,0.082
ES,CDE,2024,Net,Budget,Aug,303278424,1.2731,0,0.1044
ES,CDE,2024,Net,Budget,Sep,256825759,0.8468,0,0.0884
ES,CDE,2024,Net,Budget,Oct,79533603,0.3097,0,0.0274
ES,CDE,2024,Net,Budget,Nov,387830015,4.8763,0,0.1335
ES,CDE,2024,Net,Budget,Dec,105915330,0.2731,0,0.0365
ES,CDE,2024,Net,Forecast,Jan,591485163,,401545196,0.1384
ES,CDE,2024,Net,Forecast,Feb,514324911,0.8695,221398648,0.1204
ES,CDE,2024,Net,Forecast,Mar,991093267,1.927,895348228,0.232
ES,CDE,2024,Net,Forecast,Apr,35868802,0.0362,-390248531,0.0084
ES,CDE,2024,Net,Forecast,May,250509796,6.9841,210573627,0.0586
ES,CDE,2024,Net,Forecast,Jun,435321570,1.7377,-52955114,0.1019
ES,CDE,2024,Net,Forecast,Jul,149099971,0.3425,-89118400,0.0349
ES,CDE,2024,Net,Forecast,Aug,193564393,1.2982,-109714031,0.0453
ES,CDE,2024,Net,Forecast,Sep,383429645,1.9809,126603886,0.0897
ES,CDE,2024,Net,Forecast,Oct,317486191,0.828,237952588,0.0743
ES,CDE,2024,Net,Forecast,Nov,36031508,0.1135,-351798507,0.0084
ES,CDE,2024,Net,Forecast,Dec,374311367,10.3884,268396037,0.0876
ES,CDE,2024,Op,Actual,Jan,160461520,,28031858,0.0506
ES,CDE,2024,Op,Actual,Feb,466810314,2.9092,119427008,0.1472
ES,CDE,2024,Op,Actual,Mar,50634755,0.1085,-319603710,0.016
ES,CDE,2024,Op,Actual,Apr,691164510,13.65,396404492,0.2179
ES,CDE,2024,Op,Actual,May,76280842,0.1104,-175071926,0.0241
ES,CDE,2024,Op,Actual,Jun,12459466,0.1633,-424231149,0.0039
ES,CDE,2024,Op,Actual,Jul,905219728,72.6532,453596544,0.2854
ES,CDE,2024,Op,Actual,Aug,74840603,0.0827,-301955450,0.0236
ES,CDE,2024,Op,Actual,Sep,132112014,1.7652,-369692502,0.0417
ES,CDE,2024,Op,Actual,Oct,332576165,2.5174,206229337,0.1049
ES,CDE,2024,Op,Actual,Nov,171675126,0.5162,-80299411,0.0541
ES,CDE,2024,Op,Actual,Dec,97000498,0.565,-274223697,0.0306
ES,CDE,2024,Op,Budget,Jan,132429662,,0,0.0338
ES,CDE,2024,Op,Budget,Feb,347383306,2.6232,0,0.0888
ES,CDE,2024,Op,Budget,Mar,370238465,1.0658,0,0.0946
ES,CDE,2024,Op,Budget,Apr,294760018,0.7961,0,0.0753
ES,CDE,2024,Op,Budget,May,251352768,0.8527,0,0.0642
ES,CDE,2024,Op,Budget,Jun,436690615,1.7374,0,0.1116
ES,CDE,2024,Op,Budget,Jul,451623184,1.0342,0,0.1154
ES,CDE,2024,Op,Budget,Aug,376796053,0.8343,0,0.0963
ES,CDE,2024,Op,Budget,Sep,501804516,1.3318,0,0.1283
ES,CDE,2024,Op,Budget,Oct,126346828,0.2518,0,0.0323
ES,CDE,2024,Op,Budget,Nov,251974537,1.9943,0,0.0644
ES,CDE,2024,Op,Budget,Dec,371224195,1.4733,0,0.0949
ES,CDE,2024,Op,Forecast,Jan,707090263,,574660601,0.1563
ES,CDE,2024,Op,Forecast,Feb,421591590,0.5962,74208284,0.0932
ES,CDE,2024,Op,Forecast,Mar,213815717,0.5072,-156422748,0.0473
ES,CDE,2024,Op,Forecast,Apr,11425228,0.0534,-283334790,0.0025
ES,CDE,2024,Op,Forecast,May,342813068,30.0049,91460300,0.0758
ES,CDE,2024,Op,Forecast,Jun,86450314,0.2522,-350240301,0.0191
ES,CDE,2024,Op,Forecast,Jul,680408951,7.8705,228785767,0.1504
ES,CDE,2024,Op,Forecast,Aug,442029910,0.6497,65233857,0.0977
ES,CDE,2024,Op,Forecast,Sep,535454033,1.2114,33649517,0.1184
ES,CDE,2024,Op,Forecast,Oct,453899907,0.8477,327553079,0.1003
ES,CDE,2024,Op,Forecast,Nov,477570267,1.0521,225595730,0.1056
ES,CDE,2024,Op,Forecast,Dec,151386292,0.317,-219837903,0.0335
ES,CDE,2025,Gross,Actual,Jan,55540781,,-284061776,0.0109
ES,CDE,2025,Gross,Actual,Feb,113125554,2.0368,-500862236,0.0221
ES,CDE,2025,Gross,Actual,Mar,939222550,8.3025,376297634,0.1835
ES,CDE,2025,Gross,Actual,Apr,704397969,0.75,372613947,0.1377
ES,CDE,2025,Gross,Actual,May,325940363,0.4627,132901375,0.0637
ES,CDE,2025,Gross,Actual,Jun,486358239,1.4922,203420560,0.095
ES,CDE,2025,Gross,Actual,Jul,1122465135,2.3079,128935881,0.2194
ES,CDE,2025,Gross,Actual,Aug,127261805,0.1134,106665947,0.0249
ES,CDE,2025,Gross,Actual,Sep,109067947,0.857,-401267819,0.0213
ES,CDE,2025,Gross,Actual,Oct,283193776,2.5965,-173269217,0.0553
ES,CDE,2025,Gross,Actual,Nov,404445421,1.4282,-264297616,0.079
ES,CDE,2025,Gross,Actual,Dec,446102907,1.103,298729679,0.0872
ES,CDE,2025,Gross,Budget,Jan,339602557,,0,0.0663
ES,CDE,2025,Gross,Budget,Feb,613987790,1.808,0,0.1199
ES,CDE,2025,Gross,Budget,Mar,562924916,0.9168,0,0.1099
ES,CDE,2025,Gross,Budget,Apr,331784022,0.5894,0,0.0648
ES,CDE,2025,Gross,Budget,May,193038988,0.5818,0,0.0377
ES,CDE,2025,Gross,Budget,Jun,282937679,1.4657,0,0.0552
ES,CDE,2025,Gross,Budget,Jul,993529254,3.5115,0,0.194
ES,CDE,2025,Gross,Budget,Aug,20595858,0.0207,0,0.004
ES,CDE,2025,Gross,Budget,Sep,510335766,24.7786,0,0.0996
ES,CDE,2025,Gross,Budget,Oct,456462993,0.8944,0,0.0891
ES,CDE,2025,Gross,Budget,Nov,668743037,1.4651,0,0.1306
ES,CDE,2025,Gross,Budget,Dec,147373228,0.2204,0,0.0288
ES,CDE,2025,Gross,Forecast,Jan,864752597,,525150040,0.2228
ES,CDE,2025,Gross,Forecast,Feb,102499144,0.1185,-511488646,0.0264
ES,CDE,2025,Gross,Forecast,Mar,397536142,3.8784,-165388774,0.1024
ES,CDE,2025,Gross,Forecast,Apr,20216967,0.0509,-311567055,0.0052
ES,CDE,2025,Gross,Forecast,May,224325697,11.0959,31286709,0.0578
ES,CDE,2025,Gross,Forecast,Jun,519208183,2.3145,236270504,0.1337
ES,CDE,2025,Gross,Forecast,Jul,798956952,1.5388,-194572302,0.2058
ES,CDE,2025,Gross,Forecast,Aug,228310867,0.2858,207715009,0.0588
ES,CDE,2025,Gross,Forecast,Sep,206236512,0.9033,-304099254,0.0531
ES,CDE,2025,Gross,Forecast,Oct,94808274,0.4597,-361654719,0.0244
ES,CDE,2025,Gross,Forecast,Nov,14306572,0.1509,-654436465,0.0037
ES,CDE,2025,Gross,Forecast,Dec,410950625,28.7246,263577397,0.1059
ES,CDE,2025,Net,Actual,Jan,985001993,,173160573,0.1786
ES,CDE,2025,Net,Actual,Feb,532395061,0.5405,16256198,0.0966
ES,CDE,2025,Net,Actual,Mar,247700625,0.4653,-627592712,0.0449
ES,CDE,2025,Net,Actual,Apr,710595333,2.8688,569990655,0.1289
ES,CDE,2025,Net,Actual,May,227263476,0.3198,47349557,0.0412
ES,CDE,2025,Net,Actual,Jun,12459563,0.0548,-202289603,0.0023
ES,CDE,2025,Net,Actual,Jul,869790949,69.8091,441855078,0.1577
ES,CDE,2025,Net,Actual,Aug,492111641,0.5658,94469945,0.0893
ES,CDE,2025,Net,Actual,Sep,131061676,0.2663,-259726354,0.0238
ES,CDE,2025,Net,Actual,Oct,689695394,5.2624,390247539,0.1251
ES,CDE,2025,Net,Actual,Nov,58936561,0.0855,-142794154,0.0107
ES,CDE,2025,Net,Actual,Dec,556742493,9.4465,283388716,0.101
ES,CDE,2025,Net,Budget,Jan,811841420,,0,0.1717
ES,CDE,2025,Net,Budget,Feb,516138863,0.6358,0,0.1091
ES,CDE,2025,Net,Budget,Mar,875293337,1.6958,0,0.1851
ES,CDE,2025,Net,Budget,Apr,140604678,0.1606,0,0.0297
ES,CDE,2025,Net,Budget,May,179913919,1.2796,0,0.038
ES,CDE,2025,Net,Budget,Jun,214749166,1.1936,0,0.0454
ES,CDE,2025,Net,Budget,Jul,427935871,1.9927,0,0.0905
ES,CDE,2025,Net,Budget,Aug,397641696,0.9292,0,0.0841
ES,CDE,2025,Net,Budget,Sep,390788030,0.9828,0,0.0826
ES,CDE,2025,Net,Budget,Oct,299447855,0.7663,0,0.0633
ES,CDE,2025,Net,Budget,Nov,201730715,0.6737,0,0.0427
ES,CDE,2025,Net,Budget,Dec,273353777,1.355,0,0.0578
ES,CDE,2025,Net,Forecast,Jan,510432673,,-301408747,0.1128
ES,CDE,2025,Net,Forecast,Feb,206683684,0.4049,-309455179,0.0457
ES,CDE,2025,Net,Forecast,Mar,870461317,4.2116,-4832020,0.1923
ES,CDE,2025,Net,Forecast,Apr,217692766,0.2501,77088088,0.0481
ES,CDE,2025,Net,Forecast,May,197340523,0.9065,17426604,0.0436
ES,CDE,2025,Net,Forecast,Jun,98717088,0.5002,-116032078,0.0218
ES,CDE,2025,Net,Forecast,Jul,990062742,10.0293,562126871,0.2188
ES,CDE,2025,Net,Forecast,Aug,348270422,0.3518,-49371274,0.077
ES,CDE,2025,Net,Forecast,Sep,515994468,1.4816,125206438,0.114
ES,CDE,2025,Net,Forecast,Oct,84006719,0.1628,-215441136,0.0186
ES,CDE,2025,Net,Forecast,Nov,377522850,4.494,175792135,0.0834
ES,CDE,2025,Net,Forecast,Dec,108668491,0.2878,-164685286,0.024
ES,CDE,2025,Op,Actual,Jan,197706436,,-779727622,0.0392
ES,CDE,2025,Op,Actual,Feb,488868837,2.4727,315354507,0.0968
ES,CDE,2025,Op,Actual,Mar,636910256,1.3028,183206694,0.1261
ES,CDE,2025,Op,Actual,Apr,672074613,1.0552,316305905,0.1331
ES,CDE,2025,Op,Actual,May,246737429,0.3671,-143006741,0.0489
ES,CDE,2025,Op,Actual,Jun,381016584,1.5442,218903810,0.0755
ES,CDE,2025,Op,Actual,Jul,806673035,2.1172,664516992,0.1597
ES,CDE,2025,Op,Actual,Aug,431978373,0.5355,194898521,0.0855
ES,CDE,2025,Op,Actual,Sep,598203000,1.3848,182048551,0.1185
ES,CDE,2025,Op,Actual,Oct,434606255,0.7265,391484282,0.0861
ES,CDE,2025,Op,Actual,Nov,23921212,0.055,-162483816,0.0047
ES,CDE,2025,Op,Actual,Dec,131167365,5.4833,-274603924,0.026
ES,CDE,2025,Op,Budget,Jan,977434058,,0,0.2479
ES,CDE,2025,Op,Budget,Feb,173514330,0.1775,0,0.044
ES,CDE,2025,Op,Budget,Mar,453703562,2.6148,0,0.1151
ES,CDE,2025,Op,Budget,Apr,355768708,0.7841,0,0.0902
ES,CDE,2025,Op,Budget,May,389744170,1.0955,0,0.0988
ES,CDE,2025,Op,Budget,Jun,162112774,0.4159,0,0.0411
ES,CDE,2025,Op,Budget,Jul,142156043,0.8769,0,0.0361
ES,CDE,2025,Op,Budget,Aug,237079852,1.6677,0,0.0601
ES,CDE,2025,Op,Budget,Sep,416154449,1.7553,0,0.1055
ES,CDE,2025,Op,Budget,Oct,43121973,0.1036,0,0.0109
ES,CDE,2025,Op,Budget,Nov,186405028,4.3227,0,0.0473
ES,CDE,2025,Op,Budget,Dec,405771289,2.1768,0,0.1029
ES,CDE,2025,Op,Forecast,Jan,974234352,,-3199706,0.187
ES,CDE,2025,Op,Forecast,Feb,460152862,0.4723,286638532,0.0883
ES,CDE,2025,Op,Forecast,Mar,64803496,0.1408,-388900066,0.0124
ES,CDE,2025,Op,Forecast,Apr,587346181,9.0635,231577473,0.1127
ES,CDE,2025,Op,Forecast,May,160674000,0.2736,-229070170,0.0308
ES,CDE,2025,Op,Forecast,Jun,371981127,2.3151,209868353,0.0714
ES,CDE,2025,Op,Forecast,Jul,398206868,1.0705,256050825,0.0764
ES,CDE,2025,Op,Forecast,Aug,505313272,1.269,268233420,0.097
ES,CDE,2025,Op,Forecast,Sep,107001923,0.2118,-309152526,0.0205
ES,CDE,2025,Op,Forecast,Oct,513681977,4.8007,470560004,0.0986
ES,CDE,2025,Op,Forecast,Nov,728098897,1.4174,541693869,0.1397
ES,CDE,2025,Op,Forecast,Dec,338965018,0.4655,-66806271,0.0651
ES,PJ,2024,Gross,Actual,Jan,360944260,,-476844077,0.1325
ES,PJ,2024,Gross,Actual,Feb,403802816,1.1187,203127105,0.1483
ES,PJ,2024,Gross,Actual,Mar,419923509,1.0399,-239437925,0.1542
ES,PJ,2024,Gross,Actual,Apr,486386288,1.1583,311013490,0.1786
ES,PJ,2024,Gross,Actual,May,75426945,0.1551,-9741785,0.0277
ES,PJ,2024,Gross,Actual,Jun,448748960,5.9495,277462172,0.1648
ES,PJ,2024,Gross,Actual,Jul,185187171,0.4127,-194177304,0.068
ES,PJ,2024,Gross,Actual,Aug,101477718,0.548,-56909130,0.0373
ES,PJ,2024,Gross,Actual,Sep,9660886,0.0952,-272394343,0.0035
ES,PJ,2024,Gross,Actual,Oct,15838830,1.6395,-108417007,0.0058
ES,PJ,2024,Gross,Actual,Nov,80979547,5.1127,-341369054,0.0297
ES,PJ,2024,Gross,Actual,Dec,135111016,1.6685,-320044048,0.0496
ES,PJ,2024,Gross,Budget,Jan,837788337,,0,0.212
ES,PJ,2024,Gross,Budget,Feb,200675711,0.2395,0,0.0508
ES,PJ,2024,Gross,Budget,Mar,659361434,3.2857,0,0.1669
ES,PJ,2024,Gross,Budget,Apr,175372798,0.266,0,0.0444
ES,PJ,2024,Gross,Budget,May,85168730,0.4856,0,0.0216
ES,PJ,2024,Gross,Budget,Jun,171286788,2.0111,0,0.0434
ES,PJ,2024,Gross,Budget,Jul,379364475,2.2148,0,0.096
ES,PJ,2024,Gross,Budget,Aug,158386848,0.4175,0,0.0401
ES,PJ,2024,Gross,Budget,Sep,282055229,1.7808,0,0.0714
ES,PJ,2024,Gross,Budget,Oct,124255837,0.4405,0,0.0314
ES,PJ,2024,Gross,Budget,Nov,422348601,3.399,0,0.1069
ES,PJ,2024,Gross,Budget,Dec,455155064,1.0777,0,0.1152
ES,PJ,2024,Gross,Forecast,Jan,1104534922,,266746585,0.1822
ES,PJ,2024,Gross,Forecast,Feb,206179991,0.1867,5504280,0.034
ES,PJ,2024,Gross,Forecast,Mar,7618774,0.037,-651742660,0.0013
ES,PJ,2024,Gross,Forecast,Apr,521303684,68.4236,345930886,0.086
ES,PJ,2024,Gross,Forecast,May,420140730,0.8059,334972000,0.0693
ES,PJ,2024,Gross,Forecast,Jun,604346898,1.4384,433060110,0.0997
ES,PJ,2024,Gross,Forecast,Jul,1101850320,1.8232,722485845,0.1817
ES,PJ,2024,Gross,Forecast,Aug,311335320,0.2826,152948472,0.0514
ES,PJ,2024,Gross,Forecast,Sep,594010343,1.9079,311955114,0.098
ES,PJ,2024,Gross,Forecast,Oct,651045389,1.096,526789552,0.1074
ES,PJ,2024,Gross,Forecast,Nov,180576723,0.2774,-241771878,0.0298
ES,PJ,2024,Gross,Forecast,Dec,359566447,1.9912,-95588617,0.0593
ES,PJ,2024,Net,Actual,Jan,149845406,,-324313508,0.0345
ES,PJ,2024,Net,Actual,Feb,464430634,3.0994,224940914,0.1069
ES,PJ,2024,Net,Actual,Mar,92350901,0.1988,-805357798,0.0213
ES,PJ,2024,Net,Actual,Apr,670423915,7.2595,200680222,0.1543
ES,PJ,2024,Net,Actual,May,284765960,0.4248,-128312882,0.0655
ES,PJ,2024,Net,Actual,Jun,111418675,0.3913,-283210027,0.0256
ES,PJ,2024,Net,Actual,Jul,888869476,7.9777,-81074240,0.2046
ES,PJ,2024,Net,Actual,Aug,12554799,0.0141,-343321093,0.0029
ES,PJ,2024,Net,Actual,Sep,482530300,38.4339,247831087,0.111
ES,PJ,2024,Net,Actual,Oct,497695424,1.0314,410240790,0.1145
ES,PJ,2024,Net,Actual,Nov,420002286,0.8439,150586377,0.0967
ES,PJ,2024,Net,Actual,Dec,270539335,0.6441,-185604115,0.0623
ES,PJ,2024,Net,Budget,Jan,474158914,,0,0.0901
ES,PJ,2024,Net,Budget,Feb,239489720,0.5051,0,0.0455
ES,PJ,2024,Net,Budget,Mar,897708699,3.7484,0,0.1706
ES,PJ,2024,Net,Budget,Apr,469743693,0.5233,0,0.0893
ES,PJ,2024,Net,Budget,May,413078842,0.8794,0,0.0785
ES,PJ,2024,Net,Budget,Jun,394628702,0.9553,0,0.075
ES,PJ,2024,Net,Budget,Jul,969943716,2.4579,0,0.1843
ES,PJ,2024,Net,Budget,Aug,355875892,0.3669,0,0.0676
ES,PJ,2024,Net,Budget,Sep,234699213,0.6595,0,0.0446
ES,PJ,2024,Net,Budget,Oct,87454634,0.3726,0,0.0166
ES,PJ,2024,Net,Budget,Nov,269415909,3.0806,0,0.0512
ES,PJ,2024,Net,Budget,Dec,456143450,1.6931,0,0.0867
ES,PJ,2024,Net,Forecast,Jan,66219440,,-407939474,0.0146
ES,PJ,2024,Net,Forecast,Feb,512171082,7.7345,272681362,0.113
ES,PJ,2024,Net,Forecast,Mar,625857810,1.222,-271850889,0.1381
ES,PJ,2024,Net,Forecast,Apr,184450301,0.2947,-285293392,0.0407
ES,PJ,2024,Net,Forecast,May,132539999,0.7186,-280538843,0.0292
ES,PJ,2024,Net,Forecast,Jun,188959530,1.4257,-205669172,0.0417
ES,PJ,2024,Net,Forecast,Jul,284459504,1.5054,-685484212,0.0628
ES,PJ,2024,Net,Forecast,Aug,348915569,1.2266,-6960323,0.077
ES,PJ,2024,Net,Forecast,Sep,412841182,1.1832,178141969,0.0911
ES,PJ,2024,Net,Forecast,Oct,505712149,1.225,418257515,0.1116
ES,PJ,2024,Net,Forecast,Nov,735319344,1.454,465903435,0.1623
ES,PJ,2024,Net,Forecast,Dec,534019549,0.7262,77876099,0.1178
ES,PJ,2024,Op,Actual,Jan,131607429,,-303544541,0.0325
ES,PJ,2024,Op,Actual,Feb,306911359,2.332,-12263465,0.0758
ES,PJ,2024,Op,Actual,Mar,362925048,1.1825,-561001189,0.0896
ES,PJ,2024,Op,Actual,Apr,311800984,0.8591,-84504999,0.077
ES,PJ,2024,Op,Actual,May,95156903,0.3052,-107002171,0.0235
ES,PJ,2024,Op,Actual,Jun,121651291,1.2784,-35412862,0.03
ES,PJ,2024,Op,Actual,Jul,932960927,7.6691,-170792089,0.2303
ES,PJ,2024,Op,Actual,Aug,546572064,0.5858,496772860,0.1349
ES,PJ,2024,Op,Actual,Sep,478971299,0.8763,54687334,0.1182
ES,PJ,2024,Op,Actual,Oct,394398280,0.8234,-179312438,0.0974
ES,PJ,2024,Op,Actual,Nov,138077740,0.3501,12012783,0.0341
ES,PJ,2024,Op,Actual,Dec,229821143,1.6644,-80140529,0.0567
ES,PJ,2024,Op,Budget,Jan,435151970,,0,0.0867
ES,PJ,2024,Op,Budget,Feb,319174824,0.7335,0,0.0636
ES,PJ,2024,Op,Budget,Mar,923926237,2.8947,0,0.184
ES,PJ,2024,Op,Budget,Apr,396305983,0.4289,0,0.0789
ES,PJ,2024,Op,Budget,May,202159074,0.5101,0,0.0403
ES,PJ,2024,Op,Budget,Jun,157064153,0.7769,0,0.0313
ES,PJ,2024,Op,Budget,Jul,1103753016,7.0274,0,0.2198
ES,PJ,2024,Op,Budget,Aug,49799204,0.0451,0,0.0099
ES,PJ,2024,Op,Budget,Sep,424283965,8.5199,0,0.0845
ES,PJ,2024,Op,Budget,Oct,573710718,1.3522,0,0.1143
ES,PJ,2024,Op,Budget,Nov,126064957,0.2197,0,0.0251
ES,PJ,2024,Op,Budget,Dec,309961672,2.4587,0,0.0617
ES,PJ,2024,Op,Forecast,Jan,583318964,,148166994,0.1314
ES,PJ,2024,Op,Forecast,Feb,243896327,0.4181,-75278497,0.055
ES,PJ,2024,Op,Forecast,Mar,573665693,2.3521,-350260544,0.1292
ES,PJ,2024,Op,Forecast,Apr,511347684,0.8914,115041701,0.1152
ES,PJ,2024,Op,Forecast,May,340996669,0.6669,138837595,0.0768
ES,PJ,2024,Op,Forecast,Jun,277157305,0.8128,120093152,0.0624
ES,PJ,2024,Op,Forecast,Jul,92046497,0.3321,-1011706519,0.0207
ES,PJ,2024,Op,Forecast,Aug,400938899,4.3558,351139695,0.0903
ES,PJ,2024,Op,Forecast,Sep,124086944,0.3095,-300197021,0.028
ES,PJ,2024,Op,Forecast,Oct,665860814,5.3661,92150096,0.15
ES,PJ,2024,Op,Forecast,Nov,553457671,0.8312,427392714,0.1247
ES,PJ,2024,Op,Forecast,Dec,71648239,0.1295,-238313433,0.0161
ES,PJ,2025,Gross,Actual,Jan,740760000,,227746584,0.114
ES,PJ,2025,Gross,Actual,Feb,456310000,0.616,365006297,0.0702
ES,PJ,2025,Gross,Actual,Mar,646020000,1.4157,316803030,0.0994
ES,PJ,2025,Gross,Actual,Apr,582950000,0.9024,60369627,0.0897
ES,PJ,2025,Gross,Actual,May,314690000,0.5398,184405990,0.0484
ES,PJ,2025,Gross,Actual,Jun,432680000,1.3749,-86792432,0.0666
ES,PJ,2025,Gross,Actual,Jul,1017520000,2.3517,839257929,0.1566
ES,PJ,2025,Gross,Actual,Aug,352330000,0.3463,-168660268,0.0542
ES,PJ,2025,Gross,Actual,Sep,402660000,1.1428,220531246,0.062
ES,PJ,2025,Gross,Actual,Oct,610680000,1.5166,-178778906,0.094
ES,PJ,2025,Gross,Actual,Nov,524560000,0.859,451717072,0.0807
ES,PJ,2025,Gross,Actual,Dec,416620000,0.7942,-21652427,0.0641
ES,PJ,2025,Gross,Budget,Jan,513013416,,0,0.1196
ES,PJ,2025,Gross,Budget,Feb,91303703,0.178,0,0.0213
ES,PJ,2025,Gross,Budget,Mar,329216970,3.6057,0,0.0768
ES,PJ,2025,Gross,Budget,Apr,522580373,1.5873,0,0.1219
ES,PJ,2025,Gross,Budget,May,130284010,0.2493,0,0.0304
ES,PJ,2025,Gross,Budget,Jun,519472432,3.9872,0,0.1212
ES,PJ,2025,Gross,Budget,Jul,178262071,0.3432,0,0.0416
ES,PJ,2025,Gross,Budget,Aug,520990268,2.9226,0,0.1215
ES,PJ,2025,Gross,Budget,Sep,182128754,0.3496,0,0.0425
ES,PJ,2025,Gross,Budget,Oct,789458906,4.3346,0,0.1841
ES,PJ,2025,Gross,Budget,Nov,72842928,0.0923,0,0.017
ES,PJ,2025,Gross,Budget,Dec,438272427,6.0167,0,0.1022
ES,PJ,2025,Gross,Forecast,Jan,664248473,,151235057,0.1166
ES,PJ,2025,Gross,Forecast,Feb,31660495,0.0477,-59643208,0.0056
ES,PJ,2025,Gross,Forecast,Mar,599368690,18.9311,270151720,0.1052
ES,PJ,2025,Gross,Forecast,Apr,738901151,1.2328,216320778,0.1297
ES,PJ,2025,Gross,Forecast,May,187709842,0.254,57425832,0.0329
ES,PJ,2025,Gross,Forecast,Jun,66448543,0.354,-453023889,0.0117
ES,PJ,2025,Gross,Forecast,Jul,1195777175,17.9955,1017515104,0.2099
ES,PJ,2025,Gross,Forecast,Aug,300351808,0.2512,-220638460,0.0527
ES,PJ,2025,Gross,Forecast,Sep,466394391,1.5528,284265637,0.0819
ES,PJ,2025,Gross,Forecast,Oct,648171770,1.3898,-141287136,0.1138
ES,PJ,2025,Gross,Forecast,Nov,418300979,0.6454,345458051,0.0734
ES,PJ,2025,Gross,Forecast,Dec,380135146,0.9088,-58137281,0.0667
ES,PJ,2025,Net,Actual,Jan,689160000,,-179661177,0.1153
ES,PJ,2025,Net,Actual,Feb,357130000,0.5182,235489799,0.0597
ES,PJ,2025,Net,Actual,Mar,678180000,1.899,-281217742,0.1134
ES,PJ,2025,Net,Actual,Apr,493370000,0.7275,128150391,0.0825
ES,PJ,2025,Net,Actual,May,280110000,0.5677,-135089889,0.0469
ES,PJ,2025,Net,Actual,Jun,352630000,1.2589,245642210,0.059
ES,PJ,2025,Net,Actual,Jul,955680000,2.7101,427678027,0.1599
ES,PJ,2025,Net,Actual,Aug,375590000,0.393,325858066,0.0628
ES,PJ,2025,Net,Actual,Sep,402660000,1.0721,226661806,0.0674
ES,PJ,2025,Net,Actual,Oct,516970000,1.2839,14067502,0.0865
ES,PJ,2025,Net,Actual,Nov,490800000,0.9494,276665952,0.0821
ES,PJ,2025,Net,Actual,Dec,385600000,0.7857,-66574649,0.0645
ES,PJ,2025,Net,Budget,Jan,868821177,,0,0.1825
ES,PJ,2025,Net,Budget,Feb,121640201,0.14,0,0.0256
ES,PJ,2025,Net,Budget,Mar,959397742,7.8872,0,0.2015
ES,PJ,2025,Net,Budget,Apr,365219609,0.3807,0,0.0767
ES,PJ,2025,Net,Budget,May,415199889,1.1368,0,0.0872
ES,PJ,2025,Net,Budget,Jun,106987790,0.2577,0,0.0225
ES,PJ,2025,Net,Budget,Jul,528001973,4.9352,0,0.1109
ES,PJ,2025,Net,Budget,Aug,49731934,0.0942,0,0.0104
ES,PJ,2025,Net,Budget,Sep,175998194,3.5389,0,0.037
ES,PJ,2025,Net,Budget,Oct,502902498,2.8574,0,0.1056
ES,PJ,2025,Net,Budget,Nov,214134048,0.4258,0,0.045
ES,PJ,2025,Net,Budget,Dec,452174649,2.1116,0,0.095
ES,PJ,2025,Net,Forecast,Jan,591933744,,-276887433,0.1108
ES,PJ,2025,Net,Forecast,Feb,407806164,0.6889,286165963,0.0763
ES,PJ,2025,Net,Forecast,Mar,867878259,2.1282,-91519483,0.1625
ES,PJ,2025,Net,Forecast,Apr,434555745,0.5007,69336136,0.0813
ES,PJ,2025,Net,Forecast,May,127445061,0.2933,-287754828,0.0239
ES,PJ,2025,Net,Forecast,Jun,264092227,2.0722,157104437,0.0494
ES,PJ,2025,Net,Forecast,Jul,1091020808,4.1312,563018835,0.2042
ES,PJ,2025,Net,Forecast,Aug,108125432,0.0991,58393498,0.0202
ES,PJ,2025,Net,Forecast,Sep,592213068,5.4771,416214874,0.1109
ES,PJ,2025,Net,Forecast,Oct,528616511,0.8926,25714013,0.099
ES,PJ,2025,Net,Forecast,Nov,279875403,0.5294,65741355,0.0524
ES,PJ,2025,Net,Forecast,Dec,48350503,0.1728,-403824146,0.0091
ES,PJ,2025,Op,Actual,Jan,689160000,,537720931,0.1153
ES,PJ,2025,Op,Actual,Feb,357130000,0.5182,220749005,0.0597
ES,PJ,2025,Op,Actual,Mar,678180000,1.899,-307303607,0.1134
ES,PJ,2025,Op,Actual,Apr,493370000,0.7275,377672265,0.0825
ES,PJ,2025,Op,Actual,May,280110000,0.5677,17001564,0.0469
ES,PJ,2025,Op,Actual,Jun,352630000,1.2589,-64310090,0.059
ES,PJ,2025,Op,Actual,Jul,955680000,2.7101,173470423,0.1599
ES,PJ,2025,Op,Actual,Aug,375590000,0.393,323419369,0.0628
ES,PJ,2025,Op,Actual,Sep,402660000,1.0721,-88957478,0.0674
ES,PJ,2025,Op,Actual,Oct,516970000,1.2839,-71947539,0.0865
ES,PJ,2025,Op,Actual,Nov,490800000,0.9494,148472251,0.0821
ES,PJ,2025,Op,Actual,Dec,385600000,0.7857,-120560495,0.0645
ES,PJ,2025,Op,Budget,Jan,151439069,,0,0.0313
ES,PJ,2025,Op,Budget,Feb,136380995,0.9006,0,0.0282
ES,PJ,2025,Op,Budget,Mar,985483607,7.226,0,0.2039
ES,PJ,2025,Op,Budget,Apr,115697735,0.1174,0,0.0239
ES,PJ,2025,Op,Budget,May,263108436,2.2741,0,0.0544
ES,PJ,2025,Op,Budget,Jun,416940090,1.5847,0,0.0863
ES,PJ,2025,Op,Budget,Jul,782209577,1.8761,0,0.1619
ES,PJ,2025,Op,Budget,Aug,52170631,0.0667,0,0.0108
ES,PJ,2025,Op,Budget,Sep,491617478,9.4233,0,0.1017
ES,PJ,2025,Op,Budget,Oct,588917539,1.1979,0,0.1219
ES,PJ,2025,Op,Budget,Nov,342327749,0.5813,0,0.0708
ES,PJ,2025,Op,Budget,Dec,506160495,1.4786,0,0.1047
ES,PJ,2025,Op,Forecast,Jan,653864445,,502425376,0.2598
ES,PJ,2025,Op,Forecast,Feb,104200220,0.1594,-32180775,0.0414
ES,PJ,2025,Op,Forecast,Mar,115177083,1.1053,-870306524,0.0458
ES,PJ,2025,Op,Forecast,Apr,110756590,0.9616,-4941145,0.044
ES,PJ,2025,Op,Forecast,May,334390622,3.0191,71282186,0.1328
ES,PJ,2025,Op,Forecast,Jun,145915634,0.4364,-271024456,0.058
ES,PJ,2025,Op,Forecast,Jul,87108688,0.597,-695100889,0.0346
ES,PJ,2025,Op,Forecast,Aug,268049289,3.0772,215878658,0.1065
ES,PJ,2025,Op,Forecast,Sep,171859241,0.6411,-319758237,0.0683
ES,PJ,2025,Op,Forecast,Oct,319528761,1.8592,-269388778,0.1269
ES,PJ,2025,Op,Forecast,Nov,152938650,0.4786,-189389099,0.0608
ES,PJ,2025,Op,Forecast,Dec,53470213,0.3496,-452690282,0.0212
FR,CDE,2024,Gross,Actual,Jan,2879067154,,-1163211279,0.1324
FR,CDE,2024,Gross,Actual,Feb,1419087444,0.4929,921194670,0.0653
FR,CDE,2024,Gross,Actual,Mar,3851091101,2.7138,1872194979,0.1772
FR,CDE,2024,Gross,Actual,Apr,1152579216,0.2993,-1106336081,0.053
FR,CDE,2024,Gross,Actual,May,104797046,0.0909,-971143999,0.0048
FR,CDE,2024,Gross,Actual,Jun,3288150104,31.3764,2684559696,0.1513
FR,CDE,2024,Gross,Actual,Jul,1472689918,0.4479,1089983546,0.0677
FR,CDE,2024,Gross,Actual,Aug,989780361,0.6721,643246578,0.0455
FR,CDE,2024,Gross,Actual,Sep,676461539,0.6834,-1449977827,0.0311
FR,CDE,2024,Gross,Actual,Oct,4471138920,6.6096,-430351880,0.2057
FR,CDE,2024,Gross,Actual,Nov,326316803,0.073,-1891377203,0.015
FR,CDE,2024,Gross,Actual,Dec,1106133619,3.3898,-2882012989,0.0509
FR,CDE,2024,Gross,Budget,Jan,4042278433,,0,0.1655
FR,CDE,2024,Gross,Budget,Feb,497892774,0.1232,0,0.0204
FR,CDE,2024,Gross,Budget,Mar,1978896122,3.9745,0,0.081
FR,CDE,2024,Gross,Budget,Apr,2258915297,1.1415,0,0.0925
FR,CDE,2024,Gross,Budget,May,1075941045,0.4763,0,0.0441
FR,CDE,2024,Gross,Budget,Jun,603590408,0.561,0,0.0247
FR,CDE,2024,Gross,Budget,Jul,382706372,0.634,0,0.0157
FR,CDE,2024,Gross,Budget,Aug,346533783,0.9055,0,0.0142
FR,CDE,2024,Gross,Budget,Sep,2126439366,6.1363,0,0.0871
FR,CDE,2024,Gross,Budget,Oct,4901490800,2.305,0,0.2007
FR,CDE,2024,Gross,Budget,Nov,2217694006,0.4525,0,0.0908
FR,CDE,2024,Gross,Budget,Dec,3988146608,1.7983,0,0.1633
FR,CDE,2024,Gross,Forecast,Jan,306262784,,-3736015649,0.015
FR,CDE,2024,Gross,Forecast,Feb,537637924,1.7555,39745150,0.0264
FR,CDE,2024,Gross,Forecast,Mar,3495902202,6.5023,1517006080,0.1715
FR,CDE,2024,Gross,Forecast,Apr,626367881,0.1792,-1632547416,0.0307
FR,CDE,2024,Gross,Forecast,May,943958394,1.507,-131982651,0.0463
FR,CDE,2024,Gross,Forecast,Jun,2637111573,2.7937,2033521165,0.1293
FR,CDE,2024,Gross,Forecast,Jul,1488290549,0.5644,1105584177,0.073
FR,CDE,2024,Gross,Forecast,Aug,3981296362,2.6751,3634762579,0.1953
FR,CDE,2024,Gross,Forecast,Sep,494406810,0.1242,-1632032556,0.0242
FR,CDE,2024,Gross,Forecast,Oct,1056407951,2.1367,-3845082849,0.0518
FR,CDE,2024,Gross,Forecast,Nov,3355798172,3.1766,1138104166,0.1646
FR,CDE,2024,Gross,Forecast,Dec,1465263439,0.4366,-2522883169,0.0719
FR,CDE,2024,Net,Actual,Jan,631527999,,-2027491222,0.0307
FR,CDE,2024,Net,Actual,Feb,216067042,0.3421,-18962316,0.0105
FR,CDE,2024,Net,Actual,Mar,862535832,3.992,285804998,0.0419
FR,CDE,2024,Net,Actual,Apr,1222793379,1.4177,-900780740,0.0594
FR,CDE,2024,Net,Actual,May,1402228846,1.1467,-148463416,0.0681
FR,CDE,2024,Net,Actual,Jun,2572295756,1.8344,938450398,0.1249
FR,CDE,2024,Net,Actual,Jul,2244046509,0.8724,2024263614,0.1089
FR,CDE,2024,Net,Actual,Aug,1697837788,0.7566,-1975755992,0.0824
FR,CDE,2024,Net,Actual,Sep,2818281206,1.6599,1819856062,0.1368
FR,CDE,2024,Net,Actual,Oct,4885005749,1.7333,3122682316,0.2371
FR,CDE,2024,Net,Actual,Nov,274504706,0.0562,-1988972648,0.0133
FR,CDE,2024,Net,Actual,Dec,1773294993,6.46,-347714822,0.0861
FR,CDE,2024,Net,Budget,Jan,2659019221,,0,0.1342
FR,CDE,2024,Net,Budget,Feb,235029358,0.0884,0,0.0119
FR,CDE,2024,Net,Budget,Mar,576730834,2.4539,0,0.0291
FR,CDE,2024,Net,Budget,Apr,2123574119,3.6821,0,0.1072
FR,CDE,2024,Net,Budget,May,1550692262,0.7302,0,0.0782
FR,CDE,2024,Net,Budget,Jun,1633845358,1.0536,0,0.0824
FR,CDE,2024,Net,Budget,Jul,219782895,0.1345,0,0.0111
FR,CDE,2024,Net,Budget,Aug,3673593780,16.7146,0,0.1854
FR,CDE,2024,Net,Budget,Sep,998425144,0.2718,0,0.0504
FR,CDE,2024,Net,Budget,Oct,1762323433,1.7651,0,0.0889
FR,CDE,2024,Net,Budget,Nov,2263477354,1.2844,0,0.1142
FR,CDE,2024,Net,Budget,Dec,2121009815,0.9371,0,0.107
FR,CDE,2024,Net,Forecast,Jan,4729765185,,2070745964,0.1919
FR,CDE,2024,Net,Forecast,Feb,92374833,0.0195,-142654525,0.0037
FR,CDE,2024,Net,Forecast,Mar,2776055588,30.0521,2199324754,0.1126
FR,CDE,2024,Net,Forecast,Apr,1128944581,0.4067,-994629538,0.0458
FR,CDE,2024,Net,Forecast,May,1521339905,1.3476,-29352357,0.0617
FR,CDE,2024,Net,Forecast,Jun,1688515220,1.1099,54669862,0.0685
FR,CDE,2024,Net,Forecast,Jul,230017786,0.1362,10234891,0.0093
FR,CDE,2024,Net,Forecast,Aug,2416572622,10.506,-1257021158,0.098
FR,CDE,2024,Net,Forecast,Sep,2844733755,1.1772,1846308611,0.1154
FR,CDE,2024,Net,Forecast,Oct,2981200145,1.048,1218876712,0.1209
FR,CDE,2024,Net,Forecast,Nov,1420650255,0.4765,-842827099,0.0576
FR,CDE,2024,Net,Forecast,Dec,2823036487,1.9871,702026672,0.1145
FR,CDE,2024,Op,Actual,Jan,113166407,,-5725435,0.0051
FR,CDE,2024,Op,Actual,Feb,288297340,2.5476,105305615,0.0129
FR,CDE,2024,Op,Actual,Mar,2612117399,9.0605,-358811221,0.1166
FR,CDE,2024,Op,Actual,Apr,1332036090,0.5099,300779292,0.0595
FR,CDE,2024,Op,Actual,May,1046942674,0.786,560105038,0.0467
FR,CDE,2024,Op,Actual,Jun,2873221109,2.7444,660648983,0.1283
FR,CDE,2024,Op,Actual,Jul,2118785449,0.7374,-57284739,0.0946
FR,CDE,2024,Op,Actual,Aug,3712574707,1.7522,3332721234,0.1657
FR,CDE,2024,Op,Actual,Sep,1222227752,0.3292,-388540028,0.0546
FR,CDE,2024,Op,Actual,Oct,1532835272,1.2541,-3121720704,0.0684
FR,CDE,2024,Op,Actual,Nov,2389841612,1.5591,-756110142,0.1067
FR,CDE,2024,Op,Actual,Dec,3158217620,1.3215,-546254371,0.141
FR,CDE,2024,Op,Budget,Jan,118891842,,0,0.0052
FR,CDE,2024,Op,Budget,Feb,182991725,1.5391,0,0.0081
FR,CDE,2024,Op,Budget,Mar,2970928620,16.2353,0,0.131
FR,CDE,2024,Op,Budget,Apr,1031256798,0.3471,0,0.0455
FR,CDE,2024,Op,Budget,May,486837636,0.4721,0,0.0215
FR,CDE,2024,Op,Budget,Jun,2212572126,4.5448,0,0.0976
FR,CDE,2024,Op,Budget,Jul,2176070188,0.9835,0,0.096
FR,CDE,2024,Op,Budget,Aug,379853473,0.1746,0,0.0168
FR,CDE,2024,Op,Budget,Sep,1610767780,4.2405,0,0.071
FR,CDE,2024,Op,Budget,Oct,4654555976,2.8897,0,0.2053
FR,CDE,2024,Op,Budget,Nov,3145951754,0.6759,0,0.1387
FR,CDE,2024,Op,Budget,Dec,3704471991,1.1775,0,0.1634
FR,CDE,2024,Op,Forecast,Jan,3380661487,,3261769645,0.1698
FR,CDE,2024,Op,Forecast,Feb,248078086,0.0734,65086361,0.0125
FR,CDE,2024,Op,Forecast,Mar,60951098,0.2457,-2909977522,0.0031
FR,CDE,2024,Op,Forecast,Apr,828812670,13.598,-202444128,0.0416
FR,CDE,2024,Op,Forecast,May,261204304,0.3152,-225633332,0.0131
FR,CDE,2024,Op,Forecast,Jun,2032395024,7.7809,-180177102,0.1021
FR,CDE,2024,Op,Forecast,Jul,1191259666,0.5861,-984810522,0.0598
FR,CDE,2024,Op,Forecast,Aug,4080053059,3.425,3700199586,0.2049
FR,CDE,2024,Op,Forecast,Sep,324449567,0.0795,-1286318213,0.0163
FR,CDE,2024,Op,Forecast,Oct,3423106868,10.5505,-1231449108,0.1719
FR,CDE,2024,Op,Forecast,Nov,3247573000,0.9487,101621246,0.1631
FR,CDE,2024,Op,Forecast,Dec,830940233,0.2559,-2873531758,0.0417
FR,CDE,2025,Gross,Actual,Jan,1214985168,,-450813764,0.0574
FR,CDE,2025,Gross,Actual,Feb,1731428024,1.4251,502802035,0.0818
FR,CDE,2025,Gross,Actual,Mar,499437202,0.2885,-1452909426,0.0236
FR,CDE,2025,Gross,Actual,Apr,2030059308,4.0647,1129382828,0.0959
FR,CDE,2025,Gross,Actual,May,383491973,0.1889,-420789921,0.0181
FR,CDE,2025,Gross,Actual,Jun,576796959,1.5041,-2748425174,0.0273
FR,CDE,2025,Gross,Actual,Jul,2609402390,4.524,-95307866,0.1233
FR,CDE,2025,Gross,Actual,Aug,3969894147,1.5214,538446133,0.1876
FR,CDE,2025,Gross,Actual,Sep,1932539359,0.4868,1044553610,0.0913
FR,CDE,2025,Gross,Actual,Oct,2871508969,1.4859,-253067281,0.1357
FR,CDE,2025,Gross,Actual,Nov,1189699008,0.4143,-1071856204,0.0562
FR,CDE,2025,Gross,Actual,Dec,2152289089,1.8091,821254032,0.1017
FR,CDE,2025,Gross,Budget,Jan,1665798932,,0,0.0705
FR,CDE,2025,Gross,Budget,Feb,1228625989,0.7376,0,0.052
FR,CDE,2025,Gross,Budget,Mar,1952346628,1.589,0,0.0827
FR,CDE,2025,Gross,Budget,Apr,900676480,0.4613,0,0.0381
FR,CDE,2025,Gross,Budget,May,804281894,0.893,0,0.0341
FR,CDE,2025,Gross,Budget,Jun,3325222133,4.1344,0,0.1408
FR,CDE,2025,Gross,Budget,Jul,2704710256,0.8134,0,0.1145
FR,CDE,2025,Gross,Budget,Aug,3431448014,1.2687,0,0.1453
FR,CDE,2025,Gross,Budget,Sep,887985749,0.2588,0,0.0376
FR,CDE,2025,Gross,Budget,Oct,3124576250,3.5187,0,0.1323
FR,CDE,2025,Gross,Budget,Nov,2261555212,0.7238,0,0.0958
FR,CDE,2025,Gross,Budget,Dec,1331035057,0.5885,0,0.0564
FR,CDE,2025,Gross,Forecast,Jan,4300448825,,2634649893,0.148
FR,CDE,2025,Gross,Forecast,Feb,1690484694,0.3931,461858705,0.0582
FR,CDE,2025,Gross,Forecast,Mar,3314037041,1.9604,1361690413,0.1141
FR,CDE,2025,Gross,Forecast,Apr,2346880836,0.7082,1446204356,0.0808
FR,CDE,2025,Gross,Forecast,May,182660108,0.0778,-621621786,0.0063
FR,CDE,2025,Gross,Forecast,Jun,1896588608,10.3832,-1428633525,0.0653
FR,CDE,2025,Gross,Forecast,Jul,1184897347,0.6248,-1519812909,0.0408
FR,CDE,2025,Gross,Forecast,Aug,4242213224,3.5802,810765210,0.146
FR,CDE,2025,Gross,Forecast,Sep,1552317158,0.3659,664331409,0.0534
FR,CDE,2025,Gross,Forecast,Oct,551680132,0.3554,-2572896118,0.019
FR,CDE,2025,Gross,Forecast,Nov,3494012020,6.3334,1232456808,0.1203
FR,CDE,2025,Gross,Forecast,Dec,4293470738,1.2288,2962435681,0.1478
FR,CDE,2025,Net,Actual,Jan,3451355791,,3142618983,0.1443
FR,CDE,2025,Net,Actual,Feb,60290584,0.0175,-222399288,0.0025
FR,CDE,2025,Net,Actual,Mar,4326174341,71.7554,1310135657,0.1808
FR,CDE,2025,Net,Actual,Apr,2081576541,0.4812,653243622,0.087
FR,CDE,2025,Net,Actual,May,1094888097,0.526,415815696,0.0458
FR,CDE,2025,Net,Actual,Jun,2138815579,1.9535,-890462681,0.0894
FR,CDE,2025,Net,Actual,Jul,1965394221,0.9189,1345155602,0.0822
FR,CDE,2025,Net,Actual,Aug,1165335631,0.5929,-2228849653,0.0487
FR,CDE,2025,Net,Actual,Sep,235416346,0.202,-326358303,0.0098
FR,CDE,2025,Net,Actual,Oct,3216407837,13.6626,1188572961,0.1345
FR,CDE,2025,Net,Actual,Nov,1600059760,0.4975,156971075,0.0669
FR,CDE,2025,Net,Actual,Dec,2585682266,1.616,2375282346,0.1081
FR,CDE,2025,Net,Budget,Jan,308736808,,0,0.0182
FR,CDE,2025,Net,Budget,Feb,282689872,0.9156,0,0.0166
FR,CDE,2025,Net,Budget,Mar,3016038684,10.6691,0,0.1774
FR,CDE,2025,Net,Budget,Apr,1428332919,0.4736,0,0.084
FR,CDE,2025,Net,Budget,May,679072401,0.4754,0,0.0399
FR,CDE,2025,Net,Budget,Jun,3029278260,4.4609,0,0.1782
FR,CDE,2025,Net,Budget,Jul,620238619,0.2047,0,0.0365
FR,CDE,2025,Net,Budget,Aug,3394185284,5.4724,0,0.1996
FR,CDE,2025,Net,Budget,Sep,561774649,0.1655,0,0.033
FR,CDE,2025,Net,Budget,Oct,2027834876,3.6097,0,0.1193
FR,CDE,2025,Net,Budget,Nov,1443088685,0.7116,0,0.0849
FR,CDE,2025,Net,Budget,Dec,210399920,0.1458,0,0.0124
FR,CDE,2025,Net,Forecast,Jan,3181536335,,2872799527,0.1193
FR,CDE,2025,Net,Forecast,Feb,12349440,0.0039,-270340432,0.0005
FR,CDE,2025,Net,Forecast,Mar,3765422244,304.9063,749383560,0.1412
FR,CDE,2025,Net,Forecast,Apr,1987318829,0.5278,558985910,0.0745
FR,CDE,2025,Net,Forecast,May,1419410844,0.7142,740338443,0.0532
FR,CDE,2025,Net,Forecast,Jun,914076805,0.644,-2115201455,0.0343
FR,CDE,2025,Net,Forecast,Jul,1879052651,2.0557,1258814032,0.0705
FR,CDE,2025,Net,Forecast,Aug,3721698816,1.9806,327513532,0.1396
FR,CDE,2025,Net,Forecast,Sep,1625707049,0.4368,1063932400,0.061
FR,CDE,2025,Net,Forecast,Oct,3480796240,2.1411,1452961364,0.1305
FR,CDE,2025,Net,Forecast,Nov,2877911634,0.8268,1434822949,0.1079
FR,CDE,2025,Net,Forecast,Dec,1802296499,0.6263,1591896579,0.0676
FR,CDE,2025,Op,Actual,Jan,3241632554,,-984275342,0.2425
FR,CDE,2025,Op,Actual,Feb,173773619,0.0536,27455295,0.013
FR,CDE,2025,Op,Actual,Mar,289526834,1.6661,118045227,0.0217
FR,CDE,2025,Op,Actual,Apr,165866904,0.5729,-862076454,0.0124
FR,CDE,2025,Op,Actual,May,604868786,3.6467,505622844,0.0453
FR,CDE,2025,Op,Actual,Jun,2202118165,3.6407,1522971913,0.1648
FR,CDE,2025,Op,Actual,Jul,64584786,0.0293,-1583410376,0.0048
FR,CDE,2025,Op,Actual,Aug,1855557103,28.7306,-2675369430,0.1388
FR,CDE,2025,Op,Actual,Sep,1464640517,0.7893,-688466596,0.1096
FR,CDE,2025,Op,Actual,Oct,159435388,0.1089,130707120,0.0119
FR,CDE,2025,Op,Actual,Nov,235074002,1.4744,-702845394,0.0176
FR,CDE,2025,Op,Actual,Dec,2908428349,12.3724,388935308,0.2176
FR,CDE,2025,Op,Budget,Jan,4225907896,,0,0.2326
FR,CDE,2025,Op,Budget,Feb,146318324,0.0346,0,0.0081
FR,CDE,2025,Op,Budget,Mar,171481607,1.172,0,0.0094
FR,CDE,2025,Op,Budget,Apr,1027943358,5.9945,0,0.0566
FR,CDE,2025,Op,Budget,May,99245942,0.0965,0,0.0055
FR,CDE,2025,Op,Budget,Jun,679146252,6.8431,0,0.0374
FR,CDE,2025,Op,Budget,Jul,1647995162,2.4266,0,0.0907
FR,CDE,2025,Op,Budget,Aug,4530926533,2.7494,0,0.2494
FR,CDE,2025,Op,Budget,Sep,2153107113,0.4752,0,0.1185
FR,CDE,2025,Op,Budget,Oct,28728268,0.0133,0,0.0016
FR,CDE,2025,Op,Budget,Nov,937919396,32.648,0,0.0516
FR,CDE,2025,Op,Budget,Dec,2519493041,2.6863,0,0.1387
FR,CDE,2025,Op,Forecast,Jan,277665723,,-3948242173,0.0212
FR,CDE,2025,Op,Forecast,Feb,180242859,0.6491,33924535,0.0138
FR,CDE,2025,Op,Forecast,Mar,1198638265,6.6501,1027156658,0.0917
FR,CDE,2025,Op,Forecast,Apr,2414519435,2.0144,1386576077,0.1848
FR,CDE,2025,Op,Forecast,May,23598225,0.0098,-75647717,0.0018
FR,CDE,2025,Op,Forecast,Jun,168362831,7.1346,-510783421,0.0129
FR,CDE,2025,Op,Forecast,Jul,1232174099,7.3186,-415821063,0.0943
FR,CDE,2025,Op,Forecast,Aug,4208030128,3.4151,-322896405,0.322
FR,CDE,2025,Op,Forecast,Sep,1545872994,0.3674,-607234119,0.1183
FR,CDE,2025,Op,Forecast,Oct,825612110,0.5341,796883842,0.0632
FR,CDE,2025,Op,Forecast,Nov,510462230,0.6183,-427457166,0.0391
FR,CDE,2025,Op,Forecast,Dec,482628575,0.9455,-2036864466,0.0369
FR,PJ,2024,Gross,Actual,Jan,4911450880,,2152357582,0.1994
FR,PJ,2024,Gross,Actual,Feb,13457906,0.0027,-424652613,0.0005
FR,PJ,2024,Gross,Actual,Mar,4284980768,318.3988,2176058710,0.174
FR,PJ,2024,Gross,Actual,Apr,1272744429,0.297,-157622703,0.0517
FR,PJ,2024,Gross,Actual,May,1629104453,1.28,439489913,0.0661
FR,PJ,2024,Gross,Actual,Jun,1675651096,1.0286,-1536851436,0.068
FR,PJ,2024,Gross,Actual,Jul,821829062,0.4905,-807998962,0.0334
FR,PJ,2024,Gross,Actual,Aug,754131625,0.9176,-1713992429,0.0306
FR,PJ,2024,Gross,Actual,Sep,562365066,0.7457,-1242175250,0.0228
FR,PJ,2024,Gross,Actual,Oct,3300839467,5.8696,2110909978,0.134
FR,PJ,2024,Gross,Actual,Nov,3319748922,1.0057,1231470635,0.1348
FR,PJ,2024,Gross,Actual,Dec,2084542442,0.6279,-1692178609,0.0846
FR,PJ,2024,Gross,Budget,Jan,2759093298,,0,0.1145
FR,PJ,2024,Gross,Budget,Feb,438110519,0.1588,0,0.0182
FR,PJ,2024,Gross,Budget,Mar,2108922058,4.8137,0,0.0875
FR,PJ,2024,Gross,Budget,Apr,1430367132,0.6782,0,0.0594
FR,PJ,2024,Gross,Budget,May,1189614540,0.8317,0,0.0494
FR,PJ,2024,Gross,Budget,Jun,3212502532,2.7005,0,0.1333
FR,PJ,2024,Gross,Budget,Jul,1629828024,0.5073,0,0.0676
FR,PJ,2024,Gross,Budget,Aug,2468124054,1.5143,0,0.1024
FR,PJ,2024,Gross,Budget,Sep,1804540316,0.7311,0,0.0749
FR,PJ,2024,Gross,Budget,Oct,1189929489,0.6594,0,0.0494
FR,PJ,2024,Gross,Budget,Nov,2088278287,1.755,0,0.0867
FR,PJ,2024,Gross,Budget,Dec,3776721051,1.8085,0,0.1567
FR,PJ,2024,Gross,Forecast,Jan,406325136,,-2352768162,0.021
FR,PJ,2024,Gross,Forecast,Feb,391498715,0.9635,-46611804,0.0202
FR,PJ,2024,Gross,Forecast,Mar,4977201193,12.7132,2868279135,0.2568
FR,PJ,2024,Gross,Forecast,Apr,2132143749,0.4284,701776617,0.11
FR,PJ,2024,Gross,Forecast,May,1064591823,0.4993,-125022717,0.0549
FR,PJ,2024,Gross,Forecast,Jun,2340530588,2.1985,-871971944,0.1208
FR,PJ,2024,Gross,Forecast,Jul,673454824,0.2877,-956373200,0.0348
FR,PJ,2024,Gross,Forecast,Aug,2682581678,3.9833,214457624,0.1384
FR,PJ,2024,Gross,Forecast,Sep,728379248,0.2715,-1076161068,0.0376
FR,PJ,2024,Gross,Forecast,Oct,1921448849,2.638,731519360,0.0992
FR,PJ,2024,Gross,Forecast,Nov,1641227312,0.8542,-447050975,0.0847
FR,PJ,2024,Gross,Forecast,Dec,419604641,0.2557,-3357116410,0.0217
FR,PJ,2024,Net,Actual,Jan,574660749,,-1511668945,0.0328
FR,PJ,2024,Net,Actual,Feb,217520149,0.3785,-41102997,0.0124
FR,PJ,2024,Net,Actual,Mar,3354826920,15.4231,-482575706,0.1917
FR,PJ,2024,Net,Actual,Apr,1293353131,0.3855,134495109,0.0739
FR,PJ,2024,Net,Actual,May,1440266637,1.1136,929732207,0.0823
FR,PJ,2024,Net,Actual,Jun,2501055310,1.7365,-230390924,0.1429
FR,PJ,2024,Net,Actual,Jul,240974318,0.0963,-341922106,0.0138
FR,PJ,2024,Net,Actual,Aug,2057945444,8.5401,-602556409,0.1176
FR,PJ,2024,Net,Actual,Sep,1894193748,0.9204,574626472,0.1083
FR,PJ,2024,Net,Actual,Oct,931376554,0.4917,914079031,0.0532
FR,PJ,2024,Net,Actual,Nov,1187749382,1.2753,-1524343518,0.0679
FR,PJ,2024,Net,Actual,Dec,1803271077,1.5182,-28905133,0.1031
FR,PJ,2024,Net,Budget,Jan,2086329694,,0,0.1059
FR,PJ,2024,Net,Budget,Feb,258623146,0.124,0,0.0131
FR,PJ,2024,Net,Budget,Mar,3837402626,14.8378,0,0.1947
FR,PJ,2024,Net,Budget,Apr,1158858022,0.302,0,0.0588
FR,PJ,2024,Net,Budget,May,510534430,0.4405,0,0.0259
FR,PJ,2024,Net,Budget,Jun,2731446234,5.3502,0,0.1386
FR,PJ,2024,Net,Budget,Jul,582896424,0.2134,0,0.0296
FR,PJ,2024,Net,Budget,Aug,2660501853,4.5643,0,0.135
FR,PJ,2024,Net,Budget,Sep,1319567276,0.496,0,0.067
FR,PJ,2024,Net,Budget,Oct,17297523,0.0131,0,0.0009
FR,PJ,2024,Net,Budget,Nov,2712092900,156.7908,0,0.1376
FR,PJ,2024,Net,Budget,Dec,1832176210,0.6756,0,0.093
FR,PJ,2024,Net,Forecast,Jan,27431223,,-2058898471,0.0014
FR,PJ,2024,Net,Forecast,Feb,215870688,7.8695,-42752458,0.0111
FR,PJ,2024,Net,Forecast,Mar,4142663563,19.1905,305260937,0.2139
FR,PJ,2024,Net,Forecast,Apr,668327988,0.1613,-490530034,0.0345
FR,PJ,2024,Net,Forecast,May,1290431720,1.9308,779897290,0.0666
FR,PJ,2024,Net,Forecast,Jun,2899960790,2.2473,168514556,0.1497
FR,PJ,2024,Net,Forecast,Jul,1949997737,0.6724,1367101313,0.1007
FR,PJ,2024,Net,Forecast,Aug,441248344,0.2263,-2219253509,0.0228
FR,PJ,2024,Net,Forecast,Sep,1796953209,4.0724,477385933,0.0928
FR,PJ,2024,Net,Forecast,Oct,1704324000,0.9485,1687026477,0.088
FR,PJ,2024,Net,Forecast,Nov,2254309302,1.3227,-457783598,0.1164
FR,PJ,2024,Net,Forecast,Dec,1976916562,0.877,144740352,0.1021
FR,PJ,2024,Op,Actual,Jan,3073829570,,-1301970018,0.1337
FR,PJ,2024,Op,Actual,Feb,199625058,0.0649,41097839,0.0087
FR,PJ,2024,Op,Actual,Mar,2279608646,11.4195,-286009066,0.0992
FR,PJ,2024,Op,Actual,Apr,1639359340,0.7191,-387305882,0.0713
FR,PJ,2024,Op,Actual,May,106071786,0.0647,-1416580981,0.0046
FR,PJ,2024,Op,Actual,Jun,1150308934,10.8446,542246664,0.05
FR,PJ,2024,Op,Actual,Jul,2639527216,2.2946,804526356,0.1148
FR,PJ,2024,Op,Actual,Aug,2031805135,0.7698,-910120194,0.0884
FR,PJ,2024,Op,Actual,Sep,2346405122,1.1548,730818120,0.1021
FR,PJ,2024,Op,Actual,Oct,3280674511,1.3982,-1146460043,0.1427
FR,PJ,2024,Op,Actual,Nov,1666713997,0.508,1122682818,0.0725
FR,PJ,2024,Op,Actual,Dec,2571877006,1.5431,37734602,0.1119
FR,PJ,2024,Op,Budget,Jan,4375799588,,0,0.174
FR,PJ,2024,Op,Budget,Feb,158527219,0.0362,0,0.0063
FR,PJ,2024,Op,Budget,Mar,2565617712,16.1841,0,0.102
FR,PJ,2024,Op,Budget,Apr,2026665222,0.7899,0,0.0806
FR,PJ,2024,Op,Budget,May,1522652767,0.7513,0,0.0605
FR,PJ,2024,Op,Budget,Jun,608062270,0.3993,0,0.0242
FR,PJ,2024,Op,Budget,Jul,1835000860,3.0178,0,0.0729
FR,PJ,2024,Op,Budget,Aug,2941925329,1.6032,0,0.117
FR,PJ,2024,Op,Budget,Sep,1615587002,0.5492,0,0.0642
FR,PJ,2024,Op,Budget,Oct,4427134554,2.7403,0,0.176
FR,PJ,2024,Op,Budget,Nov,544031179,0.1229,0,0.0216
FR,PJ,2024,Op,Budget,Dec,2534142404,4.6581,0,0.1007
FR,PJ,2024,Op,Forecast,Jan,2251046162,,-2124753426,0.1103
FR,PJ,2024,Op,Forecast,Feb,19096052,0.0085,-139431167,0.0009
FR,PJ,2024,Op,Forecast,Mar,2143205204,112.2329,-422412508,0.1051
FR,PJ,2024,Op,Forecast,Apr,323724736,0.151,-1702940486,0.0159
FR,PJ,2024,Op,Forecast,May,138448917,0.4277,-1384203850,0.0068
FR,PJ,2024,Op,Forecast,Jun,2954912040,21.343,2346849770,0.1449
FR,PJ,2024,Op,Forecast,Jul,98926808,0.0335,-1736074052,0.0048
FR,PJ,2024,Op,Forecast,Aug,4545149190,45.9446,1603223861,0.2228
FR,PJ,2024,Op,Forecast,Sep,41065450,0.009,-1574521552,0.002
FR,PJ,2024,Op,Forecast,Oct,4265874870,103.8799,-161259684,0.2091
FR,PJ,2024,Op,Forecast,Nov,1361746042,0.3192,817714863,0.0668
FR,PJ,2024,Op,Forecast,Dec,2255962576,1.6567,-278179828,0.1106
FR,PJ,2025,Gross,Actual,Jan,3458140000,,305053632,0.1142
FR,PJ,2025,Gross,Actual,Feb,1239270000,0.3584,871887848,0.0409
FR,PJ,2025,Gross,Actual,Mar,3497310000,2.8221,132365864,0.1155
FR,PJ,2025,Gross,Actual,Apr,1766470000,0.5051,1188432820,0.0583
FR,PJ,2025,Gross,Actual,May,1151670000,0.652,342202856,0.038
FR,PJ,2025,Gross,Actual,Jun,2317170000,2.012,1678206338,0.0765
FR,PJ,2025,Gross,Actual,Jul,2073660000,0.8949,147692710,0.0685
FR,PJ,2025,Gross,Actual,Aug,3269900000,1.5769,-979574967,0.108
FR,PJ,2025,Gross,Actual,Sep,2179690000,0.6666,-196249743,0.072
FR,PJ,2025,Gross,Actual,Oct,3800310000,1.7435,3248610227,0.1255
FR,PJ,2025,Gross,Actual,Nov,2429340000,0.6392,1778478584,0.0802
FR,PJ,2025,Gross,Actual,Dec,3105400000,1.2783,1936264270,0.1025
FR,PJ,2025,Gross,Budget,Jan,3153086368,,0,0.159
FR,PJ,2025,Gross,Budget,Feb,367382152,0.1165,0,0.0185
FR,PJ,2025,Gross,Budget,Mar,3364944136,9.1592,0,0.1696
FR,PJ,2025,Gross,Budget,Apr,578037180,0.1718,0,0.0291
FR,PJ,2025,Gross,Budget,May,809467144,1.4004,0,0.0408
FR,PJ,2025,Gross,Budget,Jun,638963662,0.7894,0,0.0322
FR,PJ,2025,Gross,Budget,Jul,1925967290,3.0142,0,0.0971
FR,PJ,2025,Gross,Budget,Aug,4249474967,2.2064,0,0.2142
FR,PJ,2025,Gross,Budget,Sep,2375939743,0.5591,0,0.1198
FR,PJ,2025,Gross,Budget,Oct,551699773,0.2322,0,0.0278
FR,PJ,2025,Gross,Budget,Nov,650861416,1.1797,0,0.0328
FR,PJ,2025,Gross,Budget,Dec,1169135730,1.7963,0,0.0589
FR,PJ,2025,Gross,Forecast,Jan,3465364744,,312278376,0.1569
FR,PJ,2025,Gross,Forecast,Feb,163251645,0.0471,-204130507,0.0074
FR,PJ,2025,Gross,Forecast,Mar,272239659,1.6676,-3092704477,0.0123
FR,PJ,2025,Gross,Forecast,Apr,1876505532,6.8928,1298468352,0.085
FR,PJ,2025,Gross,Forecast,May,425830961,0.2269,-383636183,0.0193
FR,PJ,2025,Gross,Forecast,Jun,3384537423,7.9481,2745573761,0.1533
FR,PJ,2025,Gross,Forecast,Jul,2851505678,0.8425,925538388,0.1291
FR,PJ,2025,Gross,Forecast,Aug,263602282,0.0924,-3985872685,0.0119
FR,PJ,2025,Gross,Forecast,Sep,477277108,1.8106,-1898662635,0.0216
FR,PJ,2025,Gross,Forecast,Oct,3926241317,8.2263,3374541544,0.1778
FR,PJ,2025,Gross,Forecast,Nov,1727053887,0.4399,1076192471,0.0782
FR,PJ,2025,Gross,Forecast,Dec,3250718085,1.8822,2081582355,0.1472
FR,PJ,2025,Net,Actual,Jan,3387880000,,2437667719,0.1268
FR,PJ,2025,Net,Actual,Feb,206240000,0.0609,-28497130,0.0077
FR,PJ,2025,Net,Actual,Mar,2917650000,14.1469,-357612680,0.1092
FR,PJ,2025,Net,Actual,Apr,1656940000,0.5679,1151956376,0.062
FR,PJ,2025,Net,Actual,May,1071440000,0.6466,720323055,0.0401
FR,PJ,2025,Net,Actual,Jun,2110770000,1.97,-632166456,0.079
FR,PJ,2025,Net,Actual,Jul,1859790000,0.8811,485269840,0.0696
FR,PJ,2025,Net,Actual,Aug,3145990000,1.6916,511730943,0.1178
FR,PJ,2025,Net,Actual,Sep,1981630000,0.6299,997917545,0.0742
FR,PJ,2025,Net,Actual,Oct,3566170000,1.7996,806438861,0.1335
FR,PJ,2025,Net,Actual,Nov,2197240000,0.6161,192511329,0.0822
FR,PJ,2025,Net,Actual,Dec,2614270000,1.1898,230492198,0.0979
FR,PJ,2025,Net,Budget,Jan,950212281,,0,0.047
FR,PJ,2025,Net,Budget,Feb,234737130,0.247,0,0.0116
FR,PJ,2025,Net,Budget,Mar,3275262680,13.9529,0,0.1621
FR,PJ,2025,Net,Budget,Apr,504983624,0.1542,0,0.025
FR,PJ,2025,Net,Budget,May,351116945,0.6953,0,0.0174
FR,PJ,2025,Net,Budget,Jun,2742936456,7.812,0,0.1358
FR,PJ,2025,Net,Budget,Jul,1374520160,0.5011,0,0.068
FR,PJ,2025,Net,Budget,Aug,2634259057,1.9165,0,0.1304
FR,PJ,2025,Net,Budget,Sep,983712455,0.3734,0,0.0487
FR,PJ,2025,Net,Budget,Oct,2759731139,2.8054,0,0.1366
FR,PJ,2025,Net,Budget,Nov,2004728671,0.7264,0,0.0992
FR,PJ,2025,Net,Budget,Dec,2383777802,1.1891,0,0.118
FR,PJ,2025,Net,Forecast,Jan,3163669673,,2213457392,0.1454
FR,PJ,2025,Net,Forecast,Feb,160945339,0.0509,-73791791,0.0074
FR,PJ,2025,Net,Forecast,Mar,2009805258,12.4875,-1265457422,0.0924
FR,PJ,2025,Net,Forecast,Apr,2317409019,1.1531,1812425395,0.1065
FR,PJ,2025,Net,Forecast,May,1158896761,0.5001,807779816,0.0533
FR,PJ,2025,Net,Forecast,Jun,2998694099,2.5875,255757643,0.1378
FR,PJ,2025,Net,Forecast,Jul,394548220,0.1316,-979971940,0.0181
FR,PJ,2025,Net,Forecast,Aug,856107439,2.1698,-1778151618,0.0393
FR,PJ,2025,Net,Forecast,Sep,2128698828,2.4865,1144986373,0.0978
FR,PJ,2025,Net,Forecast,Oct,5268644841,2.4751,2508913702,0.2422
FR,PJ,2025,Net,Forecast,Nov,498277426,0.0946,-1506451245,0.0229
FR,PJ,2025,Net,Forecast,Dec,801169972,1.6079,-1582607830,0.0368
FR,PJ,2025,Op,Actual,Jan,3387880000,,1237747397,0.1268
FR,PJ,2025,Op,Actual,Feb,206240000,0.0609,107206145,0.0077
FR,PJ,2025,Op,Actual,Mar,2917650000,14.1469,-449776665,0.1092
FR,PJ,2025,Op,Actual,Apr,1656940000,0.5679,-311427576,0.062
FR,PJ,2025,Op,Actual,May,1071440000,0.6466,-96572544,0.0401
FR,PJ,2025,Op,Actual,Jun,2110770000,1.97,-540228211,0.079
FR,PJ,2025,Op,Actual,Jul,1859790000,0.8811,1280417958,0.0696
FR,PJ,2025,Op,Actual,Aug,3145990000,1.6916,-1393306101,0.1178
FR,PJ,2025,Op,Actual,Sep,1981630000,0.6299,1270419902,0.0742
FR,PJ,2025,Op,Actual,Oct,3566170000,1.7996,808422976,0.1335
FR,PJ,2025,Op,Actual,Nov,2197240000,0.6161,488830087,0.0822
FR,PJ,2025,Op,Actual,Dec,2614270000,1.1898,-263868972,0.0979
FR,PJ,2025,Op,Budget,Jan,2150132603,,0,0.0875
FR,PJ,2025,Op,Budget,Feb,99033855,0.0461,0,0.004
FR,PJ,2025,Op,Budget,Mar,3367426665,34.0028,0,0.137
FR,PJ,2025,Op,Budget,Apr,1968367576,0.5845,0,0.0801
FR,PJ,2025,Op,Budget,May,1168012544,0.5934,0,0.0475
FR,PJ,2025,Op,Budget,Jun,2650998211,2.2697,0,0.1079
FR,PJ,2025,Op,Budget,Jul,579372042,0.2185,0,0.0236
FR,PJ,2025,Op,Budget,Aug,4539296101,7.8349,0,0.1847
FR,PJ,2025,Op,Budget,Sep,711210098,0.1567,0,0.0289
FR,PJ,2025,Op,Budget,Oct,2757747024,3.8775,0,0.1122
FR,PJ,2025,Op,Budget,Nov,1708409913,0.6195,0,0.0695
FR,PJ,2025,Op,Budget,Dec,2878138972,1.6847,0,0.1171
FR,PJ,2025,Op,Forecast,Jan,2839563340,,689430737,0.1262
FR,PJ,2025,Op,Forecast,Feb,166354540,0.0586,67320685,0.0074
FR,PJ,2025,Op,Forecast,Mar,3650935432,21.9467,283508767,0.1623
FR,PJ,2025,Op,Forecast,Apr,1003788733,0.2749,-964578843,0.0446
FR,PJ,2025,Op,Forecast,May,965179856,0.9615,-202832688,0.0429
FR,PJ,2025,Op,Forecast,Jun,943154697,0.9772,-1707843514,0.0419
FR,PJ,2025,Op,Forecast,Jul,1616914075,1.7144,1037542033,0.0719
FR,PJ,2025,Op,Forecast,Aug,4081467352,2.5242,-457828749,0.1814
FR,PJ,2025,Op,Forecast,Sep,896294302,0.2196,185084204,0.0398
FR,PJ,2025,Op,Forecast,Oct,3299864308,3.6817,542117284,0.1467
FR,PJ,2025,Op,Forecast,Nov,1646428972,0.4989,-61980941,0.0732
FR,PJ,2025,Op,Forecast,Dec,1387829556,0.8429,-1490309416,0.0617
ID,CDE,2024,Gross,Actual,Jan,2173187026,,-3242977071,0.1208
ID,CDE,2024,Gross,Actual,Feb,0,0.0,0,0.0
ID,CDE,2024,Gross,Actual,Mar,4826756001,,2860093344,0.2684
ID,CDE,2024,Gross,Actual,Apr,0,0.0,0,0.0
ID,CDE,2024,Gross,Actual,May,1626180256,,951032110,0.0904
ID,CDE,2024,Gross,Actual,Jun,792165816,0.4871,-147364988,0.044
ID,CDE,2024,Gross,Actual,Jul,240529163,0.3036,-2136734424,0.0134
ID,CDE,2024,Gross,Actual,Aug,965941772,4.0159,482653454,0.0537
ID,CDE,2024,Gross,Actual,Sep,664051515,0.6875,-2789516336,0.0369
ID,CDE,2024,Gross,Actual,Oct,859847563,1.2949,408914085,0.0478
ID,CDE,2024,Gross,Actual,Nov,4982477069,5.7946,1232914072,0.2771
ID,CDE,2024,Gross,Actual,Dec,852427958,0.1711,42896267,0.0474
ID,CDE,2024,Gross,Budget,Jan,5416164097,,0,0.2665
ID,CDE,2024,Gross,Budget,Feb,0,0.0,0,0.0
ID,CDE,2024,Gross,Budget,Mar,1966662657,,0,0.0968
ID,CDE,2024,Gross,Budget,Apr,0,0.0,0,0.0
ID,CDE,2024,Gross,Budget,May,675148146,,0,0.0332
ID,CDE,2024,Gross,Budget,Jun,939530804,1.3916,0,0.0462
ID,CDE,2024,Gross,Budget,Jul,2377263587,2.5303,0,0.117
ID,CDE,2024,Gross,Budget,Aug,483288318,0.2033,0,0.0238
ID,CDE,2024,Gross,Budget,Sep,3453567851,7.146,0,0.1699
ID,CDE,2024,Gross,Budget,Oct,450933478,0.1306,0,0.0222
ID,CDE,2024,Gross,Budget,Nov,3749562997,8.3151,0,0.1845
ID,CDE,2024,Gross,Budget,Dec,809531691,0.2159,0,0.0398
ID,CDE,2024,Gross,Forecast,Jan,3907951316,,-1508212781,0.1833
ID,CDE,2024,Gross,Forecast,Feb,0,0.0,0,0.0
ID,CDE,2024,Gross,Forecast,Mar,5030430515,,3063767858,0.236
ID,CDE,2024,Gross,Forecast,Apr,0,0.0,0,0.0
ID,CDE,2024,Gross,Forecast,May,626186159,,-48961987,0.0294
ID,CDE,2024,Gross,Forecast,Jun,232252095,0.3709,-707278709,0.0109
ID,CDE,2024,Gross,Forecast,Jul,2368144758,10.1964,-9118829,0.1111
ID,CDE,2024,Gross,Forecast,Aug,267403589,0.1129,-215884729,0.0125
ID,CDE,2024,Gross,Forecast,Sep,3151198033,11.7844,-302369818,0.1478
ID,CDE,2024,Gross,Forecast,Oct,634783729,0.2014,183850251,0.0298
ID,CDE,2024,Gross,Forecast,Nov,4359136693,6.8671,609573696,0.2045
ID,CDE,2024,Gross,Forecast,Dec,738240581,0.1694,-71291110,0.0346
ID,CDE,2024,Net,Actual,Jan,285270357,,-5067681516,0.0211
ID,CDE,2024,Net,Actual,Feb,68369,0.0002,-25427,0.0
ID,CDE,2024,Net,Actual,Mar,5100919173,74608.6556,2636075078,0.3765
ID,CDE,2024,Net,Actual,Apr,237749572,0.0466,121811987,0.0175
ID,CDE,2024,Net,Actual,May,1541756066,6.4848,1449170682,0.1138
ID,CDE,2024,Net,Actual,Jun,567892034,0.3683,-268766109,0.0419
ID,CDE,2024,Net,Actual,Jul,896621392,1.5789,357894876,0.0662
ID,CDE,2024,Net,Actual,Aug,895902327,0.9992,744204238,0.0661
ID,CDE,2024,Net,Actual,Sep,2333563642,2.6047,-73891290,0.1722
ID,CDE,2024,Net,Actual,Oct,753835976,0.323,-35606087,0.0556
ID,CDE,2024,Net,Actual,Nov,803068538,1.0653,-184588157,0.0593
ID,CDE,2024,Net,Actual,Dec,131419053,0.1636,-132343775,0.0097
ID,CDE,2024,Net,Budget,Jan,5352951873,,0,0.3823
ID,CDE,2024,Net,Budget,Feb,93796,0.0,0,0.0
ID,CDE,2024,Net,Budget,Mar,2464844095,26278.7762,0,0.176
ID,CDE,2024,Net,Budget,Apr,115937585,0.047,0,0.0083
ID,CDE,2024,Net,Budget,May,92585384,0.7986,0,0.0066
ID,CDE,2024,Net,Budget,Jun,836658143,9.0366,0,0.0598
ID,CDE,2024,Net,Budget,Jul,538726516,0.6439,0,0.0385
ID,CDE,2024,Net,Budget,Aug,151698089,0.2816,0,0.0108
ID,CDE,2024,Net,Budget,Sep,2407454932,15.87,0,0.1719
ID,CDE,2024,Net,Budget,Oct,789442063,0.3279,0,0.0564
ID,CDE,2024,Net,Budget,Nov,987656695,1.2511,0,0.0705
ID,CDE,2024,Net,Budget,Dec,263762828,0.2671,0,0.0188
ID,CDE,2024,Net,Forecast,Jan,5422351054,,69399181,0.3063
ID,CDE,2024,Net,Forecast,Feb,380441,0.0001,286645,0.0
ID,CDE,2024,Net,Forecast,Mar,1098574065,2887.6332,-1366270030,0.0621
ID,CDE,2024,Net,Forecast,Apr,99161576,0.0903,-16776009,0.0056
ID,CDE,2024,Net,Forecast,May,1514914013,15.2772,1422328629,0.0856
ID,CDE,2024,Net,Forecast,Jun,183943195,0.1214,-652714948,0.0104
ID,CDE,2024,Net,Forecast,Jul,499131324,2.7135,-39595192,0.0282
ID,CDE,2024,Net,Forecast,Aug,2443989694,4.8965,2292291605,0.1381
ID,CDE,2024,Net,Forecast,Sep,530652141,0.2171,-1876802791,0.03
ID,CDE,2024,Net,Forecast,Oct,586050351,1.1044,-203391712,0.0331
ID,CDE,2024,Net,Forecast,Nov,5203479607,8.8789,4215822912,0.2939
ID,CDE,2024,Net,Forecast,Dec,120431292,0.0231,-143331536,0.0068
ID,CDE,2024,Op,Actual,Jan,1824496387,,-357241527,0.1668
ID,CDE,2024,Op,Actual,Feb,41656,0.0,-44977,0.0
ID,CDE,2024,Op,Actual,Mar,1172497094,28147.1359,-3997442670,0.1072
ID,CDE,2024,Op,Actual,Apr,428964001,0.3659,302800529,0.0392
ID,CDE,2024,Op,Actual,May,1436125794,3.3479,130856235,0.1313
ID,CDE,2024,Op,Actual,Jun,312662178,0.2177,-120882187,0.0286
ID,CDE,2024,Op,Actual,Jul,1192665045,3.8145,-1100966688,0.109
ID,CDE,2024,Op,Actual,Aug,1033921115,0.8669,-138271231,0.0945
ID,CDE,2024,Op,Actual,Sep,2640543615,2.5539,2532297045,0.2414
ID,CDE,2024,Op,Actual,Oct,673538440,0.2551,294161790,0.0616
ID,CDE,2024,Op,Actual,Nov,84382351,0.1253,-400619295,0.0077
ID,CDE,2024,Op,Actual,Dec,137461299,1.629,2206630,0.0126
ID,CDE,2024,Op,Budget,Jan,2181737914,,0,0.1582
ID,CDE,2024,Op,Budget,Feb,86633,0.0,0,0.0
ID,CDE,2024,Op,Budget,Mar,5169939764,59676.3331,0,0.3749
ID,CDE,2024,Op,Budget,Apr,126163472,0.0244,0,0.0091
ID,CDE,2024,Op,Budget,May,1305269559,10.3459,0,0.0947
ID,CDE,2024,Op,Budget,Jun,433544365,0.3321,0,0.0314
ID,CDE,2024,Op,Budget,Jul,2293631733,5.2904,0,0.1663
ID,CDE,2024,Op,Budget,Aug,1172192346,0.5111,0,0.085
ID,CDE,2024,Op,Budget,Sep,108246570,0.0923,0,0.0078
ID,CDE,2024,Op,Budget,Oct,379376650,3.5047,0,0.0275
ID,CDE,2024,Op,Budget,Nov,485001646,1.2784,0,0.0352
ID,CDE,2024,Op,Budget,Dec,135254669,0.2789,0,0.0098
ID,CDE,2024,Op,Forecast,Jan,5939095255,,3757357341,0.2637
ID,CDE,2024,Op,Forecast,Feb,7335,0.0,-79298,0.0
ID,CDE,2024,Op,Forecast,Mar,5310368880,723976.6708,140429116,0.2358
ID,CDE,2024,Op,Forecast,Apr,364831004,0.0687,238667532,0.0162
ID,CDE,2024,Op,Forecast,May,1277914091,3.5028,-27355468,0.0567
ID,CDE,2024,Op,Forecast,Jun,56049963,0.0439,-377494402,0.0025
ID,CDE,2024,Op,Forecast,Jul,2032690310,36.2657,-260941423,0.0903
ID,CDE,2024,Op,Forecast,Aug,1346292764,0.6623,174100418,0.0598
ID,CDE,2024,Op,Forecast,Sep,2812312910,2.0889,2704066340,0.1249
ID,CDE,2024,Op,Forecast,Oct,291403309,0.1036,-87973341,0.0129
ID,CDE,2024,Op,Forecast,Nov,2628989511,9.0218,2143987865,0.1167
ID,CDE,2024,Op,Forecast,Dec,459209371,0.1747,323954702,0.0204
ID,CDE,2025,Gross,Actual,Jan,3153408984,,-747701675,0.227
ID,CDE,2025,Gross,Actual,Feb,0,0.0,0,0.0
ID,CDE,2025,Gross,Actual,Mar,1187957062,,-239315580,0.0855
ID,CDE,2025,Gross,Actual,Apr,0,0.0,0,0.0
ID,CDE,2025,Gross,Actual,May,1274229408,,109336277,0.0917
ID,CDE,2025,Gross,Actual,Jun,205077870,0.1609,-347812868,0.0148
ID,CDE,2025,Gross,Actual,Jul,1198096689,5.8422,1101895632,0.0863
ID,CDE,2025,Gross,Actual,Aug,153385827,0.128,-435233704,0.011
ID,CDE,2025,Gross,Actual,Sep,3412949920,22.2508,1145871598,0.2457
ID,CDE,2025,Gross,Actual,Oct,832568157,0.2439,-219724104,0.0599
ID,CDE,2025,Gross,Actual,Nov,1629096799,1.9567,227073341,0.1173
ID,CDE,2025,Gross,Actual,Dec,844182283,0.5182,263760529,0.0608
ID,CDE,2025,Gross,Budget,Jan,3901110659,,0,0.2993
ID,CDE,2025,Gross,Budget,Feb,0,0.0,0,0.0
ID,CDE,2025,Gross,Budget,Mar,1427272642,,0,0.1095
ID,CDE,2025,Gross,Budget,Apr,0,0.0,0,0.0
ID,CDE,2025,Gross,Budget,May,1164893131,,0,0.0894
ID,CDE,2025,Gross,Budget,Jun,552890738,0.4746,0,0.0424
ID,CDE,2025,Gross,Budget,Jul,96201057,0.174,0,0.0074
ID,CDE,2025,Gross,Budget,Aug,588619531,6.1186,0,0.0452
ID,CDE,2025,Gross,Budget,Sep,2267078322,3.8515,0,0.174
ID,CDE,2025,Gross,Budget,Oct,1052292261,0.4642,0,0.0807
ID,CDE,2025,Gross,Budget,Nov,1402023458,1.3324,0,0.1076
ID,CDE,2025,Gross,Budget,Dec,580421754,0.414,0,0.0445
ID,CDE,2025,Gross,Forecast,Jan,6289684192,,2388573533,0.3234
ID,CDE,2025,Gross,Forecast,Feb,0,0.0,0,0.0
ID,CDE,2025,Gross,Forecast,Mar,5363936146,,3936663504,0.2758
ID,CDE,2025,Gross,Forecast,Apr,0,0.0,0,0.0
ID,CDE,2025,Gross,Forecast,May,1290636958,,125743827,0.0664
ID,CDE,2025,Gross,Forecast,Jun,631035153,0.4889,78144415,0.0324
ID,CDE,2025,Gross,Forecast,Jul,1195929157,1.8952,1099728100,0.0615
ID,CDE,2025,Gross,Forecast,Aug,311273865,0.2603,-277345666,0.016
ID,CDE,2025,Gross,Forecast,Sep,925289208,2.9726,-1341789114,0.0476
ID,CDE,2025,Gross,Forecast,Oct,13972078,0.0151,-1038320183,0.0007
ID,CDE,2025,Gross,Forecast,Nov,3165986378,226.5938,1763962920,0.1628
ID,CDE,2025,Gross,Forecast,Dec,259844351,0.0821,-320577403,0.0134
ID,CDE,2025,Net,Actual,Jan,3367583019,,-695611977,0.1806
ID,CDE,2025,Net,Actual,Feb,159306,0.0,-175870,0.0
ID,CDE,2025,Net,Actual,Mar,4050516063,25426.0107,-316418462,0.2172
ID,CDE,2025,Net,Actual,Apr,184235472,0.0455,76306638,0.0099
ID,CDE,2025,Net,Actual,May,376690563,2.0446,231015862,0.0202
ID,CDE,2025,Net,Actual,Jun,251742978,0.6683,-161890926,0.0135
ID,CDE,2025,Net,Actual,Jul,290480908,1.1539,-1062451246,0.0156
ID,CDE,2025,Net,Actual,Aug,2540087488,8.7444,1946951822,0.1362
ID,CDE,2025,Net,Actual,Sep,1614522075,0.6356,-43969217,0.0866
ID,CDE,2025,Net,Actual,Oct,620909799,0.3846,109360003,0.0333
ID,CDE,2025,Net,Actual,Nov,5061964153,8.1525,3337894479,0.2715
ID,CDE,2025,Net,Actual,Dec,287922860,0.0569,-97730633,0.0154
ID,CDE,2025,Net,Budget,Jan,4063194996,,0,0.2652
ID,CDE,2025,Net,Budget,Feb,335176,0.0001,0,0.0
ID,CDE,2025,Net,Budget,Mar,4366934525,13028.7805,0,0.285
ID,CDE,2025,Net,Budget,Apr,107928834,0.0247,0,0.007
ID,CDE,2025,Net,Budget,May,145674701,1.3497,0,0.0095
ID,CDE,2025,Net,Budget,Jun,413633904,2.8394,0,0.027
ID,CDE,2025,Net,Budget,Jul,1352932154,3.2708,0,0.0883
ID,CDE,2025,Net,Budget,Aug,593135666,0.4384,0,0.0387
ID,CDE,2025,Net,Budget,Sep,1658491292,2.7961,0,0.1082
ID,CDE,2025,Net,Budget,Oct,511549796,0.3084,0,0.0334
ID,CDE,2025,Net,Budget,Nov,1724069674,3.3703,0,0.1125
ID,CDE,2025,Net,Budget,Dec,385653493,0.2237,0,0.0252
ID,CDE,2025,Net,Forecast,Jan,5156257722,,1093062726,0.3706
ID,CDE,2025,Net,Forecast,Feb,222457,0.0,-112719,0.0
ID,CDE,2025,Net,Forecast,Mar,922116331,4145.1441,-3444818194,0.0663
ID,CDE,2025,Net,Forecast,Apr,144828038,0.1571,36899204,0.0104
ID,CDE,2025,Net,Forecast,May,398433658,2.7511,252758957,0.0286
ID,CDE,2025,Net,Forecast,Jun,636818568,1.5983,223184664,0.0458
ID,CDE,2025,Net,Forecast,Jul,713043513,1.1197,-639888641,0.0512
ID,CDE,2025,Net,Forecast,Aug,1566050370,2.1963,972914704,0.1126
ID,CDE,2025,Net,Forecast,Sep,2005791808,1.2808,347300516,0.1442
ID,CDE,2025,Net,Forecast,Oct,256407458,0.1278,-255142338,0.0184
ID,CDE,2025,Net,Forecast,Nov,1647857598,6.4267,-76212076,0.1184
ID,CDE,2025,Net,Forecast,Dec,465224961,0.2823,79571468,0.0334
ID,CDE,2025,Op,Actual,Jan,2751329905,,-2653264558,0.1463
ID,CDE,2025,Op,Actual,Feb,106370,0.0,-164752,0.0
ID,CDE,2025,Op,Actual,Mar,4168389838,39187.6454,1686042830,0.2216
ID,CDE,2025,Op,Actual,Apr,367776364,0.0882,-192804711,0.0196
ID,CDE,2025,Op,Actual,May,1033854288,2.8111,-424652912,0.055
ID,CDE,2025,Op,Actual,Jun,687836624,0.6653,-52064395,0.0366
ID,CDE,2025,Op,Actual,Jul,815195585,1.1852,-937194041,0.0433
ID,CDE,2025,Op,Actual,Aug,2144010660,2.6301,943301711,0.114
ID,CDE,2025,Op,Actual,Sep,2354714475,1.0983,784535577,0.1252
ID,CDE,2025,Op,Actual,Oct,611888010,0.2599,-351149290,0.0325
ID,CDE,2025,Op,Actual,Nov,3663867673,5.9878,2222563190,0.1948
ID,CDE,2025,Op,Actual,Dec,208587403,0.0569,-21437785,0.0111
ID,CDE,2025,Op,Budget,Jan,5404594463,,0,0.3036
ID,CDE,2025,Op,Budget,Feb,271122,0.0001,0,0.0
ID,CDE,2025,Op,Budget,Mar,2482347008,9155.8302,0,0.1394
ID,CDE,2025,Op,Budget,Apr,560581075,0.2258,0,0.0315
ID,CDE,2025,Op,Budget,May,1458507200,2.6018,0,0.0819
ID,CDE,2025,Op,Budget,Jun,739901019,0.5073,0,0.0416
ID,CDE,2025,Op,Budget,Jul,1752389626,2.3684,0,0.0984
ID,CDE,2025,Op,Budget,Aug,1200708949,0.6852,0,0.0674
ID,CDE,2025,Op,Budget,Sep,1570178898,1.3077,0,0.0882
ID,CDE,2025,Op,Budget,Oct,963037300,0.6133,0,0.0541
ID,CDE,2025,Op,Budget,Nov,1441304483,1.4966,0,0.081
ID,CDE,2025,Op,Budget,Dec,230025188,0.1596,0,0.0129
ID,CDE,2025,Op,Forecast,Jan,1649125786,,-3755468677,0.1855
ID,CDE,2025,Op,Forecast,Feb,239654,0.0001,-31468,0.0
ID,CDE,2025,Op,Forecast,Mar,12726851,53.1051,-2469620157,0.0014
ID,CDE,2025,Op,Forecast,Apr,502476355,39.4816,-58104720,0.0565
ID,CDE,2025,Op,Forecast,May,732471196,1.4577,-726036004,0.0824
ID,CDE,2025,Op,Forecast,Jun,115609192,0.1578,-624291827,0.013
ID,CDE,2025,Op,Forecast,Jul,706584902,6.1118,-1045804724,0.0795
ID,CDE,2025,Op,Forecast,Aug,578336530,0.8185,-622372419,0.065
ID,CDE,2025,Op,Forecast,Sep,1010234542,1.7468,-559944356,0.1136
ID,CDE,2025,Op,Forecast,Oct,394055297,0.3901,-568982003,0.0443
ID,CDE,2025,Op,Forecast,Nov,2857500277,7.2515,1416195794,0.3214
ID,CDE,2025,Op,Forecast,Dec,332285727,0.1163,102260539,0.0374
ID,PJ,2024,Gross,Actual,Jan,213891428,,-6430196672,0.0195
ID,PJ,2024,Gross,Actual,Feb,0,0.0,0,0.0
ID,PJ,2024,Gross,Actual,Mar,914319042,,-1817084754,0.0833
ID,PJ,2024,Gross,Actual,Apr,0,0.0,0,0.0
ID,PJ,2024,Gross,Actual,May,1750707890,,1266281640,0.1595
ID,PJ,2024,Gross,Actual,Jun,1037750989,0.5928,236882784,0.0945
ID,PJ,2024,Gross,Actual,Jul,241976463,0.2332,-1195285385,0.022
ID,PJ,2024,Gross,Actual,Aug,1792323140,7.407,1616121251,0.1633
ID,PJ,2024,Gross,Actual,Sep,290590099,0.1621,287854973,0.0265
ID,PJ,2024,Gross,Actual,Oct,28437527,0.0979,-126995439,0.0026
ID,PJ,2024,Gross,Actual,Nov,4138769391,145.539,1519166331,0.3771
ID,PJ,2024,Gross,Actual,Dec,567444467,0.1371,371468699,0.0517
ID,PJ,2024,Gross,Budget,Jan,6644088100,,0,0.4357
ID,PJ,2024,Gross,Budget,Feb,0,0.0,0,0.0
ID,PJ,2024,Gross,Budget,Mar,2731403796,,0,0.1791
ID,PJ,2024,Gross,Budget,Apr,0,0.0,0,0.0
ID,PJ,2024,Gross,Budget,May,484426250,,0,0.0318
ID,PJ,2024,Gross,Budget,Jun,800868205,1.6532,0,0.0525
ID,PJ,2024,Gross,Budget,Jul,1437261848,1.7946,0,0.0943
ID,PJ,2024,Gross,Budget,Aug,176201889,0.1226,0,0.0116
ID,PJ,2024,Gross,Budget,Sep,2735126,0.0155,0,0.0002
ID,PJ,2024,Gross,Budget,Oct,155432966,56.8284,0,0.0102
ID,PJ,2024,Gross,Budget,Nov,2619603060,16.8536,0,0.1718
ID,PJ,2024,Gross,Budget,Dec,195975768,0.0748,0,0.0129
ID,PJ,2024,Gross,Forecast,Jan,4878207289,,-1765880811,0.324
ID,PJ,2024,Gross,Forecast,Feb,0,0.0,0,0.0
ID,PJ,2024,Gross,Forecast,Mar,1419390286,,-1312013510,0.0943
ID,PJ,2024,Gross,Forecast,Apr,0,0.0,0,0.0
ID,PJ,2024,Gross,Forecast,May,605755270,,121329020,0.0402
ID,PJ,2024,Gross,Forecast,Jun,828718586,1.3681,27850381,0.055
ID,PJ,2024,Gross,Forecast,Jul,1770154076,2.136,332892228,0.1176
ID,PJ,2024,Gross,Forecast,Aug,448728184,0.2535,272526295,0.0298
ID,PJ,2024,Gross,Forecast,Sep,2039544806,4.5452,2036809680,0.1355
ID,PJ,2024,Gross,Forecast,Oct,54165110,0.0266,-101267856,0.0036
ID,PJ,2024,Gross,Forecast,Nov,2916383800,53.8425,296780740,0.1937
ID,PJ,2024,Gross,Forecast,Dec,95497012,0.0327,-100478756,0.0063
ID,PJ,2024,Net,Actual,Jan,3273421048,,-1811115560,0.1954
ID,PJ,2024,Net,Actual,Feb,304457,0.0001,61306,0.0
ID,PJ,2024,Net,Actual,Mar,755681797,2482.0641,-2107925513,0.0451
ID,PJ,2024,Net,Actual,Apr,547560992,0.7246,114771924,0.0327
ID,PJ,2024,Net,Actual,May,1165257509,2.1281,-225686012,0.0696
ID,PJ,2024,Net,Actual,Jun,96109997,0.0825,-91557955,0.0057
ID,PJ,2024,Net,Actual,Jul,1560088547,16.2323,-251355777,0.0931
ID,PJ,2024,Net,Actual,Aug,1199582881,0.7689,-1317781801,0.0716
ID,PJ,2024,Net,Actual,Sep,2254050424,1.879,1418083663,0.1345
ID,PJ,2024,Net,Actual,Oct,700119121,0.3106,-202921263,0.0418
ID,PJ,2024,Net,Actual,Nov,4945183763,7.0633,3391612280,0.2952
ID,PJ,2024,Net,Actual,Dec,256203292,0.0518,-129040384,0.0153
ID,PJ,2024,Net,Budget,Jan,5084536608,,0,0.283
ID,PJ,2024,Net,Budget,Feb,243151,0.0,0,0.0
ID,PJ,2024,Net,Budget,Mar,2863607310,11777.074,0,0.1594
ID,PJ,2024,Net,Budget,Apr,432789068,0.1511,0,0.0241
ID,PJ,2024,Net,Budget,May,1390943521,3.2139,0,0.0774
ID,PJ,2024,Net,Budget,Jun,187667952,0.1349,0,0.0104
ID,PJ,2024,Net,Budget,Jul,1811444324,9.6524,0,0.1008
ID,PJ,2024,Net,Budget,Aug,2517364682,1.3897,0,0.1401
ID,PJ,2024,Net,Budget,Sep,835966761,0.3321,0,0.0465
ID,PJ,2024,Net,Budget,Oct,903040384,1.0802,0,0.0503
ID,PJ,2024,Net,Budget,Nov,1553571483,1.7204,0,0.0865
ID,PJ,2024,Net,Budget,Dec,385243676,0.248,0,0.0214
ID,PJ,2024,Net,Forecast,Jan,4080049543,,-1004487065,0.2147
ID,PJ,2024,Net,Forecast,Feb,368210,0.0001,125059,0.0
ID,PJ,2024,Net,Forecast,Mar,4996607119,13569.993,2132999809,0.2629
ID,PJ,2024,Net,Forecast,Apr,50598426,0.0101,-382190642,0.0027
ID,PJ,2024,Net,Forecast,May,1407304542,27.8132,16361021,0.074
ID,PJ,2024,Net,Forecast,Jun,760296490,0.5403,572628538,0.04
ID,PJ,2024,Net,Forecast,Jul,833536121,1.0963,-977908203,0.0439
ID,PJ,2024,Net,Forecast,Aug,1772107043,2.126,-745257639,0.0932
ID,PJ,2024,Net,Forecast,Sep,612642738,0.3457,-223324023,0.0322
ID,PJ,2024,Net,Forecast,Oct,1006980319,1.6437,103939935,0.053
ID,PJ,2024,Net,Forecast,Nov,3185123080,3.163,1631551597,0.1676
ID,PJ,2024,Net,Forecast,Dec,299365591,0.094,-85878085,0.0158
ID,PJ,2024,Op,Actual,Jan,7410002169,,2760212055,0.5558
ID,PJ,2024,Op,Actual,Feb,332536,0.0,283287,0.0
ID,PJ,2024,Op,Actual,Mar,1485227753,4466.3668,-4281525025,0.1114
ID,PJ,2024,Op,Actual,Apr,93687201,0.0631,-860353,0.007
ID,PJ,2024,Op,Actual,May,37648369,0.4019,-211048601,0.0028
ID,PJ,2024,Op,Actual,Jun,18585614,0.4937,-216814921,0.0014
ID,PJ,2024,Op,Actual,Jul,483882270,26.0353,-215191220,0.0363
ID,PJ,2024,Op,Actual,Aug,420881432,0.8698,-1984306013,0.0316
ID,PJ,2024,Op,Actual,Sep,2620502235,6.2262,466820233,0.1966
ID,PJ,2024,Op,Actual,Oct,502707958,0.1918,203196434,0.0377
ID,PJ,2024,Op,Actual,Nov,4046602,0.008,-5079928928,0.0003
ID,PJ,2024,Op,Actual,Dec,254267563,62.8348,214137733,0.0191
ID,PJ,2024,Op,Budget,Jan,4649790114,,0,0.2145
ID,PJ,2024,Op,Budget,Feb,49249,0.0,0,0.0
ID,PJ,2024,Op,Budget,Mar,5766752778,117093.8045,0,0.266
ID,PJ,2024,Op,Budget,Apr,94547554,0.0164,0,0.0044
ID,PJ,2024,Op,Budget,May,248696970,2.6304,0,0.0115
ID,PJ,2024,Op,Budget,Jun,235400535,0.9465,0,0.0109
ID,PJ,2024,Op,Budget,Jul,699073490,2.9697,0,0.0322
ID,PJ,2024,Op,Budget,Aug,2405187445,3.4405,0,0.111
ID,PJ,2024,Op,Budget,Sep,2153682002,0.8954,0,0.0994
ID,PJ,2024,Op,Budget,Oct,299511524,0.1391,0,0.0138
ID,PJ,2024,Op,Budget,Nov,5083975530,16.9742,0,0.2345
ID,PJ,2024,Op,Budget,Dec,40129830,0.0079,0,0.0019
ID,PJ,2024,Op,Forecast,Jan,5395745503,,745955389,0.2881
ID,PJ,2024,Op,Forecast,Feb,47502,0.0,-1747,0.0
ID,PJ,2024,Op,Forecast,Mar,4232802130,89107.8719,-1533950648,0.226
ID,PJ,2024,Op,Forecast,Apr,127871936,0.0302,33324382,0.0068
ID,PJ,2024,Op,Forecast,May,817655678,6.3943,568958708,0.0437
ID,PJ,2024,Op,Forecast,Jun,608968987,0.7448,373568452,0.0325
ID,PJ,2024,Op,Forecast,Jul,1285786949,2.1114,586713459,0.0686
ID,PJ,2024,Op,Forecast,Aug,503515711,0.3916,-1901671734,0.0269
ID,PJ,2024,Op,Forecast,Sep,3114454903,6.1854,960772901,0.1663
ID,PJ,2024,Op,Forecast,Oct,591978672,0.1901,292467148,0.0316
ID,PJ,2024,Op,Forecast,Nov,1923519770,3.2493,-3160455760,0.1027
ID,PJ,2024,Op,Forecast,Dec,128684482,0.0669,88554652,0.0069
ID,PJ,2025,Gross,Actual,Jan,5087810000,,-1077268405,0.2311
ID,PJ,2025,Gross,Actual,Feb,0,0.0,0,0.0
ID,PJ,2025,Gross,Actual,Mar,3961940000,,3623242642,0.18
ID,PJ,2025,Gross,Actual,Apr,0,0.0,0,0.0
ID,PJ,2025,Gross,Actual,May,1250160000,,-374549836,0.0568
ID,PJ,2025,Gross,Actual,Jun,880699400,0.7045,-30671482,0.04
ID,PJ,2025,Gross,Actual,Jul,1610420000,1.8286,-492023920,0.0732
ID,PJ,2025,Gross,Actual,Aug,1705400000,1.059,-52722103,0.0775
ID,PJ,2025,Gross,Actual,Sep,2337356500,1.3706,255173453,0.1062
ID,PJ,2025,Gross,Actual,Oct,761268100,0.3257,645887106,0.0346
ID,PJ,2025,Gross,Actual,Nov,3833035800,5.0351,878948253,0.1741
ID,PJ,2025,Gross,Actual,Dec,583333000,0.1522,-149334102,0.0265
ID,PJ,2025,Gross,Budget,Jan,6165078405,,0,0.3282
ID,PJ,2025,Gross,Budget,Feb,0,0.0,0,0.0
ID,PJ,2025,Gross,Budget,Mar,338697358,,0,0.018
ID,PJ,2025,Gross,Budget,Apr,0,0.0,0,0.0
ID,PJ,2025,Gross,Budget,May,1624709836,,0,0.0865
ID,PJ,2025,Gross,Budget,Jun,911370882,0.5609,0,0.0485
ID,PJ,2025,Gross,Budget,Jul,2102443920,2.3069,0,0.1119
ID,PJ,2025,Gross,Budget,Aug,1758122103,0.8362,0,0.0936
ID,PJ,2025,Gross,Budget,Sep,2082183047,1.1843,0,0.1108
ID,PJ,2025,Gross,Budget,Oct,115380994,0.0554,0,0.0061
ID,PJ,2025,Gross,Budget,Nov,2954087547,25.6029,0,0.1573
ID,PJ,2025,Gross,Budget,Dec,732667102,0.248,0,0.039
ID,PJ,2025,Gross,Forecast,Jan,4561760858,,-1603317547,0.2585
ID,PJ,2025,Gross,Forecast,Feb,0,0.0,0,0.0
ID,PJ,2025,Gross,Forecast,Mar,3619276358,,3280579000,0.2051
ID,PJ,2025,Gross,Forecast,Apr,0,0.0,0,0.0
ID,PJ,2025,Gross,Forecast,May,1807431177,,182721341,0.1024
ID,PJ,2025,Gross,Forecast,Jun,594287967,0.3288,-317082915,0.0337
ID,PJ,2025,Gross,Forecast,Jul,1993504842,3.3544,-108939078,0.113
ID,PJ,2025,Gross,Forecast,Aug,737705123,0.3701,-1020416980,0.0418
ID,PJ,2025,Gross,Forecast,Sep,712868187,0.9663,-1369314860,0.0404
ID,PJ,2025,Gross,Forecast,Oct,905761779,1.2706,790380785,0.0513
ID,PJ,2025,Gross,Forecast,Nov,2446634451,2.7012,-507453096,0.1386
ID,PJ,2025,Gross,Forecast,Dec,267999828,0.1095,-464667274,0.0152
ID,PJ,2025,Net,Actual,Jan,4986060000,,-588712679,0.2351
ID,PJ,2025,Net,Actual,Feb,280000,0.0001,51861,0.0
ID,PJ,2025,Net,Actual,Mar,3966340000,14165.5,-555626994,0.187
ID,PJ,2025,Net,Actual,Apr,421230000,0.1062,85518245,0.0199
ID,PJ,2025,Net,Actual,May,1175150000,2.7898,386530516,0.0554
ID,PJ,2025,Net,Actual,Jun,594618200,0.506,294582722,0.028
ID,PJ,2025,Net,Actual,Jul,1610420000,2.7083,558012952,0.0759
ID,PJ,2025,Net,Actual,Aug,1705400000,1.059,-559006273,0.0804
ID,PJ,2025,Net,Actual,Sep,2084604300,1.2224,1283834646,0.0983
ID,PJ,2025,Net,Actual,Oct,715591800,0.3433,86722869,0.0337
ID,PJ,2025,Net,Actual,Nov,3603053800,5.0351,3225421929,0.1699
ID,PJ,2025,Net,Actual,Dec,346266500,0.0961,262948082,0.0163
ID,PJ,2025,Net,Budget,Jan,5574772679,,0,0.3332
ID,PJ,2025,Net,Budget,Feb,228139,0.0,0,0.0
ID,PJ,2025,Net,Budget,Mar,4521966994,19821.1047,0,0.2703
ID,PJ,2025,Net,Budget,Apr,335711755,0.0742,0,0.0201
ID,PJ,2025,Net,Budget,May,788619484,2.3491,0,0.0471
ID,PJ,2025,Net,Budget,Jun,300035478,0.3805,0,0.0179
ID,PJ,2025,Net,Budget,Jul,1052407048,3.5076,0,0.0629
ID,PJ,2025,Net,Budget,Aug,2264406273,2.1516,0,0.1354
ID,PJ,2025,Net,Budget,Sep,800769654,0.3536,0,0.0479
ID,PJ,2025,Net,Budget,Oct,628868931,0.7853,0,0.0376
ID,PJ,2025,Net,Budget,Nov,377631871,0.6005,0,0.0226
ID,PJ,2025,Net,Budget,Dec,83318418,0.2206,0,0.005
ID,PJ,2025,Net,Forecast,Jan,905073940,,-4669698739,0.0908
ID,PJ,2025,Net,Forecast,Feb,282361,0.0003,54222,0.0
ID,PJ,2025,Net,Forecast,Mar,1183356664,4190.9352,-3338610330,0.1187
ID,PJ,2025,Net,Forecast,Apr,508799542,0.43,173087787,0.051
ID,PJ,2025,Net,Forecast,May,1091561729,2.1454,302942245,0.1095
ID,PJ,2025,Net,Forecast,Jun,524712690,0.4807,224677212,0.0526
ID,PJ,2025,Net,Forecast,Jul,360392611,0.6868,-692014437,0.0362
ID,PJ,2025,Net,Forecast,Aug,1920682051,5.3294,-343724222,0.1927
ID,PJ,2025,Net,Forecast,Sep,1282863895,0.6679,482094241,0.1287
ID,PJ,2025,Net,Forecast,Oct,476563435,0.3715,-152305496,0.0478
ID,PJ,2025,Net,Forecast,Nov,1502726759,3.1533,1125094888,0.1508
ID,PJ,2025,Net,Forecast,Dec,210914935,0.1404,127596517,0.0212
ID,PJ,2025,Op,Actual,Jan,4986060000,,4607265236,0.2351
ID,PJ,2025,Op,Actual,Feb,280000,0.0001,92897,0.0
ID,PJ,2025,Op,Actual,Mar,3966340000,14165.5,-1006906379,0.187
ID,PJ,2025,Op,Actual,Apr,421230000,0.1062,52082976,0.0199
ID,PJ,2025,Op,Actual,May,1175150000,2.7898,441518699,0.0554
ID,PJ,2025,Op,Actual,Jun,594618200,0.506,211973329,0.028
ID,PJ,2025,Op,Actual,Jul,1610420000,2.7083,1233100699,0.0759
ID,PJ,2025,Op,Actual,Aug,1705400000,1.059,615500655,0.0804
ID,PJ,2025,Op,Actual,Sep,2084604300,1.2224,364413876,0.0983
ID,PJ,2025,Op,Actual,Oct,715591800,0.3433,385196754,0.0337
ID,PJ,2025,Op,Actual,Nov,3603053800,5.0351,-269408531,0.1699
ID,PJ,2025,Op,Actual,Dec,346266500,0.0961,148392253,0.0163
ID,PJ,2025,Op,Budget,Jan,378794764,,0,0.0263
ID,PJ,2025,Op,Budget,Feb,187103,0.0005,0,0.0
ID,PJ,2025,Op,Budget,Mar,4973246379,26580.26,0,0.3447
ID,PJ,2025,Op,Budget,Apr,369147024,0.0742,0,0.0256
ID,PJ,2025,Op,Budget,May,733631301,1.9874,0,0.0509
ID,PJ,2025,Op,Budget,Jun,382644871,0.5216,0,0.0265
ID,PJ,2025,Op,Budget,Jul,377319301,0.9861,0,0.0262
ID,PJ,2025,Op,Budget,Aug,1089899345,2.8885,0,0.0756
ID,PJ,2025,Op,Budget,Sep,1720190424,1.5783,0,0.1192
ID,PJ,2025,Op,Budget,Oct,330395046,0.1921,0,0.0229
ID,PJ,2025,Op,Budget,Nov,3872462331,11.7207,0,0.2684
ID,PJ,2025,Op,Budget,Dec,197874247,0.0511,0,0.0137
ID,PJ,2025,Op,Forecast,Jan,2357935006,,1979140242,0.1427
ID,PJ,2025,Op,Forecast,Feb,418775,0.0002,231672,0.0
ID,PJ,2025,Op,Forecast,Mar,4439492190,10601.1395,-533754189,0.2687
ID,PJ,2025,Op,Forecast,Apr,251870261,0.0567,-117276763,0.0152
ID,PJ,2025,Op,Forecast,May,910440908,3.6147,176809607,0.0551
ID,PJ,2025,Op,Forecast,Jun,659767543,0.7247,277122672,0.0399
ID,PJ,2025,Op,Forecast,Jul,1469147470,2.2268,1091828169,0.0889
ID,PJ,2025,Op,Forecast,Aug,1687589292,1.1487,597689947,0.1021
ID,PJ,2025,Op,Forecast,Sep,2000959509,1.1857,280769085,0.1211
ID,PJ,2025,Op,Forecast,Oct,278505319,0.1392,-51889727,0.0169
ID,PJ,2025,Op,Forecast,Nov,2150799883,7.7227,-1721662448,0.1302
ID,PJ,2025,Op,Forecast,Dec,316957648,0.1474,119083401,0.0192
IN,CDE,2024,Gross,Actual,Jan,7386636275,,2103601073,0.247
IN,CDE,2024,Gross,Actual,Feb,1664405581,0.2253,-4484163463,0.0557
IN,CDE,2024,Gross,Actual,Mar,1100624698,0.6613,482887411,0.0368
IN,CDE,2024,Gross,Actual,Apr,6984576800,6.346,-192346873,0.2336
IN,CDE,2024,Gross,Actual,May,1354748418,0.194,-11868397,0.0453
IN,CDE,2024,Gross,Actual,Jun,3254143945,2.402,2226549727,0.1088
IN,CDE,2024,Gross,Actual,Jul,1413091613,0.4342,-1787384794,0.0473
IN,CDE,2024,Gross,Actual,Aug,435145074,0.3079,-1246878222,0.0146
IN,CDE,2024,Gross,Actual,Sep,1607352611,3.6938,-739745917,0.0538
IN,CDE,2024,Gross,Actual,Oct,793163553,0.4935,-74752453,0.0265
IN,CDE,2024,Gross,Actual,Nov,1434652793,1.8088,1169588443,0.048
IN,CDE,2024,Gross,Actual,Dec,2474945521,1.7251,761976746,0.0828
IN,CDE,2024,Gross,Budget,Jan,5283035202,,0,0.1667
IN,CDE,2024,Gross,Budget,Feb,6148569044,1.1638,0,0.194
IN,CDE,2024,Gross,Budget,Mar,617737287,0.1005,0,0.0195
IN,CDE,2024,Gross,Budget,Apr,7176923673,11.6181,0,0.2264
IN,CDE,2024,Gross,Budget,May,1366616815,0.1904,0,0.0431
IN,CDE,2024,Gross,Budget,Jun,1027594218,0.7519,0,0.0324
IN,CDE,2024,Gross,Budget,Jul,3200476407,3.1145,0,0.101
IN,CDE,2024,Gross,Budget,Aug,1682023296,0.5256,0,0.0531
IN,CDE,2024,Gross,Budget,Sep,2347098528,1.3954,0,0.0741
IN,CDE,2024,Gross,Budget,Oct,867916006,0.3698,0,0.0274
IN,CDE,2024,Gross,Budget,Nov,265064350,0.3054,0,0.0084
IN,CDE,2024,Gross,Budget,Dec,1712968775,6.4625,0,0.054
IN,CDE,2024,Gross,Forecast,Jan,7248074908,,1965039706,0.2927
IN,CDE,2024,Gross,Forecast,Feb,3191106427,0.4403,-2957462617,0.1289
IN,CDE,2024,Gross,Forecast,Mar,114096654,0.0358,-503640633,0.0046
IN,CDE,2024,Gross,Forecast,Apr,1415381244,12.4051,-5761542429,0.0572
IN,CDE,2024,Gross,Forecast,May,1441458419,1.0184,74841604,0.0582
IN,CDE,2024,Gross,Forecast,Jun,3366493564,2.3355,2338899346,0.1359
IN,CDE,2024,Gross,Forecast,Jul,276010124,0.082,-2924466283,0.0111
IN,CDE,2024,Gross,Forecast,Aug,802956930,2.9092,-879066366,0.0324
IN,CDE,2024,Gross,Forecast,Sep,2854528463,3.555,507429935,0.1153
IN,CDE,2024,Gross,Forecast,Oct,351716487,0.1232,-516199519,0.0142
IN,CDE,2024,Gross,Forecast,Nov,648204758,1.843,383140408,0.0262
IN,CDE,2024,Gross,Forecast,Dec,3054132071,4.7117,1341163296,0.1233
IN,CDE,2024,Net,Actual,Jan,3535822434,,-1770752646,0.1167
IN,CDE,2024,Net,Actual,Feb,1685756231,0.4768,222865715,0.0556
IN,CDE,2024,Net,Actual,Mar,840939867,0.4989,346915395,0.0278
IN,CDE,2024,Net,Actual,Apr,5989906135,7.1229,4600699908,0.1977
IN,CDE,2024,Net,Actual,May,528366791,0.0882,-210596148,0.0174
IN,CDE,2024,Net,Actual,Jun,2424106656,4.5879,-3246701991,0.08
IN,CDE,2024,Net,Actual,Jul,2045476779,0.8438,525819643,0.0675
IN,CDE,2024,Net,Actual,Aug,2039326095,0.997,415465957,0.0673
IN,CDE,2024,Net,Actual,Sep,2514090697,1.2328,-694850777,0.083
IN,CDE,2024,Net,Actual,Oct,1556044705,0.6189,-97094250,0.0514
IN,CDE,2024,Net,Actual,Nov,1540918267,0.9903,1465796627,0.0509
IN,CDE,2024,Net,Actual,Dec,5594666336,3.6307,2301687543,0.1847
IN,CDE,2024,Net,Budget,Jan,5306575080,,0,0.2007
IN,CDE,2024,Net,Budget,Feb,1462890516,0.2757,0,0.0553
IN,CDE,2024,Net,Budget,Mar,494024472,0.3377,0,0.0187
IN,CDE,2024,Net,Budget,Apr,1389206227,2.812,0,0.0525
IN,CDE,2024,Net,Budget,May,738962939,0.5319,0,0.028
IN,CDE,2024,Net,Budget,Jun,5670808647,7.674,0,0.2145
IN,CDE,2024,Net,Budget,Jul,1519657136,0.268,0,0.0575
IN,CDE,2024,Net,Budget,Aug,1623860138,1.0686,0,0.0614
IN,CDE,2024,Net,Budget,Sep,3208941474,1.9761,0,0.1214
IN,CDE,2024,Net,Budget,Oct,1653138955,0.5152,0,0.0625
IN,CDE,2024,Net,Budget,Nov,75121640,0.0454,0,0.0028
IN,CDE,2024,Net,Budget,Dec,3292978793,43.8353,0,0.1246
IN,CDE,2024,Net,Forecast,Jan,2794051329,,-2512523751,0.0771
IN,CDE,2024,Net,Forecast,Feb,5376124066,1.9241,3913233550,0.1483
IN,CDE,2024,Net,Forecast,Mar,757115877,0.1408,263091405,0.0209
IN,CDE,2024,Net,Forecast,Apr,8411937497,11.1105,7022731270,0.2321
IN,CDE,2024,Net,Forecast,May,883775504,0.1051,144812565,0.0244
IN,CDE,2024,Net,Forecast,Jun,5322850739,6.0229,-347957908,0.1468
IN,CDE,2024,Net,Forecast,Jul,1764955698,0.3316,245298562,0.0487
IN,CDE,2024,Net,Forecast,Aug,2345249193,1.3288,721389055,0.0647
IN,CDE,2024,Net,Forecast,Sep,2158313443,0.9203,-1050628031,0.0595
IN,CDE,2024,Net,Forecast,Oct,1871479738,0.8671,218340783,0.0516
IN,CDE,2024,Net,Forecast,Nov,806810786,0.4311,731689146,0.0223
IN,CDE,2024,Net,Forecast,Dec,3757536129,4.6573,464557336,0.1037
IN,CDE,2024,Op,Actual,Jan,1475618501,,-4563794069,0.0452
IN,CDE,2024,Op,Actual,Feb,3291077297,2.2303,-1994614473,0.1009
IN,CDE,2024,Op,Actual,Mar,1007162582,0.306,74913119,0.0309
IN,CDE,2024,Op,Actual,Apr,2944289079,2.9234,-673938763,0.0903
IN,CDE,2024,Op,Actual,May,1191129862,0.4046,-274927085,0.0365
IN,CDE,2024,Op,Actual,Jun,6064505677,5.0914,283235211,0.1859
IN,CDE,2024,Op,Actual,Jul,3131231532,0.5163,512076647,0.096
IN,CDE,2024,Op,Actual,Aug,4300920290,1.3736,2523570853,0.1319
IN,CDE,2024,Op,Actual,Sep,3597989758,0.8366,1578015109,0.1103
IN,CDE,2024,Op,Actual,Oct,2100125146,0.5837,1107509928,0.0644
IN,CDE,2024,Op,Actual,Nov,434760131,0.207,-301015131,0.0133
IN,CDE,2024,Op,Actual,Dec,3076064842,7.0753,-1794905140,0.0943
IN,CDE,2024,Op,Budget,Jan,6039412570,,0,0.1671
IN,CDE,2024,Op,Budget,Feb,5285691770,0.8752,0,0.1463
IN,CDE,2024,Op,Budget,Mar,932249463,0.1764,0,0.0258
IN,CDE,2024,Op,Budget,Apr,3618227842,3.8812,0,0.1001
IN,CDE,2024,Op,Budget,May,1466056947,0.4052,0,0.0406
IN,CDE,2024,Op,Budget,Jun,5781270466,3.9434,0,0.16
IN,CDE,2024,Op,Budget,Jul,2619154885,0.453,0,0.0725
IN,CDE,2024,Op,Budget,Aug,1777349437,0.6786,0,0.0492
IN,CDE,2024,Op,Budget,Sep,2019974649,1.1365,0,0.0559
IN,CDE,2024,Op,Budget,Oct,992615218,0.4914,0,0.0275
IN,CDE,2024,Op,Budget,Nov,735775262,0.7412,0,0.0204
IN,CDE,2024,Op,Budget,Dec,4870969982,6.6202,0,0.1348
IN,CDE,2024,Op,Forecast,Jan,80992609,,-5958419961,0.003
IN,CDE,2024,Op,Forecast,Feb,1335591648,16.4903,-3950100122,0.0494
IN,CDE,2024,Op,Forecast,Mar,103445635,0.0775,-828803828,0.0038
IN,CDE,2024,Op,Forecast,Apr,9019617270,87.1919,5401389428,0.3339
IN,CDE,2024,Op,Forecast,May,261392709,0.029,-1204664238,0.0097
IN,CDE,2024,Op,Forecast,Jun,4742502319,18.1432,-1038768147,0.1756
IN,CDE,2024,Op,Forecast,Jul,29765877,0.0063,-2589389008,0.0011
IN,CDE,2024,Op,Forecast,Aug,3628131365,121.8889,1850781928,0.1343
IN,CDE,2024,Op,Forecast,Sep,1343216443,0.3702,-676758206,0.0497
IN,CDE,2024,Op,Forecast,Oct,879219908,0.6546,-113395310,0.0326
IN,CDE,2024,Op,Forecast,Nov,198179682,0.2254,-537595580,0.0073
IN,CDE,2024,Op,Forecast,Dec,5388401193,27.1895,517431211,0.1995
IN,CDE,2025,Gross,Actual,Jan,409423958,,-1666053338,0.0157
IN,CDE,2025,Gross,Actual,Feb,4636129002,11.3235,-708472119,0.1778
IN,CDE,2025,Gross,Actual,Mar,290263772,0.0626,-275840751,0.0111
IN,CDE,2025,Gross,Actual,Apr,1950871675,6.721,-1683991323,0.0748
IN,CDE,2025,Gross,Actual,May,984741992,0.5048,-177658294,0.0378
IN,CDE,2025,Gross,Actual,Jun,2169655358,2.2033,-3596334816,0.0832
IN,CDE,2025,Gross,Actual,Jul,2342116959,1.0795,1373630646,0.0898
IN,CDE,2025,Gross,Actual,Aug,5234050994,2.2348,5008454565,0.2007
IN,CDE,2025,Gross,Actual,Sep,1084673101,0.2072,-1807078902,0.0416
IN,CDE,2025,Gross,Actual,Oct,1875929659,1.7295,1800089782,0.072
IN,CDE,2025,Gross,Actual,Nov,469334538,0.2502,14104282,0.018
IN,CDE,2025,Gross,Actual,Dec,4625452305,9.8553,1211946831,0.1774
IN,CDE,2025,Gross,Budget,Jan,2075477296,,0,0.0781
IN,CDE,2025,Gross,Budget,Feb,5344601121,2.5751,0,0.2011
IN,CDE,2025,Gross,Budget,Mar,566104523,0.1059,0,0.0213
IN,CDE,2025,Gross,Budget,Apr,3634862998,6.4208,0,0.1368
IN,CDE,2025,Gross,Budget,May,1162400286,0.3198,0,0.0437
IN,CDE,2025,Gross,Budget,Jun,5765990174,4.9604,0,0.2169
IN,CDE,2025,Gross,Budget,Jul,968486313,0.168,0,0.0364
IN,CDE,2025,Gross,Budget,Aug,225596429,0.2329,0,0.0085
IN,CDE,2025,Gross,Budget,Sep,2891752003,12.8183,0,0.1088
IN,CDE,2025,Gross,Budget,Oct,75839877,0.0262,0,0.0029
IN,CDE,2025,Gross,Budget,Nov,455230256,6.0025,0,0.0171
IN,CDE,2025,Gross,Budget,Dec,3413505474,7.4984,0,0.1284
IN,CDE,2025,Gross,Forecast,Jan,4879782892,,2804305596,0.1654
IN,CDE,2025,Gross,Forecast,Feb,3021623006,0.6192,-2322978115,0.1024
IN,CDE,2025,Gross,Forecast,Mar,668684766,0.2213,102580243,0.0227
IN,CDE,2025,Gross,Forecast,Apr,7859911620,11.7543,4225048622,0.2665
IN,CDE,2025,Gross,Forecast,May,1441991440,0.1835,279591154,0.0489
IN,CDE,2025,Gross,Forecast,Jun,521990612,0.362,-5243999562,0.0177
IN,CDE,2025,Gross,Forecast,Jul,2369184300,4.5387,1400697987,0.0803
IN,CDE,2025,Gross,Forecast,Aug,2572473493,1.0858,2346877064,0.0872
IN,CDE,2025,Gross,Forecast,Sep,1176454267,0.4573,-1715297736,0.0399
IN,CDE,2025,Gross,Forecast,Oct,1754264409,1.4911,1678424532,0.0595
IN,CDE,2025,Gross,Forecast,Nov,1536240634,0.8757,1081010378,0.0521
IN,CDE,2025,Gross,Forecast,Dec,1692496521,1.1017,-1721008953,0.0574
IN,CDE,2025,Net,Actual,Jan,893401265,,694170578,0.0385
IN,CDE,2025,Net,Actual,Feb,560598242,0.6275,-2533320538,0.0242
IN,CDE,2025,Net,Actual,Mar,276240051,0.4928,187040894,0.0119
IN,CDE,2025,Net,Actual,Apr,3246956463,11.7541,-2242695738,0.1401
IN,CDE,2025,Net,Actual,May,1244066039,0.3831,755746926,0.0537
IN,CDE,2025,Net,Actual,Jun,3417706041,2.7472,1139794233,0.1474
IN,CDE,2025,Net,Actual,Jul,313632952,0.0918,-3162718577,0.0135
IN,CDE,2025,Net,Actual,Aug,4572782527,14.58,328269161,0.1973
IN,CDE,2025,Net,Actual,Sep,1844374629,0.4033,-60147626,0.0796
IN,CDE,2025,Net,Actual,Oct,2162693248,1.1726,1011094404,0.0933
IN,CDE,2025,Net,Actual,Nov,821264204,0.3797,738944032,0.0354
IN,CDE,2025,Net,Actual,Dec,3826040860,4.6587,171385560,0.1651
IN,CDE,2025,Net,Budget,Jan,199230687,,0,0.0076
IN,CDE,2025,Net,Budget,Feb,3093918780,15.5293,0,0.1183
IN,CDE,2025,Net,Budget,Mar,89199157,0.0288,0,0.0034
IN,CDE,2025,Net,Budget,Apr,5489652201,61.5438,0,0.2099
IN,CDE,2025,Net,Budget,May,488319113,0.089,0,0.0187
IN,CDE,2025,Net,Budget,Jun,2277911808,4.6648,0,0.0871
IN,CDE,2025,Net,Budget,Jul,3476351529,1.5261,0,0.1329
IN,CDE,2025,Net,Budget,Aug,4244513366,1.221,0,0.1623
IN,CDE,2025,Net,Budget,Sep,1904522255,0.4487,0,0.0728
IN,CDE,2025,Net,Budget,Oct,1151598844,0.6047,0,0.044
IN,CDE,2025,Net,Budget,Nov,82320172,0.0715,0,0.0031
IN,CDE,2025,Net,Budget,Dec,3654655300,44.3956,0,0.1397
IN,CDE,2025,Net,Forecast,Jan,6561240146,,6362009459,0.2109
IN,CDE,2025,Net,Forecast,Feb,2905516454,0.4428,-188402326,0.0934
IN,CDE,2025,Net,Forecast,Mar,1005409559,0.346,916210402,0.0323
IN,CDE,2025,Net,Forecast,Apr,3529991149,3.511,-1959661052,0.1135
IN,CDE,2025,Net,Forecast,May,657926821,0.1864,169607708,0.0212
IN,CDE,2025,Net,Forecast,Jun,3859718459,5.8665,1581806651,0.1241
IN,CDE,2025,Net,Forecast,Jul,2311975947,0.599,-1164375582,0.0743
IN,CDE,2025,Net,Forecast,Aug,1935475707,0.8372,-2309037659,0.0622
IN,CDE,2025,Net,Forecast,Sep,2364776531,1.2218,460254276,0.076
IN,CDE,2025,Net,Forecast,Oct,2349977847,0.9937,1198379003,0.0756
IN,CDE,2025,Net,Forecast,Nov,913234146,0.3886,830913974,0.0294
IN,CDE,2025,Net,Forecast,Dec,2708859486,2.9662,-945795814,0.0871
IN,CDE,2025,Op,Actual,Jan,6165426585,,982697485,0.1821
IN,CDE,2025,Op,Actual,Feb,3843838138,0.6235,3428613459,0.1135
IN,CDE,2025,Op,Actual,Mar,741343058,0.1929,-376980266,0.0219
IN,CDE,2025,Op,Actual,Apr,6644350215,8.9626,1453902778,0.1962
IN,CDE,2025,Op,Actual,May,171009297,0.0257,-95198616,0.0051
IN,CDE,2025,Op,Actual,Jun,939664066,5.4948,-3560173364,0.0278
IN,CDE,2025,Op,Actual,Jul,1852936369,1.9719,194833667,0.0547
IN,CDE,2025,Op,Actual,Aug,5096147148,2.7503,2163253097,0.1505
IN,CDE,2025,Op,Actual,Sep,3592281796,0.7049,545768838,0.1061
IN,CDE,2025,Op,Actual,Oct,377468313,0.1051,-134948917,0.0111
IN,CDE,2025,Op,Actual,Nov,315130055,0.8349,-826655339,0.0093
IN,CDE,2025,Op,Actual,Dec,4122120357,13.0807,-844234678,0.1217
IN,CDE,2025,Op,Budget,Jan,5182729100,,0,0.1676
IN,CDE,2025,Op,Budget,Feb,415224679,0.0801,0,0.0134
IN,CDE,2025,Op,Budget,Mar,1118323324,2.6933,0,0.0362
IN,CDE,2025,Op,Budget,Apr,5190447437,4.6413,0,0.1678
IN,CDE,2025,Op,Budget,May,266207913,0.0513,0,0.0086
IN,CDE,2025,Op,Budget,Jun,4499837430,16.9035,0,0.1455
IN,CDE,2025,Op,Budget,Jul,1658102702,0.3685,0,0.0536
IN,CDE,2025,Op,Budget,Aug,2932894051,1.7688,0,0.0948
IN,CDE,2025,Op,Budget,Sep,3046512958,1.0387,0,0.0985
IN,CDE,2025,Op,Budget,Oct,512417230,0.1682,0,0.0166
IN,CDE,2025,Op,Budget,Nov,1141785394,2.2282,0,0.0369
IN,CDE,2025,Op,Budget,Dec,4966355035,4.3496,0,0.1606
IN,CDE,2025,Op,Forecast,Jan,45278888,,-5137450212,0.0019
IN,CDE,2025,Op,Forecast,Feb,413462451,9.1315,-1762228,0.0169
IN,CDE,2025,Op,Forecast,Mar,1044851856,2.5271,-73471468,0.0428
IN,CDE,2025,Op,Forecast,Apr,8451122611,8.0883,3260675174,0.3462
IN,CDE,2025,Op,Forecast,May,1183851664,0.1401,917643751,0.0485
IN,CDE,2025,Op,Forecast,Jun,2528022162,2.1354,-1971815268,0.1036
IN,CDE,2025,Op,Forecast,Jul,166527382,0.0659,-1491575320,0.0068
IN,CDE,2025,Op,Forecast,Aug,2731981206,16.4056,-200912845,0.1119
IN,CDE,2025,Op,Forecast,Sep,3456806436,1.2653,410293478,0.1416
IN,CDE,2025,Op,Forecast,Oct,1602807751,0.4637,1090390521,0.0657
IN,CDE,2025,Op,Forecast,Nov,196333272,0.1225,-945452122,0.008
IN,CDE,2025,Op,Forecast,Dec,2589910191,13.1914,-2376444844,0.1061
IN,PJ,2024,Gross,Actual,Jan,5604023406,,240580570,0.177
IN,PJ,2024,Gross,Actual,Feb,4201101734,0.7497,211932774,0.1327
IN,PJ,2024,Gross,Actual,Mar,137730655,0.0328,-197151296,0.0044
IN,PJ,2024,Gross,Actual,Apr,2183182981,15.8511,1179843683,0.069
IN,PJ,2024,Gross,Actual,May,769371465,0.3524,769062790,0.0243
IN,PJ,2024,Gross,Actual,Jun,5134151863,6.6732,1737147793,0.1622
IN,PJ,2024,Gross,Actual,Jul,3321437360,0.6469,3123312714,0.1049
IN,PJ,2024,Gross,Actual,Aug,45076590,0.0136,-4304985092,0.0014
IN,PJ,2024,Gross,Actual,Sep,2742783362,60.8472,593990225,0.0866
IN,PJ,2024,Gross,Actual,Oct,1408843500,0.5137,-417777228,0.0445
IN,PJ,2024,Gross,Actual,Nov,1289529218,0.9153,2359421,0.0407
IN,PJ,2024,Gross,Actual,Dec,4818532803,3.7367,2043010045,0.1522
IN,PJ,2024,Gross,Budget,Jan,5363442836,,0,0.2011
IN,PJ,2024,Gross,Budget,Feb,3989168960,0.7438,0,0.1496
IN,PJ,2024,Gross,Budget,Mar,334881951,0.0839,0,0.0126
IN,PJ,2024,Gross,Budget,Apr,1003339298,2.9961,0,0.0376
IN,PJ,2024,Gross,Budget,May,308675,0.0003,0,0.0
IN,PJ,2024,Gross,Budget,Jun,3397004070,11005.1156,0,0.1274
IN,PJ,2024,Gross,Budget,Jul,198124646,0.0583,0,0.0074
IN,PJ,2024,Gross,Budget,Aug,4350061682,21.9562,0,0.1631
IN,PJ,2024,Gross,Budget,Sep,2148793137,0.494,0,0.0806
IN,PJ,2024,Gross,Budget,Oct,1826620728,0.8501,0,0.0685
IN,PJ,2024,Gross,Budget,Nov,1287169797,0.7047,0,0.0483
IN,PJ,2024,Gross,Budget,Dec,2775522758,2.1563,0,0.1041
IN,PJ,2024,Gross,Forecast,Jan,6972950716,,1609507880,0.2148
IN,PJ,2024,Gross,Forecast,Feb,3949382781,0.5664,-39786179,0.1217
IN,PJ,2024,Gross,Forecast,Mar,651849369,0.1651,316967418,0.0201
IN,PJ,2024,Gross,Forecast,Apr,7142027293,10.9566,6138687995,0.22
IN,PJ,2024,Gross,Forecast,May,1266461064,0.1773,1266152389,0.039
IN,PJ,2024,Gross,Forecast,Jun,1061549813,0.8382,-2335454257,0.0327
IN,PJ,2024,Gross,Forecast,Jul,847455132,0.7983,649330486,0.0261
IN,PJ,2024,Gross,Forecast,Aug,1774051273,2.0934,-2576010409,0.0547
IN,PJ,2024,Gross,Forecast,Sep,1400032720,0.7892,-748760417,0.0431
IN,PJ,2024,Gross,Forecast,Oct,2341666958,1.6726,515046230,0.0721
IN,PJ,2024,Gross,Forecast,Nov,965454115,0.4123,-321715682,0.0297
IN,PJ,2024,Gross,Forecast,Dec,4088857846,4.2352,1313335088,0.126
IN,PJ,2024,Net,Actual,Jan,5291771989,,-1283337815,0.1573
IN,PJ,2024,Net,Actual,Feb,269283036,0.0509,-2052013923,0.008
IN,PJ,2024,Net,Actual,Mar,973641979,3.6157,625502083,0.0289
IN,PJ,2024,Net,Actual,Apr,7225976520,7.4216,2955281906,0.2148
IN,PJ,2024,Net,Actual,May,1288703077,0.1783,86750098,0.0383
IN,PJ,2024,Net,Actual,Jun,4218694458,3.2736,1742235005,0.1254
IN,PJ,2024,Net,Actual,Jul,3031111797,0.7185,2226044538,0.0901
IN,PJ,2024,Net,Actual,Aug,1193956589,0.3939,1018908272,0.0355
IN,PJ,2024,Net,Actual,Sep,3348062205,2.8042,605737144,0.0995
IN,PJ,2024,Net,Actual,Oct,201994480,0.0603,-285052071,0.006
IN,PJ,2024,Net,Actual,Nov,774557047,3.8345,381034986,0.023
IN,PJ,2024,Net,Actual,Dec,5817802559,7.5111,2554991820,0.173
IN,PJ,2024,Net,Budget,Jan,6575109804,,0,0.2624
IN,PJ,2024,Net,Budget,Feb,2321296959,0.353,0,0.0926
IN,PJ,2024,Net,Budget,Mar,348139896,0.15,0,0.0139
IN,PJ,2024,Net,Budget,Apr,4270694614,12.2672,0,0.1704
IN,PJ,2024,Net,Budget,May,1201952979,0.2814,0,0.048
IN,PJ,2024,Net,Budget,Jun,2476459453,2.0604,0,0.0988
IN,PJ,2024,Net,Budget,Jul,805067259,0.3251,0,0.0321
IN,PJ,2024,Net,Budget,Aug,175048317,0.2174,0,0.007
IN,PJ,2024,Net,Budget,Sep,2742325061,15.6661,0,0.1094
IN,PJ,2024,Net,Budget,Oct,487046551,0.1776,0,0.0194
IN,PJ,2024,Net,Budget,Nov,393522061,0.808,0,0.0157
IN,PJ,2024,Net,Budget,Dec,3262810739,8.2913,0,0.1302
IN,PJ,2024,Net,Forecast,Jan,4577080871,,-1998028933,0.1344
IN,PJ,2024,Net,Forecast,Feb,2371185730,0.5181,49888771,0.0696
IN,PJ,2024,Net,Forecast,Mar,305897485,0.129,-42242411,0.009
IN,PJ,2024,Net,Forecast,Apr,8631228495,28.2161,4360533881,0.2534
IN,PJ,2024,Net,Forecast,May,1008052274,0.1168,-193900705,0.0296
IN,PJ,2024,Net,Forecast,Jun,3706133058,3.6765,1229673605,0.1088
IN,PJ,2024,Net,Forecast,Jul,561688780,0.1516,-243378479,0.0165
IN,PJ,2024,Net,Forecast,Aug,4741195696,8.441,4566147379,0.1392
IN,PJ,2024,Net,Forecast,Sep,3204619684,0.6759,462294623,0.0941
IN,PJ,2024,Net,Forecast,Oct,892963519,0.2786,405916968,0.0262
IN,PJ,2024,Net,Forecast,Nov,173739833,0.1946,-219782228,0.0051
IN,PJ,2024,Net,Forecast,Dec,3891007115,22.3956,628196376,0.1142
IN,PJ,2024,Op,Actual,Jan,4343706848,,3349132857,0.1349
IN,PJ,2024,Op,Actual,Feb,2744449388,0.6318,-2404375437,0.0852
IN,PJ,2024,Op,Actual,Mar,771201626,0.281,123884410,0.0239
IN,PJ,2024,Op,Actual,Apr,7441374020,9.6491,-1513415128,0.2311
IN,PJ,2024,Op,Actual,May,630320310,0.0847,506223351,0.0196
IN,PJ,2024,Op,Actual,Jun,1101880034,1.7481,-4962453591,0.0342
IN,PJ,2024,Op,Actual,Jul,3314742908,3.0083,945751413,0.1029
IN,PJ,2024,Op,Actual,Aug,2933955560,0.8851,-1779911519,0.0911
IN,PJ,2024,Op,Actual,Sep,1551394355,0.5288,359023323,0.0482
IN,PJ,2024,Op,Actual,Oct,1599131694,1.0308,-81180467,0.0497
IN,PJ,2024,Op,Actual,Nov,366255074,0.229,-508325923,0.0114
IN,PJ,2024,Op,Actual,Dec,5402757092,14.7514,5118353248,0.1678
IN,PJ,2024,Op,Budget,Jan,994573991,,0,0.0301
IN,PJ,2024,Op,Budget,Feb,5148824825,5.1769,0,0.1558
IN,PJ,2024,Op,Budget,Mar,647317216,0.1257,0,0.0196
IN,PJ,2024,Op,Budget,Apr,8954789148,13.8337,0,0.271
IN,PJ,2024,Op,Budget,May,124096959,0.0139,0,0.0038
IN,PJ,2024,Op,Budget,Jun,6064333625,48.8677,0,0.1835
IN,PJ,2024,Op,Budget,Jul,2368991495,0.3906,0,0.0717
IN,PJ,2024,Op,Budget,Aug,4713867079,1.9898,0,0.1426
IN,PJ,2024,Op,Budget,Sep,1192371032,0.2529,0,0.0361
IN,PJ,2024,Op,Budget,Oct,1680312161,1.4092,0,0.0508
IN,PJ,2024,Op,Budget,Nov,874580997,0.5205,0,0.0265
IN,PJ,2024,Op,Budget,Dec,284403844,0.3252,0,0.0086
IN,PJ,2024,Op,Forecast,Jan,2568300239,,1573726248,0.1004
IN,PJ,2024,Op,Forecast,Feb,31275638,0.0122,-5117549187,0.0012
IN,PJ,2024,Op,Forecast,Mar,1328696758,42.4834,681379542,0.0519
IN,PJ,2024,Op,Forecast,Apr,6434513725,4.8427,-2520275423,0.2515
IN,PJ,2024,Op,Forecast,May,1503798488,0.2337,1379701529,0.0588
IN,PJ,2024,Op,Forecast,Jun,2997386860,1.9932,-3066946765,0.1172
IN,PJ,2024,Op,Forecast,Jul,3391909835,1.1316,1022918340,0.1326
IN,PJ,2024,Op,Forecast,Aug,1916325287,0.565,-2797541792,0.0749
IN,PJ,2024,Op,Forecast,Sep,952974840,0.4973,-239396192,0.0373
IN,PJ,2024,Op,Forecast,Oct,1215013050,1.275,-465299111,0.0475
IN,PJ,2024,Op,Forecast,Nov,1323577788,1.0894,448996791,0.0517
IN,PJ,2024,Op,Forecast,Dec,1918596104,1.4496,1634192260,0.075
IN,PJ,2025,Gross,Actual,Jan,4933090000,,-1262737568,0.1312
IN,PJ,2025,Gross,Actual,Feb,5293350000,1.073,5162379624,0.1408
IN,PJ,2025,Gross,Actual,Mar,858580000,0.1622,745130689,0.0228
IN,PJ,2025,Gross,Actual,Apr,6132220000,7.1423,2958008901,0.1631
IN,PJ,2025,Gross,Actual,May,1012880000,0.1652,323741837,0.0269
IN,PJ,2025,Gross,Actual,Jun,4194268700,4.1409,376342877,0.1116
IN,PJ,2025,Gross,Actual,Jul,2319300000,0.553,1021209900,0.0617
IN,PJ,2025,Gross,Actual,Aug,3904980000,1.6837,549722764,0.1039
IN,PJ,2025,Gross,Actual,Sep,2406901100,0.6164,-303028844,0.064
IN,PJ,2025,Gross,Actual,Oct,1572273000,0.6532,-587000388,0.0418
IN,PJ,2025,Gross,Actual,Nov,1034223500,0.6578,46942401,0.0275
IN,PJ,2025,Gross,Actual,Dec,3934425100,3.8042,3059985513,0.1046
IN,PJ,2025,Gross,Budget,Jan,6195827568,,0,0.2429
IN,PJ,2025,Gross,Budget,Feb,130970376,0.0211,0,0.0051
IN,PJ,2025,Gross,Budget,Mar,113449311,0.8662,0,0.0044
IN,PJ,2025,Gross,Budget,Apr,3174211099,27.9791,0,0.1245
IN,PJ,2025,Gross,Budget,May,689138163,0.2171,0,0.027
IN,PJ,2025,Gross,Budget,Jun,3817925823,5.5401,0,0.1497
IN,PJ,2025,Gross,Budget,Jul,1298090100,0.34,0,0.0509
IN,PJ,2025,Gross,Budget,Aug,3355257236,2.5848,0,0.1315
IN,PJ,2025,Gross,Budget,Sep,2709929944,0.8077,0,0.1062
IN,PJ,2025,Gross,Budget,Oct,2159273388,0.7968,0,0.0847
IN,PJ,2025,Gross,Budget,Nov,987281099,0.4572,0,0.0387
IN,PJ,2025,Gross,Budget,Dec,874439587,0.8857,0,0.0343
IN,PJ,2025,Gross,Forecast,Jan,2128170054,,-4067657514,0.066
IN,PJ,2025,Gross,Forecast,Feb,6598227488,3.1004,6467257112,0.2045
IN,PJ,2025,Gross,Forecast,Mar,661149133,0.1002,547699822,0.0205
IN,PJ,2025,Gross,Forecast,Apr,5152472914,7.7932,1978261815,0.1597
IN,PJ,2025,Gross,Forecast,May,312349652,0.0606,-376788511,0.0097
IN,PJ,2025,Gross,Forecast,Jun,3265276341,10.4539,-552649482,0.1012
IN,PJ,2025,Gross,Forecast,Jul,2507123287,0.7678,1209033187,0.0777
IN,PJ,2025,Gross,Forecast,Aug,3706815692,1.4785,351558456,0.1149
IN,PJ,2025,Gross,Forecast,Sep,2124499170,0.5731,-585430774,0.0659
IN,PJ,2025,Gross,Forecast,Oct,881409364,0.4149,-1277864024,0.0273
IN,PJ,2025,Gross,Forecast,Nov,1473397827,1.6716,486116728,0.0457
IN,PJ,2025,Gross,Forecast,Dec,3448326670,2.3404,2573887083,0.1069
IN,PJ,2025,Net,Actual,Jan,4871380000,,470949131,0.1351
IN,PJ,2025,Net,Actual,Feb,3619000000,0.7429,2339027616,0.1004
IN,PJ,2025,Net,Actual,Mar,1045170000,0.2888,702895539,0.029
IN,PJ,2025,Net,Actual,Apr,6070900000,5.8085,3651901663,0.1684
IN,PJ,2025,Net,Actual,May,1002750000,0.1652,798452161,0.0278
IN,PJ,2025,Net,Actual,Jun,4272145200,4.2604,2392897862,0.1185
IN,PJ,2025,Net,Actual,Jul,2319300000,0.5429,1205955461,0.0643
IN,PJ,2025,Net,Actual,Aug,3904980000,1.6837,3548463904,0.1083
IN,PJ,2025,Net,Actual,Sep,2406901100,0.6164,1953525682,0.0668
IN,PJ,2025,Net,Actual,Oct,1572273000,0.6532,1217416695,0.0436
IN,PJ,2025,Net,Actual,Nov,1034223500,0.6578,166408790,0.0287
IN,PJ,2025,Net,Actual,Dec,3934425100,3.8042,3576512449,0.1091
IN,PJ,2025,Net,Budget,Jan,4400430869,,0,0.3137
IN,PJ,2025,Net,Budget,Feb,1279972384,0.2909,0,0.0912
IN,PJ,2025,Net,Budget,Mar,342274461,0.2674,0,0.0244
IN,PJ,2025,Net,Budget,Apr,2418998337,7.0674,0,0.1724
IN,PJ,2025,Net,Budget,May,204297839,0.0845,0,0.0146
IN,PJ,2025,Net,Budget,Jun,1879247338,9.1986,0,0.134
IN,PJ,2025,Net,Budget,Jul,1113344539,0.5924,0,0.0794
IN,PJ,2025,Net,Budget,Aug,356516096,0.3202,0,0.0254
IN,PJ,2025,Net,Budget,Sep,453375418,1.2717,0,0.0323
IN,PJ,2025,Net,Budget,Oct,354856305,0.7827,0,0.0253
IN,PJ,2025,Net,Budget,Nov,867814710,2.4455,0,0.0619
IN,PJ,2025,Net,Budget,Dec,357912651,0.4124,0,0.0255
IN,PJ,2025,Net,Forecast,Jan,6048696502,,1648265633,0.2062
IN,PJ,2025,Net,Forecast,Feb,1807794147,0.2989,527821763,0.0616
IN,PJ,2025,Net,Forecast,Mar,123226516,0.0682,-219047945,0.0042
IN,PJ,2025,Net,Forecast,Apr,9103692772,73.8777,6684694435,0.3104
IN,PJ,2025,Net,Forecast,May,1145136107,0.1258,940838268,0.039
IN,PJ,2025,Net,Forecast,Jun,5355698712,4.6769,3476451374,0.1826
IN,PJ,2025,Net,Forecast,Jul,132827470,0.0248,-980517069,0.0045
IN,PJ,2025,Net,Forecast,Aug,12875963,0.0969,-343640133,0.0004
IN,PJ,2025,Net,Forecast,Sep,1573408690,122.1974,1120033272,0.0536
IN,PJ,2025,Net,Forecast,Oct,494767465,0.3145,139911160,0.0169
IN,PJ,2025,Net,Forecast,Nov,529114834,1.0694,-338699876,0.018
IN,PJ,2025,Net,Forecast,Dec,3001414146,5.6725,2643501495,0.1023
IN,PJ,2025,Op,Actual,Jan,4871380000,,-1079558090,0.1351
IN,PJ,2025,Op,Actual,Feb,3619000000,0.7429,-371050744,0.1004
IN,PJ,2025,Op,Actual,Mar,1045170000,0.2888,-301677585,0.029
IN,PJ,2025,Op,Actual,Apr,6070900000,5.8085,4512551248,0.1684
IN,PJ,2025,Op,Actual,May,1002750000,0.1652,-468875302,0.0278
IN,PJ,2025,Op,Actual,Jun,4272145200,4.2604,637499452,0.1185
IN,PJ,2025,Op,Actual,Jul,2319300000,0.5429,2199028300,0.0643
IN,PJ,2025,Op,Actual,Aug,3904980000,1.6837,1016127767,0.1083
IN,PJ,2025,Op,Actual,Sep,2406901100,0.6164,1279418025,0.0668
IN,PJ,2025,Op,Actual,Oct,1572273000,0.6532,710278375,0.0436
IN,PJ,2025,Op,Actual,Nov,1034223500,0.6578,69411536,0.0287
IN,PJ,2025,Op,Actual,Dec,3934425100,3.8042,1725433091,0.1091
IN,PJ,2025,Op,Budget,Jan,5950938090,,0,0.2278
IN,PJ,2025,Op,Budget,Feb,3990050744,0.6705,0,0.1527
IN,PJ,2025,Op,Budget,Mar,1346847585,0.3376,0,0.0516
IN,PJ,2025,Op,Budget,Apr,1558348752,1.157,0,0.0597
IN,PJ,2025,Op,Budget,May,1471625302,0.9443,0,0.0563
IN,PJ,2025,Op,Budget,Jun,3634645748,2.4698,0,0.1391
IN,PJ,2025,Op,Budget,Jul,120271700,0.0331,0,0.0046
IN,PJ,2025,Op,Budget,Aug,2888852233,24.0194,0,0.1106
IN,PJ,2025,Op,Budget,Sep,1127483075,0.3903,0,0.0432
IN,PJ,2025,Op,Budget,Oct,861994625,0.7645,0,0.033
IN,PJ,2025,Op,Budget,Nov,964811964,1.1193,0,0.0369
IN,PJ,2025,Op,Budget,Dec,2208992009,2.2896,0,0.0846
IN,PJ,2025,Op,Forecast,Jan,3884137914,,-2066800176,0.1387
IN,PJ,2025,Op,Forecast,Feb,2280331001,0.5871,-1709719743,0.0814
IN,PJ,2025,Op,Forecast,Mar,856437638,0.3756,-490409947,0.0306
IN,PJ,2025,Op,Forecast,Apr,1906438545,2.226,348089793,0.0681
IN,PJ,2025,Op,Forecast,May,278334637,0.146,-1193290665,0.0099
IN,PJ,2025,Op,Forecast,Jun,5099788299,18.3225,1465142551,0.1821
IN,PJ,2025,Op,Forecast,Jul,3104971513,0.6088,2984699813,0.1109
IN,PJ,2025,Op,Forecast,Aug,5298539215,1.7065,2409686982,0.1892
IN,PJ,2025,Op,Forecast,Sep,150458832,0.0284,-977024243,0.0054
IN,PJ,2025,Op,Forecast,Oct,1985432617,13.1959,1123437992,0.0709
IN,PJ,2025,Op,Forecast,Nov,299691233,0.1509,-665120731,0.0107
IN,PJ,2025,Op,Forecast,Dec,2855023622,9.5266,646031613,0.102
IT,CDE,2024,Gross,Actual,Jan,346136255,,-189218244,0.2816
IT,CDE,2024,Gross,Actual,Feb,0,0.0,0,0.0
IT,CDE,2024,Gross,Actual,Mar,23369200,,13109789,0.019
IT,CDE,2024,Gross,Actual,Apr,259302627,11.0959,241620126,0.2109
IT,CDE,2024,Gross,Actual,May,218036977,0.8409,215971770,0.1774
IT,CDE,2024,Gross,Actual,Jun,13642560,0.0626,-11580614,0.0111
IT,CDE,2024,Gross,Actual,Jul,5957004,0.4366,-3795529,0.0048
IT,CDE,2024,Gross,Actual,Aug,0,0.0,0,0.0
IT,CDE,2024,Gross,Actual,Sep,12736163,,-5092777,0.0104
IT,CDE,2024,Gross,Actual,Oct,2335179,0.1834,-606654,0.0019
IT,CDE,2024,Gross,Actual,Nov,347718254,148.9043,314056646,0.2829
IT,CDE,2024,Gross,Actual,Dec,0,0.0,0,0.0
IT,CDE,2024,Gross,Budget,Jan,535354499,,0,0.8176
IT,CDE,2024,Gross,Budget,Feb,0,0.0,0,0.0
IT,CDE,2024,Gross,Budget,Mar,10259411,,0,0.0157
IT,CDE,2024,Gross,Budget,Apr,17682501,1.7235,0,0.027
IT,CDE,2024,Gross,Budget,May,2065207,0.1168,0,0.0032
IT,CDE,2024,Gross,Budget,Jun,25223174,12.2134,0,0.0385
IT,CDE,2024,Gross,Budget,Jul,9752533,0.3866,0,0.0149
IT,CDE,2024,Gross,Budget,Aug,0,0.0,0,0.0
IT,CDE,2024,Gross,Budget,Sep,17828940,,0,0.0272
IT,CDE,2024,Gross,Budget,Oct,2941833,0.165,0,0.0045
IT,CDE,2024,Gross,Budget,Nov,33661608,11.4424,0,0.0514
IT,CDE,2024,Gross,Budget,Dec,0,0.0,0,0.0
IT,CDE,2024,Gross,Forecast,Jan,39322286,,-496032213,0.0538
IT,CDE,2024,Gross,Forecast,Feb,0,0.0,0,0.0
IT,CDE,2024,Gross,Forecast,Mar,44993470,,34734059,0.0616
IT,CDE,2024,Gross,Forecast,Apr,38087735,0.8465,20405234,0.0521
IT,CDE,2024,Gross,Forecast,May,30719930,0.8066,28654723,0.042
IT,CDE,2024,Gross,Forecast,Jun,12123161,0.3946,-13100013,0.0166
IT,CDE,2024,Gross,Forecast,Jul,13452419,1.1096,3699886,0.0184
IT,CDE,2024,Gross,Forecast,Aug,0,0.0,0,0.0
IT,CDE,2024,Gross,Forecast,Sep,16851976,,-976964,0.0231
IT,CDE,2024,Gross,Forecast,Oct,864359,0.0513,-2077474,0.0012
IT,CDE,2024,Gross,Forecast,Nov,534586010,618.4768,500924402,0.7313
IT,CDE,2024,Gross,Forecast,Dec,0,0.0,0,0.0
IT,CDE,2024,Net,Actual,Jan,561119884,,85106802,0.4457
IT,CDE,2024,Net,Actual,Feb,-662032,-0.0012,-454566,-0.0005
IT,CDE,2024,Net,Actual,Mar,27699416,-41.84,-20616842,0.022
IT,CDE,2024,Net,Actual,Apr,154893083,5.5919,132858468,0.123
IT,CDE,2024,Net,Actual,May,222613230,1.4372,190299540,0.1768
IT,CDE,2024,Net,Actual,Jun,26137174,0.1174,24757771,0.0208
IT,CDE,2024,Net,Actual,Jul,5437677,0.208,3436122,0.0043
IT,CDE,2024,Net,Actual,Aug,0,0.0,0,0.0
IT,CDE,2024,Net,Actual,Sep,4642714,,-12602218,0.0037
IT,CDE,2024,Net,Actual,Oct,-12580513,-2.7097,-6406276,-0.01
IT,CDE,2024,Net,Actual,Nov,409524976,-32.5523,-147369040,0.3253
IT,CDE,2024,Net,Actual,Dec,-139894477,-0.3416,21226132,-0.1111
IT,CDE,2024,Net,Budget,Jan,476013082,,0,0.4815
IT,CDE,2024,Net,Budget,Feb,-207466,-0.0004,0,-0.0002
IT,CDE,2024,Net,Budget,Mar,48316258,-232.8876,0,0.0489
IT,CDE,2024,Net,Budget,Apr,22034615,0.456,0,0.0223
IT,CDE,2024,Net,Budget,May,32313690,1.4665,0,0.0327
IT,CDE,2024,Net,Budget,Jun,1379403,0.0427,0,0.0014
IT,CDE,2024,Net,Budget,Jul,2001555,1.451,0,0.002
IT,CDE,2024,Net,Budget,Aug,0,0.0,0,0.0
IT,CDE,2024,Net,Budget,Sep,17244932,,0,0.0174
IT,CDE,2024,Net,Budget,Oct,-6174237,-0.358,0,-0.0062
IT,CDE,2024,Net,Budget,Nov,556894016,-90.1964,0,0.5633
IT,CDE,2024,Net,Budget,Dec,-161120609,-0.2893,0,-0.163
IT,CDE,2024,Net,Forecast,Jan,116298644,,-359714438,0.1361
IT,CDE,2024,Net,Forecast,Feb,-2080128,-0.0179,-1872662,-0.0024
IT,CDE,2024,Net,Forecast,Mar,5180636,-2.4905,-43135622,0.0061
IT,CDE,2024,Net,Forecast,Apr,417168756,80.5246,395134141,0.4884
IT,CDE,2024,Net,Forecast,May,92130,0.0002,-32221560,0.0001
IT,CDE,2024,Net,Forecast,Jun,19008176,206.3191,17628773,0.0223
IT,CDE,2024,Net,Forecast,Jul,2777069,0.1461,775514,0.0033
IT,CDE,2024,Net,Forecast,Aug,0,0.0,0,0.0
IT,CDE,2024,Net,Forecast,Sep,8818672,,-8426260,0.0103
IT,CDE,2024,Net,Forecast,Oct,-11864989,-1.3454,-5690752,-0.0139
IT,CDE,2024,Net,Forecast,Nov,302043261,-25.4567,-254850755,0.3536
IT,CDE,2024,Net,Forecast,Dec,-3230997,-0.0107,157889612,-0.0038
IT,CDE,2024,Op,Actual,Jan,433450957,,1310239,0.5505
IT,CDE,2024,Op,Actual,Feb,-2774590,-0.0064,-1272254,-0.0035
IT,CDE,2024,Op,Actual,Mar,31580874,-11.3822,2322084,0.0401
IT,CDE,2024,Op,Actual,Apr,222768342,7.0539,65219365,0.2829
IT,CDE,2024,Op,Actual,May,66115601,0.2968,-111201921,0.084
IT,CDE,2024,Op,Actual,Jun,8274692,0.1252,-4848183,0.0105
IT,CDE,2024,Op,Actual,Jul,8203218,0.9914,4390085,0.0104
IT,CDE,2024,Op,Actual,Aug,0,0.0,0,0.0
IT,CDE,2024,Op,Actual,Sep,19538439,,9233267,0.0248
IT,CDE,2024,Op,Actual,Oct,-19223606,-0.9839,-10924453,-0.0244
IT,CDE,2024,Op,Actual,Nov,148318921,-7.7155,127684712,0.1884
IT,CDE,2024,Op,Actual,Dec,-128865056,-0.8688,2208638,-0.1637
IT,CDE,2024,Op,Budget,Jan,432140718,,0,0.6145
IT,CDE,2024,Op,Budget,Feb,-1502336,-0.0035,0,-0.0021
IT,CDE,2024,Op,Budget,Mar,29258790,-19.4755,0,0.0416
IT,CDE,2024,Op,Budget,Apr,157548977,5.3847,0,0.224
IT,CDE,2024,Op,Budget,May,177317522,1.1255,0,0.2521
IT,CDE,2024,Op,Budget,Jun,13122875,0.074,0,0.0187
IT,CDE,2024,Op,Budget,Jul,3813133,0.2906,0,0.0054
IT,CDE,2024,Op,Budget,Aug,0,0.0,0,0.0
IT,CDE,2024,Op,Budget,Sep,10305172,,0,0.0147
IT,CDE,2024,Op,Budget,Oct,-8299153,-0.8053,0,-0.0118
IT,CDE,2024,Op,Budget,Nov,20634209,-2.4863,0,0.0293
IT,CDE,2024,Op,Budget,Dec,-131073694,-6.3523,0,-0.1864
IT,CDE,2024,Op,Forecast,Jan,465988318,,33847600,0.437
IT,CDE,2024,Op,Forecast,Feb,-4117757,-0.0088,-2615421,-0.0039
IT,CDE,2024,Op,Forecast,Mar,16110098,-3.9123,-13148692,0.0151
IT,CDE,2024,Op,Forecast,Apr,110439867,6.8553,-47109110,0.1036
IT,CDE,2024,Op,Forecast,May,151232566,1.3694,-26084956,0.1418
IT,CDE,2024,Op,Forecast,Jun,22172575,0.1466,9049700,0.0208
IT,CDE,2024,Op,Forecast,Jul,3058745,0.138,-754388,0.0029
IT,CDE,2024,Op,Forecast,Aug,0,0.0,0,0.0
IT,CDE,2024,Op,Forecast,Sep,6317153,,-3988019,0.0059
IT,CDE,2024,Op,Forecast,Oct,-7164354,-1.1341,1134799,-0.0067
IT,CDE,2024,Op,Forecast,Nov,440063303,-61.424,419429094,0.4127
IT,CDE,2024,Op,Forecast,Dec,-137684593,-0.3129,-6610899,-0.1291
IT,CDE,2025,Gross,Actual,Jan,426404249,,393951483,0.3971
IT,CDE,2025,Gross,Actual,Feb,0,0.0,0,0.0
IT,CDE,2025,Gross,Actual,Mar,25978439,,-22043506,0.0242
IT,CDE,2025,Gross,Actual,Apr,269057753,10.357,-41540571,0.2506
IT,CDE,2025,Gross,Actual,May,43014293,0.1599,-147062150,0.0401
IT,CDE,2025,Gross,Actual,Jun,16005849,0.3721,-12184316,0.0149
IT,CDE,2025,Gross,Actual,Jul,2552322,0.1595,-73980,0.0024
IT,CDE,2025,Gross,Actual,Aug,0,0.0,0,0.0
IT,CDE,2025,Gross,Actual,Sep,19171799,,4202948,0.0179
IT,CDE,2025,Gross,Actual,Oct,3281938,0.1712,-3049688,0.0031
IT,CDE,2025,Gross,Actual,Nov,268284118,81.7456,-285259619,0.2499
IT,CDE,2025,Gross,Actual,Dec,0,0.0,0,0.0
IT,CDE,2025,Gross,Budget,Jan,32452766,,0,0.0273
IT,CDE,2025,Gross,Budget,Feb,0,0.0,0,0.0
IT,CDE,2025,Gross,Budget,Mar,48021945,,0,0.0405
IT,CDE,2025,Gross,Budget,Apr,310598324,6.4678,0,0.2617
IT,CDE,2025,Gross,Budget,May,190076443,0.612,0,0.1602
IT,CDE,2025,Gross,Budget,Jun,28190165,0.1483,0,0.0238
IT,CDE,2025,Gross,Budget,Jul,2626302,0.0932,0,0.0022
IT,CDE,2025,Gross,Budget,Aug,0,0.0,0,0.0
IT,CDE,2025,Gross,Budget,Sep,14968851,,0,0.0126
IT,CDE,2025,Gross,Budget,Oct,6331626,0.423,0,0.0053
IT,CDE,2025,Gross,Budget,Nov,553543737,87.4252,0,0.4664
IT,CDE,2025,Gross,Budget,Dec,0,0.0,0,0.0
IT,CDE,2025,Gross,Forecast,Jan,209052628,,176599862,0.224
IT,CDE,2025,Gross,Forecast,Feb,0,0.0,0,0.0
IT,CDE,2025,Gross,Forecast,Mar,20636744,,-27385201,0.0221
IT,CDE,2025,Gross,Forecast,Apr,438182281,21.2331,127583957,0.4696
IT,CDE,2025,Gross,Forecast,May,13232847,0.0302,-176843596,0.0142
IT,CDE,2025,Gross,Forecast,Jun,10115771,0.7644,-18074394,0.0108
IT,CDE,2025,Gross,Forecast,Jul,3007042,0.2973,380740,0.0032
IT,CDE,2025,Gross,Forecast,Aug,0,0.0,0,0.0
IT,CDE,2025,Gross,Forecast,Sep,8454231,,-6514620,0.0091
IT,CDE,2025,Gross,Forecast,Oct,4323848,0.5114,-2007778,0.0046
IT,CDE,2025,Gross,Forecast,Nov,226122835,52.2967,-327420902,0.2423
IT,CDE,2025,Gross,Forecast,Dec,0,0.0,0,0.0
IT,CDE,2025,Net,Actual,Jan,514990150,,8883338,0.6012
IT,CDE,2025,Net,Actual,Feb,-1927282,-0.0037,3141030,-0.0022
IT,CDE,2025,Net,Actual,Mar,28262041,-14.6642,9220967,0.033
IT,CDE,2025,Net,Actual,Apr,199315520,7.0524,-21733846,0.2327
IT,CDE,2025,Net,Actual,May,162373545,0.8147,35083204,0.1896
IT,CDE,2025,Net,Actual,Jun,14140722,0.0871,-120811,0.0165
IT,CDE,2025,Net,Actual,Jul,8067069,0.5705,2009051,0.0094
IT,CDE,2025,Net,Actual,Aug,0,0.0,0,0.0
IT,CDE,2025,Net,Actual,Sep,2646534,,-9146943,0.0031
IT,CDE,2025,Net,Actual,Oct,-19059597,-7.2017,-8563601,-0.0223
IT,CDE,2025,Net,Actual,Nov,87677630,-4.6002,-11329606,0.1024
IT,CDE,2025,Net,Actual,Dec,-139894337,-1.5956,-135493090,-0.1633
IT,CDE,2025,Net,Budget,Jan,506106812,,0,0.514
IT,CDE,2025,Net,Budget,Feb,-5068312,-0.01,0,-0.0051
IT,CDE,2025,Net,Budget,Mar,19041074,-3.7569,0,0.0193
IT,CDE,2025,Net,Budget,Apr,221049366,11.6091,0,0.2245
IT,CDE,2025,Net,Budget,May,127290341,0.5758,0,0.1293
IT,CDE,2025,Net,Budget,Jun,14261533,0.112,0,0.0145
IT,CDE,2025,Net,Budget,Jul,6058018,0.4248,0,0.0062
IT,CDE,2025,Net,Budget,Aug,0,0.0,0,0.0
IT,CDE,2025,Net,Budget,Sep,11793477,,0,0.012
IT,CDE,2025,Net,Budget,Oct,-10495996,-0.89,0,-0.0107
IT,CDE,2025,Net,Budget,Nov,99007236,-9.4329,0,0.1006
IT,CDE,2025,Net,Budget,Dec,-4401247,-0.0445,0,-0.0045
IT,CDE,2025,Net,Forecast,Jan,332373686,,-173733126,0.4744
IT,CDE,2025,Net,Forecast,Feb,-2353244,-0.0071,2715068,-0.0034
IT,CDE,2025,Net,Forecast,Mar,6136535,-2.6077,-12904539,0.0088
IT,CDE,2025,Net,Forecast,Apr,245320023,39.977,24270657,0.3502
IT,CDE,2025,Net,Forecast,May,67975521,0.2771,-59314820,0.097
IT,CDE,2025,Net,Forecast,Jun,5190357,0.0764,-9071176,0.0074
IT,CDE,2025,Net,Forecast,Jul,38498,0.0074,-6019520,0.0001
IT,CDE,2025,Net,Forecast,Aug,0,0.0,0,0.0
IT,CDE,2025,Net,Forecast,Sep,14660524,,2867047,0.0209
IT,CDE,2025,Net,Forecast,Oct,-2524362,-0.1722,7971634,-0.0036
IT,CDE,2025,Net,Forecast,Nov,155085065,-61.4354,56077829,0.2214
IT,CDE,2025,Net,Forecast,Dec,-121333954,-0.7824,-116932707,-0.1732
IT,CDE,2025,Op,Actual,Jan,192466386,,125624067,0.2219
IT,CDE,2025,Op,Actual,Feb,-4794795,-0.0249,-2186334,-0.0055
IT,CDE,2025,Op,Actual,Mar,10532,-0.0022,-29111583,0.0
IT,CDE,2025,Op,Actual,Apr,86202591,8184.8263,-141546984,0.0994
IT,CDE,2025,Op,Actual,May,207229121,2.404,191879651,0.239
IT,CDE,2025,Op,Actual,Jun,6663667,0.0322,-20985943,0.0077
IT,CDE,2025,Op,Actual,Jul,5484603,0.8231,-1000936,0.0063
IT,CDE,2025,Op,Actual,Aug,0,0.0,0,0.0
IT,CDE,2025,Op,Actual,Sep,8946247,,7428206,0.0103
IT,CDE,2025,Op,Actual,Oct,-7437729,-0.8314,13435725,-0.0086
IT,CDE,2025,Op,Actual,Nov,386638168,-51.9834,27493613,0.4459
IT,CDE,2025,Op,Actual,Dec,-14224166,-0.0368,60158014,-0.0164
IT,CDE,2025,Op,Budget,Jan,66842319,,0,0.1051
IT,CDE,2025,Op,Budget,Feb,-2608461,-0.039,0,-0.0041
IT,CDE,2025,Op,Budget,Mar,29122115,-11.1645,0,0.0458
IT,CDE,2025,Op,Budget,Apr,227749575,7.8205,0,0.3581
IT,CDE,2025,Op,Budget,May,15349470,0.0674,0,0.0241
IT,CDE,2025,Op,Budget,Jun,27649610,1.8013,0,0.0435
IT,CDE,2025,Op,Budget,Jul,6485539,0.2346,0,0.0102
IT,CDE,2025,Op,Budget,Aug,0,0.0,0,0.0
IT,CDE,2025,Op,Budget,Sep,1518041,,0,0.0024
IT,CDE,2025,Op,Budget,Oct,-20873454,-13.7503,0,-0.0328
IT,CDE,2025,Op,Budget,Nov,359144555,-17.2058,0,0.5647
IT,CDE,2025,Op,Budget,Dec,-74382180,-0.2071,0,-0.117
IT,CDE,2025,Op,Forecast,Jan,311585678,,244743359,0.3583
IT,CDE,2025,Op,Forecast,Feb,-3207870,-0.0103,-599409,-0.0037
IT,CDE,2025,Op,Forecast,Mar,35823002,-11.1672,6700887,0.0412
IT,CDE,2025,Op,Forecast,Apr,303887525,8.483,76137950,0.3495
IT,CDE,2025,Op,Forecast,May,43459219,0.143,28109749,0.05
IT,CDE,2025,Op,Forecast,Jun,11622342,0.2674,-16027268,0.0134
IT,CDE,2025,Op,Forecast,Jul,8353543,0.7187,1868004,0.0096
IT,CDE,2025,Op,Forecast,Aug,0,0.0,0,0.0
IT,CDE,2025,Op,Forecast,Sep,9019191,,7501150,0.0104
IT,CDE,2025,Op,Forecast,Oct,-278696,-0.0309,20594758,-0.0003
IT,CDE,2025,Op,Forecast,Nov,226489658,-812.6764,-132654897,0.2605
IT,CDE,2025,Op,Forecast,Dec,-77182034,-0.3408,-2799854,-0.0888
IT,PJ,2024,Gross,Actual,Jan,580636293,,161660228,0.4014
IT,PJ,2024,Gross,Actual,Feb,0,0.0,0,0.0
IT,PJ,2024,Gross,Actual,Mar,10978667,,-25302322,0.0076
IT,PJ,2024,Gross,Actual,Apr,238893067,21.7598,180426494,0.1651
IT,PJ,2024,Gross,Actual,May,153817474,0.6439,100201813,0.1063
IT,PJ,2024,Gross,Actual,Jun,23518314,0.1529,-4371835,0.0163
IT,PJ,2024,Gross,Actual,Jul,7030745,0.2989,-810477,0.0049
IT,PJ,2024,Gross,Actual,Aug,0,0.0,0,0.0
IT,PJ,2024,Gross,Actual,Sep,17396647,,-2635619,0.012
IT,PJ,2024,Gross,Actual,Oct,3060856,0.1759,-3337764,0.0021
IT,PJ,2024,Gross,Actual,Nov,411233764,134.3525,-85654366,0.2843
IT,PJ,2024,Gross,Actual,Dec,0,0.0,0,0.0
IT,PJ,2024,Gross,Budget,Jan,418976065,,0,0.372
IT,PJ,2024,Gross,Budget,Feb,0,0.0,0,0.0
IT,PJ,2024,Gross,Budget,Mar,36280989,,0,0.0322
IT,PJ,2024,Gross,Budget,Apr,58466573,1.6115,0,0.0519
IT,PJ,2024,Gross,Budget,May,53615661,0.917,0,0.0476
IT,PJ,2024,Gross,Budget,Jun,27890149,0.5202,0,0.0248
IT,PJ,2024,Gross,Budget,Jul,7841222,0.2811,0,0.007
IT,PJ,2024,Gross,Budget,Aug,0,0.0,0,0.0
IT,PJ,2024,Gross,Budget,Sep,20032266,,0,0.0178
IT,PJ,2024,Gross,Budget,Oct,6398620,0.3194,0,0.0057
IT,PJ,2024,Gross,Budget,Nov,496888130,77.6555,0,0.4411
IT,PJ,2024,Gross,Budget,Dec,0,0.0,0,0.0
IT,PJ,2024,Gross,Forecast,Jan,105437145,,-313538920,0.1864
IT,PJ,2024,Gross,Forecast,Feb,0,0.0,0,0.0
IT,PJ,2024,Gross,Forecast,Mar,10840381,,-25440608,0.0192
IT,PJ,2024,Gross,Forecast,Apr,53135740,4.9016,-5330833,0.0939
IT,PJ,2024,Gross,Forecast,May,40883174,0.7694,-12732487,0.0723
IT,PJ,2024,Gross,Forecast,Jun,23533623,0.5756,-4356526,0.0416
IT,PJ,2024,Gross,Forecast,Jul,12631839,0.5368,4790617,0.0223
IT,PJ,2024,Gross,Forecast,Aug,0,0.0,0,0.0
IT,PJ,2024,Gross,Forecast,Sep,1568331,,-18463935,0.0028
IT,PJ,2024,Gross,Forecast,Oct,5300711,3.3798,-1097909,0.0094
IT,PJ,2024,Gross,Forecast,Nov,312451307,58.9452,-184436823,0.5522
IT,PJ,2024,Gross,Forecast,Dec,0,0.0,0,0.0
IT,PJ,2024,Net,Actual,Jan,52369517,,-456700162,0.1162
IT,PJ,2024,Net,Actual,Feb,-312250,-0.006,1402749,-0.0007
IT,PJ,2024,Net,Actual,Mar,32514452,-104.1296,-5620917,0.0721
IT,PJ,2024,Net,Actual,Apr,206294498,6.3447,-91490504,0.4578
IT,PJ,2024,Net,Actual,May,118554369,0.5747,-56067117,0.2631
IT,PJ,2024,Net,Actual,Jun,17463056,0.1473,3356962,0.0387
IT,PJ,2024,Net,Actual,Jul,7287263,0.4173,1080007,0.0162
IT,PJ,2024,Net,Actual,Aug,0,0.0,0,0.0
IT,PJ,2024,Net,Actual,Sep,2804708,,-5347156,0.0062
IT,PJ,2024,Net,Actual,Oct,-22273926,-7.9416,-13712446,-0.0494
IT,PJ,2024,Net,Actual,Nov,185247702,-8.3168,14280409,0.4111
IT,PJ,2024,Net,Actual,Dec,-149287615,-0.8059,-25987010,-0.3313
IT,PJ,2024,Net,Budget,Jan,509069679,,0,0.469
IT,PJ,2024,Net,Budget,Feb,-1714999,-0.0034,0,-0.0016
IT,PJ,2024,Net,Budget,Mar,38135369,-22.2364,0,0.0351
IT,PJ,2024,Net,Budget,Apr,297785002,7.8086,0,0.2743
IT,PJ,2024,Net,Budget,May,174621486,0.5864,0,0.1609
IT,PJ,2024,Net,Budget,Jun,14106094,0.0808,0,0.013
IT,PJ,2024,Net,Budget,Jul,6207256,0.44,0,0.0057
IT,PJ,2024,Net,Budget,Aug,0,0.0,0,0.0
IT,PJ,2024,Net,Budget,Sep,8151864,,0,0.0075
IT,PJ,2024,Net,Budget,Oct,-8561480,-1.0502,0,-0.0079
IT,PJ,2024,Net,Budget,Nov,170967293,-19.9694,0,0.1575
IT,PJ,2024,Net,Budget,Dec,-123300605,-0.7212,0,-0.1136
IT,PJ,2024,Net,Forecast,Jan,192274991,,-316794688,0.1818
IT,PJ,2024,Net,Forecast,Feb,-1252195,-0.0065,462804,-0.0012
IT,PJ,2024,Net,Forecast,Mar,19459907,-15.5406,-18675462,0.0184
IT,PJ,2024,Net,Forecast,Apr,456141947,23.4401,158356945,0.4313
IT,PJ,2024,Net,Forecast,May,154811579,0.3394,-19809907,0.1464
IT,PJ,2024,Net,Forecast,Jun,19091855,0.1233,4985761,0.0181
IT,PJ,2024,Net,Forecast,Jul,5695790,0.2983,-511466,0.0054
IT,PJ,2024,Net,Forecast,Aug,0,0.0,0,0.0
IT,PJ,2024,Net,Forecast,Sep,3232731,,-4919133,0.0031
IT,PJ,2024,Net,Forecast,Oct,-16223661,-5.0186,-7662181,-0.0153
IT,PJ,2024,Net,Forecast,Nov,385339086,-23.7517,214371793,0.3644
IT,PJ,2024,Net,Forecast,Dec,-161043811,-0.4179,-37743206,-0.1523
IT,PJ,2024,Op,Actual,Jan,493691810,,76081882,0.3398
IT,PJ,2024,Op,Actual,Feb,-3272030,-0.0066,968301,-0.0023
IT,PJ,2024,Op,Actual,Mar,6607228,-2.0193,565158,0.0045
IT,PJ,2024,Op,Actual,Apr,295148421,44.6705,-92025291,0.2031
IT,PJ,2024,Op,Actual,May,161914458,0.5486,125503180,0.1114
IT,PJ,2024,Op,Actual,Jun,23019296,0.1422,3655274,0.0158
IT,PJ,2024,Op,Actual,Jul,6566831,0.2853,4841783,0.0045
IT,PJ,2024,Op,Actual,Aug,0,0.0,0,0.0
IT,PJ,2024,Op,Actual,Sep,14532000,,235563,0.01
IT,PJ,2024,Op,Actual,Oct,-12430331,-0.8554,12595267,-0.0086
IT,PJ,2024,Op,Actual,Nov,511938790,-41.1846,40562596,0.3523
IT,PJ,2024,Op,Actual,Dec,-44658735,-0.0872,95814845,-0.0307
IT,PJ,2024,Op,Budget,Jan,417609928,,0,0.3526
IT,PJ,2024,Op,Budget,Feb,-4240331,-0.0102,0,-0.0036
IT,PJ,2024,Op,Budget,Mar,6042070,-1.4249,0,0.0051
IT,PJ,2024,Op,Budget,Apr,387173712,64.0796,0,0.3269
IT,PJ,2024,Op,Budget,May,36411278,0.094,0,0.0307
IT,PJ,2024,Op,Budget,Jun,19364022,0.5318,0,0.0164
IT,PJ,2024,Op,Budget,Jul,1725048,0.0891,0,0.0015
IT,PJ,2024,Op,Budget,Aug,0,0.0,0,0.0
IT,PJ,2024,Op,Budget,Sep,14296437,,0,0.0121
IT,PJ,2024,Op,Budget,Oct,-25025598,-1.7505,0,-0.0211
IT,PJ,2024,Op,Budget,Nov,471376194,-18.8358,0,0.398
IT,PJ,2024,Op,Budget,Dec,-140473580,-0.298,0,-0.1186
IT,PJ,2024,Op,Forecast,Jan,25757341,,-391852587,0.0413
IT,PJ,2024,Op,Forecast,Feb,-5211580,-0.2023,-971249,-0.0084
IT,PJ,2024,Op,Forecast,Mar,5480199,-1.0515,-561871,0.0088
IT,PJ,2024,Op,Forecast,Apr,245068034,44.7188,-142105678,0.3934
IT,PJ,2024,Op,Forecast,May,91113608,0.3718,54702330,0.1462
IT,PJ,2024,Op,Forecast,Jun,15339186,0.1684,-4024836,0.0246
IT,PJ,2024,Op,Forecast,Jul,1479877,0.0965,-245171,0.0024
IT,PJ,2024,Op,Forecast,Aug,0,0.0,0,0.0
IT,PJ,2024,Op,Forecast,Sep,14660470,,364033,0.0235
IT,PJ,2024,Op,Forecast,Oct,-4213838,-0.2874,20811760,-0.0068
IT,PJ,2024,Op,Forecast,Nov,336831712,-79.9347,-134544482,0.5406
IT,PJ,2024,Op,Forecast,Dec,-103279848,-0.3066,37193732,-0.1658
IT,PJ,2025,Gross,Actual,Jan,400650000,,235304659,0.2971
IT,PJ,2025,Gross,Actual,Feb,0,0.0,0,0.0
IT,PJ,2025,Gross,Actual,Mar,38480000,,-11611037,0.0285
IT,PJ,2025,Gross,Actual,Apr,309900000,8.0535,-71681830,0.2298
IT,PJ,2025,Gross,Actual,May,154860000,0.4997,34989936,0.1148
IT,PJ,2025,Gross,Actual,Jun,21950000,0.1417,17805492,0.0163
IT,PJ,2025,Gross,Actual,Jul,9120000,0.4155,2808571,0.0068
IT,PJ,2025,Gross,Actual,Aug,0,0.0,0,0.0
IT,PJ,2025,Gross,Actual,Sep,13860000,,140590,0.0103
IT,PJ,2025,Gross,Actual,Oct,4340000,0.3131,3587045,0.0032
IT,PJ,2025,Gross,Actual,Nov,395440000,91.1152,144143940,0.2932
IT,PJ,2025,Gross,Actual,Dec,0,0.0,0,0.0
IT,PJ,2025,Gross,Budget,Jan,165345341,,0,0.1665
IT,PJ,2025,Gross,Budget,Feb,0,0.0,0,0.0
IT,PJ,2025,Gross,Budget,Mar,50091037,,0,0.0504
IT,PJ,2025,Gross,Budget,Apr,381581830,7.6178,0,0.3842
IT,PJ,2025,Gross,Budget,May,119870064,0.3141,0,0.1207
IT,PJ,2025,Gross,Budget,Jun,4144508,0.0346,0,0.0042
IT,PJ,2025,Gross,Budget,Jul,6311429,1.5228,0,0.0064
IT,PJ,2025,Gross,Budget,Aug,0,0.0,0,0.0
IT,PJ,2025,Gross,Budget,Sep,13719410,,0,0.0138
IT,PJ,2025,Gross,Budget,Oct,752955,0.0549,0,0.0008
IT,PJ,2025,Gross,Budget,Nov,251296060,333.7465,0,0.253
IT,PJ,2025,Gross,Budget,Dec,0,0.0,0,0.0
IT,PJ,2025,Gross,Forecast,Jan,517280241,,351934900,0.4698
IT,PJ,2025,Gross,Forecast,Feb,0,0.0,0,0.0
IT,PJ,2025,Gross,Forecast,Mar,11818725,,-38272312,0.0107
IT,PJ,2025,Gross,Forecast,Apr,399861839,33.8329,18280009,0.3631
IT,PJ,2025,Gross,Forecast,May,61697311,0.1543,-58172753,0.056
IT,PJ,2025,Gross,Forecast,Jun,18187435,0.2948,14042927,0.0165
IT,PJ,2025,Gross,Forecast,Jul,1899144,0.1044,-4412285,0.0017
IT,PJ,2025,Gross,Forecast,Aug,0,0.0,0,0.0
IT,PJ,2025,Gross,Forecast,Sep,14869277,,1149867,0.0135
IT,PJ,2025,Gross,Forecast,Oct,2083188,0.1401,1330233,0.0019
IT,PJ,2025,Gross,Forecast,Nov,73463601,35.265,-177832459,0.0667
IT,PJ,2025,Gross,Forecast,Dec,0,0.0,0,0.0
IT,PJ,2025,Net,Actual,Jan,397790000,,249145215,0.3334
IT,PJ,2025,Net,Actual,Feb,-3500000,-0.0088,1214503,-0.0029
IT,PJ,2025,Net,Actual,Mar,36030000,-10.2943,27072704,0.0302
IT,PJ,2025,Net,Actual,Apr,304750000,8.4582,-71963555,0.2554
IT,PJ,2025,Net,Actual,May,152520000,0.5005,116454880,0.1278
IT,PJ,2025,Net,Actual,Jun,19530000,0.128,15874702,0.0164
IT,PJ,2025,Net,Actual,Jul,5920000,0.3031,1170451,0.005
IT,PJ,2025,Net,Actual,Aug,0,0.0,0,0.0
IT,PJ,2025,Net,Actual,Sep,13860000,,8618562,0.0116
IT,PJ,2025,Net,Actual,Oct,-16880000,-1.2179,-8450998,-0.0141
IT,PJ,2025,Net,Actual,Nov,395120000,-23.4076,206286075,0.3312
IT,PJ,2025,Net,Actual,Dec,-112120000,-0.2838,2815124,-0.094
IT,PJ,2025,Net,Budget,Jan,148644785,,0,0.2305
IT,PJ,2025,Net,Budget,Feb,-4714503,-0.0317,0,-0.0073
IT,PJ,2025,Net,Budget,Mar,8957296,-1.8999,0,0.0139
IT,PJ,2025,Net,Budget,Apr,376713555,42.0566,0,0.5842
IT,PJ,2025,Net,Budget,May,36065120,0.0957,0,0.0559
IT,PJ,2025,Net,Budget,Jun,3655298,0.1014,0,0.0057
IT,PJ,2025,Net,Budget,Jul,4749549,1.2994,0,0.0074
IT,PJ,2025,Net,Budget,Aug,0,0.0,0,0.0
IT,PJ,2025,Net,Budget,Sep,5241438,,0,0.0081
IT,PJ,2025,Net,Budget,Oct,-8429002,-1.6081,0,-0.0131
IT,PJ,2025,Net,Budget,Nov,188833925,-22.4029,0,0.2929
IT,PJ,2025,Net,Budget,Dec,-114935124,-0.6087,0,-0.1783
IT,PJ,2025,Net,Forecast,Jan,330565860,,181921075,0.272
IT,PJ,2025,Net,Forecast,Feb,-3737033,-0.0113,977470,-0.0031
IT,PJ,2025,Net,Forecast,Mar,37990764,-10.166,29033468,0.0313
IT,PJ,2025,Net,Forecast,Apr,447899234,11.7897,71185679,0.3685
IT,PJ,2025,Net,Forecast,May,37113113,0.0829,1047993,0.0305
IT,PJ,2025,Net,Forecast,Jun,6805059,0.1834,3149761,0.0056
IT,PJ,2025,Net,Forecast,Jul,6181034,0.9083,1431485,0.0051
IT,PJ,2025,Net,Forecast,Aug,0,0.0,0,0.0
IT,PJ,2025,Net,Forecast,Sep,11362320,,6120882,0.0093
IT,PJ,2025,Net,Forecast,Oct,-9319644,-0.8202,-890642,-0.0077
IT,PJ,2025,Net,Forecast,Nov,397315044,-42.632,208481119,0.3269
IT,PJ,2025,Net,Forecast,Dec,-46742359,-0.1176,68192765,-0.0385
IT,PJ,2025,Op,Actual,Jan,397790000,,-160820448,0.3334
IT,PJ,2025,Op,Actual,Feb,-3500000,-0.0088,-2978227,-0.0029
IT,PJ,2025,Op,Actual,Mar,36030000,-10.2943,-7801429,0.0302
IT,PJ,2025,Op,Actual,Apr,304750000,8.4582,11768130,0.2554
IT,PJ,2025,Op,Actual,May,152520000,0.5005,23432549,0.1278
IT,PJ,2025,Op,Actual,Jun,19530000,0.128,-9637978,0.0164
IT,PJ,2025,Op,Actual,Jul,5920000,0.3031,813318,0.005
IT,PJ,2025,Op,Actual,Aug,0,0.0,0,0.0
IT,PJ,2025,Op,Actual,Sep,13860000,,-1464154,0.0116
IT,PJ,2025,Op,Actual,Oct,-16880000,-1.2179,-11339645,-0.0141
IT,PJ,2025,Op,Actual,Nov,395120000,-23.4076,280738907,0.3312
IT,PJ,2025,Op,Actual,Dec,-112120000,-0.2838,-81657224,-0.094
IT,PJ,2025,Op,Budget,Jan,558610448,,0,0.4849
IT,PJ,2025,Op,Budget,Feb,-521773,-0.0009,0,-0.0005
IT,PJ,2025,Op,Budget,Mar,43831429,-84.0048,0,0.038
IT,PJ,2025,Op,Budget,Apr,292981870,6.6843,0,0.2543
IT,PJ,2025,Op,Budget,May,129087451,0.4406,0,0.1121
IT,PJ,2025,Op,Budget,Jun,29167978,0.226,0,0.0253
IT,PJ,2025,Op,Budget,Jul,5106682,0.1751,0,0.0044
IT,PJ,2025,Op,Budget,Aug,0,0.0,0,0.0
IT,PJ,2025,Op,Budget,Sep,15324154,,0,0.0133
IT,PJ,2025,Op,Budget,Oct,-5540355,-0.3615,0,-0.0048
IT,PJ,2025,Op,Budget,Nov,114381093,-20.6451,0,0.0993
IT,PJ,2025,Op,Budget,Dec,-30462776,-0.2663,0,-0.0264
IT,PJ,2025,Op,Forecast,Jan,527223046,,-31387402,0.5285
IT,PJ,2025,Op,Forecast,Feb,-1402507,-0.0027,-880734,-0.0014
IT,PJ,2025,Op,Forecast,Mar,30501717,-21.748,-13329712,0.0306
IT,PJ,2025,Op,Forecast,Apr,391527681,12.8363,98545811,0.3925
IT,PJ,2025,Op,Forecast,May,5641558,0.0144,-123445893,0.0057
IT,PJ,2025,Op,Forecast,Jun,27721984,4.9139,-1445994,0.0278
IT,PJ,2025,Op,Forecast,Jul,5867851,0.2117,761169,0.0059
IT,PJ,2025,Op,Forecast,Aug,0,0.0,0,0.0
IT,PJ,2025,Op,Forecast,Sep,1486299,,-13837855,0.0015
IT,PJ,2025,Op,Forecast,Oct,-13688565,-9.2098,-8148210,-0.0137
IT,PJ,2025,Op,Forecast,Nov,145252155,-10.6112,30871062,0.1456
IT,PJ,2025,Op,Forecast,Dec,-122482356,-0.8432,-92019580,-0.1228
JP,CDE,2024,Gross,Actual,Jan,70330652,,-208691547,0.0101
JP,CDE,2024,Gross,Actual,Feb,851605775,12.1086,-196827691,0.1225
JP,CDE,2024,Gross,Actual,Mar,1427919562,1.6767,479780517,0.2054
JP,CDE,2024,Gross,Actual,Apr,227910152,0.1596,-511706020,0.0328
JP,CDE,2024,Gross,Actual,May,964386853,4.2314,1323431,0.1387
JP,CDE,2024,Gross,Actual,Jun,745778997,0.7733,378793839,0.1073
JP,CDE,2024,Gross,Actual,Jul,38226765,0.0513,-334628424,0.0055
JP,CDE,2024,Gross,Actual,Aug,470477703,12.3075,-305137838,0.0677
JP,CDE,2024,Gross,Actual,Sep,1011058677,2.149,358612179,0.1455
JP,CDE,2024,Gross,Actual,Oct,244855401,0.2422,-31991817,0.0352
JP,CDE,2024,Gross,Actual,Nov,382487466,1.5621,369870103,0.055
JP,CDE,2024,Gross,Actual,Dec,516121596,1.3494,331018684,0.0742
JP,CDE,2024,Gross,Budget,Jan,279022199,,0,0.0421
JP,CDE,2024,Gross,Budget,Feb,1048433466,3.7575,0,0.1584
JP,CDE,2024,Gross,Budget,Mar,948139045,0.9043,0,0.1432
JP,CDE,2024,Gross,Budget,Apr,739616172,0.7801,0,0.1117
JP,CDE,2024,Gross,Budget,May,963063422,1.3021,0,0.1455
JP,CDE,2024,Gross,Budget,Jun,366985158,0.3811,0,0.0554
JP,CDE,2024,Gross,Budget,Jul,372855189,1.016,0,0.0563
JP,CDE,2024,Gross,Budget,Aug,775615541,2.0802,0,0.1171
JP,CDE,2024,Gross,Budget,Sep,652446498,0.8412,0,0.0985
JP,CDE,2024,Gross,Budget,Oct,276847218,0.4243,0,0.0418
JP,CDE,2024,Gross,Budget,Nov,12617363,0.0456,0,0.0019
JP,CDE,2024,Gross,Budget,Dec,185102912,14.6705,0,0.028
JP,CDE,2024,Gross,Forecast,Jan,370449083,,91426884,0.0558
JP,CDE,2024,Gross,Forecast,Feb,446143522,1.2043,-602289944,0.0672
JP,CDE,2024,Gross,Forecast,Mar,910542328,2.0409,-37596717,0.1371
JP,CDE,2024,Gross,Forecast,Apr,260777572,0.2864,-478838600,0.0393
JP,CDE,2024,Gross,Forecast,May,490330069,1.8803,-472733353,0.0738
JP,CDE,2024,Gross,Forecast,Jun,1101025455,2.2455,734040297,0.1657
JP,CDE,2024,Gross,Forecast,Jul,620517451,0.5636,247662262,0.0934
JP,CDE,2024,Gross,Forecast,Aug,102331693,0.1649,-673283848,0.0154
JP,CDE,2024,Gross,Forecast,Sep,721780453,7.0533,69333955,0.1086
JP,CDE,2024,Gross,Forecast,Oct,757360881,1.0493,480513663,0.114
JP,CDE,2024,Gross,Forecast,Nov,634145045,0.8373,621527682,0.0955
JP,CDE,2024,Gross,Forecast,Dec,227785564,0.3592,42682652,0.0343
JP,CDE,2024,Net,Actual,Jan,537988805,,-210615824,0.1005
JP,CDE,2024,Net,Actual,Feb,607611071,1.1294,476594124,0.1135
JP,CDE,2024,Net,Actual,Mar,185446242,0.3052,-52861211,0.0346
JP,CDE,2024,Net,Actual,Apr,284012945,1.5315,-292560183,0.053
JP,CDE,2024,Net,Actual,May,294329847,1.0363,-549252326,0.055
JP,CDE,2024,Net,Actual,Jun,329023359,1.1179,-175095814,0.0614
JP,CDE,2024,Net,Actual,Jul,719846168,2.1878,380476575,0.1344
JP,CDE,2024,Net,Actual,Aug,406116204,0.5642,-100750768,0.0758
JP,CDE,2024,Net,Actual,Sep,666012179,1.64,314620176,0.1244
JP,CDE,2024,Net,Actual,Oct,719498380,1.0803,471093563,0.1344
JP,CDE,2024,Net,Actual,Nov,14724306,0.0205,-246769709,0.0027
JP,CDE,2024,Net,Actual,Dec,590550308,40.1072,-1510484,0.1103
JP,CDE,2024,Net,Budget,Jan,748604629,,0,0.1401
JP,CDE,2024,Net,Budget,Feb,131016947,0.175,0,0.0245
JP,CDE,2024,Net,Budget,Mar,238307453,1.8189,0,0.0446
JP,CDE,2024,Net,Budget,Apr,576573128,2.4195,0,0.1079
JP,CDE,2024,Net,Budget,May,843582173,1.4631,0,0.1579
JP,CDE,2024,Net,Budget,Jun,504119173,0.5976,0,0.0944
JP,CDE,2024,Net,Budget,Jul,339369593,0.6732,0,0.0635
JP,CDE,2024,Net,Budget,Aug,506866972,1.4936,0,0.0949
JP,CDE,2024,Net,Budget,Sep,351392003,0.6933,0,0.0658
JP,CDE,2024,Net,Budget,Oct,248404817,0.7069,0,0.0465
JP,CDE,2024,Net,Budget,Nov,261494015,1.0527,0,0.049
JP,CDE,2024,Net,Budget,Dec,592060792,2.2641,0,0.1108
JP,CDE,2024,Net,Forecast,Jan,10532115,,-738072514,0.0018
JP,CDE,2024,Net,Forecast,Feb,504640216,47.9144,373623269,0.0849
JP,CDE,2024,Net,Forecast,Mar,694163386,1.3756,455855933,0.1168
JP,CDE,2024,Net,Forecast,Apr,827268270,1.1917,250695142,0.1392
JP,CDE,2024,Net,Forecast,May,519101394,0.6275,-324480779,0.0874
JP,CDE,2024,Net,Forecast,Jun,907730876,1.7487,403611703,0.1528
JP,CDE,2024,Net,Forecast,Jul,174101566,0.1918,-165268027,0.0293
JP,CDE,2024,Net,Forecast,Aug,742174801,4.2629,235307829,0.1249
JP,CDE,2024,Net,Forecast,Sep,612675998,0.8255,261283995,0.1031
JP,CDE,2024,Net,Forecast,Oct,1520727,0.0025,-246884090,0.0003
JP,CDE,2024,Net,Forecast,Nov,470018086,309.0746,208524071,0.0791
JP,CDE,2024,Net,Forecast,Dec,477486142,1.0159,-114574650,0.0804
JP,CDE,2024,Op,Actual,Jan,779132374,,671968239,0.1271
JP,CDE,2024,Op,Actual,Feb,676090923,0.8677,583551589,0.1103
JP,CDE,2024,Op,Actual,Mar,163651434,0.2421,-1117190002,0.0267
JP,CDE,2024,Op,Actual,Apr,614925589,3.7575,323533742,0.1003
JP,CDE,2024,Op,Actual,May,384282994,0.6249,193811456,0.0627
JP,CDE,2024,Op,Actual,Jun,689168538,1.7934,236232502,0.1124
JP,CDE,2024,Op,Actual,Jul,454622556,0.6597,433502234,0.0741
JP,CDE,2024,Op,Actual,Aug,677060383,1.4893,322705567,0.1104
JP,CDE,2024,Op,Actual,Sep,332466978,0.491,-100966029,0.0542
JP,CDE,2024,Op,Actual,Oct,756914015,2.2767,493750880,0.1234
JP,CDE,2024,Op,Actual,Nov,427651292,0.565,220736110,0.0697
JP,CDE,2024,Op,Actual,Dec,175693964,0.4108,79163116,0.0287
JP,CDE,2024,Op,Budget,Jan,107164135,,0,0.0283
JP,CDE,2024,Op,Budget,Feb,92539334,0.8635,0,0.0244
JP,CDE,2024,Op,Budget,Mar,1280841436,13.841,0,0.3379
JP,CDE,2024,Op,Budget,Apr,291391847,0.2275,0,0.0769
JP,CDE,2024,Op,Budget,May,190471538,0.6537,0,0.0502
JP,CDE,2024,Op,Budget,Jun,452936036,2.378,0,0.1195
JP,CDE,2024,Op,Budget,Jul,21120322,0.0466,0,0.0056
JP,CDE,2024,Op,Budget,Aug,354354816,16.7779,0,0.0935
JP,CDE,2024,Op,Budget,Sep,433433007,1.2232,0,0.1143
JP,CDE,2024,Op,Budget,Oct,263163135,0.6072,0,0.0694
JP,CDE,2024,Op,Budget,Nov,206915182,0.7863,0,0.0546
JP,CDE,2024,Op,Budget,Dec,96530848,0.4665,0,0.0255
JP,CDE,2024,Op,Forecast,Jan,572848193,,465684058,0.0852
JP,CDE,2024,Op,Forecast,Feb,407196695,0.7108,314657361,0.0606
JP,CDE,2024,Op,Forecast,Mar,876199098,2.1518,-404642338,0.1304
JP,CDE,2024,Op,Forecast,Apr,532036840,0.6072,240644993,0.0792
JP,CDE,2024,Op,Forecast,May,724677604,1.3621,534206066,0.1078
JP,CDE,2024,Op,Forecast,Jun,1036205945,1.4299,583269909,0.1542
JP,CDE,2024,Op,Forecast,Jul,130030844,0.1255,108910522,0.0193
JP,CDE,2024,Op,Forecast,Aug,258073730,1.9847,-96281086,0.0384
JP,CDE,2024,Op,Forecast,Sep,661262334,2.5623,227829327,0.0984
JP,CDE,2024,Op,Forecast,Oct,493724560,0.7466,230561425,0.0735
JP,CDE,2024,Op,Forecast,Nov,46638722,0.0945,-160276460,0.0069
JP,CDE,2024,Op,Forecast,Dec,982061077,21.0568,885530229,0.1461
JP,CDE,2025,Gross,Actual,Jan,478104330,,-228751571,0.0862
JP,CDE,2025,Gross,Actual,Feb,743511614,1.5551,443585533,0.134
JP,CDE,2025,Gross,Actual,Mar,943945860,1.2696,-380081493,0.1701
JP,CDE,2025,Gross,Actual,Apr,266662556,0.2825,-417201033,0.0481
JP,CDE,2025,Gross,Actual,May,323755505,1.2141,-264671790,0.0583
JP,CDE,2025,Gross,Actual,Jun,464517022,1.4348,-355516604,0.0837
JP,CDE,2025,Gross,Actual,Jul,437114780,0.941,-414646408,0.0788
JP,CDE,2025,Gross,Actual,Aug,19637607,0.0449,-472746424,0.0035
JP,CDE,2025,Gross,Actual,Sep,596056554,30.3528,-166699277,0.1074
JP,CDE,2025,Gross,Actual,Oct,459076083,0.7702,408358017,0.0827
JP,CDE,2025,Gross,Actual,Nov,89832289,0.1957,-205417832,0.0162
JP,CDE,2025,Gross,Actual,Dec,726499158,8.0873,505936695,0.1309
JP,CDE,2025,Gross,Budget,Jan,706855901,,0,0.0996
JP,CDE,2025,Gross,Budget,Feb,299926081,0.4243,0,0.0423
JP,CDE,2025,Gross,Budget,Mar,1324027353,4.4145,0,0.1866
JP,CDE,2025,Gross,Budget,Apr,683863589,0.5165,0,0.0964
JP,CDE,2025,Gross,Budget,May,588427295,0.8604,0,0.0829
JP,CDE,2025,Gross,Budget,Jun,820033626,1.3936,0,0.1156
JP,CDE,2025,Gross,Budget,Jul,851761188,1.0387,0,0.12
JP,CDE,2025,Gross,Budget,Aug,492384031,0.5781,0,0.0694
JP,CDE,2025,Gross,Budget,Sep,762755831,1.5491,0,0.1075
JP,CDE,2025,Gross,Budget,Oct,50718066,0.0665,0,0.0071
JP,CDE,2025,Gross,Budget,Nov,295250121,5.8214,0,0.0416
JP,CDE,2025,Gross,Budget,Dec,220562463,0.747,0,0.0311
JP,CDE,2025,Gross,Forecast,Jan,604390334,,-102465567,0.094
JP,CDE,2025,Gross,Forecast,Feb,382959649,0.6336,83033568,0.0595
JP,CDE,2025,Gross,Forecast,Mar,801451663,2.0928,-522575690,0.1246
JP,CDE,2025,Gross,Forecast,Apr,346397970,0.4322,-337465619,0.0539
JP,CDE,2025,Gross,Forecast,May,601027640,1.7351,12600345,0.0934
JP,CDE,2025,Gross,Forecast,Jun,1070607566,1.7813,250573940,0.1664
JP,CDE,2025,Gross,Forecast,Jul,521837538,0.4874,-329923650,0.0811
JP,CDE,2025,Gross,Forecast,Aug,437705332,0.8388,-54678699,0.0681
JP,CDE,2025,Gross,Forecast,Sep,785425319,1.7944,22669488,0.1221
JP,CDE,2025,Gross,Forecast,Oct,759246914,0.9667,708528848,0.118
JP,CDE,2025,Gross,Forecast,Nov,17913410,0.0236,-277336711,0.0028
JP,CDE,2025,Gross,Forecast,Dec,103119129,5.7565,-117443334,0.016
JP,CDE,2025,Net,Actual,Jan,632251949,,-2520156,0.0831
JP,CDE,2025,Net,Actual,Feb,416281123,0.6584,-806662972,0.0547
JP,CDE,2025,Net,Actual,Mar,1283802824,3.084,616640159,0.1687
JP,CDE,2025,Net,Actual,Apr,844127675,0.6575,-15157683,0.1109
JP,CDE,2025,Net,Actual,May,666484180,0.7896,343958685,0.0876
JP,CDE,2025,Net,Actual,Jun,981549516,1.4727,-16931693,0.129
JP,CDE,2025,Net,Actual,Jul,14493537,0.0148,-94986884,0.0019
JP,CDE,2025,Net,Actual,Aug,327097151,22.5685,-200239077,0.043
JP,CDE,2025,Net,Actual,Sep,483156216,1.4771,-405507852,0.0635
JP,CDE,2025,Net,Actual,Oct,681678373,1.4109,311610939,0.0896
JP,CDE,2025,Net,Actual,Nov,559867743,0.8213,112555314,0.0736
JP,CDE,2025,Net,Actual,Dec,718720980,1.2837,482161944,0.0945
JP,CDE,2025,Net,Budget,Jan,634772105,,0,0.0871
JP,CDE,2025,Net,Budget,Feb,1222944095,1.9266,0,0.1679
JP,CDE,2025,Net,Budget,Mar,667162665,0.5455,0,0.0916
JP,CDE,2025,Net,Budget,Apr,859285358,1.288,0,0.118
JP,CDE,2025,Net,Budget,May,322525495,0.3753,0,0.0443
JP,CDE,2025,Net,Budget,Jun,998481209,3.0958,0,0.1371
JP,CDE,2025,Net,Budget,Jul,109480421,0.1096,0,0.015
JP,CDE,2025,Net,Budget,Aug,527336228,4.8167,0,0.0724
JP,CDE,2025,Net,Budget,Sep,888664068,1.6852,0,0.122
JP,CDE,2025,Net,Budget,Oct,370067434,0.4164,0,0.0508
JP,CDE,2025,Net,Budget,Nov,447312429,1.2087,0,0.0614
JP,CDE,2025,Net,Budget,Dec,236559036,0.5288,0,0.0325
JP,CDE,2025,Net,Forecast,Jan,912762507,,277990402,0.1322
JP,CDE,2025,Net,Forecast,Feb,1197143908,1.3116,-25800187,0.1734
JP,CDE,2025,Net,Forecast,Mar,1206218215,1.0076,539055550,0.1748
JP,CDE,2025,Net,Forecast,Apr,674462116,0.5592,-184823242,0.0977
JP,CDE,2025,Net,Forecast,May,404077167,0.5991,81551672,0.0585
JP,CDE,2025,Net,Forecast,Jun,170071862,0.4209,-828409347,0.0246
JP,CDE,2025,Net,Forecast,Jul,410304264,2.4125,300823843,0.0594
JP,CDE,2025,Net,Forecast,Aug,398388811,0.971,-128947417,0.0577
JP,CDE,2025,Net,Forecast,Sep,2087646,0.0052,-886576422,0.0003
JP,CDE,2025,Net,Forecast,Oct,50442358,24.1623,-319625076,0.0073
JP,CDE,2025,Net,Forecast,Nov,297477701,5.8974,-149834728,0.0431
JP,CDE,2025,Net,Forecast,Dec,1178814621,3.9627,942255585,0.1708
JP,CDE,2025,Op,Actual,Jan,6156805,,-158628937,0.0015
JP,CDE,2025,Op,Actual,Feb,752539945,122.229,46477687,0.1801
JP,CDE,2025,Op,Actual,Mar,187499796,0.2492,-652325502,0.0449
JP,CDE,2025,Op,Actual,Apr,815149456,4.3475,724678628,0.1951
JP,CDE,2025,Op,Actual,May,162116411,0.1989,-37482935,0.0388
JP,CDE,2025,Op,Actual,Jun,266758174,1.6455,-351113784,0.0638
JP,CDE,2025,Op,Actual,Jul,311190758,1.1666,-544803642,0.0745
JP,CDE,2025,Op,Actual,Aug,55107458,0.1771,-532656996,0.0132
JP,CDE,2025,Op,Actual,Sep,668546478,12.1317,-308021467,0.16
JP,CDE,2025,Op,Actual,Oct,4943780,0.0074,-295479818,0.0012
JP,CDE,2025,Op,Actual,Nov,20673791,4.1818,-547318080,0.0049
JP,CDE,2025,Op,Actual,Dec,927731565,44.8748,795759677,0.222
JP,CDE,2025,Op,Budget,Jan,164785742,,0,0.0273
JP,CDE,2025,Op,Budget,Feb,706062258,4.2847,0,0.1169
JP,CDE,2025,Op,Budget,Mar,839825298,1.1894,0,0.1391
JP,CDE,2025,Op,Budget,Apr,90470828,0.1077,0,0.015
JP,CDE,2025,Op,Budget,May,199599346,2.2062,0,0.033
JP,CDE,2025,Op,Budget,Jun,617871958,3.0956,0,0.1023
JP,CDE,2025,Op,Budget,Jul,855994400,1.3854,0,0.1417
JP,CDE,2025,Op,Budget,Aug,587764454,0.6866,0,0.0973
JP,CDE,2025,Op,Budget,Sep,976567945,1.6615,0,0.1617
JP,CDE,2025,Op,Budget,Oct,300423598,0.3076,0,0.0497
JP,CDE,2025,Op,Budget,Nov,567991871,1.8906,0,0.094
JP,CDE,2025,Op,Budget,Dec,131971888,0.2323,0,0.0219
JP,CDE,2025,Op,Forecast,Jan,614298415,,449512673,0.0873
JP,CDE,2025,Op,Forecast,Feb,1048571966,1.7069,342509708,0.149
JP,CDE,2025,Op,Forecast,Mar,1095414627,1.0447,255589329,0.1557
JP,CDE,2025,Op,Forecast,Apr,521848096,0.4764,431377268,0.0742
JP,CDE,2025,Op,Forecast,May,285778769,0.5476,86179423,0.0406
JP,CDE,2025,Op,Forecast,Jun,603655118,2.1123,-14216840,0.0858
JP,CDE,2025,Op,Forecast,Jul,203284919,0.3368,-652709481,0.0289
JP,CDE,2025,Op,Forecast,Aug,778065394,3.8275,190300940,0.1106
JP,CDE,2025,Op,Forecast,Sep,630534459,0.8104,-346033486,0.0896
JP,CDE,2025,Op,Forecast,Oct,741478091,1.176,441054493,0.1054
JP,CDE,2025,Op,Forecast,Nov,425924487,0.5744,-142067384,0.0605
JP,CDE,2025,Op,Forecast,Dec,86761931,0.2037,-45209957,0.0123
JP,PJ,2024,Gross,Actual,Jan,341213227,,-205396161,0.0574
JP,PJ,2024,Gross,Actual,Feb,1210434814,3.5474,686656252,0.2036
JP,PJ,2024,Gross,Actual,Mar,809164632,0.6685,713674674,0.1361
JP,PJ,2024,Gross,Actual,Apr,627693736,0.7757,38253832,0.1056
JP,PJ,2024,Gross,Actual,May,427709645,0.6814,382790222,0.0719
JP,PJ,2024,Gross,Actual,Jun,34218191,0.08,-918073750,0.0058
JP,PJ,2024,Gross,Actual,Jul,925509167,27.0473,848887879,0.1556
JP,PJ,2024,Gross,Actual,Aug,201585764,0.2178,-428220660,0.0339
JP,PJ,2024,Gross,Actual,Sep,417859205,2.0729,-309129918,0.0703
JP,PJ,2024,Gross,Actual,Oct,394308918,0.9436,-315469880,0.0663
JP,PJ,2024,Gross,Actual,Nov,161995797,0.4108,87676019,0.0272
JP,PJ,2024,Gross,Actual,Dec,394921615,2.4379,121309693,0.0664
JP,PJ,2024,Gross,Budget,Jan,546609388,,0,0.1042
JP,PJ,2024,Gross,Budget,Feb,523778562,0.9582,0,0.0999
JP,PJ,2024,Gross,Budget,Mar,95489958,0.1823,0,0.0182
JP,PJ,2024,Gross,Budget,Apr,589439904,6.1728,0,0.1124
JP,PJ,2024,Gross,Budget,May,44919423,0.0762,0,0.0086
JP,PJ,2024,Gross,Budget,Jun,952291941,21.2,0,0.1816
JP,PJ,2024,Gross,Budget,Jul,76621288,0.0805,0,0.0146
JP,PJ,2024,Gross,Budget,Aug,629806424,8.2197,0,0.1201
JP,PJ,2024,Gross,Budget,Sep,726989123,1.1543,0,0.1386
JP,PJ,2024,Gross,Budget,Oct,709778798,0.9763,0,0.1354
JP,PJ,2024,Gross,Budget,Nov,74319778,0.1047,0,0.0142
JP,PJ,2024,Gross,Budget,Dec,273611922,3.6815,0,0.0522
JP,PJ,2024,Gross,Forecast,Jan,382287094,,-164322294,0.0581
JP,PJ,2024,Gross,Forecast,Feb,140073552,0.3664,-383705010,0.0213
JP,PJ,2024,Gross,Forecast,Mar,1038035476,7.4106,942545518,0.1579
JP,PJ,2024,Gross,Forecast,Apr,199135064,0.1918,-390304840,0.0303
JP,PJ,2024,Gross,Forecast,May,953261955,4.787,908342532,0.145
JP,PJ,2024,Gross,Forecast,Jun,1247177744,1.3083,294885803,0.1897
JP,PJ,2024,Gross,Forecast,Jul,585946085,0.4698,509324797,0.0891
JP,PJ,2024,Gross,Forecast,Aug,191460238,0.3268,-438346186,0.0291
JP,PJ,2024,Gross,Forecast,Sep,145348925,0.7592,-581640198,0.0221
JP,PJ,2024,Gross,Forecast,Oct,181150218,1.2463,-528628580,0.0276
JP,PJ,2024,Gross,Forecast,Nov,414351216,2.2873,340031438,0.063
JP,PJ,2024,Gross,Forecast,Dec,1096411623,2.6461,822799701,0.1668
JP,PJ,2024,Net,Actual,Jan,654408714,,581628358,0.1464
JP,PJ,2024,Net,Actual,Feb,881088558,1.3464,642517320,0.1972
JP,PJ,2024,Net,Actual,Mar,638493262,0.7247,132893696,0.1429
JP,PJ,2024,Net,Actual,Apr,105727198,0.1656,-85966294,0.0237
JP,PJ,2024,Net,Actual,May,640009402,6.0534,118770686,0.1432
JP,PJ,2024,Net,Actual,Jun,71637315,0.1119,-23370766,0.016
JP,PJ,2024,Net,Actual,Jul,405062830,5.6544,-446499582,0.0906
JP,PJ,2024,Net,Actual,Aug,247919014,0.6121,-18043983,0.0555
JP,PJ,2024,Net,Actual,Sep,503636666,2.0315,361179552,0.1127
JP,PJ,2024,Net,Actual,Oct,99116779,0.1968,-640008866,0.0222
JP,PJ,2024,Net,Actual,Nov,185757075,1.8741,-421276289,0.0416
JP,PJ,2024,Net,Actual,Dec,35875311,0.1931,-211120468,0.008
JP,PJ,2024,Net,Budget,Jan,72780356,,0,0.0163
JP,PJ,2024,Net,Budget,Feb,238571238,3.278,0,0.0533
JP,PJ,2024,Net,Budget,Mar,505599566,2.1193,0,0.1129
JP,PJ,2024,Net,Budget,Apr,191693492,0.3791,0,0.0428
JP,PJ,2024,Net,Budget,May,521238716,2.7191,0,0.1164
JP,PJ,2024,Net,Budget,Jun,95008081,0.1823,0,0.0212
JP,PJ,2024,Net,Budget,Jul,851562412,8.9631,0,0.1902
JP,PJ,2024,Net,Budget,Aug,265962997,0.3123,0,0.0594
JP,PJ,2024,Net,Budget,Sep,142457114,0.5356,0,0.0318
JP,PJ,2024,Net,Budget,Oct,739125645,5.1884,0,0.1651
JP,PJ,2024,Net,Budget,Nov,607033364,0.8213,0,0.1356
JP,PJ,2024,Net,Budget,Dec,246995779,0.4069,0,0.0552
JP,PJ,2024,Net,Forecast,Jan,761009604,,688229248,0.1384
JP,PJ,2024,Net,Forecast,Feb,134924140,0.1773,-103647098,0.0245
JP,PJ,2024,Net,Forecast,Mar,344315816,2.5519,-161283750,0.0626
JP,PJ,2024,Net,Forecast,Apr,240533943,0.6986,48840451,0.0437
JP,PJ,2024,Net,Forecast,May,183902849,0.7646,-337335867,0.0334
JP,PJ,2024,Net,Forecast,Jun,863484241,4.6953,768476160,0.1571
JP,PJ,2024,Net,Forecast,Jul,988591731,1.1449,137029319,0.1798
JP,PJ,2024,Net,Forecast,Aug,451256180,0.4565,185293183,0.0821
JP,PJ,2024,Net,Forecast,Sep,351135064,0.7781,208677950,0.0639
JP,PJ,2024,Net,Forecast,Oct,672327961,1.9147,-66797684,0.1223
JP,PJ,2024,Net,Forecast,Nov,350597562,0.5215,-256435802,0.0638
JP,PJ,2024,Net,Forecast,Dec,156053483,0.4451,-90942296,0.0284
JP,PJ,2024,Op,Actual,Jan,433871395,,-305035636,0.0686
JP,PJ,2024,Op,Actual,Feb,696077735,1.6043,-527491384,0.11
JP,PJ,2024,Op,Actual,Mar,1328883974,1.9091,442785188,0.2101
JP,PJ,2024,Op,Actual,Apr,749544281,0.564,670234187,0.1185
JP,PJ,2024,Op,Actual,May,22986568,0.0307,-474372898,0.0036
JP,PJ,2024,Op,Actual,Jun,80601368,3.5065,-733218223,0.0127
JP,PJ,2024,Op,Actual,Jul,237684123,2.9489,230355645,0.0376
JP,PJ,2024,Op,Actual,Aug,466219569,1.9615,116675269,0.0737
JP,PJ,2024,Op,Actual,Sep,920607230,1.9746,666253234,0.1455
JP,PJ,2024,Op,Actual,Oct,479037609,0.5203,298097074,0.0757
JP,PJ,2024,Op,Actual,Nov,308236295,0.6434,37405119,0.0487
JP,PJ,2024,Op,Actual,Dec,601917715,1.9528,-225476487,0.0952
JP,PJ,2024,Op,Budget,Jan,738907031,,0,0.1206
JP,PJ,2024,Op,Budget,Feb,1223569119,1.6559,0,0.1996
JP,PJ,2024,Op,Budget,Mar,886098786,0.7242,0,0.1446
JP,PJ,2024,Op,Budget,Apr,79310094,0.0895,0,0.0129
JP,PJ,2024,Op,Budget,May,497359466,6.2711,0,0.0811
JP,PJ,2024,Op,Budget,Jun,813819591,1.6363,0,0.1328
JP,PJ,2024,Op,Budget,Jul,7328478,0.009,0,0.0012
JP,PJ,2024,Op,Budget,Aug,349544300,47.6967,0,0.057
JP,PJ,2024,Op,Budget,Sep,254353996,0.7277,0,0.0415
JP,PJ,2024,Op,Budget,Oct,180940535,0.7114,0,0.0295
JP,PJ,2024,Op,Budget,Nov,270831176,1.4968,0,0.0442
JP,PJ,2024,Op,Budget,Dec,827394202,3.055,0,0.135
JP,PJ,2024,Op,Forecast,Jan,714606264,,-24300767,0.1109
JP,PJ,2024,Op,Forecast,Feb,511462166,0.7157,-712106953,0.0794
JP,PJ,2024,Op,Forecast,Mar,610937126,1.1945,-275161660,0.0948
JP,PJ,2024,Op,Forecast,Apr,166689556,0.2728,87379462,0.0259
JP,PJ,2024,Op,Forecast,May,387767056,2.3263,-109592410,0.0602
JP,PJ,2024,Op,Forecast,Jun,732317450,1.8885,-81502141,0.1136
JP,PJ,2024,Op,Forecast,Jul,230767413,0.3151,223438935,0.0358
JP,PJ,2024,Op,Forecast,Aug,135017053,0.5851,-214527247,0.021
JP,PJ,2024,Op,Forecast,Sep,499813516,3.7019,245459520,0.0776
JP,PJ,2024,Op,Forecast,Oct,718065427,1.4367,537124892,0.1114
JP,PJ,2024,Op,Forecast,Nov,607103573,0.8455,336272397,0.0942
JP,PJ,2024,Op,Forecast,Dec,1129697252,1.8608,302303050,0.1753
JP,PJ,2025,Gross,Actual,Jan,687320000,,-4912887,0.0804
JP,PJ,2025,Gross,Actual,Feb,856470000,1.2461,165268399,0.1002
JP,PJ,2025,Gross,Actual,Mar,960330000,1.1213,918164985,0.1124
JP,PJ,2025,Gross,Actual,Apr,635560000,0.6618,551370665,0.0744
JP,PJ,2025,Gross,Actual,May,646990000,1.018,130070528,0.0757
JP,PJ,2025,Gross,Actual,Jun,891320000,1.3776,812007684,0.1043
JP,PJ,2025,Gross,Actual,Jul,768150000,0.8618,547569649,0.0899
JP,PJ,2025,Gross,Actual,Aug,566560000,0.7376,388847792,0.0663
JP,PJ,2025,Gross,Actual,Sep,689678300,1.2173,-179438866,0.0807
JP,PJ,2025,Gross,Actual,Oct,558163200,0.8093,-7448579,0.0653
JP,PJ,2025,Gross,Actual,Nov,433030000,0.7758,361344142,0.0507
JP,PJ,2025,Gross,Actual,Dec,853020500,1.9699,605760579,0.0998
JP,PJ,2025,Gross,Budget,Jan,692232887,,0,0.1626
JP,PJ,2025,Gross,Budget,Feb,691201601,0.9985,0,0.1623
JP,PJ,2025,Gross,Budget,Mar,42165015,0.061,0,0.0099
JP,PJ,2025,Gross,Budget,Apr,84189335,1.9967,0,0.0198
JP,PJ,2025,Gross,Budget,May,516919472,6.14,0,0.1214
JP,PJ,2025,Gross,Budget,Jun,79312316,0.1534,0,0.0186
JP,PJ,2025,Gross,Budget,Jul,220580351,2.7812,0,0.0518
JP,PJ,2025,Gross,Budget,Aug,177712208,0.8057,0,0.0417
JP,PJ,2025,Gross,Budget,Sep,869117166,4.8906,0,0.2041
JP,PJ,2025,Gross,Budget,Oct,565611779,0.6508,0,0.1328
JP,PJ,2025,Gross,Budget,Nov,71685858,0.1267,0,0.0168
JP,PJ,2025,Gross,Budget,Dec,247259921,3.4492,0,0.0581
JP,PJ,2025,Gross,Forecast,Jan,624674916,,-67557971,0.0853
JP,PJ,2025,Gross,Forecast,Feb,1046513454,1.6753,355311853,0.1428
JP,PJ,2025,Gross,Forecast,Mar,1024863345,0.9793,982698330,0.1399
JP,PJ,2025,Gross,Forecast,Apr,489165421,0.4773,404976086,0.0668
JP,PJ,2025,Gross,Forecast,May,538219457,1.1003,21299985,0.0735
JP,PJ,2025,Gross,Forecast,Jun,459386351,0.8535,380074035,0.0627
JP,PJ,2025,Gross,Forecast,Jul,914951042,1.9917,694370691,0.1249
JP,PJ,2025,Gross,Forecast,Aug,436224413,0.4768,258512205,0.0595
JP,PJ,2025,Gross,Forecast,Sep,889199146,2.0384,20081980,0.1214
JP,PJ,2025,Gross,Forecast,Oct,693970502,0.7804,128358723,0.0947
JP,PJ,2025,Gross,Forecast,Nov,99868476,0.1439,28182618,0.0136
JP,PJ,2025,Gross,Forecast,Dec,109395678,1.0954,-137864243,0.0149
JP,PJ,2025,Net,Actual,Jan,608540000,,248536631,0.0765
JP,PJ,2025,Net,Actual,Feb,819980000,1.3475,48687594,0.1031
JP,PJ,2025,Net,Actual,Mar,895100000,1.0916,-434032683,0.1125
JP,PJ,2025,Net,Actual,Apr,573010000,0.6402,-267674518,0.072
JP,PJ,2025,Net,Actual,May,601010000,1.0489,477621341,0.0755
JP,PJ,2025,Net,Actual,Jun,802500600,1.3353,-288259186,0.1009
JP,PJ,2025,Net,Actual,Jul,704790000,0.8782,477783857,0.0886
JP,PJ,2025,Net,Actual,Aug,523790000,0.7432,-209671023,0.0658
JP,PJ,2025,Net,Actual,Sep,655536300,1.2515,44803554,0.0824
JP,PJ,2025,Net,Actual,Oct,523895200,0.7992,381305780,0.0658
JP,PJ,2025,Net,Actual,Nov,417507500,0.7969,62330408,0.0525
JP,PJ,2025,Net,Actual,Dec,830685700,1.9896,241036874,0.1044
JP,PJ,2025,Net,Budget,Jan,360003369,,0,0.0502
JP,PJ,2025,Net,Budget,Feb,771292406,2.1425,0,0.1075
JP,PJ,2025,Net,Budget,Mar,1329132683,1.7233,0,0.1853
JP,PJ,2025,Net,Budget,Apr,840684518,0.6325,0,0.1172
JP,PJ,2025,Net,Budget,May,123388659,0.1468,0,0.0172
JP,PJ,2025,Net,Budget,Jun,1090759786,8.84,0,0.152
JP,PJ,2025,Net,Budget,Jul,227006143,0.2081,0,0.0316
JP,PJ,2025,Net,Budget,Aug,733461023,3.231,0,0.1022
JP,PJ,2025,Net,Budget,Sep,610732746,0.8327,0,0.0851
JP,PJ,2025,Net,Budget,Oct,142589420,0.2335,0,0.0199
JP,PJ,2025,Net,Budget,Nov,355177092,2.4909,0,0.0495
JP,PJ,2025,Net,Budget,Dec,589648826,1.6602,0,0.0822
JP,PJ,2025,Net,Forecast,Jan,542461090,,182457721,0.0834
JP,PJ,2025,Net,Forecast,Feb,1066218013,1.9655,294925607,0.1639
JP,PJ,2025,Net,Forecast,Mar,1323538775,1.2413,-5593908,0.2034
JP,PJ,2025,Net,Forecast,Apr,526857678,0.3981,-313826840,0.081
JP,PJ,2025,Net,Forecast,May,561538195,1.0658,438149536,0.0863
JP,PJ,2025,Net,Forecast,Jun,1044807995,1.8606,-45951791,0.1606
JP,PJ,2025,Net,Forecast,Jul,890722974,0.8525,663716831,0.1369
JP,PJ,2025,Net,Forecast,Aug,79533902,0.0893,-653927121,0.0122
JP,PJ,2025,Net,Forecast,Sep,171192652,2.1524,-439540094,0.0263
JP,PJ,2025,Net,Forecast,Oct,29465030,0.1721,-113124390,0.0045
JP,PJ,2025,Net,Forecast,Nov,167380984,5.6807,-187796108,0.0257
JP,PJ,2025,Net,Forecast,Dec,103416155,0.6178,-486232671,0.0159
JP,PJ,2025,Op,Actual,Jan,608540000,,-143040806,0.0765
JP,PJ,2025,Op,Actual,Feb,819980000,1.3475,380460442,0.1031
JP,PJ,2025,Op,Actual,Mar,895100000,1.0916,826138055,0.1125
JP,PJ,2025,Op,Actual,Apr,573010000,0.6402,130608234,0.072
JP,PJ,2025,Op,Actual,May,601010000,1.0489,352683637,0.0755
JP,PJ,2025,Op,Actual,Jun,802500600,1.3353,194695155,0.1009
JP,PJ,2025,Op,Actual,Jul,704790000,0.8782,-269827040,0.0886
JP,PJ,2025,Op,Actual,Aug,523790000,0.7432,-125721950,0.0658
JP,PJ,2025,Op,Actual,Sep,655536300,1.2515,-122317797,0.0824
JP,PJ,2025,Op,Actual,Oct,523895200,0.7992,-136539866,0.0658
JP,PJ,2025,Op,Actual,Nov,417507500,0.7969,173639174,0.0525
JP,PJ,2025,Op,Actual,Dec,830685700,1.9896,-268841405,0.1044
JP,PJ,2025,Op,Budget,Jan,751580806,,0,0.1079
JP,PJ,2025,Op,Budget,Feb,439519558,0.5848,0,0.0631
JP,PJ,2025,Op,Budget,Mar,68961945,0.1569,0,0.0099
JP,PJ,2025,Op,Budget,Apr,442401766,6.4152,0,0.0635
JP,PJ,2025,Op,Budget,May,248326363,0.5613,0,0.0357
JP,PJ,2025,Op,Budget,Jun,607805445,2.4476,0,0.0873
JP,PJ,2025,Op,Budget,Jul,974617040,1.6035,0,0.1399
JP,PJ,2025,Op,Budget,Aug,649511950,0.6664,0,0.0933
JP,PJ,2025,Op,Budget,Sep,777854097,1.1976,0,0.1117
JP,PJ,2025,Op,Budget,Oct,660435066,0.849,0,0.0948
JP,PJ,2025,Op,Budget,Nov,243868326,0.3693,0,0.035
JP,PJ,2025,Op,Budget,Dec,1099527105,4.5087,0,0.1579
JP,PJ,2025,Op,Forecast,Jan,675297988,,-76282818,0.1071
JP,PJ,2025,Op,Forecast,Feb,111159506,0.1646,-328360052,0.0176
JP,PJ,2025,Op,Forecast,Mar,515860584,4.6407,446898639,0.0818
JP,PJ,2025,Op,Forecast,Apr,725291687,1.406,282889921,0.115
JP,PJ,2025,Op,Forecast,May,345700649,0.4766,97374286,0.0548
JP,PJ,2025,Op,Forecast,Jun,1106430089,3.2005,498624644,0.1755
JP,PJ,2025,Op,Forecast,Jul,230191349,0.208,-744425691,0.0365
JP,PJ,2025,Op,Forecast,Aug,516399939,2.2434,-133112011,0.0819
JP,PJ,2025,Op,Forecast,Sep,319197494,0.6181,-458656603,0.0506
JP,PJ,2025,Op,Forecast,Oct,269088510,0.843,-391346556,0.0427
JP,PJ,2025,Op,Forecast,Nov,594480741,2.2092,350612415,0.0943
JP,PJ,2025,Op,Forecast,Dec,896321714,1.5077,-203205391,0.1422
KR,CDE,2024,Gross,Actual,Jan,643030231,,-1673867437,0.0167
KR,CDE,2024,Gross,Actual,Feb,3706939578,5.7648,-1949740936,0.0964
KR,CDE,2024,Gross,Actual,Mar,181469464,0.049,-5557019625,0.0047
KR,CDE,2024,Gross,Actual,Apr,4709044776,25.9495,4375860318,0.1225
KR,CDE,2024,Gross,Actual,May,2500579029,0.531,-2237586226,0.065
KR,CDE,2024,Gross,Actual,Jun,7217892991,2.8865,6423801629,0.1877
KR,CDE,2024,Gross,Actual,Jul,1864787400,0.2584,-2565236953,0.0485
KR,CDE,2024,Gross,Actual,Aug,955369563,0.5123,-1039263230,0.0248
KR,CDE,2024,Gross,Actual,Sep,966414216,1.0116,-3498520322,0.0251
KR,CDE,2024,Gross,Actual,Oct,2871497240,2.9713,2097774642,0.0747
KR,CDE,2024,Gross,Actual,Nov,3542329205,1.2336,-3212327115,0.0921
KR,CDE,2024,Gross,Actual,Dec,9293295811,2.6235,339149724,0.2417
KR,CDE,2024,Gross,Budget,Jan,2316897668,,0,0.0493
KR,CDE,2024,Gross,Budget,Feb,5656680514,2.4415,0,0.1205
KR,CDE,2024,Gross,Budget,Mar,5738489089,1.0145,0,0.1222
KR,CDE,2024,Gross,Budget,Apr,333184458,0.0581,0,0.0071
KR,CDE,2024,Gross,Budget,May,4738165255,14.2208,0,0.1009
KR,CDE,2024,Gross,Budget,Jun,794091362,0.1676,0,0.0169
KR,CDE,2024,Gross,Budget,Jul,4430024353,5.5787,0,0.0944
KR,CDE,2024,Gross,Budget,Aug,1994632793,0.4503,0,0.0425
KR,CDE,2024,Gross,Budget,Sep,4464934538,2.2385,0,0.0951
KR,CDE,2024,Gross,Budget,Oct,773722598,0.1733,0,0.0165
KR,CDE,2024,Gross,Budget,Nov,6754656320,8.7301,0,0.1439
KR,CDE,2024,Gross,Budget,Dec,8954146087,1.3256,0,0.1907
KR,CDE,2024,Gross,Forecast,Jan,749520606,,-1567377062,0.0267
KR,CDE,2024,Gross,Forecast,Feb,2632245885,3.5119,-3024434629,0.0937
KR,CDE,2024,Gross,Forecast,Mar,449766751,0.1709,-5288722338,0.016
KR,CDE,2024,Gross,Forecast,Apr,4792477063,10.6555,4459292605,0.1706
KR,CDE,2024,Gross,Forecast,May,4714762041,0.9838,-23403214,0.1678
KR,CDE,2024,Gross,Forecast,Jun,440040968,0.0933,-354050394,0.0157
KR,CDE,2024,Gross,Forecast,Jul,3492479860,7.9367,-937544493,0.1243
KR,CDE,2024,Gross,Forecast,Aug,929700283,0.2662,-1064932510,0.0331
KR,CDE,2024,Gross,Forecast,Sep,1739088848,1.8706,-2725845690,0.0619
KR,CDE,2024,Gross,Forecast,Oct,1253796776,0.721,480074178,0.0446
KR,CDE,2024,Gross,Forecast,Nov,4766752272,3.8019,-1987904048,0.1697
KR,CDE,2024,Gross,Forecast,Dec,2134114187,0.4477,-6820031900,0.076
KR,CDE,2024,Net,Actual,Jan,3519848844,,2427446242,0.0694
KR,CDE,2024,Net,Actual,Feb,5363603160,1.5238,3535028466,0.1058
KR,CDE,2024,Net,Actual,Mar,6499469453,1.2118,-889656428,0.1282
KR,CDE,2024,Net,Actual,Apr,3476337120,0.5349,2759632748,0.0685
KR,CDE,2024,Net,Actual,May,4183386112,1.2034,70065361,0.0825
KR,CDE,2024,Net,Actual,Jun,8144216677,1.9468,1680789324,0.1606
KR,CDE,2024,Net,Actual,Jul,2256416324,0.2771,-2055750829,0.0445
KR,CDE,2024,Net,Actual,Aug,2407068551,1.0668,374717993,0.0475
KR,CDE,2024,Net,Actual,Sep,2779242658,1.1546,-198598230,0.0548
KR,CDE,2024,Net,Actual,Oct,653605217,0.2352,-1839481467,0.0129
KR,CDE,2024,Net,Actual,Nov,4446878716,6.8036,1843894562,0.0877
KR,CDE,2024,Net,Actual,Dec,6985701167,1.5709,5883998395,0.1377
KR,CDE,2024,Net,Budget,Jan,1092402602,,0,0.0294
KR,CDE,2024,Net,Budget,Feb,1828574694,1.6739,0,0.0493
KR,CDE,2024,Net,Budget,Mar,7389125881,4.0409,0,0.199
KR,CDE,2024,Net,Budget,Apr,716704372,0.097,0,0.0193
KR,CDE,2024,Net,Budget,May,4113320751,5.7392,0,0.1108
KR,CDE,2024,Net,Budget,Jun,6463427353,1.5713,0,0.1741
KR,CDE,2024,Net,Budget,Jul,4312167153,0.6672,0,0.1162
KR,CDE,2024,Net,Budget,Aug,2032350558,0.4713,0,0.0547
KR,CDE,2024,Net,Budget,Sep,2977840888,1.4652,0,0.0802
KR,CDE,2024,Net,Budget,Oct,2493086684,0.8372,0,0.0672
KR,CDE,2024,Net,Budget,Nov,2602984154,1.0441,0,0.0701
KR,CDE,2024,Net,Budget,Dec,1101702772,0.4232,0,0.0297
KR,CDE,2024,Net,Forecast,Jan,160928711,,-931473891,0.0041
KR,CDE,2024,Net,Forecast,Feb,4975285933,30.9161,3146711239,0.1262
KR,CDE,2024,Net,Forecast,Mar,7971950046,1.6023,582824165,0.2023
KR,CDE,2024,Net,Forecast,Apr,626639097,0.0786,-90065275,0.0159
KR,CDE,2024,Net,Forecast,May,3699433382,5.9036,-413887369,0.0939
KR,CDE,2024,Net,Forecast,Jun,8935078411,2.4153,2471651058,0.2267
KR,CDE,2024,Net,Forecast,Jul,2085797135,0.2334,-2226370018,0.0529
KR,CDE,2024,Net,Forecast,Aug,2111459765,1.0123,79109207,0.0536
KR,CDE,2024,Net,Forecast,Sep,4494388765,2.1286,1516547877,0.114
KR,CDE,2024,Net,Forecast,Oct,1857938148,0.4134,-635148536,0.0471
KR,CDE,2024,Net,Forecast,Nov,1926980270,1.0372,-676003884,0.0489
KR,CDE,2024,Net,Forecast,Dec,566464981,0.294,-535237791,0.0144
KR,CDE,2024,Op,Actual,Jan,3118950090,,-391537112,0.0901
KR,CDE,2024,Op,Actual,Feb,3536771944,1.134,747182196,0.1022
KR,CDE,2024,Op,Actual,Mar,3179302096,0.8989,-1101089859,0.0919
KR,CDE,2024,Op,Actual,Apr,874534402,0.2751,-3118326166,0.0253
KR,CDE,2024,Op,Actual,May,778343297,0.89,-1822530495,0.0225
KR,CDE,2024,Op,Actual,Jun,8902058164,11.4372,5820031466,0.2573
KR,CDE,2024,Op,Actual,Jul,114046399,0.0128,-1707407509,0.0033
KR,CDE,2024,Op,Actual,Aug,822692994,7.2137,67201100,0.0238
KR,CDE,2024,Op,Actual,Sep,5203254859,6.3247,1602389158,0.1504
KR,CDE,2024,Op,Actual,Oct,1505493253,0.2893,899108207,0.0435
KR,CDE,2024,Op,Actual,Nov,4509566589,2.9954,1620365563,0.1303
KR,CDE,2024,Op,Actual,Dec,2057377938,0.4562,589274821,0.0595
KR,CDE,2024,Op,Budget,Jan,3510487202,,0,0.1118
KR,CDE,2024,Op,Budget,Feb,2789589748,0.7946,0,0.0888
KR,CDE,2024,Op,Budget,Mar,4280391955,1.5344,0,0.1363
KR,CDE,2024,Op,Budget,Apr,3992860568,0.9328,0,0.1272
KR,CDE,2024,Op,Budget,May,2600873792,0.6514,0,0.0828
KR,CDE,2024,Op,Budget,Jun,3082026698,1.185,0,0.0982
KR,CDE,2024,Op,Budget,Jul,1821453908,0.591,0,0.058
KR,CDE,2024,Op,Budget,Aug,755491894,0.4148,0,0.0241
KR,CDE,2024,Op,Budget,Sep,3600865701,4.7663,0,0.1147
KR,CDE,2024,Op,Budget,Oct,606385046,0.1684,0,0.0193
KR,CDE,2024,Op,Budget,Nov,2889201026,4.7646,0,0.092
KR,CDE,2024,Op,Budget,Dec,1468103117,0.5081,0,0.0468
KR,CDE,2024,Op,Forecast,Jan,16216017,,-3494271185,0.0005
KR,CDE,2024,Op,Forecast,Feb,5323524124,328.288,2533934376,0.1506
KR,CDE,2024,Op,Forecast,Mar,4614740484,0.8669,334348529,0.1305
KR,CDE,2024,Op,Forecast,Apr,2218260844,0.4807,-1774599724,0.0628
KR,CDE,2024,Op,Forecast,May,2285082759,1.0301,-315791033,0.0646
KR,CDE,2024,Op,Forecast,Jun,4092307932,1.7909,1010281234,0.1158
KR,CDE,2024,Op,Forecast,Jul,2380171457,0.5816,558717549,0.0673
KR,CDE,2024,Op,Forecast,Aug,1641041135,0.6895,885549241,0.0464
KR,CDE,2024,Op,Forecast,Sep,3051668093,1.8596,-549197608,0.0863
KR,CDE,2024,Op,Forecast,Oct,54156909,0.0177,-552228137,0.0015
KR,CDE,2024,Op,Forecast,Nov,5777684371,106.6842,2888483345,0.1634
KR,CDE,2024,Op,Forecast,Dec,3895052848,0.6742,2426949731,0.1102
KR,CDE,2025,Gross,Actual,Jan,1450115142,,-1880676787,0.0484
KR,CDE,2025,Gross,Actual,Feb,841428293,0.5802,-4784150119,0.0281
KR,CDE,2025,Gross,Actual,Mar,3127669970,3.7171,-526897685,0.1044
KR,CDE,2025,Gross,Actual,Apr,2228194526,0.7124,-175168711,0.0744
KR,CDE,2025,Gross,Actual,May,2202491171,0.9885,1469088531,0.0735
KR,CDE,2025,Gross,Actual,Jun,3054637855,1.3869,388441321,0.102
KR,CDE,2025,Gross,Actual,Jul,2710300115,0.8873,663994045,0.0905
KR,CDE,2025,Gross,Actual,Aug,2572921497,0.9493,888953462,0.0859
KR,CDE,2025,Gross,Actual,Sep,1661893417,0.6459,-3427803914,0.0555
KR,CDE,2025,Gross,Actual,Oct,1176145960,0.7077,-1376508704,0.0393
KR,CDE,2025,Gross,Actual,Nov,168798623,0.1435,-3716171200,0.0056
KR,CDE,2025,Gross,Actual,Dec,8764175578,51.9209,7332759905,0.2925
KR,CDE,2025,Gross,Budget,Jan,3330791929,,0,0.0949
KR,CDE,2025,Gross,Budget,Feb,5625578412,1.689,0,0.1603
KR,CDE,2025,Gross,Budget,Mar,3654567655,0.6496,0,0.1041
KR,CDE,2025,Gross,Budget,Apr,2403363237,0.6576,0,0.0685
KR,CDE,2025,Gross,Budget,May,733402640,0.3052,0,0.0209
KR,CDE,2025,Gross,Budget,Jun,2666196534,3.6354,0,0.076
KR,CDE,2025,Gross,Budget,Jul,2046306070,0.7675,0,0.0583
KR,CDE,2025,Gross,Budget,Aug,1683968035,0.8229,0,0.048
KR,CDE,2025,Gross,Budget,Sep,5089697331,3.0224,0,0.145
KR,CDE,2025,Gross,Budget,Oct,2552654664,0.5015,0,0.0727
KR,CDE,2025,Gross,Budget,Nov,3884969823,1.5219,0,0.1107
KR,CDE,2025,Gross,Budget,Dec,1431415673,0.3684,0,0.0408
KR,CDE,2025,Gross,Forecast,Jan,1399590182,,-1931201747,0.0391
KR,CDE,2025,Gross,Forecast,Feb,3177479648,2.2703,-2448098764,0.0887
KR,CDE,2025,Gross,Forecast,Mar,467179421,0.147,-3187388234,0.013
KR,CDE,2025,Gross,Forecast,Apr,2204378669,4.7185,-198984568,0.0616
KR,CDE,2025,Gross,Forecast,May,814336571,0.3694,80933931,0.0227
KR,CDE,2025,Gross,Forecast,Jun,7327277005,8.9978,4661080471,0.2046
KR,CDE,2025,Gross,Forecast,Jul,995402520,0.1358,-1050903550,0.0278
KR,CDE,2025,Gross,Forecast,Aug,431043305,0.433,-1252924730,0.012
KR,CDE,2025,Gross,Forecast,Sep,1929908582,4.4773,-3159788749,0.0539
KR,CDE,2025,Gross,Forecast,Oct,2469205380,1.2794,-83449284,0.069
KR,CDE,2025,Gross,Forecast,Nov,4576949121,1.8536,691979298,0.1278
KR,CDE,2025,Gross,Forecast,Dec,10015340071,2.1882,8583924398,0.2797
KR,CDE,2025,Net,Actual,Jan,2133360509,,70875864,0.0506
KR,CDE,2025,Net,Actual,Feb,681768623,0.3196,-2911770581,0.0162
KR,CDE,2025,Net,Actual,Mar,2581055022,3.7858,-4597305184,0.0613
KR,CDE,2025,Net,Actual,Apr,4745085154,1.8384,1747859154,0.1126
KR,CDE,2025,Net,Actual,May,4526528749,0.9539,1092502311,0.1074
KR,CDE,2025,Net,Actual,Jun,5355002467,1.183,-2247877623,0.1271
KR,CDE,2025,Net,Actual,Jul,2723963322,0.5087,-1106590104,0.0647
KR,CDE,2025,Net,Actual,Aug,2537324548,0.9315,796904027,0.0602
KR,CDE,2025,Net,Actual,Sep,1215748574,0.4791,298240884,0.0289
KR,CDE,2025,Net,Actual,Oct,920482357,0.7571,-863779615,0.0218
KR,CDE,2025,Net,Actual,Nov,6660512157,7.2359,970363562,0.1581
KR,CDE,2025,Net,Actual,Dec,8052883255,1.209,-1494363472,0.1911
KR,CDE,2025,Net,Budget,Jan,2062484645,,0,0.0409
KR,CDE,2025,Net,Budget,Feb,3593539204,1.7423,0,0.0713
KR,CDE,2025,Net,Budget,Mar,7178360206,1.9976,0,0.1425
KR,CDE,2025,Net,Budget,Apr,2997226000,0.4175,0,0.0595
KR,CDE,2025,Net,Budget,May,3434026438,1.1457,0,0.0682
KR,CDE,2025,Net,Budget,Jun,7602880090,2.214,0,0.1509
KR,CDE,2025,Net,Budget,Jul,3830553426,0.5038,0,0.076
KR,CDE,2025,Net,Budget,Aug,1740420521,0.4544,0,0.0345
KR,CDE,2025,Net,Budget,Sep,917507690,0.5272,0,0.0182
KR,CDE,2025,Net,Budget,Oct,1784261972,1.9447,0,0.0354
KR,CDE,2025,Net,Budget,Nov,5690148595,3.1891,0,0.1129
KR,CDE,2025,Net,Budget,Dec,9547246727,1.6779,0,0.1895
KR,CDE,2025,Net,Forecast,Jan,3463473340,,1400988695,0.0825
KR,CDE,2025,Net,Forecast,Feb,2245878392,0.6484,-1347660812,0.0535
KR,CDE,2025,Net,Forecast,Mar,3296189007,1.4677,-3882171199,0.0785
KR,CDE,2025,Net,Forecast,Apr,4758301941,1.4436,1761075941,0.1134
KR,CDE,2025,Net,Forecast,May,3491389845,0.7337,57363407,0.0832
KR,CDE,2025,Net,Forecast,Jun,7434294044,2.1293,-168586046,0.1771
KR,CDE,2025,Net,Forecast,Jul,1430061877,0.1924,-2400491549,0.0341
KR,CDE,2025,Net,Forecast,Aug,756548111,0.529,-983872410,0.018
KR,CDE,2025,Net,Forecast,Sep,5365007857,7.0914,4447500167,0.1278
KR,CDE,2025,Net,Forecast,Oct,1713206796,0.3193,-71055176,0.0408
KR,CDE,2025,Net,Forecast,Nov,4063871472,2.3721,-1626277123,0.0968
KR,CDE,2025,Net,Forecast,Dec,3948339473,0.9716,-5598907254,0.0941
KR,CDE,2025,Op,Actual,Jan,384880706,,34227133,0.0119
KR,CDE,2025,Op,Actual,Feb,1027482244,2.6696,-121113373,0.0318
KR,CDE,2025,Op,Actual,Mar,6358952074,6.1889,2358975552,0.197
KR,CDE,2025,Op,Actual,Apr,824832389,0.1297,-3580141619,0.0255
KR,CDE,2025,Op,Actual,May,4165315519,5.0499,3921546761,0.129
KR,CDE,2025,Op,Actual,Jun,1221897249,0.2934,-7953057418,0.0378
KR,CDE,2025,Op,Actual,Jul,1081596897,0.8852,-1131681070,0.0335
KR,CDE,2025,Op,Actual,Aug,2460631521,2.275,-136431612,0.0762
KR,CDE,2025,Op,Actual,Sep,3416703367,1.3885,425439937,0.1058
KR,CDE,2025,Op,Actual,Oct,1545116111,0.4522,568547789,0.0479
KR,CDE,2025,Op,Actual,Nov,3116912895,2.0173,-2958666303,0.0965
KR,CDE,2025,Op,Actual,Dec,6680403692,2.1433,-2171416891,0.2069
KR,CDE,2025,Op,Budget,Jan,350653573,,0,0.0081
KR,CDE,2025,Op,Budget,Feb,1148595617,3.2756,0,0.0267
KR,CDE,2025,Op,Budget,Mar,3999976522,3.4825,0,0.093
KR,CDE,2025,Op,Budget,Apr,4404974008,1.1012,0,0.1024
KR,CDE,2025,Op,Budget,May,243768758,0.0553,0,0.0057
KR,CDE,2025,Op,Budget,Jun,9174954667,37.6379,0,0.2132
KR,CDE,2025,Op,Budget,Jul,2213277967,0.2412,0,0.0514
KR,CDE,2025,Op,Budget,Aug,2597063133,1.1734,0,0.0604
KR,CDE,2025,Op,Budget,Sep,2991263430,1.1518,0,0.0695
KR,CDE,2025,Op,Budget,Oct,976568322,0.3265,0,0.0227
KR,CDE,2025,Op,Budget,Nov,6075579198,6.2214,0,0.1412
KR,CDE,2025,Op,Budget,Dec,8851820583,1.457,0,0.2057
KR,CDE,2025,Op,Forecast,Jan,170078408,,-180575165,0.0042
KR,CDE,2025,Op,Forecast,Feb,1871788461,11.0054,723192844,0.0468
KR,CDE,2025,Op,Forecast,Mar,5039631872,2.6924,1039655350,0.1259
KR,CDE,2025,Op,Forecast,Apr,4506200558,0.8942,101226550,0.1126
KR,CDE,2025,Op,Forecast,May,1552989438,0.3446,1309220680,0.0388
KR,CDE,2025,Op,Forecast,Jun,5529425505,3.5605,-3645529162,0.1382
KR,CDE,2025,Op,Forecast,Jul,4483629308,0.8109,2270351341,0.112
KR,CDE,2025,Op,Forecast,Aug,318242626,0.071,-2278820507,0.008
KR,CDE,2025,Op,Forecast,Sep,4212319231,13.2362,1221055801,0.1052
KR,CDE,2025,Op,Forecast,Oct,235719443,0.056,-740848879,0.0059
KR,CDE,2025,Op,Forecast,Nov,5561758152,23.5948,-513821046,0.139
KR,CDE,2025,Op,Forecast,Dec,6542796453,1.1764,-2309024130,0.1635
KR,PJ,2024,Gross,Actual,Jan,809978989,,-1275708127,0.0245
KR,PJ,2024,Gross,Actual,Feb,4364795771,5.3888,-1208157030,0.1319
KR,PJ,2024,Gross,Actual,Mar,1610472824,0.369,1096568262,0.0487
KR,PJ,2024,Gross,Actual,Apr,4119110783,2.5577,-451649770,0.1245
KR,PJ,2024,Gross,Actual,May,4816888100,1.1694,3136938477,0.1456
KR,PJ,2024,Gross,Actual,Jun,1693237456,0.3515,-5225274195,0.0512
KR,PJ,2024,Gross,Actual,Jul,3869933643,2.2855,590490347,0.117
KR,PJ,2024,Gross,Actual,Aug,1974350628,0.5102,765457483,0.0597
KR,PJ,2024,Gross,Actual,Sep,1362416436,0.6901,-1915557297,0.0412
KR,PJ,2024,Gross,Actual,Oct,295139154,0.2166,-2521337769,0.0089
KR,PJ,2024,Gross,Actual,Nov,735460225,2.4919,-4334905520,0.0222
KR,PJ,2024,Gross,Actual,Dec,7435394982,10.1099,2958257284,0.2247
KR,PJ,2024,Gross,Budget,Jan,2085687116,,0,0.0503
KR,PJ,2024,Gross,Budget,Feb,5572952801,2.672,0,0.1344
KR,PJ,2024,Gross,Budget,Mar,513904562,0.0922,0,0.0124
KR,PJ,2024,Gross,Budget,Apr,4570760553,8.8942,0,0.1102
KR,PJ,2024,Gross,Budget,May,1679949623,0.3675,0,0.0405
KR,PJ,2024,Gross,Budget,Jun,6918511651,4.1183,0,0.1668
KR,PJ,2024,Gross,Budget,Jul,3279443296,0.474,0,0.0791
KR,PJ,2024,Gross,Budget,Aug,1208893145,0.3686,0,0.0291
KR,PJ,2024,Gross,Budget,Sep,3277973733,2.7115,0,0.079
KR,PJ,2024,Gross,Budget,Oct,2816476923,0.8592,0,0.0679
KR,PJ,2024,Gross,Budget,Nov,5070365745,1.8003,0,0.1223
KR,PJ,2024,Gross,Budget,Dec,4477137698,0.883,0,0.108
KR,PJ,2024,Gross,Forecast,Jan,1321861438,,-763825678,0.0332
KR,PJ,2024,Gross,Forecast,Feb,4042905330,3.0585,-1530047471,0.1016
KR,PJ,2024,Gross,Forecast,Mar,8317154147,2.0572,7803249585,0.2091
KR,PJ,2024,Gross,Forecast,Apr,2908765852,0.3497,-1661994701,0.0731
KR,PJ,2024,Gross,Forecast,May,3102186435,1.0665,1422236812,0.078
KR,PJ,2024,Gross,Forecast,Jun,1771736635,0.5711,-5146775016,0.0445
KR,PJ,2024,Gross,Forecast,Jul,2418170945,1.3649,-861272351,0.0608
KR,PJ,2024,Gross,Forecast,Aug,903582967,0.3737,-305310178,0.0227
KR,PJ,2024,Gross,Forecast,Sep,2157797140,2.388,-1120176593,0.0542
KR,PJ,2024,Gross,Forecast,Oct,411102629,0.1905,-2405374294,0.0103
KR,PJ,2024,Gross,Forecast,Nov,2416238854,5.8775,-2654126891,0.0607
KR,PJ,2024,Gross,Forecast,Dec,10013573399,4.1443,5536435701,0.2517
KR,PJ,2024,Net,Actual,Jan,2863305753,,1584318755,0.0769
KR,PJ,2024,Net,Actual,Feb,141024582,0.0493,-1544867365,0.0038
KR,PJ,2024,Net,Actual,Mar,8130599197,57.6538,6467032258,0.2184
KR,PJ,2024,Net,Actual,Apr,2355826915,0.2897,-1097901395,0.0633
KR,PJ,2024,Net,Actual,May,1782150147,0.7565,967065403,0.0479
KR,PJ,2024,Net,Actual,Jun,1574502262,0.8835,-5997073955,0.0423
KR,PJ,2024,Net,Actual,Jul,2129016375,1.3522,936152891,0.0572
KR,PJ,2024,Net,Actual,Aug,2423748275,1.1384,2359892708,0.0651
KR,PJ,2024,Net,Actual,Sep,844071455,0.3483,-687958096,0.0227
KR,PJ,2024,Net,Actual,Oct,2680024937,3.1751,-117612311,0.072
KR,PJ,2024,Net,Actual,Nov,3906904073,1.4578,-2170534119,0.105
KR,PJ,2024,Net,Actual,Dec,8391193348,2.1478,3298100459,0.2254
KR,PJ,2024,Net,Budget,Jan,1278986998,,0,0.0385
KR,PJ,2024,Net,Budget,Feb,1685891947,1.3181,0,0.0507
KR,PJ,2024,Net,Budget,Mar,1663566939,0.9868,0,0.0501
KR,PJ,2024,Net,Budget,Apr,3453728310,2.0761,0,0.1039
KR,PJ,2024,Net,Budget,May,815084744,0.236,0,0.0245
KR,PJ,2024,Net,Budget,Jun,7571576217,9.2893,0,0.2279
KR,PJ,2024,Net,Budget,Jul,1192863484,0.1575,0,0.0359
KR,PJ,2024,Net,Budget,Aug,63855567,0.0535,0,0.0019
KR,PJ,2024,Net,Budget,Sep,1532029551,23.9921,0,0.0461
KR,PJ,2024,Net,Budget,Oct,2797637248,1.8261,0,0.0842
KR,PJ,2024,Net,Budget,Nov,6077438192,2.1723,0,0.1829
KR,PJ,2024,Net,Budget,Dec,5093092889,0.838,0,0.1533
KR,PJ,2024,Net,Forecast,Jan,2241301622,,962314624,0.0647
KR,PJ,2024,Net,Forecast,Feb,510885755,0.2279,-1175006192,0.0147
KR,PJ,2024,Net,Forecast,Mar,4240166279,8.2996,2576599340,0.1224
KR,PJ,2024,Net,Forecast,Apr,1100762903,0.2596,-2352965407,0.0318
KR,PJ,2024,Net,Forecast,May,206320715,0.1874,-608764029,0.006
KR,PJ,2024,Net,Forecast,Jun,9205445659,44.6172,1633869442,0.2657
KR,PJ,2024,Net,Forecast,Jul,1247474524,0.1355,54611040,0.036
KR,PJ,2024,Net,Forecast,Aug,2472185027,1.9818,2408329460,0.0714
KR,PJ,2024,Net,Forecast,Sep,879607823,0.3558,-652421728,0.0254
KR,PJ,2024,Net,Forecast,Oct,2562544965,2.9133,-235092283,0.074
KR,PJ,2024,Net,Forecast,Nov,7044811389,2.7491,967373197,0.2033
KR,PJ,2024,Net,Forecast,Dec,2933242867,0.4164,-2159850022,0.0847
KR,PJ,2024,Op,Actual,Jan,911201833,,-503666313,0.0285
KR,PJ,2024,Op,Actual,Feb,1530727046,1.6799,-3401994691,0.0478
KR,PJ,2024,Op,Actual,Mar,5030768644,3.2865,897996284,0.1572
KR,PJ,2024,Op,Actual,Apr,2625137295,0.5218,-1158091065,0.082
KR,PJ,2024,Op,Actual,May,1409173372,0.5368,917200103,0.044
KR,PJ,2024,Op,Actual,Jun,1072944866,0.7614,-3773021408,0.0335
KR,PJ,2024,Op,Actual,Jul,1809534159,1.6865,1158065843,0.0565
KR,PJ,2024,Op,Actual,Aug,1681767631,0.9294,427080880,0.0525
KR,PJ,2024,Op,Actual,Sep,2034319493,1.2096,-202994713,0.0636
KR,PJ,2024,Op,Actual,Oct,1739435732,0.855,-420685074,0.0543
KR,PJ,2024,Op,Actual,Nov,2694759148,1.5492,-836993864,0.0842
KR,PJ,2024,Op,Actual,Dec,9467912339,3.5135,1131788757,0.2958
KR,PJ,2024,Op,Budget,Jan,1414868146,,0,0.0375
KR,PJ,2024,Op,Budget,Feb,4932721737,3.4863,0,0.1306
KR,PJ,2024,Op,Budget,Mar,4132772360,0.8378,0,0.1094
KR,PJ,2024,Op,Budget,Apr,3783228360,0.9154,0,0.1002
KR,PJ,2024,Op,Budget,May,491973269,0.13,0,0.013
KR,PJ,2024,Op,Budget,Jun,4845966274,9.8501,0,0.1283
KR,PJ,2024,Op,Budget,Jul,651468316,0.1344,0,0.0172
KR,PJ,2024,Op,Budget,Aug,1254686751,1.9259,0,0.0332
KR,PJ,2024,Op,Budget,Sep,2237314206,1.7832,0,0.0592
KR,PJ,2024,Op,Budget,Oct,2160120806,0.9655,0,0.0572
KR,PJ,2024,Op,Budget,Nov,3531753012,1.635,0,0.0935
KR,PJ,2024,Op,Budget,Dec,8336123582,2.3603,0,0.2207
KR,PJ,2024,Op,Forecast,Jan,3289245756,,1874377610,0.0917
KR,PJ,2024,Op,Forecast,Feb,1267132022,0.3852,-3665589715,0.0353
KR,PJ,2024,Op,Forecast,Mar,3252298394,2.5667,-880473966,0.0907
KR,PJ,2024,Op,Forecast,Apr,4584478164,1.4096,801249804,0.1279
KR,PJ,2024,Op,Forecast,May,4039404954,0.8811,3547431685,0.1127
KR,PJ,2024,Op,Forecast,Jun,9200172476,2.2776,4354206202,0.2566
KR,PJ,2024,Op,Forecast,Jul,1226068364,0.1333,574600048,0.0342
KR,PJ,2024,Op,Forecast,Aug,1573995611,1.2838,319308860,0.0439
KR,PJ,2024,Op,Forecast,Sep,4843866085,3.0774,2606551879,0.1351
KR,PJ,2024,Op,Forecast,Oct,1489623090,0.3075,-670497716,0.0416
KR,PJ,2024,Op,Forecast,Nov,48146969,0.0323,-3483606043,0.0013
KR,PJ,2024,Op,Forecast,Dec,1035905625,21.5155,-7300217957,0.0289
KR,PJ,2025,Gross,Actual,Jan,2487240000,,2310177869,0.0521
KR,PJ,2025,Gross,Actual,Feb,4143510000,1.6659,92705852,0.0868
KR,PJ,2025,Gross,Actual,Mar,5577820000,1.3462,-1650604303,0.1169
KR,PJ,2025,Gross,Actual,Apr,3473290000,0.6227,2763819093,0.0728
KR,PJ,2025,Gross,Actual,May,3373160000,0.9712,3278694403,0.0707
KR,PJ,2025,Gross,Actual,Jun,6312620000,1.8714,1997655122,0.1323
KR,PJ,2025,Gross,Actual,Jul,3098740000,0.4909,169772796,0.0649
KR,PJ,2025,Gross,Actual,Aug,1844890000,0.5954,-369801704,0.0387
KR,PJ,2025,Gross,Actual,Sep,3723880000,2.0185,-1474048937,0.078
KR,PJ,2025,Gross,Actual,Oct,1987202100,0.5336,1059226895,0.0416
KR,PJ,2025,Gross,Actual,Nov,4885789600,2.4586,-1764003203,0.1024
KR,PJ,2025,Gross,Actual,Dec,6820054600,1.3959,5621318713,0.1429
KR,PJ,2025,Gross,Budget,Jan,177062131,,0,0.005
KR,PJ,2025,Gross,Budget,Feb,4050804148,22.8779,0,0.1135
KR,PJ,2025,Gross,Budget,Mar,7228424303,1.7844,0,0.2025
KR,PJ,2025,Gross,Budget,Apr,709470907,0.0982,0,0.0199
KR,PJ,2025,Gross,Budget,May,94465597,0.1331,0,0.0026
KR,PJ,2025,Gross,Budget,Jun,4314964878,45.6776,0,0.1209
KR,PJ,2025,Gross,Budget,Jul,2928967204,0.6788,0,0.0821
KR,PJ,2025,Gross,Budget,Aug,2214691704,0.7561,0,0.062
KR,PJ,2025,Gross,Budget,Sep,5197928937,2.347,0,0.1456
KR,PJ,2025,Gross,Budget,Oct,927975205,0.1785,0,0.026
KR,PJ,2025,Gross,Budget,Nov,6649792803,7.1659,0,0.1863
KR,PJ,2025,Gross,Budget,Dec,1198735887,0.1803,0,0.0336
KR,PJ,2025,Gross,Forecast,Jan,2482994005,,2305931874,0.0697
KR,PJ,2025,Gross,Forecast,Feb,3642852787,1.4671,-407951361,0.1022
KR,PJ,2025,Gross,Forecast,Mar,8029867424,2.2043,801443121,0.2253
KR,PJ,2025,Gross,Forecast,Apr,3459642559,0.4308,2750171652,0.0971
KR,PJ,2025,Gross,Forecast,May,1836609125,0.5309,1742143528,0.0515
KR,PJ,2025,Gross,Forecast,Jun,9022767528,4.9127,4707802650,0.2532
KR,PJ,2025,Gross,Forecast,Jul,1281565769,0.142,-1647401435,0.036
KR,PJ,2025,Gross,Forecast,Aug,354526324,0.2766,-1860165380,0.0099
KR,PJ,2025,Gross,Forecast,Sep,2376838434,6.7043,-2821090503,0.0667
KR,PJ,2025,Gross,Forecast,Oct,938271819,0.3948,10296614,0.0263
KR,PJ,2025,Gross,Forecast,Nov,1412749967,1.5057,-5237042836,0.0396
KR,PJ,2025,Gross,Forecast,Dec,798824172,0.5654,-399911715,0.0224
KR,PJ,2025,Net,Actual,Jan,2397700000,,2128875155,0.0515
KR,PJ,2025,Net,Actual,Feb,3994340000,1.6659,2444674571,0.0857
KR,PJ,2025,Net,Actual,Mar,5468330000,1.369,802195713,0.1174
KR,PJ,2025,Net,Actual,Apr,3348250000,0.6123,-1406372300,0.0719
KR,PJ,2025,Net,Actual,May,3251720000,0.9712,3179638170,0.0698
KR,PJ,2025,Net,Actual,Jun,6262460000,1.9259,181309886,0.1344
KR,PJ,2025,Net,Actual,Jul,3021270100,0.4824,1159692459,0.0649
KR,PJ,2025,Net,Actual,Aug,1798770000,0.5954,1461205325,0.0386
KR,PJ,2025,Net,Actual,Sep,3676270000,2.0438,2970367551,0.0789
KR,PJ,2025,Net,Actual,Oct,1937522100,0.527,661506862,0.0416
KR,PJ,2025,Net,Actual,Nov,4763645000,2.4586,2579691580,0.1023
KR,PJ,2025,Net,Actual,Dec,6661562100,1.3984,1054503678,0.143
KR,PJ,2025,Net,Budget,Jan,268824845,,0,0.0092
KR,PJ,2025,Net,Budget,Feb,1549665429,5.7646,0,0.0528
KR,PJ,2025,Net,Budget,Mar,4666134287,3.0111,0,0.1589
KR,PJ,2025,Net,Budget,Apr,4754622300,1.019,0,0.1619
KR,PJ,2025,Net,Budget,May,72081830,0.0152,0,0.0025
KR,PJ,2025,Net,Budget,Jun,6081150114,84.3645,0,0.2071
KR,PJ,2025,Net,Budget,Jul,1861577641,0.3061,0,0.0634
KR,PJ,2025,Net,Budget,Aug,337564675,0.1813,0,0.0115
KR,PJ,2025,Net,Budget,Sep,705902449,2.0912,0,0.024
KR,PJ,2025,Net,Budget,Oct,1276015238,1.8076,0,0.0435
KR,PJ,2025,Net,Budget,Nov,2183953420,1.7115,0,0.0744
KR,PJ,2025,Net,Budget,Dec,5607058422,2.5674,0,0.1909
KR,PJ,2025,Net,Forecast,Jan,139520203,,-129304642,0.0049
KR,PJ,2025,Net,Forecast,Feb,5379006272,38.5536,3829340843,0.1897
KR,PJ,2025,Net,Forecast,Mar,4075934696,0.7577,-590199591,0.1437
KR,PJ,2025,Net,Forecast,Apr,2468214688,0.6056,-2286407612,0.087
KR,PJ,2025,Net,Forecast,May,948934304,0.3845,876852474,0.0335
KR,PJ,2025,Net,Forecast,Jun,1421514256,1.498,-4659635858,0.0501
KR,PJ,2025,Net,Forecast,Jul,651158128,0.4581,-1210419513,0.023
KR,PJ,2025,Net,Forecast,Aug,1880749058,2.8883,1543184383,0.0663
KR,PJ,2025,Net,Forecast,Sep,146121846,0.0777,-559780603,0.0052
KR,PJ,2025,Net,Forecast,Oct,2302859506,15.7599,1026844268,0.0812
KR,PJ,2025,Net,Forecast,Nov,390522924,0.1696,-1793430496,0.0138
KR,PJ,2025,Net,Forecast,Dec,8553143290,21.9018,2946084868,0.3016
KR,PJ,2025,Op,Actual,Jan,2397700000,,1946901624,0.0515
KR,PJ,2025,Op,Actual,Feb,3994340000,1.6659,-564040199,0.0857
KR,PJ,2025,Op,Actual,Mar,5468330000,1.369,3398138493,0.1174
KR,PJ,2025,Op,Actual,Apr,3348250000,0.6123,43010880,0.0719
KR,PJ,2025,Op,Actual,May,3251720000,0.9712,1476529132,0.0698
KR,PJ,2025,Op,Actual,Jun,6262460000,1.9259,-367038679,0.1344
KR,PJ,2025,Op,Actual,Jul,3021270100,0.4824,-533750171,0.0649
KR,PJ,2025,Op,Actual,Aug,1798770000,0.5954,-33116994,0.0386
KR,PJ,2025,Op,Actual,Sep,3676270000,2.0438,3518463085,0.0789
KR,PJ,2025,Op,Actual,Oct,1937522100,0.527,566616961,0.0416
KR,PJ,2025,Op,Actual,Nov,4763645000,2.4586,2687953370,0.1023
KR,PJ,2025,Op,Actual,Dec,6661562100,1.3984,-1544351437,0.143
KR,PJ,2025,Op,Budget,Jan,450798376,,0,0.0125
KR,PJ,2025,Op,Budget,Feb,4558380199,10.1118,0,0.1267
KR,PJ,2025,Op,Budget,Mar,2070191507,0.4542,0,0.0575
KR,PJ,2025,Op,Budget,Apr,3305239120,1.5966,0,0.0918
KR,PJ,2025,Op,Budget,May,1775190868,0.5371,0,0.0493
KR,PJ,2025,Op,Budget,Jun,6629498679,3.7345,0,0.1842
KR,PJ,2025,Op,Budget,Jul,3555020271,0.5362,0,0.0988
KR,PJ,2025,Op,Budget,Aug,1831886994,0.5153,0,0.0509
KR,PJ,2025,Op,Budget,Sep,157806915,0.0861,0,0.0044
KR,PJ,2025,Op,Budget,Oct,1370905139,8.6872,0,0.0381
KR,PJ,2025,Op,Budget,Nov,2075691630,1.5141,0,0.0577
KR,PJ,2025,Op,Budget,Dec,8205913537,3.9533,0,0.228
KR,PJ,2025,Op,Forecast,Jan,3120566450,,2669768074,0.1235
KR,PJ,2025,Op,Forecast,Feb,4708515055,1.5089,150134856,0.1864
KR,PJ,2025,Op,Forecast,Mar,1789230335,0.38,-280961172,0.0708
KR,PJ,2025,Op,Forecast,Apr,539117533,0.3013,-2766121587,0.0213
KR,PJ,2025,Op,Forecast,May,3659180694,6.7874,1883989826,0.1448
KR,PJ,2025,Op,Forecast,Jun,1309639735,0.3579,-5319858944,0.0518
KR,PJ,2025,Op,Forecast,Jul,4515258985,3.4477,960238714,0.1787
KR,PJ,2025,Op,Forecast,Aug,1084736215,0.2402,-747150779,0.0429
KR,PJ,2025,Op,Forecast,Sep,709260134,0.6539,551453219,0.0281
KR,PJ,2025,Op,Forecast,Oct,2075304259,2.926,704399120,0.0821
KR,PJ,2025,Op,Forecast,Nov,575562964,0.2773,-1500128666,0.0228
KR,PJ,2025,Op,Forecast,Dec,1179270722,2.0489,-7026642815,0.0467
MA,CDE,2024,Gross,Actual,Jan,705129431,,-2557035335,0.0936
MA,CDE,2024,Gross,Actual,Feb,120579694,0.171,-42900704,0.016
MA,CDE,2024,Gross,Actual,Mar,551882464,4.5769,-786864317,0.0732
MA,CDE,2024,Gross,Actual,Apr,530943963,0.9621,-1054189344,0.0705
MA,CDE,2024,Gross,Actual,May,366456994,0.6902,228976299,0.0486
MA,CDE,2024,Gross,Actual,Jun,707929724,1.9318,316039004,0.094
MA,CDE,2024,Gross,Actual,Jul,6493247,0.0092,-989571,0.0009
MA,CDE,2024,Gross,Actual,Aug,540551381,83.2482,84985783,0.0717
MA,CDE,2024,Gross,Actual,Sep,1012823706,1.8737,-2273270948,0.1344
MA,CDE,2024,Gross,Actual,Oct,1651621011,1.6307,662339421,0.2192
MA,CDE,2024,Gross,Actual,Nov,275583474,0.1669,267451803,0.0366
MA,CDE,2024,Gross,Actual,Dec,1065043988,3.8647,814505636,0.1413
MA,CDE,2024,Gross,Budget,Jan,3262164766,,0,0.2747
MA,CDE,2024,Gross,Budget,Feb,163480398,0.0501,0,0.0138
MA,CDE,2024,Gross,Budget,Mar,1338746781,8.189,0,0.1127
MA,CDE,2024,Gross,Budget,Apr,1585133307,1.184,0,0.1335
MA,CDE,2024,Gross,Budget,May,137480695,0.0867,0,0.0116
MA,CDE,2024,Gross,Budget,Jun,391890720,2.8505,0,0.033
MA,CDE,2024,Gross,Budget,Jul,7482818,0.0191,0,0.0006
MA,CDE,2024,Gross,Budget,Aug,455565598,60.8816,0,0.0384
MA,CDE,2024,Gross,Budget,Sep,3286094654,7.2132,0,0.2767
MA,CDE,2024,Gross,Budget,Oct,989281590,0.3011,0,0.0833
MA,CDE,2024,Gross,Budget,Nov,8131671,0.0082,0,0.0007
MA,CDE,2024,Gross,Budget,Dec,250538352,30.8102,0,0.0211
MA,CDE,2024,Gross,Forecast,Jan,1350621506,,-1911543260,0.1365
MA,CDE,2024,Gross,Forecast,Feb,76634535,0.0567,-86845863,0.0077
MA,CDE,2024,Gross,Forecast,Mar,916694554,11.9619,-422052227,0.0926
MA,CDE,2024,Gross,Forecast,Apr,778131654,0.8488,-807001653,0.0786
MA,CDE,2024,Gross,Forecast,May,468373634,0.6019,330892939,0.0473
MA,CDE,2024,Gross,Forecast,Jun,78033247,0.1666,-313857473,0.0079
MA,CDE,2024,Gross,Forecast,Jul,177422072,2.2737,169939254,0.0179
MA,CDE,2024,Gross,Forecast,Aug,297742280,1.6782,-157823318,0.0301
MA,CDE,2024,Gross,Forecast,Sep,3612374304,12.1326,326279650,0.365
MA,CDE,2024,Gross,Forecast,Oct,980386013,0.2714,-8895577,0.099
MA,CDE,2024,Gross,Forecast,Nov,248790205,0.2538,240658534,0.0251
MA,CDE,2024,Gross,Forecast,Dec,912730842,3.6687,662192490,0.0922
MA,CDE,2024,Net,Actual,Jan,2982418120,,2139990341,0.2748
MA,CDE,2024,Net,Actual,Feb,166724954,0.0559,-25957940,0.0154
MA,CDE,2024,Net,Actual,Mar,695763676,4.1731,-105225429,0.0641
MA,CDE,2024,Net,Actual,Apr,1283219844,1.8443,-316833361,0.1182
MA,CDE,2024,Net,Actual,May,253660983,0.1977,-8694292,0.0234
MA,CDE,2024,Net,Actual,Jun,714103569,2.8152,-25756101,0.0658
MA,CDE,2024,Net,Actual,Jul,391587226,0.5484,235185860,0.0361
MA,CDE,2024,Net,Actual,Aug,652547789,1.6664,31861165,0.0601
MA,CDE,2024,Net,Actual,Sep,629564274,0.9648,-1626575680,0.058
MA,CDE,2024,Net,Actual,Oct,1642035779,2.6082,233234547,0.1513
MA,CDE,2024,Net,Actual,Nov,228050534,0.1389,26792807,0.021
MA,CDE,2024,Net,Actual,Dec,1214890763,5.3273,1039253711,0.1119
MA,CDE,2024,Net,Budget,Jan,842427779,,0,0.091
MA,CDE,2024,Net,Budget,Feb,192682894,0.2287,0,0.0208
MA,CDE,2024,Net,Budget,Mar,800989105,4.157,0,0.0865
MA,CDE,2024,Net,Budget,Apr,1600053205,1.9976,0,0.1728
MA,CDE,2024,Net,Budget,May,262355275,0.164,0,0.0283
MA,CDE,2024,Net,Budget,Jun,739859670,2.8201,0,0.0799
MA,CDE,2024,Net,Budget,Jul,156401366,0.2114,0,0.0169
MA,CDE,2024,Net,Budget,Aug,620686624,3.9685,0,0.067
MA,CDE,2024,Net,Budget,Sep,2256139954,3.6349,0,0.2437
MA,CDE,2024,Net,Budget,Oct,1408801232,0.6244,0,0.1522
MA,CDE,2024,Net,Budget,Nov,201257727,0.1429,0,0.0217
MA,CDE,2024,Net,Budget,Dec,175637052,0.8727,0,0.019
MA,CDE,2024,Net,Forecast,Jan,25324568,,-817103211,0.0029
MA,CDE,2024,Net,Forecast,Feb,165717238,6.5437,-26965656,0.0188
MA,CDE,2024,Net,Forecast,Mar,1027549522,6.2006,226560417,0.1164
MA,CDE,2024,Net,Forecast,Apr,1679205563,1.6342,79152358,0.1903
MA,CDE,2024,Net,Forecast,May,321346874,0.1914,58991599,0.0364
MA,CDE,2024,Net,Forecast,Jun,322921483,1.0049,-416938187,0.0366
MA,CDE,2024,Net,Forecast,Jul,515060614,1.595,358659248,0.0584
MA,CDE,2024,Net,Forecast,Aug,764909,0.0015,-619921715,0.0001
MA,CDE,2024,Net,Forecast,Sep,2639725427,3451.032,383585473,0.2991
MA,CDE,2024,Net,Forecast,Oct,629438225,0.2384,-779363007,0.0713
MA,CDE,2024,Net,Forecast,Nov,270550625,0.4298,69292898,0.0307
MA,CDE,2024,Net,Forecast,Dec,1228518465,4.5408,1052881413,0.1392
MA,CDE,2024,Op,Actual,Jan,318114245,,-1356670563,0.044
MA,CDE,2024,Op,Actual,Feb,245087986,0.7704,66919380,0.0339
MA,CDE,2024,Op,Actual,Mar,8622913,0.0352,-560682034,0.0012
MA,CDE,2024,Op,Actual,Apr,1575048882,182.6586,120961950,0.2176
MA,CDE,2024,Op,Actual,May,212435869,0.1349,-298325347,0.0294
MA,CDE,2024,Op,Actual,Jun,750360216,3.5322,743902487,0.1037
MA,CDE,2024,Op,Actual,Jul,115443459,0.1539,-472424296,0.016
MA,CDE,2024,Op,Actual,Aug,588698704,5.0995,322001714,0.0813
MA,CDE,2024,Op,Actual,Sep,374872454,0.6368,-3070644216,0.0518
MA,CDE,2024,Op,Actual,Oct,1244355717,3.3194,899455000,0.1719
MA,CDE,2024,Op,Actual,Nov,291815636,0.2345,243030613,0.0403
MA,CDE,2024,Op,Actual,Dec,1512071704,5.1816,81112564,0.2089
MA,CDE,2024,Op,Budget,Jan,1674784808,,0,0.1592
MA,CDE,2024,Op,Budget,Feb,178168606,0.1064,0,0.0169
MA,CDE,2024,Op,Budget,Mar,569304947,3.1953,0,0.0541
MA,CDE,2024,Op,Budget,Apr,1454086932,2.5541,0,0.1382
MA,CDE,2024,Op,Budget,May,510761216,0.3513,0,0.0486
MA,CDE,2024,Op,Budget,Jun,6457729,0.0126,0,0.0006
MA,CDE,2024,Op,Budget,Jul,587867755,91.0332,0,0.0559
MA,CDE,2024,Op,Budget,Aug,266696990,0.4537,0,0.0254
MA,CDE,2024,Op,Budget,Sep,3445516670,12.9192,0,0.3276
MA,CDE,2024,Op,Budget,Oct,344900717,0.1001,0,0.0328
MA,CDE,2024,Op,Budget,Nov,48785023,0.1414,0,0.0046
MA,CDE,2024,Op,Budget,Dec,1430959140,29.3319,0,0.136
MA,CDE,2024,Op,Forecast,Jan,2542205333,,867420525,0.2497
MA,CDE,2024,Op,Forecast,Feb,191361706,0.0753,13193100,0.0188
MA,CDE,2024,Op,Forecast,Mar,1195498190,6.2473,626193243,0.1174
MA,CDE,2024,Op,Forecast,Apr,246635005,0.2063,-1207451927,0.0242
MA,CDE,2024,Op,Forecast,May,281994254,1.1434,-228766962,0.0277
MA,CDE,2024,Op,Forecast,Jun,542924706,1.9253,536466977,0.0533
MA,CDE,2024,Op,Forecast,Jul,502906954,0.9263,-84960801,0.0494
MA,CDE,2024,Op,Forecast,Aug,702106570,1.3961,435409580,0.069
MA,CDE,2024,Op,Forecast,Sep,2806167878,3.9968,-639348792,0.2756
MA,CDE,2024,Op,Forecast,Oct,670274087,0.2389,325373370,0.0658
MA,CDE,2024,Op,Forecast,Nov,86348556,0.1288,37563533,0.0085
MA,CDE,2024,Op,Forecast,Dec,411814352,4.7692,-1019144788,0.0405
MA,CDE,2025,Gross,Actual,Jan,1517442655,,604414967,0.216
MA,CDE,2025,Gross,Actual,Feb,196573766,0.1295,191002238,0.028
MA,CDE,2025,Gross,Actual,Mar,273599202,1.3918,-646761819,0.039
MA,CDE,2025,Gross,Actual,Apr,1326052866,4.8467,464257282,0.1888
MA,CDE,2025,Gross,Actual,May,539940247,0.4072,313400158,0.0769
MA,CDE,2025,Gross,Actual,Jun,454451879,0.8417,279620811,0.0647
MA,CDE,2025,Gross,Actual,Jul,484142599,1.0653,-116056066,0.0689
MA,CDE,2025,Gross,Actual,Aug,448943157,0.9273,50873281,0.0639
MA,CDE,2025,Gross,Actual,Sep,944472287,2.1038,-233936175,0.1345
MA,CDE,2025,Gross,Actual,Oct,582328209,0.6166,-322687229,0.0829
MA,CDE,2025,Gross,Actual,Nov,151068832,0.2594,-28524890,0.0215
MA,CDE,2025,Gross,Actual,Dec,105017670,0.6952,-510547142,0.015
MA,CDE,2025,Gross,Budget,Jan,913027688,,0,0.1308
MA,CDE,2025,Gross,Budget,Feb,5571528,0.0061,0,0.0008
MA,CDE,2025,Gross,Budget,Mar,920361021,165.1901,0,0.1319
MA,CDE,2025,Gross,Budget,Apr,861795584,0.9364,0,0.1235
MA,CDE,2025,Gross,Budget,May,226540089,0.2629,0,0.0325
MA,CDE,2025,Gross,Budget,Jun,174831068,0.7717,0,0.0251
MA,CDE,2025,Gross,Budget,Jul,600198665,3.433,0,0.086
MA,CDE,2025,Gross,Budget,Aug,398069876,0.6632,0,0.057
MA,CDE,2025,Gross,Budget,Sep,1178408462,2.9603,0,0.1689
MA,CDE,2025,Gross,Budget,Oct,905015438,0.768,0,0.1297
MA,CDE,2025,Gross,Budget,Nov,179593722,0.1984,0,0.0257
MA,CDE,2025,Gross,Budget,Dec,615564812,3.4275,0,0.0882
MA,CDE,2025,Gross,Forecast,Jan,3516679091,,2603651403,0.3621
MA,CDE,2025,Gross,Forecast,Feb,66177639,0.0188,60606111,0.0068
MA,CDE,2025,Gross,Forecast,Mar,505219406,7.6343,-415141615,0.052
MA,CDE,2025,Gross,Forecast,Apr,819667315,1.6224,-42128269,0.0844
MA,CDE,2025,Gross,Forecast,May,495058534,0.604,268518445,0.051
MA,CDE,2025,Gross,Forecast,Jun,233688248,0.472,58857180,0.0241
MA,CDE,2025,Gross,Forecast,Jul,536246462,2.2947,-63952203,0.0552
MA,CDE,2025,Gross,Forecast,Aug,245392435,0.4576,-152677441,0.0253
MA,CDE,2025,Gross,Forecast,Sep,2048015803,8.3459,869607341,0.2109
MA,CDE,2025,Gross,Forecast,Oct,466892457,0.228,-438122981,0.0481
MA,CDE,2025,Gross,Forecast,Nov,219281260,0.4697,39687538,0.0226
MA,CDE,2025,Gross,Forecast,Dec,559666008,2.5523,-55898804,0.0576
MA,CDE,2025,Net,Actual,Jan,2909644979,,-419328759,0.3431
MA,CDE,2025,Net,Actual,Feb,65269376,0.0224,-50282322,0.0077
MA,CDE,2025,Net,Actual,Mar,1113711734,17.0633,520590216,0.1313
MA,CDE,2025,Net,Actual,Apr,401008049,0.3601,-1057925072,0.0473
MA,CDE,2025,Net,Actual,May,157020565,0.3916,-330301054,0.0185
MA,CDE,2025,Net,Actual,Jun,100388766,0.6393,24859406,0.0118
MA,CDE,2025,Net,Actual,Jul,145250918,1.4469,-267266715,0.0171
MA,CDE,2025,Net,Actual,Aug,591731027,4.0739,373961180,0.0698
MA,CDE,2025,Net,Actual,Sep,987902656,1.6695,-971129338,0.1165
MA,CDE,2025,Net,Actual,Oct,744724833,0.7538,138303569,0.0878
MA,CDE,2025,Net,Actual,Nov,305914085,0.4108,78520001,0.0361
MA,CDE,2025,Net,Actual,Dec,958983709,3.1348,340597691,0.1131
MA,CDE,2025,Net,Budget,Jan,3328973738,,0,0.3296
MA,CDE,2025,Net,Budget,Feb,115551698,0.0347,0,0.0114
MA,CDE,2025,Net,Budget,Mar,593121518,5.133,0,0.0587
MA,CDE,2025,Net,Budget,Apr,1458933121,2.4598,0,0.1444
MA,CDE,2025,Net,Budget,May,487321619,0.334,0,0.0482
MA,CDE,2025,Net,Budget,Jun,75529360,0.155,0,0.0075
MA,CDE,2025,Net,Budget,Jul,412517633,5.4617,0,0.0408
MA,CDE,2025,Net,Budget,Aug,217769847,0.5279,0,0.0216
MA,CDE,2025,Net,Budget,Sep,1959031994,8.9959,0,0.1939
MA,CDE,2025,Net,Budget,Oct,606421264,0.3096,0,0.06
MA,CDE,2025,Net,Budget,Nov,227394084,0.375,0,0.0225
MA,CDE,2025,Net,Budget,Dec,618386018,2.7194,0,0.0612
MA,CDE,2025,Net,Forecast,Jan,44990335,,-3283983403,0.0062
MA,CDE,2025,Net,Forecast,Feb,246324493,5.4751,130772795,0.0341
MA,CDE,2025,Net,Forecast,Mar,1343919889,5.4559,750798371,0.1861
MA,CDE,2025,Net,Forecast,Apr,1275354634,0.949,-183578487,0.1766
MA,CDE,2025,Net,Forecast,May,216497004,0.1698,-270824615,0.03
MA,CDE,2025,Net,Forecast,Jun,453000857,2.0924,377471497,0.0627
MA,CDE,2025,Net,Forecast,Jul,497732970,1.0987,85215337,0.0689
MA,CDE,2025,Net,Forecast,Aug,399033100,0.8017,181263253,0.0552
MA,CDE,2025,Net,Forecast,Sep,921064438,2.3082,-1037967556,0.1275
MA,CDE,2025,Net,Forecast,Oct,763301716,0.8287,156880452,0.1057
MA,CDE,2025,Net,Forecast,Nov,81617372,0.1069,-145776712,0.0113
MA,CDE,2025,Net,Forecast,Dec,980208692,12.0098,361822674,0.1357
MA,CDE,2025,Op,Actual,Jan,2065174398,,1431469961,0.2186
MA,CDE,2025,Op,Actual,Feb,109568326,0.0531,99952355,0.0116
MA,CDE,2025,Op,Actual,Mar,40772071,0.3721,-313971969,0.0043
MA,CDE,2025,Op,Actual,Apr,1290193194,31.644,693413508,0.1366
MA,CDE,2025,Op,Actual,May,165755001,0.1285,-117449724,0.0175
MA,CDE,2025,Op,Actual,Jun,301544634,1.8192,-35637633,0.0319
MA,CDE,2025,Op,Actual,Jul,128794934,0.4271,-458519831,0.0136
MA,CDE,2025,Op,Actual,Aug,642331779,4.9872,484563404,0.068
MA,CDE,2025,Op,Actual,Sep,2477307262,3.8567,-855436583,0.2622
MA,CDE,2025,Op,Actual,Oct,1664487294,0.6719,542829143,0.1762
MA,CDE,2025,Op,Actual,Nov,161669744,0.0971,-104746577,0.0171
MA,CDE,2025,Op,Actual,Dec,399132996,2.4688,-74390206,0.0423
MA,CDE,2025,Op,Budget,Jan,633704437,,0,0.0777
MA,CDE,2025,Op,Budget,Feb,9615971,0.0152,0,0.0012
MA,CDE,2025,Op,Budget,Mar,354744040,36.8911,0,0.0435
MA,CDE,2025,Op,Budget,Apr,596779686,1.6823,0,0.0732
MA,CDE,2025,Op,Budget,May,283204725,0.4746,0,0.0347
MA,CDE,2025,Op,Budget,Jun,337182267,1.1906,0,0.0413
MA,CDE,2025,Op,Budget,Jul,587314765,1.7418,0,0.072
MA,CDE,2025,Op,Budget,Aug,157768375,0.2686,0,0.0193
MA,CDE,2025,Op,Budget,Sep,3332743845,21.1243,0,0.4087
MA,CDE,2025,Op,Budget,Oct,1121658151,0.3366,0,0.1375
MA,CDE,2025,Op,Budget,Nov,266416321,0.2375,0,0.0327
MA,CDE,2025,Op,Budget,Dec,473523202,1.7774,0,0.0581
MA,CDE,2025,Op,Forecast,Jan,227418992,,-406285445,0.0394
MA,CDE,2025,Op,Forecast,Feb,77344524,0.3401,67728553,0.0134
MA,CDE,2025,Op,Forecast,Mar,1314931712,17.001,960187672,0.2281
MA,CDE,2025,Op,Forecast,Apr,493198985,0.3751,-103580701,0.0855
MA,CDE,2025,Op,Forecast,May,312134008,0.6329,28929283,0.0541
MA,CDE,2025,Op,Forecast,Jun,124600259,0.3992,-212582008,0.0216
MA,CDE,2025,Op,Forecast,Jul,492042957,3.949,-95271808,0.0853
MA,CDE,2025,Op,Forecast,Aug,90366897,0.1837,-67401478,0.0157
MA,CDE,2025,Op,Forecast,Sep,885634922,9.8004,-2447108923,0.1536
MA,CDE,2025,Op,Forecast,Oct,939391461,1.0607,-182266690,0.1629
MA,CDE,2025,Op,Forecast,Nov,14478891,0.0154,-251937430,0.0025
MA,CDE,2025,Op,Forecast,Dec,794079966,54.844,320556764,0.1377
MA,PJ,2024,Gross,Actual,Jan,3091581544,,1766036801,0.2609
MA,PJ,2024,Gross,Actual,Feb,58188348,0.0188,-65355037,0.0049
MA,PJ,2024,Gross,Actual,Mar,1301865595,22.3733,611909959,0.1099
MA,PJ,2024,Gross,Actual,Apr,916815788,0.7042,564170641,0.0774
MA,PJ,2024,Gross,Actual,May,506573750,0.5525,305471239,0.0428
MA,PJ,2024,Gross,Actual,Jun,890836055,1.7586,432342761,0.0752
MA,PJ,2024,Gross,Actual,Jul,1238579,0.0014,-111589111,0.0001
MA,PJ,2024,Gross,Actual,Aug,654733066,528.6163,596053869,0.0553
MA,PJ,2024,Gross,Actual,Sep,2910870379,4.4459,183737890,0.2457
MA,PJ,2024,Gross,Actual,Oct,839168992,0.2883,-1092589868,0.0708
MA,PJ,2024,Gross,Actual,Nov,158868623,0.1893,95334558,0.0134
MA,PJ,2024,Gross,Actual,Dec,518482372,3.2636,-268255532,0.0438
MA,PJ,2024,Gross,Budget,Jan,1325544743,,0,0.1501
MA,PJ,2024,Gross,Budget,Feb,123543385,0.0932,0,0.014
MA,PJ,2024,Gross,Budget,Mar,689955636,5.5847,0,0.0781
MA,PJ,2024,Gross,Budget,Apr,352645147,0.5111,0,0.0399
MA,PJ,2024,Gross,Budget,May,201102511,0.5703,0,0.0228
MA,PJ,2024,Gross,Budget,Jun,458493294,2.2799,0,0.0519
MA,PJ,2024,Gross,Budget,Jul,112827690,0.2461,0,0.0128
MA,PJ,2024,Gross,Budget,Aug,58679197,0.5201,0,0.0066
MA,PJ,2024,Gross,Budget,Sep,2727132489,46.4753,0,0.3088
MA,PJ,2024,Gross,Budget,Oct,1931758860,0.7083,0,0.2187
MA,PJ,2024,Gross,Budget,Nov,63534065,0.0329,0,0.0072
MA,PJ,2024,Gross,Budget,Dec,786737904,12.3829,0,0.0891
MA,PJ,2024,Gross,Forecast,Jan,566025553,,-759519190,0.0579
MA,PJ,2024,Gross,Forecast,Feb,90047734,0.1591,-33495651,0.0092
MA,PJ,2024,Gross,Forecast,Mar,1430811975,15.8895,740856339,0.1464
MA,PJ,2024,Gross,Forecast,Apr,1845945341,1.2901,1493300194,0.1888
MA,PJ,2024,Gross,Forecast,May,524335959,0.284,323233448,0.0536
MA,PJ,2024,Gross,Forecast,Jun,254622462,0.4856,-203870832,0.026
MA,PJ,2024,Gross,Forecast,Jul,228488951,0.8974,115661261,0.0234
MA,PJ,2024,Gross,Forecast,Aug,834473186,3.6521,775793989,0.0854
MA,PJ,2024,Gross,Forecast,Sep,3785387135,4.5363,1058254646,0.3872
MA,PJ,2024,Gross,Forecast,Oct,26303302,0.0069,-1905455558,0.0027
MA,PJ,2024,Gross,Forecast,Nov,49544988,1.8836,-13989077,0.0051
MA,PJ,2024,Gross,Forecast,Dec,139723204,2.8201,-647014700,0.0143
MA,PJ,2024,Net,Actual,Jan,3446687045,,1525292900,0.2912
MA,PJ,2024,Net,Actual,Feb,71493028,0.0207,51291433,0.006
MA,PJ,2024,Net,Actual,Mar,1085130536,15.1781,1000053561,0.0917
MA,PJ,2024,Net,Actual,Apr,153088643,0.1411,-1169458520,0.0129
MA,PJ,2024,Net,Actual,May,376133373,2.457,-196459224,0.0318
MA,PJ,2024,Net,Actual,Jun,666738270,1.7726,68907285,0.0563
MA,PJ,2024,Net,Actual,Jul,255028475,0.3825,-181489515,0.0215
MA,PJ,2024,Net,Actual,Aug,521802318,2.0461,5419740,0.0441
MA,PJ,2024,Net,Actual,Sep,2100988260,4.0264,1966161000,0.1775
MA,PJ,2024,Net,Actual,Oct,1895263388,0.9021,147912322,0.1601
MA,PJ,2024,Net,Actual,Nov,300784227,0.1587,64835233,0.0254
MA,PJ,2024,Net,Actual,Dec,962569364,3.2002,22954354,0.0813
MA,PJ,2024,Net,Budget,Jan,1921394145,,0,0.2252
MA,PJ,2024,Net,Budget,Feb,20201595,0.0105,0,0.0024
MA,PJ,2024,Net,Budget,Mar,85076975,4.2114,0,0.01
MA,PJ,2024,Net,Budget,Apr,1322547163,15.5453,0,0.155
MA,PJ,2024,Net,Budget,May,572592597,0.4329,0,0.0671
MA,PJ,2024,Net,Budget,Jun,597830985,1.0441,0,0.0701
MA,PJ,2024,Net,Budget,Jul,436517990,0.7302,0,0.0512
MA,PJ,2024,Net,Budget,Aug,516382578,1.183,0,0.0605
MA,PJ,2024,Net,Budget,Sep,134827260,0.2611,0,0.0158
MA,PJ,2024,Net,Budget,Oct,1747351066,12.9599,0,0.2048
MA,PJ,2024,Net,Budget,Nov,235948994,0.135,0,0.0277
MA,PJ,2024,Net,Budget,Dec,939615010,3.9823,0,0.1102
MA,PJ,2024,Net,Forecast,Jan,2182824044,,261429899,0.2422
MA,PJ,2024,Net,Forecast,Feb,184636742,0.0846,164435147,0.0205
MA,PJ,2024,Net,Forecast,Mar,1145208282,6.2025,1060131307,0.1271
MA,PJ,2024,Net,Forecast,Apr,1523049943,1.3299,200502780,0.169
MA,PJ,2024,Net,Forecast,May,516281539,0.339,-56311058,0.0573
MA,PJ,2024,Net,Forecast,Jun,135037673,0.2616,-462793312,0.015
MA,PJ,2024,Net,Forecast,Jul,25309192,0.1874,-411208798,0.0028
MA,PJ,2024,Net,Forecast,Aug,489537697,19.3423,-26844881,0.0543
MA,PJ,2024,Net,Forecast,Sep,1151731987,2.3527,1016904727,0.1278
MA,PJ,2024,Net,Forecast,Oct,587664825,0.5102,-1159686241,0.0652
MA,PJ,2024,Net,Forecast,Nov,322688612,0.5491,86739618,0.0358
MA,PJ,2024,Net,Forecast,Dec,748318890,2.319,-191296120,0.083
MA,PJ,2024,Op,Actual,Jan,1197084836,,-390082225,0.1856
MA,PJ,2024,Op,Actual,Feb,199414155,0.1666,75923171,0.0309
MA,PJ,2024,Op,Actual,Mar,1005935636,5.0445,276670602,0.156
MA,PJ,2024,Op,Actual,Apr,114910265,0.1142,-1533920419,0.0178
MA,PJ,2024,Op,Actual,May,326916405,2.845,210749215,0.0507
MA,PJ,2024,Op,Actual,Jun,135917545,0.4158,-698064688,0.0211
MA,PJ,2024,Op,Actual,Jul,373224665,2.746,197612906,0.0579
MA,PJ,2024,Op,Actual,Aug,624392953,1.673,169372034,0.0968
MA,PJ,2024,Op,Actual,Sep,493970585,0.7911,-669727114,0.0766
MA,PJ,2024,Op,Actual,Oct,985099017,1.9942,-236953352,0.1528
MA,PJ,2024,Op,Actual,Nov,103147210,0.1047,-79755401,0.016
MA,PJ,2024,Op,Actual,Dec,888315010,8.6121,357846493,0.1378
MA,PJ,2024,Op,Budget,Jan,1587167061,,0,0.181
MA,PJ,2024,Op,Budget,Feb,123490984,0.0778,0,0.0141
MA,PJ,2024,Op,Budget,Mar,729265034,5.9054,0,0.0832
MA,PJ,2024,Op,Budget,Apr,1648830684,2.2609,0,0.188
MA,PJ,2024,Op,Budget,May,116167190,0.0705,0,0.0132
MA,PJ,2024,Op,Budget,Jun,833982233,7.1792,0,0.0951
MA,PJ,2024,Op,Budget,Jul,175611759,0.2106,0,0.02
MA,PJ,2024,Op,Budget,Aug,455020919,2.5911,0,0.0519
MA,PJ,2024,Op,Budget,Sep,1163697699,2.5575,0,0.1327
MA,PJ,2024,Op,Budget,Oct,1222052369,1.0501,0,0.1394
MA,PJ,2024,Op,Budget,Nov,182902611,0.1497,0,0.0209
MA,PJ,2024,Op,Budget,Dec,530468517,2.9003,0,0.0605
MA,PJ,2024,Op,Forecast,Jan,2757351998,,1170184937,0.3108
MA,PJ,2024,Op,Forecast,Feb,43176543,0.0157,-80314441,0.0049
MA,PJ,2024,Op,Forecast,Mar,678124765,15.7059,-51140269,0.0764
MA,PJ,2024,Op,Forecast,Apr,1197538354,1.766,-451292330,0.135
MA,PJ,2024,Op,Forecast,May,216775526,0.181,100608336,0.0244
MA,PJ,2024,Op,Forecast,Jun,465517728,2.1475,-368464505,0.0525
MA,PJ,2024,Op,Forecast,Jul,304022725,0.6531,128410966,0.0343
MA,PJ,2024,Op,Forecast,Aug,370897029,1.22,-84123890,0.0418
MA,PJ,2024,Op,Forecast,Sep,1512196242,4.0771,348498543,0.1704
MA,PJ,2024,Op,Forecast,Oct,351940930,0.2327,-870111439,0.0397
MA,PJ,2024,Op,Forecast,Nov,644989,0.0018,-182257622,0.0001
MA,PJ,2024,Op,Forecast,Dec,974693255,1511.1781,444224738,0.1099
MA,PJ,2025,Gross,Actual,Jan,2445200000,,-946020139,0.2008
MA,PJ,2025,Gross,Actual,Feb,173910000,0.0711,-8574604,0.0143
MA,PJ,2025,Gross,Actual,Mar,1056150000,6.073,628087826,0.0867
MA,PJ,2025,Gross,Actual,Apr,1275200000,1.2074,-265416419,0.1047
MA,PJ,2025,Gross,Actual,May,410620000,0.322,316841705,0.0337
MA,PJ,2025,Gross,Actual,Jun,604840000,1.473,114449376,0.0497
MA,PJ,2025,Gross,Actual,Jul,422810000,0.699,387189270,0.0347
MA,PJ,2025,Gross,Actual,Aug,583710000,1.3805,-284506360,0.0479
MA,PJ,2025,Gross,Actual,Sep,2726240000,4.6705,-544688754,0.2239
MA,PJ,2025,Gross,Actual,Oct,1341350000,0.492,-599349390,0.1101
MA,PJ,2025,Gross,Actual,Nov,234260000,0.1746,92890568,0.0192
MA,PJ,2025,Gross,Actual,Dec,903220000,3.8556,-27785938,0.0742
MA,PJ,2025,Gross,Budget,Jan,3391220139,,0,0.2547
MA,PJ,2025,Gross,Budget,Feb,182484604,0.0538,0,0.0137
MA,PJ,2025,Gross,Budget,Mar,428062174,2.3457,0,0.0322
MA,PJ,2025,Gross,Budget,Apr,1540616419,3.599,0,0.1157
MA,PJ,2025,Gross,Budget,May,93778295,0.0609,0,0.007
MA,PJ,2025,Gross,Budget,Jun,490390624,5.2293,0,0.0368
MA,PJ,2025,Gross,Budget,Jul,35620730,0.0726,0,0.0027
MA,PJ,2025,Gross,Budget,Aug,868216360,24.3739,0,0.0652
MA,PJ,2025,Gross,Budget,Sep,3270928754,3.7674,0,0.2457
MA,PJ,2025,Gross,Budget,Oct,1940699390,0.5933,0,0.1458
MA,PJ,2025,Gross,Budget,Nov,141369432,0.0728,0,0.0106
MA,PJ,2025,Gross,Budget,Dec,931005938,6.5856,0,0.0699
MA,PJ,2025,Gross,Forecast,Jan,1492480034,,-1898740105,0.1303
MA,PJ,2025,Gross,Forecast,Feb,84195951,0.0564,-98288653,0.0074
MA,PJ,2025,Gross,Forecast,Mar,1322957004,15.7128,894894830,0.1155
MA,PJ,2025,Gross,Forecast,Apr,1548816353,1.1707,8199934,0.1352
MA,PJ,2025,Gross,Forecast,May,455881077,0.2943,362102782,0.0398
MA,PJ,2025,Gross,Forecast,Jun,32511456,0.0713,-457879168,0.0028
MA,PJ,2025,Gross,Forecast,Jul,392917048,12.0855,357296318,0.0343
MA,PJ,2025,Gross,Forecast,Aug,132563422,0.3374,-735652938,0.0116
MA,PJ,2025,Gross,Forecast,Sep,4025447788,30.3662,754519034,0.3515
MA,PJ,2025,Gross,Forecast,Oct,867066092,0.2154,-1073633298,0.0757
MA,PJ,2025,Gross,Forecast,Nov,285025364,0.3287,143655932,0.0249
MA,PJ,2025,Gross,Forecast,Dec,812205811,2.8496,-118800127,0.0709
MA,PJ,2025,Net,Actual,Jan,2347390000,,-538000898,0.2009
MA,PJ,2025,Net,Actual,Feb,166960000,0.0711,87359228,0.0143
MA,PJ,2025,Net,Actual,Mar,929280000,5.5659,487635287,0.0795
MA,PJ,2025,Net,Actual,Apr,1224190000,1.3174,912366228,0.1047
MA,PJ,2025,Net,Actual,May,394200000,0.322,-20602702,0.0337
MA,PJ,2025,Net,Actual,Jun,571640000,1.4501,-185752471,0.0489
MA,PJ,2025,Net,Actual,Jul,401710000,0.7027,393527092,0.0344
MA,PJ,2025,Net,Actual,Aug,554520000,1.3804,143651517,0.0474
MA,PJ,2025,Net,Actual,Sep,2574980000,4.6436,1142549091,0.2203
MA,PJ,2025,Net,Actual,Oct,1274360000,0.4949,-100099328,0.109
MA,PJ,2025,Net,Actual,Nov,222550000,0.1746,-52283418,0.019
MA,PJ,2025,Net,Actual,Dec,1025060000,4.606,935980188,0.0877
MA,PJ,2025,Net,Budget,Jan,2885390898,,0,0.3402
MA,PJ,2025,Net,Budget,Feb,79600772,0.0276,0,0.0094
MA,PJ,2025,Net,Budget,Mar,441644713,5.5482,0,0.0521
MA,PJ,2025,Net,Budget,Apr,311823772,0.7061,0,0.0368
MA,PJ,2025,Net,Budget,May,414802702,1.3302,0,0.0489
MA,PJ,2025,Net,Budget,Jun,757392471,1.8259,0,0.0893
MA,PJ,2025,Net,Budget,Jul,8182908,0.0108,0,0.001
MA,PJ,2025,Net,Budget,Aug,410868483,50.2106,0,0.0484
MA,PJ,2025,Net,Budget,Sep,1432430909,3.4863,0,0.1689
MA,PJ,2025,Net,Budget,Oct,1374459328,0.9595,0,0.1621
MA,PJ,2025,Net,Budget,Nov,274833418,0.2,0,0.0324
MA,PJ,2025,Net,Budget,Dec,89079812,0.3241,0,0.0105
MA,PJ,2025,Net,Forecast,Jan,2166789200,,-718601698,0.2762
MA,PJ,2025,Net,Forecast,Feb,113877416,0.0526,34276644,0.0145
MA,PJ,2025,Net,Forecast,Mar,882403398,7.7487,440758685,0.1125
MA,PJ,2025,Net,Forecast,Apr,1370494054,1.5531,1058670282,0.1747
MA,PJ,2025,Net,Forecast,May,85166539,0.0621,-329636163,0.0109
MA,PJ,2025,Net,Forecast,Jun,743701014,8.7323,-13691457,0.0948
MA,PJ,2025,Net,Forecast,Jul,82449641,0.1109,74266733,0.0105
MA,PJ,2025,Net,Forecast,Aug,258196412,3.1316,-152672071,0.0329
MA,PJ,2025,Net,Forecast,Sep,1394739365,5.4019,-37691544,0.1778
MA,PJ,2025,Net,Forecast,Oct,449414720,0.3222,-925044608,0.0573
MA,PJ,2025,Net,Forecast,Nov,76199353,0.1696,-198634065,0.0097
MA,PJ,2025,Net,Forecast,Dec,221989192,2.9133,132909380,0.0283
MA,PJ,2025,Op,Actual,Jan,2347390000,,2112870183,0.2009
MA,PJ,2025,Op,Actual,Feb,166960000,0.0711,63178579,0.0143
MA,PJ,2025,Op,Actual,Mar,929280000,5.5659,495336894,0.0795
MA,PJ,2025,Op,Actual,Apr,1224190000,1.3174,-170544615,0.1047
MA,PJ,2025,Op,Actual,May,394200000,0.322,106332295,0.0337
MA,PJ,2025,Op,Actual,Jun,571640000,1.4501,-240473413,0.0489
MA,PJ,2025,Op,Actual,Jul,401710000,0.7027,312698027,0.0344
MA,PJ,2025,Op,Actual,Aug,554520000,1.3804,35731332,0.0474
MA,PJ,2025,Op,Actual,Sep,2574980000,4.6436,2041954206,0.2203
MA,PJ,2025,Op,Actual,Oct,1274360000,0.4949,224638490,0.109
MA,PJ,2025,Op,Actual,Nov,222550000,0.1746,197693843,0.019
MA,PJ,2025,Op,Actual,Dec,1025060000,4.606,189337678,0.0877
MA,PJ,2025,Op,Budget,Jan,234519817,,0,0.0371
MA,PJ,2025,Op,Budget,Feb,103781421,0.4425,0,0.0164
MA,PJ,2025,Op,Budget,Mar,433943106,4.1813,0,0.0687
MA,PJ,2025,Op,Budget,Apr,1394734615,3.2141,0,0.2208
MA,PJ,2025,Op,Budget,May,287867705,0.2064,0,0.0456
MA,PJ,2025,Op,Budget,Jun,812113413,2.8211,0,0.1285
MA,PJ,2025,Op,Budget,Jul,89011973,0.1096,0,0.0141
MA,PJ,2025,Op,Budget,Aug,518788668,5.8283,0,0.0821
MA,PJ,2025,Op,Budget,Sep,533025794,1.0274,0,0.0844
MA,PJ,2025,Op,Budget,Oct,1049721510,1.9694,0,0.1661
MA,PJ,2025,Op,Budget,Nov,24856157,0.0237,0,0.0039
MA,PJ,2025,Op,Budget,Dec,835722322,33.6223,0,0.1323
MA,PJ,2025,Op,Forecast,Jan,1703493855,,1468974038,0.2086
MA,PJ,2025,Op,Forecast,Feb,57177906,0.0336,-46603515,0.007
MA,PJ,2025,Op,Forecast,Mar,893423207,15.6253,459480101,0.1094
MA,PJ,2025,Op,Forecast,Apr,1448225226,1.621,53490611,0.1773
MA,PJ,2025,Op,Forecast,May,415342232,0.2868,127474527,0.0509
MA,PJ,2025,Op,Forecast,Jun,353238892,0.8505,-458874521,0.0432
MA,PJ,2025,Op,Forecast,Jul,115140017,0.326,26128044,0.0141
MA,PJ,2025,Op,Forecast,Aug,92886709,0.8067,-425901959,0.0114
MA,PJ,2025,Op,Forecast,Sep,483434731,5.2046,-49591063,0.0592
MA,PJ,2025,Op,Forecast,Oct,833009952,1.7231,-216711558,0.102
MA,PJ,2025,Op,Forecast,Nov,303451263,0.3643,278595106,0.0372
MA,PJ,2025,Op,Forecast,Dec,1468668900,4.8399,632946578,0.1798
MY,CDE,2024,Gross,Actual,Jan,843330949,,107812340,0.0843
MY,CDE,2024,Gross,Actual,Feb,379434,0.0004,160733,0.0
MY,CDE,2024,Gross,Actual,Mar,2485840755,6551.4444,871802934,0.2484
MY,CDE,2024,Gross,Actual,Apr,360227341,0.1449,213260354,0.036
MY,CDE,2024,Gross,Actual,May,1176175481,3.2651,-379105056,0.1175
MY,CDE,2024,Gross,Actual,Jun,903226396,0.7679,622079409,0.0903
MY,CDE,2024,Gross,Actual,Jul,24071136,0.0267,-9710998,0.0024
MY,CDE,2024,Gross,Actual,Aug,1579798401,65.6304,-140261418,0.1579
MY,CDE,2024,Gross,Actual,Sep,732920150,0.4639,631708773,0.0732
MY,CDE,2024,Gross,Actual,Oct,95476394,0.1303,-318308875,0.0095
MY,CDE,2024,Gross,Actual,Nov,683834968,7.1623,218239595,0.0683
MY,CDE,2024,Gross,Actual,Dec,1121605216,1.6402,266528357,0.1121
MY,CDE,2024,Gross,Budget,Jan,735518609,,0,0.0928
MY,CDE,2024,Gross,Budget,Feb,218701,0.0003,0,0.0
MY,CDE,2024,Gross,Budget,Mar,1614037821,7380.1118,0,0.2037
MY,CDE,2024,Gross,Budget,Apr,146966987,0.0911,0,0.0186
MY,CDE,2024,Gross,Budget,May,1555280537,10.5825,0,0.1963
MY,CDE,2024,Gross,Budget,Jun,281146987,0.1808,0,0.0355
MY,CDE,2024,Gross,Budget,Jul,33782134,0.1202,0,0.0043
MY,CDE,2024,Gross,Budget,Aug,1720059819,50.9163,0,0.2171
MY,CDE,2024,Gross,Budget,Sep,101211377,0.0588,0,0.0128
MY,CDE,2024,Gross,Budget,Oct,413785269,4.0883,0,0.0522
MY,CDE,2024,Gross,Budget,Nov,465595373,1.1252,0,0.0588
MY,CDE,2024,Gross,Budget,Dec,855076859,1.8365,0,0.1079
MY,CDE,2024,Gross,Forecast,Jan,367271829,,-368246780,0.0556
MY,CDE,2024,Gross,Forecast,Feb,309531,0.0008,90830,0.0
MY,CDE,2024,Gross,Forecast,Mar,928424846,2999.4567,-685612975,0.1405
MY,CDE,2024,Gross,Forecast,Apr,153287245,0.1651,6320258,0.0232
MY,CDE,2024,Gross,Forecast,May,503802541,3.2867,-1051477996,0.0762
MY,CDE,2024,Gross,Forecast,Jun,586790878,1.1647,305643891,0.0888
MY,CDE,2024,Gross,Forecast,Jul,143102555,0.2439,109320421,0.0216
MY,CDE,2024,Gross,Forecast,Aug,1757886401,12.2841,37826582,0.2659
MY,CDE,2024,Gross,Forecast,Sep,466665157,0.2655,365453780,0.0706
MY,CDE,2024,Gross,Forecast,Oct,12023921,0.0258,-401761348,0.0018
MY,CDE,2024,Gross,Forecast,Nov,253258798,21.0629,-212336575,0.0383
MY,CDE,2024,Gross,Forecast,Dec,1437393057,5.6756,582316198,0.2175
MY,CDE,2024,Net,Actual,Jan,419329244,,49410447,0.0754
MY,CDE,2024,Net,Actual,Feb,297483,0.0007,-66588,0.0001
MY,CDE,2024,Net,Actual,Mar,1286607575,4324.9785,1050091481,0.2314
MY,CDE,2024,Net,Actual,Apr,542461785,0.4216,383590262,0.0976
MY,CDE,2024,Net,Actual,May,124726660,0.2299,-25981118,0.0224
MY,CDE,2024,Net,Actual,Jun,107460927,0.8616,-534677116,0.0193
MY,CDE,2024,Net,Actual,Jul,8606782,0.0801,-24033460,0.0015
MY,CDE,2024,Net,Actual,Aug,1924698411,223.6258,964818705,0.3462
MY,CDE,2024,Net,Actual,Sep,103821686,0.0539,101024994,0.0187
MY,CDE,2024,Net,Actual,Oct,77218301,0.7438,-124075634,0.0139
MY,CDE,2024,Net,Actual,Nov,741139845,9.598,231980029,0.1333
MY,CDE,2024,Net,Actual,Dec,222815047,0.3006,-392429539,0.0401
MY,CDE,2024,Net,Budget,Jan,369918797,,0,0.0954
MY,CDE,2024,Net,Budget,Feb,364071,0.001,0,0.0001
MY,CDE,2024,Net,Budget,Mar,236516094,649.6428,0,0.061
MY,CDE,2024,Net,Budget,Apr,158871523,0.6717,0,0.041
MY,CDE,2024,Net,Budget,May,150707778,0.9486,0,0.0388
MY,CDE,2024,Net,Budget,Jun,642138043,4.2608,0,0.1655
MY,CDE,2024,Net,Budget,Jul,32640242,0.0508,0,0.0084
MY,CDE,2024,Net,Budget,Aug,959879706,29.4079,0,0.2474
MY,CDE,2024,Net,Budget,Sep,2796692,0.0029,0,0.0007
MY,CDE,2024,Net,Budget,Oct,201293935,71.9757,0,0.0519
MY,CDE,2024,Net,Budget,Nov,509159816,2.5294,0,0.1312
MY,CDE,2024,Net,Budget,Dec,615244586,1.2084,0,0.1586
MY,CDE,2024,Net,Forecast,Jan,985559741,,615640944,0.123
MY,CDE,2024,Net,Forecast,Feb,98754,0.0001,-265317,0.0
MY,CDE,2024,Net,Forecast,Mar,2383907908,24139.8618,2147391814,0.2976
MY,CDE,2024,Net,Forecast,Apr,185462741,0.0778,26591218,0.0232
MY,CDE,2024,Net,Forecast,May,1465645492,7.9026,1314937714,0.183
MY,CDE,2024,Net,Forecast,Jun,589434971,0.4022,-52703072,0.0736
MY,CDE,2024,Net,Forecast,Jul,138592339,0.2351,105952097,0.0173
MY,CDE,2024,Net,Forecast,Aug,246743601,1.7804,-713136105,0.0308
MY,CDE,2024,Net,Forecast,Sep,662858710,2.6864,660062018,0.0827
MY,CDE,2024,Net,Forecast,Oct,352032141,0.5311,150738206,0.0439
MY,CDE,2024,Net,Forecast,Nov,730186163,2.0742,221026347,0.0911
MY,CDE,2024,Net,Forecast,Dec,270573083,0.3706,-344671503,0.0338
MY,CDE,2024,Op,Actual,Jan,765516573,,-222268316,0.0748
MY,CDE,2024,Op,Actual,Feb,137507,0.0002,57705,0.0
MY,CDE,2024,Op,Actual,Mar,2736318699,19899.4866,484289438,0.2673
MY,CDE,2024,Op,Actual,Apr,599368772,0.219,535520492,0.0585
MY,CDE,2024,Op,Actual,May,404708621,0.6752,-194851571,0.0395
MY,CDE,2024,Op,Actual,Jun,494704651,1.2224,-224195268,0.0483
MY,CDE,2024,Op,Actual,Jul,109485249,0.2213,3012531,0.0107
MY,CDE,2024,Op,Actual,Aug,1317423433,12.0329,291101298,0.1287
MY,CDE,2024,Op,Actual,Sep,980573886,0.7443,273643598,0.0958
MY,CDE,2024,Op,Actual,Oct,365768557,0.373,56695195,0.0357
MY,CDE,2024,Op,Actual,Nov,452418114,1.2369,-25430462,0.0442
MY,CDE,2024,Op,Actual,Dec,2011976218,4.4472,1286614994,0.1965
MY,CDE,2024,Op,Budget,Jan,987784889,,0,0.1239
MY,CDE,2024,Op,Budget,Feb,79802,0.0001,0,0.0
MY,CDE,2024,Op,Budget,Mar,2252029261,28220.2108,0,0.2824
MY,CDE,2024,Op,Budget,Apr,63848280,0.0284,0,0.008
MY,CDE,2024,Op,Budget,May,599560192,9.3904,0,0.0752
MY,CDE,2024,Op,Budget,Jun,718899919,1.199,0,0.0902
MY,CDE,2024,Op,Budget,Jul,106472718,0.1481,0,0.0134
MY,CDE,2024,Op,Budget,Aug,1026322135,9.6393,0,0.1287
MY,CDE,2024,Op,Budget,Sep,706930288,0.6888,0,0.0887
MY,CDE,2024,Op,Budget,Oct,309073362,0.4372,0,0.0388
MY,CDE,2024,Op,Budget,Nov,477848576,1.5461,0,0.0599
MY,CDE,2024,Op,Budget,Dec,725361224,1.518,0,0.091
MY,CDE,2024,Op,Forecast,Jan,226673352,,-761111537,0.0409
MY,CDE,2024,Op,Forecast,Feb,298672,0.0013,218870,0.0001
MY,CDE,2024,Op,Forecast,Mar,2565064415,8588.232,313035154,0.4632
MY,CDE,2024,Op,Forecast,Apr,335579041,0.1308,271730761,0.0606
MY,CDE,2024,Op,Forecast,May,314849346,0.9382,-284710846,0.0569
MY,CDE,2024,Op,Forecast,Jun,26237734,0.0833,-692662185,0.0047
MY,CDE,2024,Op,Forecast,Jul,120660684,4.5987,14187966,0.0218
MY,CDE,2024,Op,Forecast,Aug,204493389,1.6948,-821828746,0.0369
MY,CDE,2024,Op,Forecast,Sep,132897440,0.6499,-574032848,0.024
MY,CDE,2024,Op,Forecast,Oct,154369885,1.1616,-154703477,0.0279
MY,CDE,2024,Op,Forecast,Nov,299321049,1.939,-178527527,0.054
MY,CDE,2024,Op,Forecast,Dec,1157799428,3.8681,432438204,0.2091
MY,CDE,2025,Gross,Actual,Jan,164957038,,-580389738,0.0221
MY,CDE,2025,Gross,Actual,Feb,367989,0.0022,197678,0.0
MY,CDE,2025,Gross,Actual,Mar,2950865292,8018.8954,2317257115,0.395
MY,CDE,2025,Gross,Actual,Apr,133325150,0.0452,35990361,0.0178
MY,CDE,2025,Gross,Actual,May,359475311,2.6962,-759663563,0.0481
MY,CDE,2025,Gross,Actual,Jun,229799294,0.6393,-534102072,0.0308
MY,CDE,2025,Gross,Actual,Jul,119601057,0.5205,28166433,0.016
MY,CDE,2025,Gross,Actual,Aug,2003503279,16.7516,1614034109,0.2682
MY,CDE,2025,Gross,Actual,Sep,967491435,0.4829,687196892,0.1295
MY,CDE,2025,Gross,Actual,Oct,215902397,0.2232,125827410,0.0289
MY,CDE,2025,Gross,Actual,Nov,271883043,1.2593,-466205013,0.0364
MY,CDE,2025,Gross,Actual,Dec,53231222,0.1958,-786308306,0.0071
MY,CDE,2025,Gross,Budget,Jan,745346776,,0,0.1288
MY,CDE,2025,Gross,Budget,Feb,170311,0.0002,0,0.0
MY,CDE,2025,Gross,Budget,Mar,633608177,3720.301,0,0.1095
MY,CDE,2025,Gross,Budget,Apr,97334789,0.1536,0,0.0168
MY,CDE,2025,Gross,Budget,May,1119138874,11.4978,0,0.1933
MY,CDE,2025,Gross,Budget,Jun,763901366,0.6826,0,0.132
MY,CDE,2025,Gross,Budget,Jul,91434624,0.1197,0,0.0158
MY,CDE,2025,Gross,Budget,Aug,389469170,4.2595,0,0.0673
MY,CDE,2025,Gross,Budget,Sep,280294543,0.7197,0,0.0484
MY,CDE,2025,Gross,Budget,Oct,90074987,0.3214,0,0.0156
MY,CDE,2025,Gross,Budget,Nov,738088056,8.1942,0,0.1275
MY,CDE,2025,Gross,Budget,Dec,839539528,1.1375,0,0.145
MY,CDE,2025,Gross,Forecast,Jan,25145730,,-720201046,0.0038
MY,CDE,2025,Gross,Forecast,Feb,4104,0.0002,-166207,0.0
MY,CDE,2025,Gross,Forecast,Mar,2552524057,621960.0529,1918915880,0.3843
MY,CDE,2025,Gross,Forecast,Apr,396888749,0.1555,299553960,0.0598
MY,CDE,2025,Gross,Forecast,May,575436870,1.4499,-543702004,0.0866
MY,CDE,2025,Gross,Forecast,Jun,7055267,0.0123,-756846099,0.0011
MY,CDE,2025,Gross,Forecast,Jul,98420865,13.95,6986241,0.0148
MY,CDE,2025,Gross,Forecast,Aug,1640859376,16.6719,1251390206,0.2471
MY,CDE,2025,Gross,Forecast,Sep,335176069,0.2043,54881526,0.0505
MY,CDE,2025,Gross,Forecast,Oct,269091684,0.8028,179016697,0.0405
MY,CDE,2025,Gross,Forecast,Nov,666370408,2.4764,-71717648,0.1003
MY,CDE,2025,Gross,Forecast,Dec,74413427,0.1117,-765126101,0.0112
MY,CDE,2025,Net,Actual,Jan,388588264,,29372137,0.0455
MY,CDE,2025,Net,Actual,Feb,15121,0.0,-195476,0.0
MY,CDE,2025,Net,Actual,Mar,2012526435,133094.7976,-415640019,0.2357
MY,CDE,2025,Net,Actual,Apr,100435393,0.0499,-501984860,0.0118
MY,CDE,2025,Net,Actual,May,889865971,8.8601,246066063,0.1042
MY,CDE,2025,Net,Actual,Jun,914605251,1.0278,60878865,0.1071
MY,CDE,2025,Net,Actual,Jul,128687727,0.1407,109278262,0.0151
MY,CDE,2025,Net,Actual,Aug,1790311826,13.9121,1408098066,0.2096
MY,CDE,2025,Net,Actual,Sep,689648637,0.3852,-210784237,0.0808
MY,CDE,2025,Net,Actual,Oct,48292422,0.07,-249204135,0.0057
MY,CDE,2025,Net,Actual,Nov,162847523,3.3721,85427556,0.0191
MY,CDE,2025,Net,Actual,Dec,1413953545,8.6827,654265802,0.1656
MY,CDE,2025,Net,Budget,Jan,359216127,,0,0.049
MY,CDE,2025,Net,Budget,Feb,210597,0.0006,0,0.0
MY,CDE,2025,Net,Budget,Mar,2428166454,11529.9195,0,0.3315
MY,CDE,2025,Net,Budget,Apr,602420253,0.2481,0,0.0823
MY,CDE,2025,Net,Budget,May,643799908,1.0687,0,0.0879
MY,CDE,2025,Net,Budget,Jun,853726386,1.3261,0,0.1166
MY,CDE,2025,Net,Budget,Jul,19409465,0.0227,0,0.0027
MY,CDE,2025,Net,Budget,Aug,382213760,19.6921,0,0.0522
MY,CDE,2025,Net,Budget,Sep,900432874,2.3558,0,0.1229
MY,CDE,2025,Net,Budget,Oct,297496557,0.3304,0,0.0406
MY,CDE,2025,Net,Budget,Nov,77419967,0.2602,0,0.0106
MY,CDE,2025,Net,Budget,Dec,759687743,9.8126,0,0.1037
MY,CDE,2025,Net,Forecast,Jan,199581879,,-159634248,0.0358
MY,CDE,2025,Net,Forecast,Feb,208865,0.001,-1732,0.0
MY,CDE,2025,Net,Forecast,Mar,905612211,4335.8735,-1522554243,0.1625
MY,CDE,2025,Net,Forecast,Apr,417043552,0.4605,-185376701,0.0748
MY,CDE,2025,Net,Forecast,May,1564473645,3.7513,920673737,0.2807
MY,CDE,2025,Net,Forecast,Jun,5672862,0.0036,-848053524,0.001
MY,CDE,2025,Net,Forecast,Jul,131276208,23.1411,111866743,0.0236
MY,CDE,2025,Net,Forecast,Aug,989682106,7.5389,607468346,0.1776
MY,CDE,2025,Net,Forecast,Sep,395791233,0.3999,-504641641,0.071
MY,CDE,2025,Net,Forecast,Oct,87672975,0.2215,-209823582,0.0157
MY,CDE,2025,Net,Forecast,Nov,273716172,3.122,196296205,0.0491
MY,CDE,2025,Net,Forecast,Dec,602413404,2.2009,-157274339,0.1081
MY,CDE,2025,Op,Actual,Jan,820495154,,272451626,0.1145
MY,CDE,2025,Op,Actual,Feb,25706,0.0,-263105,0.0
MY,CDE,2025,Op,Actual,Mar,1211620233,47133.7522,-1346475352,0.1691
MY,CDE,2025,Op,Actual,Apr,105459348,0.087,-428908780,0.0147
MY,CDE,2025,Op,Actual,May,782543478,7.4203,-100048909,0.1092
MY,CDE,2025,Op,Actual,Jun,83382710,0.1066,-600260434,0.0116
MY,CDE,2025,Op,Actual,Jul,146603789,1.7582,112199035,0.0205
MY,CDE,2025,Op,Actual,Aug,1709021578,11.6574,1146688997,0.2385
MY,CDE,2025,Op,Actual,Sep,458805310,0.2685,-130393965,0.064
MY,CDE,2025,Op,Actual,Oct,136741491,0.298,-120647328,0.0191
MY,CDE,2025,Op,Actual,Nov,751396562,5.495,537070546,0.1049
MY,CDE,2025,Op,Actual,Dec,959456233,1.2769,911172595,0.1339
MY,CDE,2025,Op,Budget,Jan,548043528,,0,0.0793
MY,CDE,2025,Op,Budget,Feb,288811,0.0005,0,0.0
MY,CDE,2025,Op,Budget,Mar,2558095585,8857.3343,0,0.37
MY,CDE,2025,Op,Budget,Apr,534368128,0.2089,0,0.0773
MY,CDE,2025,Op,Budget,May,882592387,1.6517,0,0.1277
MY,CDE,2025,Op,Budget,Jun,683643144,0.7746,0,0.0989
MY,CDE,2025,Op,Budget,Jul,34404754,0.0503,0,0.005
MY,CDE,2025,Op,Budget,Aug,562332581,16.3446,0,0.0813
MY,CDE,2025,Op,Budget,Sep,589199275,1.0478,0,0.0852
MY,CDE,2025,Op,Budget,Oct,257388819,0.4368,0,0.0372
MY,CDE,2025,Op,Budget,Nov,214326016,0.8327,0,0.031
MY,CDE,2025,Op,Budget,Dec,48283638,0.2253,0,0.007
MY,CDE,2025,Op,Forecast,Jan,262957493,,-285086035,0.0376
MY,CDE,2025,Op,Forecast,Feb,237360,0.0009,-51451,0.0
MY,CDE,2025,Op,Forecast,Mar,1345050508,5666.7109,-1213045077,0.1923
MY,CDE,2025,Op,Forecast,Apr,326193012,0.2425,-208175116,0.0466
MY,CDE,2025,Op,Forecast,May,59460721,0.1823,-823131666,0.0085
MY,CDE,2025,Op,Forecast,Jun,147713673,2.4842,-535929471,0.0211
MY,CDE,2025,Op,Forecast,Jul,47953553,0.3246,13548799,0.0069
MY,CDE,2025,Op,Forecast,Aug,943018757,19.6653,380686176,0.1349
MY,CDE,2025,Op,Forecast,Sep,1241533297,1.3166,652334022,0.1775
MY,CDE,2025,Op,Forecast,Oct,303685255,0.2446,46296436,0.0434
MY,CDE,2025,Op,Forecast,Nov,229752245,0.7565,15426229,0.0329
MY,CDE,2025,Op,Forecast,Dec,2085180394,9.0758,2036896756,0.2982
MY,PJ,2024,Gross,Actual,Jan,652443858,,-434231171,0.1061
MY,PJ,2024,Gross,Actual,Feb,338541,0.0005,-64948,0.0001
MY,PJ,2024,Gross,Actual,Mar,697142332,2059.2553,590583923,0.1134
MY,PJ,2024,Gross,Actual,Apr,347119961,0.4979,37754206,0.0564
MY,PJ,2024,Gross,Actual,May,116436634,0.3354,-328149208,0.0189
MY,PJ,2024,Gross,Actual,Jun,286087909,2.457,60088323,0.0465
MY,PJ,2024,Gross,Actual,Jul,50753854,0.1774,-20814806,0.0083
MY,PJ,2024,Gross,Actual,Aug,1669785419,32.8997,1666497244,0.2715
MY,PJ,2024,Gross,Actual,Sep,101517523,0.0608,-61846174,0.0165
MY,PJ,2024,Gross,Actual,Oct,69703838,0.6866,-46767955,0.0113
MY,PJ,2024,Gross,Actual,Nov,621430462,8.9153,200371397,0.1011
MY,PJ,2024,Gross,Actual,Dec,1536670944,2.4728,1278502168,0.2499
MY,PJ,2024,Gross,Budget,Jan,1086675029,,0,0.3388
MY,PJ,2024,Gross,Budget,Feb,403489,0.0004,0,0.0001
MY,PJ,2024,Gross,Budget,Mar,106558409,264.0925,0,0.0332
MY,PJ,2024,Gross,Budget,Apr,309365755,2.9033,0,0.0965
MY,PJ,2024,Gross,Budget,May,444585842,1.4371,0,0.1386
MY,PJ,2024,Gross,Budget,Jun,225999586,0.5083,0,0.0705
MY,PJ,2024,Gross,Budget,Jul,71568660,0.3167,0,0.0223
MY,PJ,2024,Gross,Budget,Aug,3288175,0.0459,0,0.001
MY,PJ,2024,Gross,Budget,Sep,163363697,49.6822,0,0.0509
MY,PJ,2024,Gross,Budget,Oct,116471793,0.713,0,0.0363
MY,PJ,2024,Gross,Budget,Nov,421059065,3.6151,0,0.1313
MY,PJ,2024,Gross,Budget,Dec,258168776,0.6131,0,0.0805
MY,PJ,2024,Gross,Forecast,Jan,1013746240,,-72928789,0.1184
MY,PJ,2024,Gross,Forecast,Feb,41487,0.0,-362002,0.0
MY,PJ,2024,Gross,Forecast,Mar,1666897087,40178.781,1560338678,0.1946
MY,PJ,2024,Gross,Forecast,Apr,358265010,0.2149,48899255,0.0418
MY,PJ,2024,Gross,Forecast,May,287211889,0.8017,-157373953,0.0335
MY,PJ,2024,Gross,Forecast,Jun,1050132694,3.6563,824133108,0.1226
MY,PJ,2024,Gross,Forecast,Jul,105934996,0.1009,34366336,0.0124
MY,PJ,2024,Gross,Forecast,Aug,488421529,4.6106,485133354,0.057
MY,PJ,2024,Gross,Forecast,Sep,339438320,0.695,176074623,0.0396
MY,PJ,2024,Gross,Forecast,Oct,445192113,1.3116,328720320,0.052
MY,PJ,2024,Gross,Forecast,Nov,737856733,1.6574,316797668,0.0862
MY,PJ,2024,Gross,Forecast,Dec,2071027220,2.8068,1812858444,0.2418
MY,PJ,2024,Net,Actual,Jan,58277292,,-952044899,0.0063
MY,PJ,2024,Net,Actual,Feb,31651,0.0005,-386389,0.0
MY,PJ,2024,Net,Actual,Mar,2898566342,91578.9815,332597176,0.3122
MY,PJ,2024,Net,Actual,Apr,354095685,0.1222,-213677220,0.0381
MY,PJ,2024,Net,Actual,May,1081872689,3.0553,699678842,0.1165
MY,PJ,2024,Net,Actual,Jun,1113887815,1.0296,822033142,0.12
MY,PJ,2024,Net,Actual,Jul,6543189,0.0059,-24311416,0.0007
MY,PJ,2024,Net,Actual,Aug,664809746,101.6033,-934385513,0.0716
MY,PJ,2024,Net,Actual,Sep,695990473,1.0469,454518797,0.075
MY,PJ,2024,Net,Actual,Oct,21231642,0.0305,-188117866,0.0023
MY,PJ,2024,Net,Actual,Nov,499592722,23.5306,446956567,0.0538
MY,PJ,2024,Net,Actual,Dec,1890509688,3.7841,1667932889,0.2036
MY,PJ,2024,Net,Budget,Jan,1010322191,,0,0.1408
MY,PJ,2024,Net,Budget,Feb,418040,0.0004,0,0.0001
MY,PJ,2024,Net,Budget,Mar,2565969166,6138.0948,0,0.3576
MY,PJ,2024,Net,Budget,Apr,567772905,0.2213,0,0.0791
MY,PJ,2024,Net,Budget,May,382193847,0.6731,0,0.0533
MY,PJ,2024,Net,Budget,Jun,291854673,0.7636,0,0.0407
MY,PJ,2024,Net,Budget,Jul,30854605,0.1057,0,0.0043
MY,PJ,2024,Net,Budget,Aug,1599195259,51.83,0,0.2229
MY,PJ,2024,Net,Budget,Sep,241471676,0.151,0,0.0337
MY,PJ,2024,Net,Budget,Oct,209349508,0.867,0,0.0292
MY,PJ,2024,Net,Budget,Nov,52636155,0.2514,0,0.0073
MY,PJ,2024,Net,Budget,Dec,222576799,4.2286,0,0.031
MY,PJ,2024,Net,Forecast,Jan,505420585,,-504901606,0.0668
MY,PJ,2024,Net,Forecast,Feb,90286,0.0002,-327754,0.0
MY,PJ,2024,Net,Forecast,Mar,1519529287,16830.1762,-1046439879,0.2009
MY,PJ,2024,Net,Forecast,Apr,327691486,0.2157,-240081419,0.0433
MY,PJ,2024,Net,Forecast,May,973043268,2.9694,590849421,0.1287
MY,PJ,2024,Net,Forecast,Jun,783283706,0.805,491429033,0.1036
MY,PJ,2024,Net,Forecast,Jul,118437996,0.1512,87583391,0.0157
MY,PJ,2024,Net,Forecast,Aug,578100976,4.881,-1021094283,0.0764
MY,PJ,2024,Net,Forecast,Sep,1000184643,1.7301,758712967,0.1323
MY,PJ,2024,Net,Forecast,Oct,170103883,0.1701,-39245625,0.0225
MY,PJ,2024,Net,Forecast,Nov,348378412,2.048,295742257,0.0461
MY,PJ,2024,Net,Forecast,Dec,1238476733,3.555,1015899934,0.1638
MY,PJ,2024,Op,Actual,Jan,339968473,,245001812,0.048
MY,PJ,2024,Op,Actual,Feb,78115,0.0002,-81423,0.0
MY,PJ,2024,Op,Actual,Mar,1443883114,18484.0698,-534522054,0.2038
MY,PJ,2024,Op,Actual,Apr,509300147,0.3527,-115384073,0.0719
MY,PJ,2024,Op,Actual,May,1465712959,2.8779,659695177,0.2069
MY,PJ,2024,Op,Actual,Jun,947427592,0.6464,-246850466,0.1338
MY,PJ,2024,Op,Actual,Jul,36301200,0.0383,737175,0.0051
MY,PJ,2024,Op,Actual,Aug,193557613,5.332,-294362042,0.0273
MY,PJ,2024,Op,Actual,Sep,412988171,2.1337,-385646978,0.0583
MY,PJ,2024,Op,Actual,Oct,194247063,0.4703,-219740536,0.0274
MY,PJ,2024,Op,Actual,Nov,302416035,1.5569,-430014930,0.0427
MY,PJ,2024,Op,Actual,Dec,1237517976,4.0921,1142851942,0.1747
MY,PJ,2024,Op,Budget,Jan,94966661,,0,0.0131
MY,PJ,2024,Op,Budget,Feb,159538,0.0017,0,0.0
MY,PJ,2024,Op,Budget,Mar,1978405168,12400.8397,0,0.2724
MY,PJ,2024,Op,Budget,Apr,624684220,0.3158,0,0.086
MY,PJ,2024,Op,Budget,May,806017782,1.2903,0,0.111
MY,PJ,2024,Op,Budget,Jun,1194278058,1.4817,0,0.1645
MY,PJ,2024,Op,Budget,Jul,35564025,0.0298,0,0.0049
MY,PJ,2024,Op,Budget,Aug,487919655,13.7195,0,0.0672
MY,PJ,2024,Op,Budget,Sep,798635149,1.6368,0,0.11
MY,PJ,2024,Op,Budget,Oct,413987599,0.5184,0,0.057
MY,PJ,2024,Op,Budget,Nov,732430965,1.7692,0,0.1009
MY,PJ,2024,Op,Budget,Dec,94666034,0.1292,0,0.013
MY,PJ,2024,Op,Forecast,Jan,842714924,,747748263,0.1452
MY,PJ,2024,Op,Forecast,Feb,315554,0.0004,156016,0.0001
MY,PJ,2024,Op,Forecast,Mar,399160569,1264.9517,-1579244599,0.0688
MY,PJ,2024,Op,Forecast,Apr,284109733,0.7118,-340574487,0.049
MY,PJ,2024,Op,Forecast,May,57602719,0.2027,-748415063,0.0099
MY,PJ,2024,Op,Forecast,Jun,894546905,15.5296,-299731153,0.1542
MY,PJ,2024,Op,Forecast,Jul,107202806,0.1198,71638781,0.0185
MY,PJ,2024,Op,Forecast,Aug,1863441096,17.3824,1375521441,0.3212
MY,PJ,2024,Op,Forecast,Sep,483629574,0.2595,-315005575,0.0834
MY,PJ,2024,Op,Forecast,Oct,314894719,0.6511,-99092880,0.0543
MY,PJ,2024,Op,Forecast,Nov,62235947,0.1976,-670195018,0.0107
MY,PJ,2024,Op,Forecast,Dec,492078791,7.9067,397412757,0.0848
MY,PJ,2025,Gross,Actual,Jan,728910000,,-271233192,0.0729
MY,PJ,2025,Gross,Actual,Feb,280000,0.0004,-59688,0.0
MY,PJ,2025,Gross,Actual,Mar,2128140000,7600.5,339093704,0.213
MY,PJ,2025,Gross,Actual,Apr,421230000,0.1979,-175215721,0.0422
MY,PJ,2025,Gross,Actual,May,1124420000,2.6694,-447926765,0.1125
MY,PJ,2025,Gross,Actual,Jun,831768100,0.7397,-3138032,0.0832
MY,PJ,2025,Gross,Actual,Jul,107700000,0.1295,-53248393,0.0108
MY,PJ,2025,Gross,Actual,Aug,1462140000,13.576,1375979914,0.1463
MY,PJ,2025,Gross,Actual,Sep,838272200,0.5733,800263807,0.0839
MY,PJ,2025,Gross,Actual,Oct,322170000,0.3843,222288047,0.0322
MY,PJ,2025,Gross,Actual,Nov,555221900,1.7234,323276480,0.0556
MY,PJ,2025,Gross,Actual,Dec,1472160300,2.6515,203118792,0.1473
MY,PJ,2025,Gross,Budget,Jan,1000143192,,0,0.1302
MY,PJ,2025,Gross,Budget,Feb,339688,0.0003,0,0.0
MY,PJ,2025,Gross,Budget,Mar,1789046296,5266.7339,0,0.233
MY,PJ,2025,Gross,Budget,Apr,596445721,0.3334,0,0.0777
MY,PJ,2025,Gross,Budget,May,1572346765,2.6362,0,0.2048
MY,PJ,2025,Gross,Budget,Jun,834906132,0.531,0,0.1087
MY,PJ,2025,Gross,Budget,Jul,160948393,0.1928,0,0.021
MY,PJ,2025,Gross,Budget,Aug,86160086,0.5353,0,0.0112
MY,PJ,2025,Gross,Budget,Sep,38008393,0.4411,0,0.0049
MY,PJ,2025,Gross,Budget,Oct,99881953,2.6279,0,0.013
MY,PJ,2025,Gross,Budget,Nov,231945420,2.3222,0,0.0302
MY,PJ,2025,Gross,Budget,Dec,1269041508,5.4713,0,0.1653
MY,PJ,2025,Gross,Forecast,Jan,343576186,,-656567006,0.048
MY,PJ,2025,Gross,Forecast,Feb,303948,0.0009,-35740,0.0
MY,PJ,2025,Gross,Forecast,Mar,485866239,1598.5176,-1303180057,0.0678
MY,PJ,2025,Gross,Forecast,Apr,185478856,0.3817,-410966865,0.0259
MY,PJ,2025,Gross,Forecast,May,1655398289,8.925,83051524,0.231
MY,PJ,2025,Gross,Forecast,Jun,406185752,0.2454,-428720380,0.0567
MY,PJ,2025,Gross,Forecast,Jul,24762115,0.061,-136186278,0.0035
MY,PJ,2025,Gross,Forecast,Aug,2104499035,84.9887,2018338949,0.2937
MY,PJ,2025,Gross,Forecast,Sep,175714085,0.0835,137705692,0.0245
MY,PJ,2025,Gross,Forecast,Oct,318801004,1.8143,218919051,0.0445
MY,PJ,2025,Gross,Forecast,Nov,512336181,1.6071,280390761,0.0715
MY,PJ,2025,Gross,Forecast,Dec,952184547,1.8585,-316856961,0.1329
MY,PJ,2025,Net,Actual,Jan,721620000,,406800340,0.0739
MY,PJ,2025,Net,Actual,Feb,280000,0.0004,-26621,0.0
MY,PJ,2025,Net,Actual,Mar,2104490000,7516.0357,386991769,0.2154
MY,PJ,2025,Net,Actual,Apr,417010000,0.1982,-75520045,0.0427
MY,PJ,2025,Net,Actual,May,1113180000,2.6694,-394843330,0.114
MY,PJ,2025,Net,Actual,Jun,800570200,0.7192,-343677420,0.082
MY,PJ,2025,Net,Actual,Jul,106090000,0.1325,51075000,0.0109
MY,PJ,2025,Net,Actual,Aug,1423650000,13.4193,537670678,0.1457
MY,PJ,2025,Net,Actual,Sep,828477000,0.5819,-8625419,0.0848
MY,PJ,2025,Net,Actual,Oct,317342400,0.383,-20581695,0.0325
MY,PJ,2025,Net,Actual,Nov,542087000,1.7082,294605903,0.0555
MY,PJ,2025,Net,Actual,Dec,1393404700,2.5704,1074327594,0.1426
MY,PJ,2025,Net,Budget,Jan,314819660,,0,0.0401
MY,PJ,2025,Net,Budget,Feb,306621,0.001,0,0.0
MY,PJ,2025,Net,Budget,Mar,1717498231,5601.3718,0,0.2185
MY,PJ,2025,Net,Budget,Apr,492530045,0.2868,0,0.0627
MY,PJ,2025,Net,Budget,May,1508023330,3.0618,0,0.1919
MY,PJ,2025,Net,Budget,Jun,1144247620,0.7588,0,0.1456
MY,PJ,2025,Net,Budget,Jul,55015000,0.0481,0,0.007
MY,PJ,2025,Net,Budget,Aug,885979322,16.1043,0,0.1127
MY,PJ,2025,Net,Budget,Sep,837102419,0.9448,0,0.1065
MY,PJ,2025,Net,Budget,Oct,337924095,0.4037,0,0.043
MY,PJ,2025,Net,Budget,Nov,247481097,0.7324,0,0.0315
MY,PJ,2025,Net,Budget,Dec,319077106,1.2893,0,0.0406
MY,PJ,2025,Net,Forecast,Jan,735824925,,421005265,0.0832
MY,PJ,2025,Net,Forecast,Feb,153339,0.0002,-153282,0.0
MY,PJ,2025,Net,Forecast,Mar,3114004385,20307.9737,1396506154,0.3522
MY,PJ,2025,Net,Forecast,Apr,8121577,0.0026,-484408468,0.0009
MY,PJ,2025,Net,Forecast,May,742516562,91.4252,-765506768,0.084
MY,PJ,2025,Net,Forecast,Jun,450307522,0.6065,-693940098,0.0509
MY,PJ,2025,Net,Forecast,Jul,126890438,0.2818,71875438,0.0144
MY,PJ,2025,Net,Forecast,Aug,394432021,3.1084,-491547301,0.0446
MY,PJ,2025,Net,Forecast,Sep,461574577,1.1702,-375527842,0.0522
MY,PJ,2025,Net,Forecast,Oct,220703872,0.4782,-117220223,0.025
MY,PJ,2025,Net,Forecast,Nov,722518200,3.2737,475037103,0.0817
MY,PJ,2025,Net,Forecast,Dec,1865315605,2.5817,1546238499,0.211
MY,PJ,2025,Op,Actual,Jan,721620000,,132482748,0.0739
MY,PJ,2025,Op,Actual,Feb,280000,0.0004,111788,0.0
MY,PJ,2025,Op,Actual,Mar,2104490000,7516.0357,1479131201,0.2154
MY,PJ,2025,Op,Actual,Apr,417010000,0.1982,89154854,0.0427
MY,PJ,2025,Op,Actual,May,1113180000,2.6694,605731381,0.114
MY,PJ,2025,Op,Actual,Jun,800570200,0.7192,420711023,0.082
MY,PJ,2025,Op,Actual,Jul,106090000,0.1325,-562583,0.0109
MY,PJ,2025,Op,Actual,Aug,1423650000,13.4193,699229905,0.1457
MY,PJ,2025,Op,Actual,Sep,828477000,0.5819,683053116,0.0848
MY,PJ,2025,Op,Actual,Oct,317342400,0.383,-82678651,0.0325
MY,PJ,2025,Op,Actual,Nov,542087000,1.7082,106442570,0.0555
MY,PJ,2025,Op,Actual,Dec,1393404700,2.5704,660754647,0.1426
MY,PJ,2025,Op,Budget,Jan,589137252,,0,0.1184
MY,PJ,2025,Op,Budget,Feb,168212,0.0003,0,0.0
MY,PJ,2025,Op,Budget,Mar,625358799,3717.6824,0,0.1257
MY,PJ,2025,Op,Budget,Apr,327855146,0.5243,0,0.0659
MY,PJ,2025,Op,Budget,May,507448619,1.5478,0,0.102
MY,PJ,2025,Op,Budget,Jun,379859177,0.7486,0,0.0764
MY,PJ,2025,Op,Budget,Jul,106652583,0.2808,0,0.0214
MY,PJ,2025,Op,Budget,Aug,724420095,6.7923,0,0.1456
MY,PJ,2025,Op,Budget,Sep,145423884,0.2007,0,0.0292
MY,PJ,2025,Op,Budget,Oct,400021051,2.7507,0,0.0804
MY,PJ,2025,Op,Budget,Nov,435644430,1.0891,0,0.0876
MY,PJ,2025,Op,Budget,Dec,732650053,1.6818,0,0.1473
MY,PJ,2025,Op,Forecast,Jan,164873727,,-424263525,0.0233
MY,PJ,2025,Op,Forecast,Feb,8228,0.0,-159984,0.0
MY,PJ,2025,Op,Forecast,Mar,1360683839,165372.3674,735325040,0.1923
MY,PJ,2025,Op,Forecast,Apr,364264434,0.2677,36409288,0.0515
MY,PJ,2025,Op,Forecast,May,141238574,0.3877,-366210045,0.02
MY,PJ,2025,Op,Forecast,Jun,1103108549,7.8102,723249372,0.1559
MY,PJ,2025,Op,Forecast,Jul,28944567,0.0262,-77708016,0.0041
MY,PJ,2025,Op,Forecast,Aug,1215092110,41.98,490672015,0.1718
MY,PJ,2025,Op,Forecast,Sep,1024986782,0.8435,879562898,0.1449
MY,PJ,2025,Op,Forecast,Oct,199787582,0.1949,-200233469,0.0282
MY,PJ,2025,Op,Forecast,Nov,587384404,2.94,151739974,0.083
MY,PJ,2025,Op,Forecast,Dec,884012006,1.505,151361953,0.125
NL,CDE,2024,Gross,Actual,Jan,318327269,,-504204021,0.0432
NL,CDE,2024,Gross,Actual,Feb,630671916,1.9812,-138800515,0.0856
NL,CDE,2024,Gross,Actual,Mar,355173180,0.5632,8461958,0.0482
NL,CDE,2024,Gross,Actual,Apr,572414365,1.6116,196158014,0.0777
NL,CDE,2024,Gross,Actual,May,998119100,1.7437,595336937,0.1354
NL,CDE,2024,Gross,Actual,Jun,168864895,0.1692,-411639394,0.0229
NL,CDE,2024,Gross,Actual,Jul,983206253,5.8224,970762634,0.1334
NL,CDE,2024,Gross,Actual,Aug,1342893749,1.3658,83190696,0.1822
NL,CDE,2024,Gross,Actual,Sep,997414741,0.7427,740313454,0.1353
NL,CDE,2024,Gross,Actual,Oct,580410278,0.5819,2468607,0.0787
NL,CDE,2024,Gross,Actual,Nov,258879777,0.446,-119363129,0.0351
NL,CDE,2024,Gross,Actual,Dec,163918099,0.6332,-160486546,0.0222
NL,CDE,2024,Gross,Budget,Jan,822531290,,0,0.1347
NL,CDE,2024,Gross,Budget,Feb,769472431,0.9355,0,0.126
NL,CDE,2024,Gross,Budget,Mar,346711222,0.4506,0,0.0568
NL,CDE,2024,Gross,Budget,Apr,376256351,1.0852,0,0.0616
NL,CDE,2024,Gross,Budget,May,402782163,1.0705,0,0.0659
NL,CDE,2024,Gross,Budget,Jun,580504289,1.4412,0,0.095
NL,CDE,2024,Gross,Budget,Jul,12443619,0.0214,0,0.002
NL,CDE,2024,Gross,Budget,Aug,1259703053,101.2329,0,0.2062
NL,CDE,2024,Gross,Budget,Sep,257101287,0.2041,0,0.0421
NL,CDE,2024,Gross,Budget,Oct,577941671,2.2479,0,0.0946
NL,CDE,2024,Gross,Budget,Nov,378242906,0.6545,0,0.0619
NL,CDE,2024,Gross,Budget,Dec,324404645,0.8577,0,0.0531
NL,CDE,2024,Gross,Forecast,Jan,232239135,,-590292155,0.0322
NL,CDE,2024,Gross,Forecast,Feb,413391813,1.78,-356080618,0.0574
NL,CDE,2024,Gross,Forecast,Mar,257536834,0.623,-89174388,0.0357
NL,CDE,2024,Gross,Forecast,Apr,460348897,1.7875,84092546,0.0639
NL,CDE,2024,Gross,Forecast,May,1236065798,2.6851,833283635,0.1715
NL,CDE,2024,Gross,Forecast,Jun,745782594,0.6034,165278305,0.1035
NL,CDE,2024,Gross,Forecast,Jul,1131020799,1.5166,1118577180,0.1569
NL,CDE,2024,Gross,Forecast,Aug,548047185,0.4846,-711655868,0.0761
NL,CDE,2024,Gross,Forecast,Sep,646894512,1.1804,389793225,0.0898
NL,CDE,2024,Gross,Forecast,Oct,1229570575,1.9007,651628904,0.1706
NL,CDE,2024,Gross,Forecast,Nov,271219603,0.2206,-107023303,0.0376
NL,CDE,2024,Gross,Forecast,Dec,34210584,0.1261,-290194061,0.0047
NL,CDE,2024,Net,Actual,Jan,533317342,,345193036,0.079
NL,CDE,2024,Net,Actual,Feb,205708675,0.3857,-56048488,0.0305
NL,CDE,2024,Net,Actual,Mar,214473376,1.0426,26434603,0.0318
NL,CDE,2024,Net,Actual,Apr,65966388,0.3076,-66511498,0.0098
NL,CDE,2024,Net,Actual,May,1215686247,18.4289,225268301,0.1801
NL,CDE,2024,Net,Actual,Jun,224275414,0.1845,-493119762,0.0332
NL,CDE,2024,Net,Actual,Jul,891865759,3.9767,-202286337,0.1322
NL,CDE,2024,Net,Actual,Aug,696447042,0.7809,-81303364,0.1032
NL,CDE,2024,Net,Actual,Sep,981562919,1.4094,788898204,0.1454
NL,CDE,2024,Net,Actual,Oct,1495656745,1.5238,404934993,0.2216
NL,CDE,2024,Net,Actual,Nov,97651673,0.0653,33257364,0.0145
NL,CDE,2024,Net,Actual,Dec,125990129,1.2902,100190011,0.0187
NL,CDE,2024,Net,Budget,Jan,188124306,,0,0.0329
NL,CDE,2024,Net,Budget,Feb,261757163,1.3914,0,0.0457
NL,CDE,2024,Net,Budget,Mar,188038773,0.7184,0,0.0329
NL,CDE,2024,Net,Budget,Apr,132477886,0.7045,0,0.0231
NL,CDE,2024,Net,Budget,May,990417946,7.4761,0,0.173
NL,CDE,2024,Net,Budget,Jun,717395176,0.7243,0,0.1253
NL,CDE,2024,Net,Budget,Jul,1094152096,1.5252,0,0.1912
NL,CDE,2024,Net,Budget,Aug,777750406,0.7108,0,0.1359
NL,CDE,2024,Net,Budget,Sep,192664715,0.2477,0,0.0337
NL,CDE,2024,Net,Budget,Oct,1090721752,5.6612,0,0.1906
NL,CDE,2024,Net,Budget,Nov,64394309,0.059,0,0.0113
NL,CDE,2024,Net,Budget,Dec,25800118,0.4007,0,0.0045
NL,CDE,2024,Net,Forecast,Jan,380529276,,192404970,0.0619
NL,CDE,2024,Net,Forecast,Feb,742984461,1.9525,481227298,0.1208
NL,CDE,2024,Net,Forecast,Mar,197433472,0.2657,9394699,0.0321
NL,CDE,2024,Net,Forecast,Apr,58568544,0.2966,-73909342,0.0095
NL,CDE,2024,Net,Forecast,May,78018433,1.3321,-912399513,0.0127
NL,CDE,2024,Net,Forecast,Jun,256518379,3.2879,-460876797,0.0417
NL,CDE,2024,Net,Forecast,Jul,1278086675,4.9824,183934579,0.2078
NL,CDE,2024,Net,Forecast,Aug,665035605,0.5203,-112714801,0.1081
NL,CDE,2024,Net,Forecast,Sep,591405208,0.8893,398740493,0.0962
NL,CDE,2024,Net,Forecast,Oct,1265047627,2.1391,174325875,0.2057
NL,CDE,2024,Net,Forecast,Nov,3347769,0.0026,-61046540,0.0005
NL,CDE,2024,Net,Forecast,Dec,632695433,188.9902,606895315,0.1029
NL,CDE,2024,Op,Actual,Jan,349702611,,155718441,0.0554
NL,CDE,2024,Op,Actual,Feb,833486687,2.3834,741854463,0.1321
NL,CDE,2024,Op,Actual,Mar,67900836,0.0815,-182881567,0.0108
NL,CDE,2024,Op,Actual,Apr,51253459,0.7548,-184062859,0.0081
NL,CDE,2024,Op,Actual,May,1026143689,20.021,999361186,0.1627
NL,CDE,2024,Op,Actual,Jun,1379870660,1.3447,-13369681,0.2188
NL,CDE,2024,Op,Actual,Jul,597212936,0.4328,-848680010,0.0947
NL,CDE,2024,Op,Actual,Aug,209304027,0.3505,-372907285,0.0332
NL,CDE,2024,Op,Actual,Sep,400799910,1.9149,-810510041,0.0635
NL,CDE,2024,Op,Actual,Oct,922409981,2.3014,844205841,0.1462
NL,CDE,2024,Op,Actual,Nov,72379430,0.0785,-223299332,0.0115
NL,CDE,2024,Op,Actual,Dec,397197532,5.4877,61458765,0.063
NL,CDE,2024,Op,Budget,Jan,193984170,,0,0.0316
NL,CDE,2024,Op,Budget,Feb,91632224,0.4724,0,0.0149
NL,CDE,2024,Op,Budget,Mar,250782403,2.7368,0,0.0408
NL,CDE,2024,Op,Budget,Apr,235316318,0.9383,0,0.0383
NL,CDE,2024,Op,Budget,May,26782503,0.1138,0,0.0044
NL,CDE,2024,Op,Budget,Jun,1393240341,52.0205,0,0.2269
NL,CDE,2024,Op,Budget,Jul,1445892946,1.0378,0,0.2355
NL,CDE,2024,Op,Budget,Aug,582211312,0.4027,0,0.0948
NL,CDE,2024,Op,Budget,Sep,1211309951,2.0805,0,0.1973
NL,CDE,2024,Op,Budget,Oct,78204140,0.0646,0,0.0127
NL,CDE,2024,Op,Budget,Nov,295678762,3.7809,0,0.0482
NL,CDE,2024,Op,Budget,Dec,335738767,1.1355,0,0.0547
NL,CDE,2024,Op,Forecast,Jan,892470814,,698486644,0.1309
NL,CDE,2024,Op,Forecast,Feb,339794990,0.3807,248162766,0.0498
NL,CDE,2024,Op,Forecast,Mar,13483785,0.0397,-237298618,0.002
NL,CDE,2024,Op,Forecast,Apr,255990876,18.9851,20674558,0.0375
NL,CDE,2024,Op,Forecast,May,261807244,1.0227,235024741,0.0384
NL,CDE,2024,Op,Forecast,Jun,28212898,0.1078,-1365027443,0.0041
NL,CDE,2024,Op,Forecast,Jul,790852699,28.0316,-655040247,0.116
NL,CDE,2024,Op,Forecast,Aug,1297816587,1.641,715605275,0.1903
NL,CDE,2024,Op,Forecast,Sep,1203134779,0.927,-8175172,0.1764
NL,CDE,2024,Op,Forecast,Oct,1272949520,1.058,1194745380,0.1867
NL,CDE,2024,Op,Forecast,Nov,299631722,0.2354,3952960,0.0439
NL,CDE,2024,Op,Forecast,Dec,163425154,0.5454,-172313613,0.024
NL,CDE,2025,Gross,Actual,Jan,1181744054,,96770239,0.1214
NL,CDE,2025,Gross,Actual,Feb,685058037,0.5797,-34196375,0.0704
NL,CDE,2025,Gross,Actual,Mar,279216417,0.4076,213120895,0.0287
NL,CDE,2025,Gross,Actual,Apr,536350064,1.9209,-1336448,0.0551
NL,CDE,2025,Gross,Actual,May,1214877518,2.2651,14446335,0.1248
NL,CDE,2025,Gross,Actual,Jun,1632003790,1.3433,453392048,0.1677
NL,CDE,2025,Gross,Actual,Jul,166026988,0.1017,-256726282,0.0171
NL,CDE,2025,Gross,Actual,Aug,1076611659,6.4846,760503779,0.1106
NL,CDE,2025,Gross,Actual,Sep,1218951492,1.1322,1015291795,0.1252
NL,CDE,2025,Gross,Actual,Oct,1075982286,0.8827,762421112,0.1106
NL,CDE,2025,Gross,Actual,Nov,21961350,0.0204,-246273472,0.0023
NL,CDE,2025,Gross,Actual,Dec,643889335,29.3192,-8003515,0.0662
NL,CDE,2025,Gross,Budget,Jan,1084973815,,0,0.1558
NL,CDE,2025,Gross,Budget,Feb,719254412,0.6629,0,0.1033
NL,CDE,2025,Gross,Budget,Mar,66095522,0.0919,0,0.0095
NL,CDE,2025,Gross,Budget,Apr,537686512,8.135,0,0.0772
NL,CDE,2025,Gross,Budget,May,1200431183,2.2326,0,0.1724
NL,CDE,2025,Gross,Budget,Jun,1178611742,0.9818,0,0.1693
NL,CDE,2025,Gross,Budget,Jul,422753270,0.3587,0,0.0607
NL,CDE,2025,Gross,Budget,Aug,316107880,0.7477,0,0.0454
NL,CDE,2025,Gross,Budget,Sep,203659697,0.6443,0,0.0292
NL,CDE,2025,Gross,Budget,Oct,313561174,1.5396,0,0.045
NL,CDE,2025,Gross,Budget,Nov,268234822,0.8554,0,0.0385
NL,CDE,2025,Gross,Budget,Dec,651892850,2.4303,0,0.0936
NL,CDE,2025,Gross,Forecast,Jan,444592206,,-640381609,0.0797
NL,CDE,2025,Gross,Forecast,Feb,814652631,1.8324,95398219,0.146
NL,CDE,2025,Gross,Forecast,Mar,339670569,0.417,273575047,0.0609
NL,CDE,2025,Gross,Forecast,Apr,614997286,1.8106,77310774,0.1102
NL,CDE,2025,Gross,Forecast,May,784644505,1.2759,-415786678,0.1406
NL,CDE,2025,Gross,Forecast,Jun,32403359,0.0413,-1146208383,0.0058
NL,CDE,2025,Gross,Forecast,Jul,982973040,30.3355,560219770,0.1762
NL,CDE,2025,Gross,Forecast,Aug,265424179,0.27,-50683701,0.0476
NL,CDE,2025,Gross,Forecast,Sep,70555387,0.2658,-133104310,0.0126
NL,CDE,2025,Gross,Forecast,Oct,425603196,6.0322,112042022,0.0763
NL,CDE,2025,Gross,Forecast,Nov,261885686,0.6153,-6349136,0.0469
NL,CDE,2025,Gross,Forecast,Dec,541384253,2.0673,-110508597,0.097
NL,CDE,2025,Net,Actual,Jan,1118210755,,710442365,0.1568
NL,CDE,2025,Net,Actual,Feb,850185714,0.7603,775729506,0.1192
NL,CDE,2025,Net,Actual,Mar,64496562,0.0759,40970142,0.009
NL,CDE,2025,Net,Actual,Apr,224522499,3.4812,-147243214,0.0315
NL,CDE,2025,Net,Actual,May,663172800,2.9537,-348366409,0.093
NL,CDE,2025,Net,Actual,Jun,499127998,0.7526,-427713252,0.07
NL,CDE,2025,Net,Actual,Jul,582468631,1.167,-491374669,0.0817
NL,CDE,2025,Net,Actual,Aug,877900083,1.5072,-356430147,0.1231
NL,CDE,2025,Net,Actual,Sep,245986561,0.2802,63884854,0.0345
NL,CDE,2025,Net,Actual,Oct,1410734948,5.735,1365177765,0.1978
NL,CDE,2025,Net,Actual,Nov,128765365,0.0913,-23174924,0.0181
NL,CDE,2025,Net,Actual,Dec,465047836,3.6116,-302210244,0.0652
NL,CDE,2025,Net,Budget,Jan,407768390,,0,0.065
NL,CDE,2025,Net,Budget,Feb,74456208,0.1826,0,0.0119
NL,CDE,2025,Net,Budget,Mar,23526420,0.316,0,0.0038
NL,CDE,2025,Net,Budget,Apr,371765713,15.8021,0,0.0593
NL,CDE,2025,Net,Budget,May,1011539209,2.7209,0,0.1613
NL,CDE,2025,Net,Budget,Jun,926841250,0.9163,0,0.1478
NL,CDE,2025,Net,Budget,Jul,1073843300,1.1586,0,0.1712
NL,CDE,2025,Net,Budget,Aug,1234330230,1.1495,0,0.1968
NL,CDE,2025,Net,Budget,Sep,182101707,0.1475,0,0.029
NL,CDE,2025,Net,Budget,Oct,45557183,0.2502,0,0.0073
NL,CDE,2025,Net,Budget,Nov,151940289,3.3352,0,0.0242
NL,CDE,2025,Net,Budget,Dec,767258080,5.0497,0,0.1224
NL,CDE,2025,Net,Forecast,Jan,1185301875,,777533485,0.1636
NL,CDE,2025,Net,Forecast,Feb,736949581,0.6217,662493373,0.1017
NL,CDE,2025,Net,Forecast,Mar,29489880,0.04,5963460,0.0041
NL,CDE,2025,Net,Forecast,Apr,589206505,19.98,217440792,0.0813
NL,CDE,2025,Net,Forecast,May,332756610,0.5648,-678782599,0.0459
NL,CDE,2025,Net,Forecast,Jun,753283225,2.2638,-173558025,0.104
NL,CDE,2025,Net,Forecast,Jul,273513342,0.3631,-800329958,0.0378
NL,CDE,2025,Net,Forecast,Aug,781314737,2.8566,-453015493,0.1079
NL,CDE,2025,Net,Forecast,Sep,1056902248,1.3527,874800541,0.1459
NL,CDE,2025,Net,Forecast,Oct,700413426,0.6627,654856243,0.0967
NL,CDE,2025,Net,Forecast,Nov,313039937,0.4469,161099648,0.0432
NL,CDE,2025,Net,Forecast,Dec,491456467,1.5699,-275801613,0.0678
NL,CDE,2025,Op,Actual,Jan,1100633603,,768408083,0.2229
NL,CDE,2025,Op,Actual,Feb,442122032,0.4017,-221328738,0.0895
NL,CDE,2025,Op,Actual,Mar,42894849,0.097,-209115701,0.0087
NL,CDE,2025,Op,Actual,Apr,558159395,13.0123,474809250,0.113
NL,CDE,2025,Op,Actual,May,393790425,0.7055,-448304827,0.0797
NL,CDE,2025,Op,Actual,Jun,815128804,2.07,-696235238,0.1651
NL,CDE,2025,Op,Actual,Jul,491832619,0.6034,-769685577,0.0996
NL,CDE,2025,Op,Actual,Aug,179703347,0.3654,-97994589,0.0364
NL,CDE,2025,Op,Actual,Sep,184865838,1.0287,-927505878,0.0374
NL,CDE,2025,Op,Actual,Oct,1731934,0.0094,-41622135,0.0004
NL,CDE,2025,Op,Actual,Nov,405889844,234.3564,216095712,0.0822
NL,CDE,2025,Op,Actual,Dec,321252050,0.7915,-366223324,0.0651
NL,CDE,2025,Op,Budget,Jan,332225520,,0,0.0458
NL,CDE,2025,Op,Budget,Feb,663450770,1.997,0,0.0914
NL,CDE,2025,Op,Budget,Mar,252010550,0.3798,0,0.0347
NL,CDE,2025,Op,Budget,Apr,83350145,0.3307,0,0.0115
NL,CDE,2025,Op,Budget,May,842095252,10.1031,0,0.116
NL,CDE,2025,Op,Budget,Jun,1511364042,1.7948,0,0.2083
NL,CDE,2025,Op,Budget,Jul,1261518196,0.8347,0,0.1738
NL,CDE,2025,Op,Budget,Aug,277697936,0.2201,0,0.0383
NL,CDE,2025,Op,Budget,Sep,1112371716,4.0057,0,0.1533
NL,CDE,2025,Op,Budget,Oct,43354069,0.039,0,0.006
NL,CDE,2025,Op,Budget,Nov,189794132,4.3778,0,0.0262
NL,CDE,2025,Op,Budget,Dec,687475374,3.6222,0,0.0947
NL,CDE,2025,Op,Forecast,Jan,752659398,,420433878,0.1229
NL,CDE,2025,Op,Forecast,Feb,772146135,1.0259,108695365,0.1261
NL,CDE,2025,Op,Forecast,Mar,160742867,0.2082,-91267683,0.0263
NL,CDE,2025,Op,Forecast,Apr,22710810,0.1413,-60639335,0.0037
NL,CDE,2025,Op,Forecast,May,385956078,16.9944,-456139174,0.063
NL,CDE,2025,Op,Forecast,Jun,1113324256,2.8846,-398039786,0.1819
NL,CDE,2025,Op,Forecast,Jul,946094015,0.8498,-315424181,0.1545
NL,CDE,2025,Op,Forecast,Aug,304339432,0.3217,26641496,0.0497
NL,CDE,2025,Op,Forecast,Sep,552328644,1.8148,-560043072,0.0902
NL,CDE,2025,Op,Forecast,Oct,544158532,0.9852,500804463,0.0889
NL,CDE,2025,Op,Forecast,Nov,289205010,0.5315,99410878,0.0472
NL,CDE,2025,Op,Forecast,Dec,278292102,0.9623,-409183272,0.0455
NL,PJ,2024,Gross,Actual,Jan,944307843,,795366284,0.1413
NL,PJ,2024,Gross,Actual,Feb,347235181,0.3677,169017445,0.0519
NL,PJ,2024,Gross,Actual,Mar,290390274,0.8363,98649285,0.0434
NL,PJ,2024,Gross,Actual,Apr,412421652,1.4202,-212807717,0.0617
NL,PJ,2024,Gross,Actual,May,1064205875,2.5804,298625458,0.1592
NL,PJ,2024,Gross,Actual,Jun,1216519718,1.1431,167463789,0.182
NL,PJ,2024,Gross,Actual,Jul,642948900,0.5285,31107272,0.0962
NL,PJ,2024,Gross,Actual,Aug,529164247,0.823,-270872966,0.0792
NL,PJ,2024,Gross,Actual,Sep,228316646,0.4315,-998999801,0.0342
NL,PJ,2024,Gross,Actual,Oct,781398217,3.4224,-754446203,0.1169
NL,PJ,2024,Gross,Actual,Nov,122750169,0.1571,-104085419,0.0184
NL,PJ,2024,Gross,Actual,Dec,104615156,0.8523,-274587997,0.0157
NL,PJ,2024,Gross,Budget,Jan,148941559,,0,0.0192
NL,PJ,2024,Gross,Budget,Feb,178217736,1.1966,0,0.023
NL,PJ,2024,Gross,Budget,Mar,191740989,1.0759,0,0.0248
NL,PJ,2024,Gross,Budget,Apr,625229369,3.2608,0,0.0808
NL,PJ,2024,Gross,Budget,May,765580417,1.2245,0,0.0989
NL,PJ,2024,Gross,Budget,Jun,1049055929,1.3703,0,0.1355
NL,PJ,2024,Gross,Budget,Jul,611841628,0.5832,0,0.0791
NL,PJ,2024,Gross,Budget,Aug,800037213,1.3076,0,0.1034
NL,PJ,2024,Gross,Budget,Sep,1227316447,1.5341,0,0.1586
NL,PJ,2024,Gross,Budget,Oct,1535844420,1.2514,0,0.1984
NL,PJ,2024,Gross,Budget,Nov,226835588,0.1477,0,0.0293
NL,PJ,2024,Gross,Budget,Dec,379203153,1.6717,0,0.049
NL,PJ,2024,Gross,Forecast,Jan,349663427,,200721868,0.053
NL,PJ,2024,Gross,Forecast,Feb,798267482,2.283,620049746,0.1209
NL,PJ,2024,Gross,Forecast,Mar,341419835,0.4277,149678846,0.0517
NL,PJ,2024,Gross,Forecast,Apr,62976277,0.1845,-562253092,0.0095
NL,PJ,2024,Gross,Forecast,May,1016564581,16.142,250984164,0.154
NL,PJ,2024,Gross,Forecast,Jun,497012,0.0005,-1048558917,0.0001
NL,PJ,2024,Gross,Forecast,Jul,693322817,1394.982,81481189,0.105
NL,PJ,2024,Gross,Forecast,Aug,1246909648,1.7985,446872435,0.1889
NL,PJ,2024,Gross,Forecast,Sep,172984387,0.1387,-1054332060,0.0262
NL,PJ,2024,Gross,Forecast,Oct,1071383174,6.1935,-464461246,0.1623
NL,PJ,2024,Gross,Forecast,Nov,228681158,0.2134,1845570,0.0346
NL,PJ,2024,Gross,Forecast,Dec,617932817,2.7022,238729664,0.0936
NL,PJ,2024,Net,Actual,Jan,713716572,,-31821593,0.1345
NL,PJ,2024,Net,Actual,Feb,13602917,0.0191,-537290884,0.0026
NL,PJ,2024,Net,Actual,Mar,97541840,7.1707,61456718,0.0184
NL,PJ,2024,Net,Actual,Apr,494075550,5.0653,81348843,0.0931
NL,PJ,2024,Net,Actual,May,73403978,0.1486,-134391520,0.0138
NL,PJ,2024,Net,Actual,Jun,1089226442,14.8388,-120751435,0.2052
NL,PJ,2024,Net,Actual,Jul,829218117,0.7613,-102846538,0.1562
NL,PJ,2024,Net,Actual,Aug,817293705,0.9856,-112968193,0.154
NL,PJ,2024,Net,Actual,Sep,255414125,0.3125,-571824113,0.0481
NL,PJ,2024,Net,Actual,Oct,574973880,2.2511,309217860,0.1083
NL,PJ,2024,Net,Actual,Nov,211754694,0.3683,1598507,0.0399
NL,PJ,2024,Net,Actual,Dec,138063384,0.652,-219607610,0.026
NL,PJ,2024,Net,Budget,Jan,745538165,,0,0.1115
NL,PJ,2024,Net,Budget,Feb,550893801,0.7389,0,0.0824
NL,PJ,2024,Net,Budget,Mar,36085122,0.0655,0,0.0054
NL,PJ,2024,Net,Budget,Apr,412726707,11.4376,0,0.0617
NL,PJ,2024,Net,Budget,May,207795498,0.5035,0,0.0311
NL,PJ,2024,Net,Budget,Jun,1209977877,5.8229,0,0.181
NL,PJ,2024,Net,Budget,Jul,932064655,0.7703,0,0.1394
NL,PJ,2024,Net,Budget,Aug,930261898,0.9981,0,0.1391
NL,PJ,2024,Net,Budget,Sep,827238238,0.8893,0,0.1237
NL,PJ,2024,Net,Budget,Oct,265756020,0.3213,0,0.0397
NL,PJ,2024,Net,Budget,Nov,210156187,0.7908,0,0.0314
NL,PJ,2024,Net,Budget,Dec,357670994,1.7019,0,0.0535
NL,PJ,2024,Net,Forecast,Jan,985436428,,239898263,0.1132
NL,PJ,2024,Net,Forecast,Feb,387335603,0.3931,-163558198,0.0445
NL,PJ,2024,Net,Forecast,Mar,221222625,0.5711,185137503,0.0254
NL,PJ,2024,Net,Forecast,Apr,156680804,0.7082,-256045903,0.018
NL,PJ,2024,Net,Forecast,May,35029002,0.2236,-172766496,0.004
NL,PJ,2024,Net,Forecast,Jun,1438523519,41.0666,228545642,0.1653
NL,PJ,2024,Net,Forecast,Jul,1610364458,1.1195,678299803,0.185
NL,PJ,2024,Net,Forecast,Aug,934578353,0.5804,4316455,0.1074
NL,PJ,2024,Net,Forecast,Sep,1003627048,1.0739,176388810,0.1153
NL,PJ,2024,Net,Forecast,Oct,902684002,0.8994,636927982,0.1037
NL,PJ,2024,Net,Forecast,Nov,315590848,0.3496,105434661,0.0363
NL,PJ,2024,Net,Forecast,Dec,712014782,2.2561,354343788,0.0818
NL,PJ,2024,Op,Actual,Jan,1040576384,,6962404,0.2053
NL,PJ,2024,Op,Actual,Feb,649431958,0.6241,611420035,0.1281
NL,PJ,2024,Op,Actual,Mar,217496765,0.3349,-111292380,0.0429
NL,PJ,2024,Op,Actual,Apr,534155653,2.4559,131733409,0.1054
NL,PJ,2024,Op,Actual,May,905367664,1.695,852516012,0.1786
NL,PJ,2024,Op,Actual,Jun,64491290,0.0712,-712027158,0.0127
NL,PJ,2024,Op,Actual,Jul,249926087,3.8753,-440039566,0.0493
NL,PJ,2024,Op,Actual,Aug,2378932,0.0095,-976828452,0.0005
NL,PJ,2024,Op,Actual,Sep,1175139681,493.9778,154579414,0.2318
NL,PJ,2024,Op,Actual,Oct,71090712,0.0605,-961787000,0.014
NL,PJ,2024,Op,Actual,Nov,4221029,0.0594,-140523806,0.0008
NL,PJ,2024,Op,Actual,Dec,154783571,36.6696,-6378373,0.0305
NL,PJ,2024,Op,Budget,Jan,1033613980,,0,0.1552
NL,PJ,2024,Op,Budget,Feb,38011923,0.0368,0,0.0057
NL,PJ,2024,Op,Budget,Mar,328789145,8.6496,0,0.0494
NL,PJ,2024,Op,Budget,Apr,402422244,1.224,0,0.0604
NL,PJ,2024,Op,Budget,May,52851652,0.1313,0,0.0079
NL,PJ,2024,Op,Budget,Jun,776518448,14.6924,0,0.1166
NL,PJ,2024,Op,Budget,Jul,689965653,0.8885,0,0.1036
NL,PJ,2024,Op,Budget,Aug,979207384,1.4192,0,0.147
NL,PJ,2024,Op,Budget,Sep,1020560267,1.0422,0,0.1532
NL,PJ,2024,Op,Budget,Oct,1032877712,1.0121,0,0.1551
NL,PJ,2024,Op,Budget,Nov,144744835,0.1401,0,0.0217
NL,PJ,2024,Op,Budget,Dec,161161944,1.1134,0,0.0242
NL,PJ,2024,Op,Forecast,Jan,733042918,,-300571062,0.125
NL,PJ,2024,Op,Forecast,Feb,282496816,0.3854,244484893,0.0482
NL,PJ,2024,Op,Forecast,Mar,331828262,1.1746,3039117,0.0566
NL,PJ,2024,Op,Forecast,Apr,117277904,0.3534,-285144340,0.02
NL,PJ,2024,Op,Forecast,May,1037557326,8.847,984705674,0.177
NL,PJ,2024,Op,Forecast,Jun,847897500,0.8172,71379052,0.1446
NL,PJ,2024,Op,Forecast,Jul,398312642,0.4698,-291653011,0.0679
NL,PJ,2024,Op,Forecast,Aug,51191667,0.1285,-928015717,0.0087
NL,PJ,2024,Op,Forecast,Sep,545310229,10.6523,-475250038,0.093
NL,PJ,2024,Op,Forecast,Oct,901645840,1.6535,-131231872,0.1538
NL,PJ,2024,Op,Forecast,Nov,314413146,0.3487,169668311,0.0536
NL,PJ,2024,Op,Forecast,Dec,302425440,0.9619,141263496,0.0516
NL,PJ,2025,Gross,Actual,Jan,856390000,,-401278835,0.0937
NL,PJ,2025,Gross,Actual,Feb,637570000,0.7445,212774879,0.0697
NL,PJ,2025,Gross,Actual,Mar,251950000,0.3952,152997672,0.0276
NL,PJ,2025,Gross,Actual,Apr,451750000,1.793,212800206,0.0494
NL,PJ,2025,Gross,Actual,May,838900000,1.857,39803420,0.0917
NL,PJ,2025,Gross,Actual,Jun,1092860000,1.3027,583741504,0.1195
NL,PJ,2025,Gross,Actual,Jul,1137220000,1.0406,-271905336,0.1244
NL,PJ,2025,Gross,Actual,Aug,994070000,0.8741,-369283778,0.1087
NL,PJ,2025,Gross,Actual,Sep,907020000,0.9124,-26422782,0.0992
NL,PJ,2025,Gross,Actual,Oct,1089880000,1.2016,-367560624,0.1192
NL,PJ,2025,Gross,Actual,Nov,282650000,0.2593,269274733,0.0309
NL,PJ,2025,Gross,Actual,Dec,603170000,2.134,203106635,0.066
NL,PJ,2025,Gross,Budget,Jan,1257668835,,0,0.1412
NL,PJ,2025,Gross,Budget,Feb,424795121,0.3378,0,0.0477
NL,PJ,2025,Gross,Budget,Mar,98952328,0.2329,0,0.0111
NL,PJ,2025,Gross,Budget,Apr,238949794,2.4148,0,0.0268
NL,PJ,2025,Gross,Budget,May,799096580,3.3442,0,0.0897
NL,PJ,2025,Gross,Budget,Jun,509118496,0.6371,0,0.0572
NL,PJ,2025,Gross,Budget,Jul,1409125336,2.7678,0,0.1582
NL,PJ,2025,Gross,Budget,Aug,1363353778,0.9675,0,0.1531
NL,PJ,2025,Gross,Budget,Sep,933442782,0.6847,0,0.1048
NL,PJ,2025,Gross,Budget,Oct,1457440624,1.5614,0,0.1637
NL,PJ,2025,Gross,Budget,Nov,13375267,0.0092,0,0.0015
NL,PJ,2025,Gross,Budget,Dec,400063365,29.9107,0,0.0449
NL,PJ,2025,Gross,Forecast,Jan,212402192,,-1045266643,0.0276
NL,PJ,2025,Gross,Forecast,Feb,764042159,3.5971,339247038,0.0994
NL,PJ,2025,Gross,Forecast,Mar,324906710,0.4252,225954382,0.0423
NL,PJ,2025,Gross,Forecast,Apr,414216524,1.2749,175266730,0.0539
NL,PJ,2025,Gross,Forecast,May,1240794543,2.9955,441697963,0.1614
NL,PJ,2025,Gross,Forecast,Jun,1203024223,0.9696,693905727,0.1565
NL,PJ,2025,Gross,Forecast,Jul,1272074262,1.0574,-137051074,0.1655
NL,PJ,2025,Gross,Forecast,Aug,525339157,0.413,-838014621,0.0684
NL,PJ,2025,Gross,Forecast,Sep,373669554,0.7113,-559773228,0.0486
NL,PJ,2025,Gross,Forecast,Oct,157900849,0.4226,-1299539775,0.0205
NL,PJ,2025,Gross,Forecast,Nov,350776114,2.2215,337400847,0.0456
NL,PJ,2025,Gross,Forecast,Dec,846379877,2.4129,446316512,0.1101
NL,PJ,2025,Net,Actual,Jan,802360000,,631970670,0.0921
NL,PJ,2025,Net,Actual,Feb,623190000,0.7767,492987020,0.0715
NL,PJ,2025,Net,Actual,Mar,229000000,0.3675,82618504,0.0263
NL,PJ,2025,Net,Actual,Apr,420780000,1.8375,-130923957,0.0483
NL,PJ,2025,Net,Actual,May,838770000,1.9934,273378944,0.0963
NL,PJ,2025,Net,Actual,Jun,1074820000,1.2814,745863698,0.1233
NL,PJ,2025,Net,Actual,Jul,1103590000,1.0268,547485125,0.1266
NL,PJ,2025,Net,Actual,Aug,944000000,0.8554,837661022,0.1083
NL,PJ,2025,Net,Actual,Sep,827350000,0.8764,666328273,0.0949
NL,PJ,2025,Net,Actual,Oct,1028210000,1.2428,400705030,0.118
NL,PJ,2025,Net,Actual,Nov,272580000,0.2651,101714436,0.0313
NL,PJ,2025,Net,Actual,Dec,549330000,2.0153,-17259630,0.063
NL,PJ,2025,Net,Budget,Jan,170389330,,0,0.0417
NL,PJ,2025,Net,Budget,Feb,130202980,0.7641,0,0.0319
NL,PJ,2025,Net,Budget,Mar,146381496,1.1243,0,0.0359
NL,PJ,2025,Net,Budget,Apr,551703957,3.7689,0,0.1352
NL,PJ,2025,Net,Budget,May,565391056,1.0248,0,0.1385
NL,PJ,2025,Net,Budget,Jun,328956302,0.5818,0,0.0806
NL,PJ,2025,Net,Budget,Jul,556104875,1.6905,0,0.1363
NL,PJ,2025,Net,Budget,Aug,106338978,0.1912,0,0.0261
NL,PJ,2025,Net,Budget,Sep,161021727,1.5142,0,0.0395
NL,PJ,2025,Net,Budget,Oct,627504970,3.897,0,0.1537
NL,PJ,2025,Net,Budget,Nov,170865564,0.2723,0,0.0419
NL,PJ,2025,Net,Budget,Dec,566589630,3.316,0,0.1388
NL,PJ,2025,Net,Forecast,Jan,1011020180,,840630850,0.127
NL,PJ,2025,Net,Forecast,Feb,651606134,0.6445,521403154,0.0819
NL,PJ,2025,Net,Forecast,Mar,77924682,0.1196,-68456814,0.0098
NL,PJ,2025,Net,Forecast,Apr,64367359,0.826,-487336598,0.0081
NL,PJ,2025,Net,Forecast,May,543478016,8.4434,-21913040,0.0683
NL,PJ,2025,Net,Forecast,Jun,1394475807,2.5658,1065519505,0.1752
NL,PJ,2025,Net,Forecast,Jul,615659906,0.4415,59555031,0.0773
NL,PJ,2025,Net,Forecast,Aug,417348561,0.6779,311009583,0.0524
NL,PJ,2025,Net,Forecast,Sep,682721131,1.6359,521699404,0.0858
NL,PJ,2025,Net,Forecast,Oct,1442568784,2.113,815063814,0.1812
NL,PJ,2025,Net,Forecast,Nov,324531514,0.225,153665950,0.0408
NL,PJ,2025,Net,Forecast,Dec,734208793,2.2624,167619163,0.0922
NL,PJ,2025,Op,Actual,Jan,802360000,,559731917,0.0921
NL,PJ,2025,Op,Actual,Feb,623190000,0.7767,501522548,0.0715
NL,PJ,2025,Op,Actual,Mar,229000000,0.3675,135634214,0.0263
NL,PJ,2025,Op,Actual,Apr,420780000,1.8375,-82683870,0.0483
NL,PJ,2025,Op,Actual,May,838770000,1.9934,-265106290,0.0963
NL,PJ,2025,Op,Actual,Jun,1074820000,1.2814,29633461,0.1233
NL,PJ,2025,Op,Actual,Jul,1103590000,1.0268,-432632409,0.1266
NL,PJ,2025,Op,Actual,Aug,944000000,0.8554,-233862360,0.1083
NL,PJ,2025,Op,Actual,Sep,827350000,0.8764,825557695,0.0949
NL,PJ,2025,Op,Actual,Oct,1028210000,1.2428,614930590,0.118
NL,PJ,2025,Op,Actual,Nov,272580000,0.2651,58636075,0.0313
NL,PJ,2025,Op,Actual,Dec,549330000,2.0153,-223081640,0.063
NL,PJ,2025,Op,Budget,Jan,242628083,,0,0.0336
NL,PJ,2025,Op,Budget,Feb,121667452,0.5015,0,0.0168
NL,PJ,2025,Op,Budget,Mar,93365786,0.7674,0,0.0129
NL,PJ,2025,Op,Budget,Apr,503463870,5.3924,0,0.0697
NL,PJ,2025,Op,Budget,May,1103876290,2.1926,0,0.1528
NL,PJ,2025,Op,Budget,Jun,1045186539,0.9468,0,0.1446
NL,PJ,2025,Op,Budget,Jul,1536222409,1.4698,0,0.2126
NL,PJ,2025,Op,Budget,Aug,1177862360,0.7667,0,0.163
NL,PJ,2025,Op,Budget,Sep,1792305,0.0015,0,0.0002
NL,PJ,2025,Op,Budget,Oct,413279410,230.5854,0,0.0572
NL,PJ,2025,Op,Budget,Nov,213943925,0.5177,0,0.0296
NL,PJ,2025,Op,Budget,Dec,772411640,3.6103,0,0.1069
NL,PJ,2025,Op,Forecast,Jan,817671276,,575043193,0.1379
NL,PJ,2025,Op,Forecast,Feb,407732670,0.4987,286065218,0.0688
NL,PJ,2025,Op,Forecast,Mar,110112785,0.2701,16746999,0.0186
NL,PJ,2025,Op,Forecast,Apr,163671378,1.4864,-339792492,0.0276
NL,PJ,2025,Op,Forecast,May,511823684,3.1271,-592052606,0.0863
NL,PJ,2025,Op,Forecast,Jun,174207634,0.3404,-870978905,0.0294
NL,PJ,2025,Op,Forecast,Jul,1134315540,6.5113,-401906869,0.1913
NL,PJ,2025,Op,Forecast,Aug,1077406078,0.9498,-100456282,0.1817
NL,PJ,2025,Op,Forecast,Sep,161348399,0.1498,159556094,0.0272
NL,PJ,2025,Op,Forecast,Oct,1263624110,7.8316,850344700,0.2131
NL,PJ,2025,Op,Forecast,Nov,81216139,0.0643,-132727786,0.0137
NL,PJ,2025,Op,Forecast,Dec,27500230,0.3386,-744911410,0.0046
NR,CDE,2024,Gross,Actual,Jan,1946655110,,1362380761,0.2163
NR,CDE,2024,Gross,Actual,Feb,1114474742,0.5725,28203880,0.1238
NR,CDE,2024,Gross,Actual,Mar,260861966,0.2341,-57174061,0.029
NR,CDE,2024,Gross,Actual,Apr,972224863,3.727,709912012,0.108
NR,CDE,2024,Gross,Actual,May,109635190,0.1128,16649864,0.0122
NR,CDE,2024,Gross,Actual,Jun,236043487,2.153,-117627242,0.0262
NR,CDE,2024,Gross,Actual,Jul,229181956,0.9709,-195309732,0.0255
NR,CDE,2024,Gross,Actual,Aug,280909523,1.2257,129798600,0.0312
NR,CDE,2024,Gross,Actual,Sep,1143570946,4.071,536277756,0.127
NR,CDE,2024,Gross,Actual,Oct,1311919105,1.1472,2610648,0.1458
NR,CDE,2024,Gross,Actual,Nov,547066793,0.417,-381581345,0.0608
NR,CDE,2024,Gross,Actual,Dec,848464160,1.5509,304450840,0.0943
NR,CDE,2024,Gross,Budget,Jan,584274349,,0,0.0877
NR,CDE,2024,Gross,Budget,Feb,1086270862,1.8592,0,0.163
NR,CDE,2024,Gross,Budget,Mar,318036027,0.2928,0,0.0477
NR,CDE,2024,Gross,Budget,Apr,262312851,0.8248,0,0.0394
NR,CDE,2024,Gross,Budget,May,92985326,0.3545,0,0.014
NR,CDE,2024,Gross,Budget,Jun,353670729,3.8035,0,0.0531
NR,CDE,2024,Gross,Budget,Jul,424491688,1.2002,0,0.0637
NR,CDE,2024,Gross,Budget,Aug,151110923,0.356,0,0.0227
NR,CDE,2024,Gross,Budget,Sep,607293190,4.0189,0,0.0912
NR,CDE,2024,Gross,Budget,Oct,1309308457,2.156,0,0.1965
NR,CDE,2024,Gross,Budget,Nov,928648138,0.7093,0,0.1394
NR,CDE,2024,Gross,Budget,Dec,544013320,0.5858,0,0.0817
NR,CDE,2024,Gross,Forecast,Jan,40026578,,-544247771,0.0056
NR,CDE,2024,Gross,Forecast,Feb,1214883457,30.3519,128612595,0.1688
NR,CDE,2024,Gross,Forecast,Mar,705241950,0.5805,387205923,0.098
NR,CDE,2024,Gross,Forecast,Apr,1041391728,1.4766,779078877,0.1447
NR,CDE,2024,Gross,Forecast,May,870216348,0.8356,777231022,0.1209
NR,CDE,2024,Gross,Forecast,Jun,681222396,0.7828,327551667,0.0946
NR,CDE,2024,Gross,Forecast,Jul,188681854,0.277,-235809834,0.0262
NR,CDE,2024,Gross,Forecast,Aug,112831273,0.598,-38279650,0.0157
NR,CDE,2024,Gross,Forecast,Sep,1726883450,15.305,1119590260,0.2399
NR,CDE,2024,Gross,Forecast,Oct,183265724,0.1061,-1126042733,0.0255
NR,CDE,2024,Gross,Forecast,Nov,343518311,1.8744,-585129827,0.0477
NR,CDE,2024,Gross,Forecast,Dec,90892137,0.2646,-453121183,0.0126
NR,CDE,2024,Net,Actual,Jan,728187212,,176390548,0.0999
NR,CDE,2024,Net,Actual,Feb,852030301,1.1701,-331098673,0.1169
NR,CDE,2024,Net,Actual,Mar,31061141,0.0365,-877373950,0.0043
NR,CDE,2024,Net,Actual,Apr,867420729,27.9262,268228203,0.119
NR,CDE,2024,Net,Actual,May,215360026,0.2483,-649833446,0.0295
NR,CDE,2024,Net,Actual,Jun,524682690,2.4363,523943944,0.072
NR,CDE,2024,Net,Actual,Jul,114379697,0.218,-937909077,0.0157
NR,CDE,2024,Net,Actual,Aug,208767766,1.8252,-51729573,0.0286
NR,CDE,2024,Net,Actual,Sep,1590531108,7.6187,-11579783,0.2181
NR,CDE,2024,Net,Actual,Oct,7513192,0.0047,-852880186,0.001
NR,CDE,2024,Net,Actual,Nov,1415579305,188.4125,412155302,0.1941
NR,CDE,2024,Net,Actual,Dec,735824197,0.5198,441480124,0.1009
NR,CDE,2024,Net,Budget,Jan,551796664,,0,0.0601
NR,CDE,2024,Net,Budget,Feb,1183128974,2.1441,0,0.1289
NR,CDE,2024,Net,Budget,Mar,908435091,0.7678,0,0.0989
NR,CDE,2024,Net,Budget,Apr,599192526,0.6596,0,0.0653
NR,CDE,2024,Net,Budget,May,865193472,1.4439,0,0.0942
NR,CDE,2024,Net,Budget,Jun,738746,0.0009,0,0.0001
NR,CDE,2024,Net,Budget,Jul,1052288774,1424.4257,0,0.1146
NR,CDE,2024,Net,Budget,Aug,260497339,0.2476,0,0.0284
NR,CDE,2024,Net,Budget,Sep,1602110891,6.1502,0,0.1745
NR,CDE,2024,Net,Budget,Oct,860393378,0.537,0,0.0937
NR,CDE,2024,Net,Budget,Nov,1003424003,1.1662,0,0.1093
NR,CDE,2024,Net,Budget,Dec,294344073,0.2933,0,0.0321
NR,CDE,2024,Net,Forecast,Jan,157095853,,-394700811,0.0247
NR,CDE,2024,Net,Forecast,Feb,1342441313,8.5454,159312339,0.2112
NR,CDE,2024,Net,Forecast,Mar,254187113,0.1893,-654247978,0.04
NR,CDE,2024,Net,Forecast,Apr,794333638,3.125,195141112,0.125
NR,CDE,2024,Net,Forecast,May,1034257540,1.302,169064068,0.1627
NR,CDE,2024,Net,Forecast,Jun,42587664,0.0412,41848918,0.0067
NR,CDE,2024,Net,Forecast,Jul,562840980,13.2161,-489447794,0.0886
NR,CDE,2024,Net,Forecast,Aug,79822676,0.1418,-180674663,0.0126
NR,CDE,2024,Net,Forecast,Sep,27541386,0.345,-1574569505,0.0043
NR,CDE,2024,Net,Forecast,Oct,569149126,20.6652,-291244252,0.0895
NR,CDE,2024,Net,Forecast,Nov,1369688571,2.4066,366264568,0.2155
NR,CDE,2024,Net,Forecast,Dec,122190680,0.0892,-172153393,0.0192
NR,CDE,2024,Op,Actual,Jan,772599127,,-1130968908,0.1144
NR,CDE,2024,Op,Actual,Feb,954381853,1.2353,210752947,0.1413
NR,CDE,2024,Op,Actual,Mar,284941230,0.2986,72560387,0.0422
NR,CDE,2024,Op,Actual,Apr,529801710,1.8593,211412022,0.0784
NR,CDE,2024,Op,Actual,May,497560869,0.9391,268245821,0.0737
NR,CDE,2024,Op,Actual,Jun,91837066,0.1846,-421188590,0.0136
NR,CDE,2024,Op,Actual,Jul,460362527,5.0128,-461408739,0.0682
NR,CDE,2024,Op,Actual,Aug,105602017,0.2294,-274580354,0.0156
NR,CDE,2024,Op,Actual,Sep,1296338589,12.2757,-336850426,0.1919
NR,CDE,2024,Op,Actual,Oct,237759843,0.1834,-1147962700,0.0352
NR,CDE,2024,Op,Actual,Nov,1327875295,5.5849,-509385276,0.1966
NR,CDE,2024,Op,Actual,Dec,195533671,0.1473,-95681808,0.0289
NR,CDE,2024,Op,Budget,Jan,1903568035,,0,0.1836
NR,CDE,2024,Op,Budget,Feb,743628906,0.3907,0,0.0717
NR,CDE,2024,Op,Budget,Mar,212380843,0.2856,0,0.0205
NR,CDE,2024,Op,Budget,Apr,318389688,1.4991,0,0.0307
NR,CDE,2024,Op,Budget,May,229315048,0.7202,0,0.0221
NR,CDE,2024,Op,Budget,Jun,513025656,2.2372,0,0.0495
NR,CDE,2024,Op,Budget,Jul,921771266,1.7967,0,0.0889
NR,CDE,2024,Op,Budget,Aug,380182371,0.4124,0,0.0367
NR,CDE,2024,Op,Budget,Sep,1633189015,4.2958,0,0.1575
NR,CDE,2024,Op,Budget,Oct,1385722543,0.8485,0,0.1336
NR,CDE,2024,Op,Budget,Nov,1837260571,1.3259,0,0.1772
NR,CDE,2024,Op,Budget,Dec,291215479,0.1585,0,0.0281
NR,CDE,2024,Op,Forecast,Jan,799944870,,-1103623165,0.1177
NR,CDE,2024,Op,Forecast,Feb,541090709,0.6764,-202538197,0.0796
NR,CDE,2024,Op,Forecast,Mar,103288630,0.1909,-109092213,0.0152
NR,CDE,2024,Op,Forecast,Apr,516606073,5.0016,198216385,0.076
NR,CDE,2024,Op,Forecast,May,1071066449,2.0733,841751401,0.1575
NR,CDE,2024,Op,Forecast,Jun,557194728,0.5202,44169072,0.0819
NR,CDE,2024,Op,Forecast,Jul,233548449,0.4192,-688222817,0.0343
NR,CDE,2024,Op,Forecast,Aug,27131763,0.1162,-353050608,0.004
NR,CDE,2024,Op,Forecast,Sep,1590943338,58.6377,-42245677,0.234
NR,CDE,2024,Op,Forecast,Oct,947439849,0.5955,-438282694,0.1393
NR,CDE,2024,Op,Forecast,Nov,349006081,0.3684,-1488254490,0.0513
NR,CDE,2024,Op,Forecast,Dec,62072971,0.1779,-229142508,0.0091
NR,CDE,2025,Gross,Actual,Jan,1532233726,,668571170,0.1604
NR,CDE,2025,Gross,Actual,Feb,919731420,0.6003,-270451021,0.0963
NR,CDE,2025,Gross,Actual,Mar,919215303,0.9994,331701315,0.0962
NR,CDE,2025,Gross,Actual,Apr,217266896,0.2364,-600110350,0.0227
NR,CDE,2025,Gross,Actual,May,871389663,4.0107,156021534,0.0912
NR,CDE,2025,Gross,Actual,Jun,372777515,0.4278,284479564,0.039
NR,CDE,2025,Gross,Actual,Jul,418868495,1.1236,56691765,0.0439
NR,CDE,2025,Gross,Actual,Aug,551875501,1.3175,508513215,0.0578
NR,CDE,2025,Gross,Actual,Sep,1167958096,2.1163,821000661,0.1223
NR,CDE,2025,Gross,Actual,Oct,1402741402,1.201,418305269,0.1469
NR,CDE,2025,Gross,Actual,Nov,841188782,0.5997,-440515704,0.0881
NR,CDE,2025,Gross,Actual,Dec,336946345,0.4006,-422679524,0.0353
NR,CDE,2025,Gross,Budget,Jan,863662556,,0,0.1074
NR,CDE,2025,Gross,Budget,Feb,1190182441,1.3781,0,0.148
NR,CDE,2025,Gross,Budget,Mar,587513988,0.4936,0,0.0731
NR,CDE,2025,Gross,Budget,Apr,817377246,1.3912,0,0.1017
NR,CDE,2025,Gross,Budget,May,715368129,0.8752,0,0.089
NR,CDE,2025,Gross,Budget,Jun,88297951,0.1234,0,0.011
NR,CDE,2025,Gross,Budget,Jul,362176730,4.1018,0,0.045
NR,CDE,2025,Gross,Budget,Aug,43362286,0.1197,0,0.0054
NR,CDE,2025,Gross,Budget,Sep,346957435,8.0014,0,0.0432
NR,CDE,2025,Gross,Budget,Oct,984436133,2.8373,0,0.1224
NR,CDE,2025,Gross,Budget,Nov,1281704486,1.302,0,0.1594
NR,CDE,2025,Gross,Budget,Dec,759625869,0.5927,0,0.0945
NR,CDE,2025,Gross,Forecast,Jan,1885105121,,1021442565,0.2962
NR,CDE,2025,Gross,Forecast,Feb,338035877,0.1793,-852146564,0.0531
NR,CDE,2025,Gross,Forecast,Mar,396087048,1.1717,-191426940,0.0622
NR,CDE,2025,Gross,Forecast,Apr,282733799,0.7138,-534643447,0.0444
NR,CDE,2025,Gross,Forecast,May,484345370,1.7131,-231022759,0.0761
NR,CDE,2025,Gross,Forecast,Jun,412390783,0.8514,324092832,0.0648
NR,CDE,2025,Gross,Forecast,Jul,369641420,0.8963,7464690,0.0581
NR,CDE,2025,Gross,Forecast,Aug,253773538,0.6865,210411252,0.0399
NR,CDE,2025,Gross,Forecast,Sep,1020738335,4.0222,673780900,0.1604
NR,CDE,2025,Gross,Forecast,Oct,439192557,0.4303,-545243576,0.069
NR,CDE,2025,Gross,Forecast,Nov,109871351,0.2502,-1171833135,0.0173
NR,CDE,2025,Gross,Forecast,Dec,372967418,3.3946,-386658451,0.0586
NR,CDE,2025,Net,Actual,Jan,1971833013,,1385763662,0.2423
NR,CDE,2025,Net,Actual,Feb,311735756,0.1581,223488546,0.0383
NR,CDE,2025,Net,Actual,Mar,772772342,2.4789,-113509810,0.095
NR,CDE,2025,Net,Actual,Apr,556116409,0.7196,-467449734,0.0683
NR,CDE,2025,Net,Actual,May,327265245,0.5885,-686687434,0.0402
NR,CDE,2025,Net,Actual,Jun,341353578,1.043,101404525,0.0419
NR,CDE,2025,Net,Actual,Jul,579246759,1.6969,-311459831,0.0712
NR,CDE,2025,Net,Actual,Aug,234305928,0.4045,-98806229,0.0288
NR,CDE,2025,Net,Actual,Sep,250937590,1.071,-243815688,0.0308
NR,CDE,2025,Net,Actual,Oct,580368128,2.3128,-171012147,0.0713
NR,CDE,2025,Net,Actual,Nov,2024427583,3.4882,309352709,0.2488
NR,CDE,2025,Net,Actual,Dec,187838555,0.0928,-118209718,0.0231
NR,CDE,2025,Net,Budget,Jan,586069351,,0,0.0704
NR,CDE,2025,Net,Budget,Feb,88247210,0.1506,0,0.0106
NR,CDE,2025,Net,Budget,Mar,886282152,10.0432,0,0.1064
NR,CDE,2025,Net,Budget,Apr,1023566143,1.1549,0,0.1229
NR,CDE,2025,Net,Budget,May,1013952679,0.9906,0,0.1217
NR,CDE,2025,Net,Budget,Jun,239949053,0.2366,0,0.0288
NR,CDE,2025,Net,Budget,Jul,890706590,3.7121,0,0.1069
NR,CDE,2025,Net,Budget,Aug,333112157,0.374,0,0.04
NR,CDE,2025,Net,Budget,Sep,494753278,1.4852,0,0.0594
NR,CDE,2025,Net,Budget,Oct,751380275,1.5187,0,0.0902
NR,CDE,2025,Net,Budget,Nov,1715074874,2.2826,0,0.2059
NR,CDE,2025,Net,Budget,Dec,306048273,0.1784,0,0.0367
NR,CDE,2025,Net,Forecast,Jan,997924166,,411854815,0.1289
NR,CDE,2025,Net,Forecast,Feb,1588998728,1.5923,1500751518,0.2053
NR,CDE,2025,Net,Forecast,Mar,70615100,0.0444,-815667052,0.0091
NR,CDE,2025,Net,Forecast,Apr,1124065889,15.9182,100499746,0.1452
NR,CDE,2025,Net,Forecast,May,405696778,0.3609,-608255901,0.0524
NR,CDE,2025,Net,Forecast,Jun,536518249,1.3225,296569196,0.0693
NR,CDE,2025,Net,Forecast,Jul,281793541,0.5252,-608913049,0.0364
NR,CDE,2025,Net,Forecast,Aug,102106276,0.3623,-231005881,0.0132
NR,CDE,2025,Net,Forecast,Sep,836230935,8.1898,341477657,0.108
NR,CDE,2025,Net,Forecast,Oct,618001282,0.739,-133378993,0.0798
NR,CDE,2025,Net,Forecast,Nov,448490131,0.7257,-1266584743,0.0579
NR,CDE,2025,Net,Forecast,Dec,729816812,1.6273,423768539,0.0943
NR,CDE,2025,Op,Actual,Jan,346793055,,-1216131761,0.0563
NR,CDE,2025,Op,Actual,Feb,1227264232,3.5389,899651114,0.1993
NR,CDE,2025,Op,Actual,Mar,370180454,0.3016,-204633505,0.0601
NR,CDE,2025,Op,Actual,Apr,556665615,1.5038,-38672259,0.0904
NR,CDE,2025,Op,Actual,May,1120418255,2.0127,1072129351,0.1819
NR,CDE,2025,Op,Actual,Jun,629410866,0.5618,274015903,0.1022
NR,CDE,2025,Op,Actual,Jul,79960190,0.127,-1155321942,0.013
NR,CDE,2025,Op,Actual,Aug,137436944,1.7188,21335737,0.0223
NR,CDE,2025,Op,Actual,Sep,449017108,3.2671,-50493773,0.0729
NR,CDE,2025,Op,Actual,Oct,514760238,1.1464,91433756,0.0836
NR,CDE,2025,Op,Actual,Nov,255306655,0.496,-573613619,0.0415
NR,CDE,2025,Op,Actual,Dec,472161351,1.8494,280924902,0.0767
NR,CDE,2025,Op,Budget,Jan,1562924816,,0,0.2312
NR,CDE,2025,Op,Budget,Feb,327613118,0.2096,0,0.0485
NR,CDE,2025,Op,Budget,Mar,574813959,1.7546,0,0.085
NR,CDE,2025,Op,Budget,Apr,595337874,1.0357,0,0.0881
NR,CDE,2025,Op,Budget,May,48288904,0.0811,0,0.0071
NR,CDE,2025,Op,Budget,Jun,355394963,7.3598,0,0.0526
NR,CDE,2025,Op,Budget,Jul,1235282132,3.4758,0,0.1828
NR,CDE,2025,Op,Budget,Aug,116101207,0.094,0,0.0172
NR,CDE,2025,Op,Budget,Sep,499510881,4.3024,0,0.0739
NR,CDE,2025,Op,Budget,Oct,423326482,0.8475,0,0.0626
NR,CDE,2025,Op,Budget,Nov,828920274,1.9581,0,0.1226
NR,CDE,2025,Op,Budget,Dec,191236449,0.2307,0,0.0283
NR,CDE,2025,Op,Forecast,Jan,943827320,,-619097496,0.1387
NR,CDE,2025,Op,Forecast,Feb,437396575,0.4634,109783457,0.0643
NR,CDE,2025,Op,Forecast,Mar,615733277,1.4077,40919318,0.0905
NR,CDE,2025,Op,Forecast,Apr,1029057876,1.6713,433720002,0.1512
NR,CDE,2025,Op,Forecast,May,467611579,0.4544,419322675,0.0687
NR,CDE,2025,Op,Forecast,Jun,49063109,0.1049,-306331854,0.0072
NR,CDE,2025,Op,Forecast,Jul,208085541,4.2412,-1027196591,0.0306
NR,CDE,2025,Op,Forecast,Aug,8177060,0.0393,-107924147,0.0012
NR,CDE,2025,Op,Forecast,Sep,1202314635,147.0351,702803754,0.1767
NR,CDE,2025,Op,Forecast,Oct,1373637742,1.1425,950311260,0.2019
NR,CDE,2025,Op,Forecast,Nov,101504845,0.0739,-727415429,0.0149
NR,CDE,2025,Op,Forecast,Dec,368767398,3.633,177530949,0.0542
NR,PJ,2024,Gross,Actual,Jan,137443725,,-1615474790,0.022
NR,PJ,2024,Gross,Actual,Feb,1297378145,9.4393,1060003416,0.2076
NR,PJ,2024,Gross,Actual,Mar,231011698,0.1781,177449513,0.037
NR,PJ,2024,Gross,Actual,Apr,335834595,1.4538,-891493836,0.0537
NR,PJ,2024,Gross,Actual,May,131886902,0.3927,-1067608193,0.0211
NR,PJ,2024,Gross,Actual,Jun,724873598,5.4962,329430832,0.116
NR,PJ,2024,Gross,Actual,Jul,569349094,0.7854,376788919,0.0911
NR,PJ,2024,Gross,Actual,Aug,423411082,0.7437,68303049,0.0678
NR,PJ,2024,Gross,Actual,Sep,937837756,2.215,-708370345,0.1501
NR,PJ,2024,Gross,Actual,Oct,1329414236,1.4175,1108881366,0.2127
NR,PJ,2024,Gross,Actual,Nov,99229138,0.0746,-1514712392,0.0159
NR,PJ,2024,Gross,Actual,Dec,31811903,0.3206,-804868393,0.0051
NR,PJ,2024,Gross,Budget,Jan,1752918515,,0,0.1801
NR,PJ,2024,Gross,Budget,Feb,237374729,0.1354,0,0.0244
NR,PJ,2024,Gross,Budget,Mar,53562185,0.2256,0,0.0055
NR,PJ,2024,Gross,Budget,Apr,1227328431,22.9141,0,0.1261
NR,PJ,2024,Gross,Budget,May,1199495095,0.9773,0,0.1233
NR,PJ,2024,Gross,Budget,Jun,395442766,0.3297,0,0.0406
NR,PJ,2024,Gross,Budget,Jul,192560175,0.4869,0,0.0198
NR,PJ,2024,Gross,Budget,Aug,355108033,1.8441,0,0.0365
NR,PJ,2024,Gross,Budget,Sep,1646208101,4.6358,0,0.1692
NR,PJ,2024,Gross,Budget,Oct,220532870,0.134,0,0.0227
NR,PJ,2024,Gross,Budget,Nov,1613941530,7.3184,0,0.1659
NR,PJ,2024,Gross,Budget,Dec,836680296,0.5184,0,0.086
NR,PJ,2024,Gross,Forecast,Jan,719244349,,-1033674166,0.075
NR,PJ,2024,Gross,Forecast,Feb,1838483825,2.5561,1601109096,0.1918
NR,PJ,2024,Gross,Forecast,Mar,783544353,0.4262,729982168,0.0818
NR,PJ,2024,Gross,Forecast,Apr,168487047,0.215,-1058841384,0.0176
NR,PJ,2024,Gross,Forecast,May,1079720667,6.4083,-119774428,0.1127
NR,PJ,2024,Gross,Forecast,Jun,353935838,0.3278,-41506928,0.0369
NR,PJ,2024,Gross,Forecast,Jul,1251591162,3.5362,1059030987,0.1306
NR,PJ,2024,Gross,Forecast,Aug,370904103,0.2963,15796070,0.0387
NR,PJ,2024,Gross,Forecast,Sep,1618602410,4.3639,-27605691,0.1689
NR,PJ,2024,Gross,Forecast,Oct,303142566,0.1873,82609696,0.0316
NR,PJ,2024,Gross,Forecast,Nov,720967062,2.3783,-892974468,0.0752
NR,PJ,2024,Gross,Forecast,Dec,375924873,0.5214,-460755423,0.0392
NR,PJ,2024,Net,Actual,Jan,1231985570,,916476773,0.1848
NR,PJ,2024,Net,Actual,Feb,1260688190,1.0233,414969808,0.1891
NR,PJ,2024,Net,Actual,Mar,442072360,0.3507,-108766527,0.0663
NR,PJ,2024,Net,Actual,Apr,125637168,0.2842,-672455497,0.0188
NR,PJ,2024,Net,Actual,May,426261077,3.3928,-719499217,0.0639
NR,PJ,2024,Net,Actual,Jun,177193906,0.4157,-395285216,0.0266
NR,PJ,2024,Net,Actual,Jul,727259358,4.1043,-22128122,0.1091
NR,PJ,2024,Net,Actual,Aug,253758161,0.3489,30633594,0.0381
NR,PJ,2024,Net,Actual,Sep,566217363,2.2313,-597646472,0.0849
NR,PJ,2024,Net,Actual,Oct,890485140,1.5727,-480197190,0.1336
NR,PJ,2024,Net,Actual,Nov,272079836,0.3055,-586988308,0.0408
NR,PJ,2024,Net,Actual,Dec,292078973,1.0735,-88381403,0.0438
NR,PJ,2024,Net,Budget,Jan,315508797,,0,0.0352
NR,PJ,2024,Net,Budget,Feb,845718382,2.6805,0,0.0942
NR,PJ,2024,Net,Budget,Mar,550838887,0.6513,0,0.0614
NR,PJ,2024,Net,Budget,Apr,798092665,1.4489,0,0.0889
NR,PJ,2024,Net,Budget,May,1145760294,1.4356,0,0.1277
NR,PJ,2024,Net,Budget,Jun,572479122,0.4996,0,0.0638
NR,PJ,2024,Net,Budget,Jul,749387480,1.309,0,0.0835
NR,PJ,2024,Net,Budget,Aug,223124567,0.2977,0,0.0249
NR,PJ,2024,Net,Budget,Sep,1163863835,5.2162,0,0.1297
NR,PJ,2024,Net,Budget,Oct,1370682330,1.1777,0,0.1527
NR,PJ,2024,Net,Budget,Nov,859068144,0.6267,0,0.0957
NR,PJ,2024,Net,Budget,Dec,380460376,0.4429,0,0.0424
NR,PJ,2024,Net,Forecast,Jan,1902830570,,1587321773,0.1988
NR,PJ,2024,Net,Forecast,Feb,1333238754,0.7007,487520372,0.1393
NR,PJ,2024,Net,Forecast,Mar,989951611,0.7425,439112724,0.1035
NR,PJ,2024,Net,Forecast,Apr,485016417,0.4899,-313076248,0.0507
NR,PJ,2024,Net,Forecast,May,916006508,1.8886,-229753786,0.0957
NR,PJ,2024,Net,Forecast,Jun,432537341,0.4722,-139941781,0.0452
NR,PJ,2024,Net,Forecast,Jul,490460672,1.1339,-258926808,0.0513
NR,PJ,2024,Net,Forecast,Aug,319548433,0.6515,96423866,0.0334
NR,PJ,2024,Net,Forecast,Sep,808498597,2.5301,-355365238,0.0845
NR,PJ,2024,Net,Forecast,Oct,692339744,0.8563,-678342586,0.0724
NR,PJ,2024,Net,Forecast,Nov,830655139,1.1998,-28413005,0.0868
NR,PJ,2024,Net,Forecast,Dec,368109152,0.4432,-12351224,0.0385
NR,PJ,2024,Op,Actual,Jan,524998021,,367276371,0.0866
NR,PJ,2024,Op,Actual,Feb,1402485303,2.6714,217581788,0.2314
NR,PJ,2024,Op,Actual,Mar,620184857,0.4422,251774229,0.1023
NR,PJ,2024,Op,Actual,Apr,11569696,0.0187,-1004641422,0.0019
NR,PJ,2024,Op,Actual,May,44452458,3.8421,-669069163,0.0073
NR,PJ,2024,Op,Actual,Jun,601525895,13.5319,293677390,0.0993
NR,PJ,2024,Op,Actual,Jul,351350711,0.5841,27851778,0.058
NR,PJ,2024,Op,Actual,Aug,166320808,0.4734,105756633,0.0274
NR,PJ,2024,Op,Actual,Sep,122394556,0.7359,-327091615,0.0202
NR,PJ,2024,Op,Actual,Oct,1196800028,9.7782,-154113033,0.1975
NR,PJ,2024,Op,Actual,Nov,636805848,0.5321,-391936633,0.1051
NR,PJ,2024,Op,Actual,Dec,381381706,0.5989,-207888755,0.0629
NR,PJ,2024,Op,Budget,Jan,157721650,,0,0.0209
NR,PJ,2024,Op,Budget,Feb,1184903515,7.5126,0,0.1569
NR,PJ,2024,Op,Budget,Mar,368410628,0.3109,0,0.0488
NR,PJ,2024,Op,Budget,Apr,1016211118,2.7584,0,0.1346
NR,PJ,2024,Op,Budget,May,713521621,0.7021,0,0.0945
NR,PJ,2024,Op,Budget,Jun,307848505,0.4314,0,0.0408
NR,PJ,2024,Op,Budget,Jul,323498933,1.0508,0,0.0428
NR,PJ,2024,Op,Budget,Aug,60564175,0.1872,0,0.008
NR,PJ,2024,Op,Budget,Sep,449486171,7.4217,0,0.0595
NR,PJ,2024,Op,Budget,Oct,1350913061,3.0055,0,0.1789
NR,PJ,2024,Op,Budget,Nov,1028742481,0.7615,0,0.1362
NR,PJ,2024,Op,Budget,Dec,589270461,0.5728,0,0.078
NR,PJ,2024,Op,Forecast,Jan,1786200013,,1628478363,0.1852
NR,PJ,2024,Op,Forecast,Feb,1296916640,0.7261,112013125,0.1345
NR,PJ,2024,Op,Forecast,Mar,408835470,0.3152,40424842,0.0424
NR,PJ,2024,Op,Forecast,Apr,1027191560,2.5125,10980442,0.1065
NR,PJ,2024,Op,Forecast,May,922220585,0.8978,208698964,0.0956
NR,PJ,2024,Op,Forecast,Jun,631253361,0.6845,323404856,0.0655
NR,PJ,2024,Op,Forecast,Jul,168978805,0.2677,-154520128,0.0175
NR,PJ,2024,Op,Forecast,Aug,278340478,1.6472,217776303,0.0289
NR,PJ,2024,Op,Forecast,Sep,592075808,2.1272,142589637,0.0614
NR,PJ,2024,Op,Forecast,Oct,1443636943,2.4383,92723882,0.1497
NR,PJ,2024,Op,Forecast,Nov,657622010,0.4555,-371120471,0.0682
NR,PJ,2024,Op,Forecast,Dec,429494710,0.6531,-159775751,0.0445
NR,PJ,2025,Gross,Actual,Jan,1380090000,,104194881,0.1171
NR,PJ,2025,Gross,Actual,Feb,1466590000,1.0627,1019848091,0.1245
NR,PJ,2025,Gross,Actual,Mar,746720000,0.5092,363618373,0.0634
NR,PJ,2025,Gross,Actual,Apr,1080980000,1.4476,-72073114,0.0917
NR,PJ,2025,Gross,Actual,May,838540000,0.7757,190086305,0.0712
NR,PJ,2025,Gross,Actual,Jun,536860000,0.6402,238045553,0.0456
NR,PJ,2025,Gross,Actual,Jul,887580000,1.6533,675513777,0.0753
NR,PJ,2025,Gross,Actual,Aug,394250000,0.4442,250906220,0.0335
NR,PJ,2025,Gross,Actual,Sep,1155930000,2.932,645564464,0.0981
NR,PJ,2025,Gross,Actual,Oct,1155820000,0.9999,-483332308,0.0981
NR,PJ,2025,Gross,Actual,Nov,1509410000,1.3059,1407315625,0.1281
NR,PJ,2025,Gross,Actual,Dec,629580000,0.4171,-241345603,0.0534
NR,PJ,2025,Gross,Budget,Jan,1275895119,,0,0.166
NR,PJ,2025,Gross,Budget,Feb,446741909,0.3501,0,0.0581
NR,PJ,2025,Gross,Budget,Mar,383101627,0.8575,0,0.0499
NR,PJ,2025,Gross,Budget,Apr,1153053114,3.0098,0,0.1501
NR,PJ,2025,Gross,Budget,May,648453695,0.5624,0,0.0844
NR,PJ,2025,Gross,Budget,Jun,298814447,0.4608,0,0.0389
NR,PJ,2025,Gross,Budget,Jul,212066223,0.7097,0,0.0276
NR,PJ,2025,Gross,Budget,Aug,143343780,0.6759,0,0.0187
NR,PJ,2025,Gross,Budget,Sep,510365536,3.5604,0,0.0664
NR,PJ,2025,Gross,Budget,Oct,1639152308,3.2117,0,0.2133
NR,PJ,2025,Gross,Budget,Nov,102094375,0.0623,0,0.0133
NR,PJ,2025,Gross,Budget,Dec,870925603,8.5306,0,0.1133
NR,PJ,2025,Gross,Forecast,Jan,2020432061,,744536942,0.2111
NR,PJ,2025,Gross,Forecast,Feb,1521138845,0.7529,1074396936,0.1589
NR,PJ,2025,Gross,Forecast,Mar,516206931,0.3394,133105304,0.0539
NR,PJ,2025,Gross,Forecast,Apr,539011982,1.0442,-614041132,0.0563
NR,PJ,2025,Gross,Forecast,May,967894212,1.7957,319440517,0.1011
NR,PJ,2025,Gross,Forecast,Jun,588844268,0.6084,290029821,0.0615
NR,PJ,2025,Gross,Forecast,Jul,290350119,0.4931,78283896,0.0303
NR,PJ,2025,Gross,Forecast,Aug,400862306,1.3806,257518526,0.0419
NR,PJ,2025,Gross,Forecast,Sep,1337786856,3.3373,827421320,0.1398
NR,PJ,2025,Gross,Forecast,Oct,172088650,0.1286,-1467063658,0.018
NR,PJ,2025,Gross,Forecast,Nov,874924030,5.0841,772829655,0.0914
NR,PJ,2025,Gross,Forecast,Dec,343033052,0.3921,-527892551,0.0358
NR,PJ,2025,Net,Actual,Jan,1408310000,,744275812,0.1316
NR,PJ,2025,Net,Actual,Feb,1268180000,0.9005,117734285,0.1185
NR,PJ,2025,Net,Actual,Mar,691430000,0.5452,-100287817,0.0646
NR,PJ,2025,Net,Actual,Apr,933600000,1.3502,-258035711,0.0873
NR,PJ,2025,Net,Actual,May,777030000,0.8323,334098240,0.0726
NR,PJ,2025,Net,Actual,Jun,446610000,0.5748,407247000,0.0417
NR,PJ,2025,Net,Actual,Jul,880550000,1.9716,857536352,0.0823
NR,PJ,2025,Net,Actual,Aug,267600000,0.3039,14044869,0.025
NR,PJ,2025,Net,Actual,Sep,1105000000,4.1293,820473739,0.1033
NR,PJ,2025,Net,Actual,Oct,1036370000,0.9379,582870932,0.0969
NR,PJ,2025,Net,Actual,Nov,1387290000,1.3386,-520380070,0.1297
NR,PJ,2025,Net,Actual,Dec,497250000,0.3584,252009722,0.0465
NR,PJ,2025,Net,Budget,Jan,664034188,,0,0.0892
NR,PJ,2025,Net,Budget,Feb,1150445715,1.7325,0,0.1545
NR,PJ,2025,Net,Budget,Mar,791717817,0.6882,0,0.1063
NR,PJ,2025,Net,Budget,Apr,1191635711,1.5051,0,0.16
NR,PJ,2025,Net,Budget,May,442931760,0.3717,0,0.0595
NR,PJ,2025,Net,Budget,Jun,39363000,0.0889,0,0.0053
NR,PJ,2025,Net,Budget,Jul,23013648,0.5847,0,0.0031
NR,PJ,2025,Net,Budget,Aug,253555131,11.0176,0,0.034
NR,PJ,2025,Net,Budget,Sep,284526261,1.1221,0,0.0382
NR,PJ,2025,Net,Budget,Oct,453499068,1.5939,0,0.0609
NR,PJ,2025,Net,Budget,Nov,1907670070,4.2066,0,0.2561
NR,PJ,2025,Net,Budget,Dec,245240278,0.1286,0,0.0329
NR,PJ,2025,Net,Forecast,Jan,1365816732,,701782544,0.1401
NR,PJ,2025,Net,Forecast,Feb,1158513917,0.8482,8068202,0.1189
NR,PJ,2025,Net,Forecast,Mar,667758151,0.5764,-123959666,0.0685
NR,PJ,2025,Net,Forecast,Apr,701334359,1.0503,-490301352,0.072
NR,PJ,2025,Net,Forecast,May,435400459,0.6208,-7531301,0.0447
NR,PJ,2025,Net,Forecast,Jun,394461424,0.906,355098424,0.0405
NR,PJ,2025,Net,Forecast,Jul,645561126,1.6366,622547478,0.0662
NR,PJ,2025,Net,Forecast,Aug,317875449,0.4924,64320318,0.0326
NR,PJ,2025,Net,Forecast,Sep,923578969,2.9055,639052708,0.0948
NR,PJ,2025,Net,Forecast,Oct,959215793,1.0386,505716725,0.0984
NR,PJ,2025,Net,Forecast,Nov,2046604926,2.1336,138934856,0.21
NR,PJ,2025,Net,Forecast,Dec,130515232,0.0638,-114725046,0.0134
NR,PJ,2025,Op,Actual,Jan,1408310000,,-37160318,0.1316
NR,PJ,2025,Op,Actual,Feb,1268180000,0.9005,849109098,0.1185
NR,PJ,2025,Op,Actual,Mar,691430000,0.5452,305872901,0.0646
NR,PJ,2025,Op,Actual,Apr,933600000,1.3502,-356298540,0.0873
NR,PJ,2025,Op,Actual,May,777030000,0.8323,216047775,0.0726
NR,PJ,2025,Op,Actual,Jun,446610000,0.5748,361653356,0.0417
NR,PJ,2025,Op,Actual,Jul,880550000,1.9716,266859825,0.0823
NR,PJ,2025,Op,Actual,Aug,267600000,0.3039,-10425674,0.025
NR,PJ,2025,Op,Actual,Sep,1105000000,4.1293,508718926,0.1033
NR,PJ,2025,Op,Actual,Oct,1036370000,0.9379,853975645,0.0969
NR,PJ,2025,Op,Actual,Nov,1387290000,1.3386,1141726484,0.1297
NR,PJ,2025,Op,Actual,Dec,497250000,0.3584,182467476,0.0465
NR,PJ,2025,Op,Budget,Jan,1445470318,,0,0.2253
NR,PJ,2025,Op,Budget,Feb,419070902,0.2899,0,0.0653
NR,PJ,2025,Op,Budget,Mar,385557099,0.92,0,0.0601
NR,PJ,2025,Op,Budget,Apr,1289898540,3.3455,0,0.201
NR,PJ,2025,Op,Budget,May,560982225,0.4349,0,0.0874
NR,PJ,2025,Op,Budget,Jun,84956644,0.1514,0,0.0132
NR,PJ,2025,Op,Budget,Jul,613690175,7.2236,0,0.0956
NR,PJ,2025,Op,Budget,Aug,278025674,0.453,0,0.0433
NR,PJ,2025,Op,Budget,Sep,596281074,2.1447,0,0.0929
NR,PJ,2025,Op,Budget,Oct,182394355,0.3059,0,0.0284
NR,PJ,2025,Op,Budget,Nov,245563516,1.3463,0,0.0383
NR,PJ,2025,Op,Budget,Dec,314782524,1.2819,0,0.0491
NR,PJ,2025,Op,Forecast,Jan,838126920,,-607343398,0.0861
NR,PJ,2025,Op,Forecast,Feb,1536025395,1.8327,1116954493,0.1577
NR,PJ,2025,Op,Forecast,Mar,917018808,0.597,531461709,0.0942
NR,PJ,2025,Op,Forecast,Apr,435988938,0.4754,-853909602,0.0448
NR,PJ,2025,Op,Forecast,May,767656908,1.7607,206674683,0.0788
NR,PJ,2025,Op,Forecast,Jun,231948836,0.3022,146992192,0.0238
NR,PJ,2025,Op,Forecast,Jul,1183700229,5.1033,570010054,0.1215
NR,PJ,2025,Op,Forecast,Aug,115666061,0.0977,-162359613,0.0119
NR,PJ,2025,Op,Forecast,Sep,1628787870,14.0818,1032506796,0.1672
NR,PJ,2025,Op,Forecast,Oct,1484718345,0.9115,1302323990,0.1524
NR,PJ,2025,Op,Forecast,Nov,296628368,0.1998,51064852,0.0305
NR,PJ,2025,Op,Forecast,Dec,303033161,1.0216,-11749363,0.0311
PH,CDE,2024,Gross,Actual,Jan,1272880052,,974674301,0.2612
PH,CDE,2024,Gross,Actual,Feb,3296623,0.0026,-7783914,0.0007
PH,CDE,2024,Gross,Actual,Mar,512407,0.1554,-129099282,0.0001
PH,CDE,2024,Gross,Actual,Apr,839521406,1638.3879,553934344,0.1723
PH,CDE,2024,Gross,Actual,May,300151009,0.3575,28967344,0.0616
PH,CDE,2024,Gross,Actual,Jun,469389461,1.5638,113547369,0.0963
PH,CDE,2024,Gross,Actual,Jul,426678292,0.909,69537067,0.0876
PH,CDE,2024,Gross,Actual,Aug,1057430549,2.4783,766148425,0.217
PH,CDE,2024,Gross,Actual,Sep,0,0.0,0,0.0
PH,CDE,2024,Gross,Actual,Oct,0,,0,0.0
PH,CDE,2024,Gross,Actual,Nov,503283932,,141514793,0.1033
PH,CDE,2024,Gross,Actual,Dec,0,0.0,0,0.0
PH,CDE,2024,Gross,Budget,Jan,298205751,,0,0.1263
PH,CDE,2024,Gross,Budget,Feb,11080537,0.0372,0,0.0047
PH,CDE,2024,Gross,Budget,Mar,129611689,11.6972,0,0.0549
PH,CDE,2024,Gross,Budget,Apr,285587062,2.2034,0,0.1209
PH,CDE,2024,Gross,Budget,May,271183665,0.9496,0,0.1148
PH,CDE,2024,Gross,Budget,Jun,355842092,1.3122,0,0.1507
PH,CDE,2024,Gross,Budget,Jul,357141225,1.0037,0,0.1512
PH,CDE,2024,Gross,Budget,Aug,291282124,0.8156,0,0.1233
PH,CDE,2024,Gross,Budget,Sep,0,0.0,0,0.0
PH,CDE,2024,Gross,Budget,Oct,0,,0,0.0
PH,CDE,2024,Gross,Budget,Nov,361769139,,0,0.1532
PH,CDE,2024,Gross,Budget,Dec,0,0.0,0,0.0
PH,CDE,2024,Gross,Forecast,Jan,646470480,,348264729,0.1794
PH,CDE,2024,Gross,Forecast,Feb,16621546,0.0257,5541009,0.0046
PH,CDE,2024,Gross,Forecast,Mar,118618904,7.1365,-10992785,0.0329
PH,CDE,2024,Gross,Forecast,Apr,700077334,5.9019,414490272,0.1943
PH,CDE,2024,Gross,Forecast,May,169256668,0.2418,-101926997,0.047
PH,CDE,2024,Gross,Forecast,Jun,430952108,2.5461,75110016,0.1196
PH,CDE,2024,Gross,Forecast,Jul,771702232,1.7907,414561007,0.2142
PH,CDE,2024,Gross,Forecast,Aug,336772764,0.4364,45490640,0.0935
PH,CDE,2024,Gross,Forecast,Sep,0,0.0,0,0.0
PH,CDE,2024,Gross,Forecast,Oct,0,,0,0.0
PH,CDE,2024,Gross,Forecast,Nov,412966053,,51196914,0.1146
PH,CDE,2024,Gross,Forecast,Dec,0,0.0,0,0.0
PH,CDE,2024,Net,Actual,Jan,1224284559,,898656845,0.6041
PH,CDE,2024,Net,Actual,Feb,35138828,0.0287,34449806,0.0173
PH,CDE,2024,Net,Actual,Mar,16588644,0.4721,16387016,0.0082
PH,CDE,2024,Net,Actual,Apr,19863149,1.1974,-80699178,0.0098
PH,CDE,2024,Net,Actual,May,222517833,11.2025,49970258,0.1098
PH,CDE,2024,Net,Actual,Jun,228731923,1.0279,-324863690,0.1129
PH,CDE,2024,Net,Actual,Jul,159428468,0.697,-443715315,0.0787
PH,CDE,2024,Net,Actual,Aug,45766040,0.2871,-366013043,0.0226
PH,CDE,2024,Net,Actual,Sep,-39070679,-0.8537,-943040,-0.0193
PH,CDE,2024,Net,Actual,Oct,0,-0.0,0,0.0
PH,CDE,2024,Net,Actual,Nov,173137196,,-279711018,0.0854
PH,CDE,2024,Net,Actual,Dec,-59809450,-0.3454,-8763951,-0.0295
PH,CDE,2024,Net,Budget,Jan,325627714,,0,0.1286
PH,CDE,2024,Net,Budget,Feb,689022,0.0021,0,0.0003
PH,CDE,2024,Net,Budget,Mar,201628,0.2926,0,0.0001
PH,CDE,2024,Net,Budget,Apr,100562327,498.7518,0,0.0397
PH,CDE,2024,Net,Budget,May,172547575,1.7158,0,0.0682
PH,CDE,2024,Net,Budget,Jun,553595613,3.2084,0,0.2187
PH,CDE,2024,Net,Budget,Jul,603143783,1.0895,0,0.2382
PH,CDE,2024,Net,Budget,Aug,411779083,0.6827,0,0.1626
PH,CDE,2024,Net,Budget,Sep,-38127639,-0.0926,0,-0.0151
PH,CDE,2024,Net,Budget,Oct,0,-0.0,0,0.0
PH,CDE,2024,Net,Budget,Nov,452848214,,0,0.1789
PH,CDE,2024,Net,Budget,Dec,-51045499,-0.1127,0,-0.0202
PH,CDE,2024,Net,Forecast,Jan,844813045,,519185331,0.2229
PH,CDE,2024,Net,Forecast,Feb,26969140,0.0319,26280118,0.0071
PH,CDE,2024,Net,Forecast,Mar,36514467,1.3539,36312839,0.0096
PH,CDE,2024,Net,Forecast,Apr,833530284,22.8274,732967957,0.2199
PH,CDE,2024,Net,Forecast,May,233578582,0.2802,61031007,0.0616
PH,CDE,2024,Net,Forecast,Jun,68182078,0.2919,-485413535,0.018
PH,CDE,2024,Net,Forecast,Jul,550642637,8.0761,-52501146,0.1453
PH,CDE,2024,Net,Forecast,Aug,657603325,1.1942,245824242,0.1735
PH,CDE,2024,Net,Forecast,Sep,-6944043,-0.0106,31183596,-0.0018
PH,CDE,2024,Net,Forecast,Oct,0,-0.0,0,0.0
PH,CDE,2024,Net,Forecast,Nov,565556883,,112708669,0.1492
PH,CDE,2024,Net,Forecast,Dec,-20333174,-0.036,30712325,-0.0054
PH,CDE,2024,Op,Actual,Jan,592230066,,-901566127,0.3141
PH,CDE,2024,Op,Actual,Feb,5691725,0.0096,-5178039,0.003
PH,CDE,2024,Op,Actual,Mar,25387626,4.4604,-14268764,0.0135
PH,CDE,2024,Op,Actual,Apr,416076643,16.389,-65131724,0.2206
PH,CDE,2024,Op,Actual,May,89447249,0.215,-75232561,0.0474
PH,CDE,2024,Op,Actual,Jun,266827283,2.9831,224276611,0.1415
PH,CDE,2024,Op,Actual,Jul,272814075,1.0224,-76886562,0.1447
PH,CDE,2024,Op,Actual,Aug,152099745,0.5575,-226541783,0.0807
PH,CDE,2024,Op,Actual,Sep,-46234563,-0.304,31637887,-0.0245
PH,CDE,2024,Op,Actual,Oct,0,-0.0,0,0.0
PH,CDE,2024,Op,Actual,Nov,185739234,,-504851070,0.0985
PH,CDE,2024,Op,Actual,Dec,-74368920,-0.4004,-32416584,-0.0394
PH,CDE,2024,Op,Budget,Jan,1493796193,,0,0.4229
PH,CDE,2024,Op,Budget,Feb,10869764,0.0073,0,0.0031
PH,CDE,2024,Op,Budget,Mar,39656390,3.6483,0,0.0112
PH,CDE,2024,Op,Budget,Apr,481208367,12.1344,0,0.1362
PH,CDE,2024,Op,Budget,May,164679810,0.3422,0,0.0466
PH,CDE,2024,Op,Budget,Jun,42550672,0.2584,0,0.012
PH,CDE,2024,Op,Budget,Jul,349700637,8.2185,0,0.099
PH,CDE,2024,Op,Budget,Aug,378641528,1.0828,0,0.1072
PH,CDE,2024,Op,Budget,Sep,-77872450,-0.2057,0,-0.022
PH,CDE,2024,Op,Budget,Oct,0,-0.0,0,0.0
PH,CDE,2024,Op,Budget,Nov,690590304,,0,0.1955
PH,CDE,2024,Op,Budget,Dec,-41952336,-0.0607,0,-0.0119
PH,CDE,2024,Op,Forecast,Jan,118216411,,-1375579782,0.0458
PH,CDE,2024,Op,Forecast,Feb,15628563,0.1322,4758799,0.0061
PH,CDE,2024,Op,Forecast,Mar,30785147,1.9698,-8871243,0.0119
PH,CDE,2024,Op,Forecast,Apr,908868893,29.523,427660526,0.352
PH,CDE,2024,Op,Forecast,May,287070683,0.3159,122390873,0.1112
PH,CDE,2024,Op,Forecast,Jun,84036860,0.2927,41486188,0.0325
PH,CDE,2024,Op,Forecast,Jul,628297479,7.4765,278596842,0.2433
PH,CDE,2024,Op,Forecast,Aug,339879391,0.541,-38762137,0.1316
PH,CDE,2024,Op,Forecast,Sep,-30572827,-0.09,47299623,-0.0118
PH,CDE,2024,Op,Forecast,Oct,0,-0.0,0,0.0
PH,CDE,2024,Op,Forecast,Nov,204048580,,-486541724,0.079
PH,CDE,2024,Op,Forecast,Dec,-4222253,-0.0207,37730083,-0.0016
PH,CDE,2025,Gross,Actual,Jan,1382015366,,111282043,0.258
PH,CDE,2025,Gross,Actual,Feb,24139313,0.0175,8566075,0.0045
PH,CDE,2025,Gross,Actual,Mar,121929430,5.0511,99618716,0.0228
PH,CDE,2025,Gross,Actual,Apr,936703046,7.6823,412455933,0.1749
PH,CDE,2025,Gross,Actual,May,279001706,0.2979,158322444,0.0521
PH,CDE,2025,Gross,Actual,Jun,410309054,1.4706,385383485,0.0766
PH,CDE,2025,Gross,Actual,Jul,963972205,2.3494,799414049,0.18
PH,CDE,2025,Gross,Actual,Aug,1060015501,1.0996,969465054,0.1979
PH,CDE,2025,Gross,Actual,Sep,0,0.0,0,0.0
PH,CDE,2025,Gross,Actual,Oct,0,,0,0.0
PH,CDE,2025,Gross,Actual,Nov,178566082,,128172094,0.0333
PH,CDE,2025,Gross,Actual,Dec,0,0.0,0,0.0
PH,CDE,2025,Gross,Budget,Jan,1270733323,,0,0.5564
PH,CDE,2025,Gross,Budget,Feb,15573238,0.0123,0,0.0068
PH,CDE,2025,Gross,Budget,Mar,22310714,1.4326,0,0.0098
PH,CDE,2025,Gross,Budget,Apr,524247113,23.4975,0,0.2295
PH,CDE,2025,Gross,Budget,May,120679262,0.2302,0,0.0528
PH,CDE,2025,Gross,Budget,Jun,24925569,0.2065,0,0.0109
PH,CDE,2025,Gross,Budget,Jul,164558156,6.602,0,0.072
PH,CDE,2025,Gross,Budget,Aug,90550447,0.5503,0,0.0396
PH,CDE,2025,Gross,Budget,Sep,0,0.0,0,0.0
PH,CDE,2025,Gross,Budget,Oct,0,,0,0.0
PH,CDE,2025,Gross,Budget,Nov,50393988,,0,0.0221
PH,CDE,2025,Gross,Budget,Dec,0,0.0,0,0.0
PH,CDE,2025,Gross,Forecast,Jan,559613507,,-711119816,0.1712
PH,CDE,2025,Gross,Forecast,Feb,27661078,0.0494,12087840,0.0085
PH,CDE,2025,Gross,Forecast,Mar,80671027,2.9164,58360313,0.0247
PH,CDE,2025,Gross,Forecast,Apr,892990991,11.0695,368743878,0.2733
PH,CDE,2025,Gross,Forecast,May,280511727,0.3141,159832465,0.0858
PH,CDE,2025,Gross,Forecast,Jun,370742043,1.3217,345816474,0.1135
PH,CDE,2025,Gross,Forecast,Jul,434741459,1.1726,270183303,0.133
PH,CDE,2025,Gross,Forecast,Aug,407594509,0.9376,317044062,0.1247
PH,CDE,2025,Gross,Forecast,Sep,0,0.0,0,0.0
PH,CDE,2025,Gross,Forecast,Oct,0,,0,0.0
PH,CDE,2025,Gross,Forecast,Nov,213335051,,162941063,0.0653
PH,CDE,2025,Gross,Forecast,Dec,0,0.0,0,0.0
PH,CDE,2025,Net,Actual,Jan,1151530839,,756857751,0.2951
PH,CDE,2025,Net,Actual,Feb,19053228,0.0165,-17244091,0.0049
PH,CDE,2025,Net,Actual,Mar,2025785,0.1063,-42554266,0.0005
PH,CDE,2025,Net,Actual,Apr,385771744,190.4307,-280146452,0.0989
PH,CDE,2025,Net,Actual,May,266713421,0.6914,148228734,0.0684
PH,CDE,2025,Net,Actual,Jun,338578660,1.2694,-157813959,0.0868
PH,CDE,2025,Net,Actual,Jul,246505942,0.7281,-345026343,0.0632
PH,CDE,2025,Net,Actual,Aug,1103811644,4.4778,965195616,0.2829
PH,CDE,2025,Net,Actual,Sep,-103920795,-0.0941,-61350506,-0.0266
PH,CDE,2025,Net,Actual,Oct,0,-0.0,0,0.0
PH,CDE,2025,Net,Actual,Nov,514019822,,-93507617,0.1317
PH,CDE,2025,Net,Actual,Dec,-21924911,-0.0427,22072139,-0.0056
PH,CDE,2025,Net,Budget,Jan,394673088,,0,0.1312
PH,CDE,2025,Net,Budget,Feb,36297319,0.092,0,0.0121
PH,CDE,2025,Net,Budget,Mar,44580051,1.2282,0,0.0148
PH,CDE,2025,Net,Budget,Apr,665918196,14.9376,0,0.2214
PH,CDE,2025,Net,Budget,May,118484687,0.1779,0,0.0394
PH,CDE,2025,Net,Budget,Jun,496392619,4.1895,0,0.1651
PH,CDE,2025,Net,Budget,Jul,591532285,1.1917,0,0.1967
PH,CDE,2025,Net,Budget,Aug,138616028,0.2343,0,0.0461
PH,CDE,2025,Net,Budget,Sep,-42570289,-0.3071,0,-0.0142
PH,CDE,2025,Net,Budget,Oct,0,-0.0,0,0.0
PH,CDE,2025,Net,Budget,Nov,607527439,,0,0.202
PH,CDE,2025,Net,Budget,Dec,-43997050,-0.0724,0,-0.0146
PH,CDE,2025,Net,Forecast,Jan,75317212,,-319355876,0.043
PH,CDE,2025,Net,Forecast,Feb,19397001,0.2575,-16900318,0.0111
PH,CDE,2025,Net,Forecast,Mar,5500741,0.2836,-39079310,0.0031
PH,CDE,2025,Net,Forecast,Apr,470607573,85.5535,-195310623,0.2687
PH,CDE,2025,Net,Forecast,May,190672657,0.4052,72187970,0.1089
PH,CDE,2025,Net,Forecast,Jun,4708592,0.0247,-491684027,0.0027
PH,CDE,2025,Net,Forecast,Jul,225686180,47.9307,-365846105,0.1289
PH,CDE,2025,Net,Forecast,Aug,274462856,1.2161,135846828,0.1567
PH,CDE,2025,Net,Forecast,Sep,-26690441,-0.0972,15879848,-0.0152
PH,CDE,2025,Net,Forecast,Oct,0,-0.0,0,0.0
PH,CDE,2025,Net,Forecast,Nov,587925975,,-19601464,0.3357
PH,CDE,2025,Net,Forecast,Dec,-76371280,-0.1299,-32374230,-0.0436
PH,CDE,2025,Op,Actual,Jan,1207733331,,-134659412,0.3215
PH,CDE,2025,Op,Actual,Feb,20915460,0.0173,6825836,0.0056
PH,CDE,2025,Op,Actual,Mar,12059671,0.5766,-37242657,0.0032
PH,CDE,2025,Op,Actual,Apr,114720501,9.5127,67906766,0.0305
PH,CDE,2025,Op,Actual,May,230463443,2.0089,145043524,0.0613
PH,CDE,2025,Op,Actual,Jun,155966567,0.6768,-120577038,0.0415
PH,CDE,2025,Op,Actual,Jul,635234400,4.0729,-35546035,0.1691
PH,CDE,2025,Op,Actual,Aug,1072389882,1.6882,440702165,0.2854
PH,CDE,2025,Op,Actual,Sep,-107647089,-0.1004,-73510962,-0.0287
PH,CDE,2025,Op,Actual,Oct,0,-0.0,0,0.0
PH,CDE,2025,Op,Actual,Nov,425513311,,-9490703,0.1133
PH,CDE,2025,Op,Actual,Dec,-10378160,-0.0244,13015758,-0.0028
PH,CDE,2025,Op,Budget,Jan,1342392743,,0,0.3841
PH,CDE,2025,Op,Budget,Feb,14089624,0.0105,0,0.004
PH,CDE,2025,Op,Budget,Mar,49302328,3.4992,0,0.0141
PH,CDE,2025,Op,Budget,Apr,46813735,0.9495,0,0.0134
PH,CDE,2025,Op,Budget,May,85419919,1.8247,0,0.0244
PH,CDE,2025,Op,Budget,Jun,276543605,3.2375,0,0.0791
PH,CDE,2025,Op,Budget,Jul,670780435,2.4256,0,0.192
PH,CDE,2025,Op,Budget,Aug,631687717,0.9417,0,0.1808
PH,CDE,2025,Op,Budget,Sep,-34136127,-0.054,0,-0.0098
PH,CDE,2025,Op,Budget,Oct,0,-0.0,0,0.0
PH,CDE,2025,Op,Budget,Nov,435004014,,0,0.1245
PH,CDE,2025,Op,Budget,Dec,-23393918,-0.0538,0,-0.0067
PH,CDE,2025,Op,Forecast,Jan,543280516,,-799112227,0.1324
PH,CDE,2025,Op,Forecast,Feb,15001892,0.0276,912268,0.0037
PH,CDE,2025,Op,Forecast,Mar,45073347,3.0045,-4228981,0.011
PH,CDE,2025,Op,Forecast,Apr,169746177,3.766,122932442,0.0414
PH,CDE,2025,Op,Forecast,May,234690480,1.3826,149270561,0.0572
PH,CDE,2025,Op,Forecast,Jun,530472706,2.2603,253929101,0.1293
PH,CDE,2025,Op,Forecast,Jul,1037141759,1.9551,366361324,0.2528
PH,CDE,2025,Op,Forecast,Aug,1026547715,0.9898,394859998,0.2502
PH,CDE,2025,Op,Forecast,Sep,-81879689,-0.0798,-47743562,-0.02
PH,CDE,2025,Op,Forecast,Oct,0,-0.0,0,0.0
PH,CDE,2025,Op,Forecast,Nov,633730254,,198726240,0.1545
PH,CDE,2025,Op,Forecast,Dec,-51645962,-0.0815,-28252044,-0.0126
PH,PJ,2024,Gross,Actual,Jan,844902857,,-66923268,0.2505
PH,PJ,2024,Gross,Actual,Feb,14680643,0.0174,12962332,0.0044
PH,PJ,2024,Gross,Actual,Mar,114812218,7.8207,-23161564,0.034
PH,PJ,2024,Gross,Actual,Apr,454383180,3.9576,178508374,0.1347
PH,PJ,2024,Gross,Actual,May,201186255,0.4428,-61256991,0.0597
PH,PJ,2024,Gross,Actual,Jun,140274581,0.6972,-6091087,0.0416
PH,PJ,2024,Gross,Actual,Jul,818031697,5.8316,486033298,0.2425
PH,PJ,2024,Gross,Actual,Aug,732714672,0.8957,177353633,0.2172
PH,PJ,2024,Gross,Actual,Sep,0,0.0,0,0.0
PH,PJ,2024,Gross,Actual,Oct,0,,0,0.0
PH,PJ,2024,Gross,Actual,Nov,51750598,,-499866684,0.0153
PH,PJ,2024,Gross,Actual,Dec,0,0.0,0,0.0
PH,PJ,2024,Gross,Budget,Jan,911826125,,0,0.2872
PH,PJ,2024,Gross,Budget,Feb,1718311,0.0019,0,0.0005
PH,PJ,2024,Gross,Budget,Mar,137973782,80.2962,0,0.0435
PH,PJ,2024,Gross,Budget,Apr,275874806,1.9995,0,0.0869
PH,PJ,2024,Gross,Budget,May,262443246,0.9513,0,0.0827
PH,PJ,2024,Gross,Budget,Jun,146365668,0.5577,0,0.0461
PH,PJ,2024,Gross,Budget,Jul,331998399,2.2683,0,0.1046
PH,PJ,2024,Gross,Budget,Aug,555361039,1.6728,0,0.1749
PH,PJ,2024,Gross,Budget,Sep,0,0.0,0,0.0
PH,PJ,2024,Gross,Budget,Oct,0,,0,0.0
PH,PJ,2024,Gross,Budget,Nov,551617282,,0,0.1737
PH,PJ,2024,Gross,Budget,Dec,0,0.0,0,0.0
PH,PJ,2024,Gross,Forecast,Jan,159210363,,-752615762,0.0602
PH,PJ,2024,Gross,Forecast,Feb,17724959,0.1113,16006648,0.0067
PH,PJ,2024,Gross,Forecast,Mar,91757887,5.1768,-46215895,0.0347
PH,PJ,2024,Gross,Forecast,Apr,54544837,0.5944,-221329969,0.0206
PH,PJ,2024,Gross,Forecast,May,293646484,5.3836,31203238,0.1111
PH,PJ,2024,Gross,Forecast,Jun,116804638,0.3978,-29561030,0.0442
PH,PJ,2024,Gross,Forecast,Jul,728188338,6.2342,396189939,0.2755
PH,PJ,2024,Gross,Forecast,Aug,484566980,0.6654,-70794059,0.1833
PH,PJ,2024,Gross,Forecast,Sep,0,0.0,0,0.0
PH,PJ,2024,Gross,Forecast,Oct,0,,0,0.0
PH,PJ,2024,Gross,Forecast,Nov,697085480,,145468198,0.2637
PH,PJ,2024,Gross,Forecast,Dec,0,0.0,0,0.0
PH,PJ,2024,Net,Actual,Jan,614687161,,226988492,0.18
PH,PJ,2024,Net,Actual,Feb,16229654,0.0264,-17946706,0.0048
PH,PJ,2024,Net,Actual,Mar,22307973,1.3745,4132197,0.0065
PH,PJ,2024,Net,Actual,Apr,819658885,36.7429,-117794547,0.24
PH,PJ,2024,Net,Actual,May,255358727,0.3115,159497201,0.0748
PH,PJ,2024,Net,Actual,Jun,391851322,1.5345,350430452,0.1147
PH,PJ,2024,Net,Actual,Jul,645870123,1.6483,-130625257,0.1891
PH,PJ,2024,Net,Actual,Aug,550043268,0.8516,431244162,0.161
PH,PJ,2024,Net,Actual,Sep,-86070079,-0.1565,11875485,-0.0252
PH,PJ,2024,Net,Actual,Oct,0,-0.0,0,0.0
PH,PJ,2024,Net,Actual,Nov,187248765,,170295985,0.0548
PH,PJ,2024,Net,Actual,Dec,-1531256,-0.0082,78752658,-0.0004
PH,PJ,2024,Net,Budget,Jan,387698669,,0,0.1724
PH,PJ,2024,Net,Budget,Feb,34176360,0.0882,0,0.0152
PH,PJ,2024,Net,Budget,Mar,18175776,0.5318,0,0.0081
PH,PJ,2024,Net,Budget,Apr,937453432,51.5771,0,0.4169
PH,PJ,2024,Net,Budget,May,95861526,0.1023,0,0.0426
PH,PJ,2024,Net,Budget,Jun,41420870,0.4321,0,0.0184
PH,PJ,2024,Net,Budget,Jul,776495380,18.7465,0,0.3453
PH,PJ,2024,Net,Budget,Aug,118799106,0.153,0,0.0528
PH,PJ,2024,Net,Budget,Sep,-97945564,-0.8245,0,-0.0436
PH,PJ,2024,Net,Budget,Oct,0,-0.0,0,0.0
PH,PJ,2024,Net,Budget,Nov,16952780,,0,0.0075
PH,PJ,2024,Net,Budget,Dec,-80283914,-4.7357,0,-0.0357
PH,PJ,2024,Net,Forecast,Jan,1519235215,,1131536546,0.3502
PH,PJ,2024,Net,Forecast,Feb,29712770,0.0196,-4463590,0.0068
PH,PJ,2024,Net,Forecast,Mar,44583494,1.5005,26407718,0.0103
PH,PJ,2024,Net,Forecast,Apr,789202014,17.7017,-148251418,0.1819
PH,PJ,2024,Net,Forecast,May,54528151,0.0691,-41333375,0.0126
PH,PJ,2024,Net,Forecast,Jun,162954593,2.9884,121533723,0.0376
PH,PJ,2024,Net,Forecast,Jul,480179427,2.9467,-296315953,0.1107
PH,PJ,2024,Net,Forecast,Aug,944296052,1.9665,825496946,0.2177
PH,PJ,2024,Net,Forecast,Sep,-17290634,-0.0183,80654930,-0.004
PH,PJ,2024,Net,Forecast,Oct,0,-0.0,0,0.0
PH,PJ,2024,Net,Forecast,Nov,365981975,,349029195,0.0844
PH,PJ,2024,Net,Forecast,Dec,-35225404,-0.0962,45058510,-0.0081
PH,PJ,2024,Op,Actual,Jan,1641899686,,304563620,0.3999
PH,PJ,2024,Op,Actual,Feb,19497363,0.0119,-160424,0.0047
PH,PJ,2024,Op,Actual,Mar,49629588,2.5455,-786520,0.0121
PH,PJ,2024,Op,Actual,Apr,600235856,12.0943,-33937666,0.1462
PH,PJ,2024,Op,Actual,May,66991783,0.1116,-149661533,0.0163
PH,PJ,2024,Op,Actual,Jun,66305124,0.9898,-335165559,0.0162
PH,PJ,2024,Op,Actual,Jul,615452918,9.2821,88012403,0.1499
PH,PJ,2024,Op,Actual,Aug,710707723,1.1548,-71650202,0.1731
PH,PJ,2024,Op,Actual,Sep,-29647298,-0.0417,30601538,-0.0072
PH,PJ,2024,Op,Actual,Oct,0,-0.0,0,0.0
PH,PJ,2024,Op,Actual,Nov,392383023,,357418690,0.0956
PH,PJ,2024,Op,Actual,Dec,-28028595,-0.0714,47635630,-0.0068
PH,PJ,2024,Op,Budget,Jan,1337336066,,0,0.3457
PH,PJ,2024,Op,Budget,Feb,19657787,0.0147,0,0.0051
PH,PJ,2024,Op,Budget,Mar,50416108,2.5647,0,0.013
PH,PJ,2024,Op,Budget,Apr,634173522,12.5788,0,0.1639
PH,PJ,2024,Op,Budget,May,216653316,0.3416,0,0.056
PH,PJ,2024,Op,Budget,Jun,401470683,1.8531,0,0.1038
PH,PJ,2024,Op,Budget,Jul,527440515,1.3138,0,0.1363
PH,PJ,2024,Op,Budget,Aug,782357925,1.4833,0,0.2022
PH,PJ,2024,Op,Budget,Sep,-60248836,-0.077,0,-0.0156
PH,PJ,2024,Op,Budget,Oct,0,-0.0,0,0.0
PH,PJ,2024,Op,Budget,Nov,34964333,,0,0.009
PH,PJ,2024,Op,Budget,Dec,-75664225,-2.164,0,-0.0196
PH,PJ,2024,Op,Forecast,Jan,597727620,,-739608446,0.1405
PH,PJ,2024,Op,Forecast,Feb,30546760,0.0511,10888973,0.0072
PH,PJ,2024,Op,Forecast,Mar,36828043,1.2056,-13588065,0.0087
PH,PJ,2024,Op,Forecast,Apr,524130747,14.2318,-110042775,0.1232
PH,PJ,2024,Op,Forecast,May,227639318,0.4343,10986002,0.0535
PH,PJ,2024,Op,Forecast,Jun,198323164,0.8712,-203147519,0.0466
PH,PJ,2024,Op,Forecast,Jul,1036550138,5.2266,509109623,0.2437
PH,PJ,2024,Op,Forecast,Aug,1205538520,1.163,423180595,0.2834
PH,PJ,2024,Op,Forecast,Sep,-48094774,-0.0399,12154062,-0.0113
PH,PJ,2024,Op,Forecast,Oct,0,-0.0,0,0.0
PH,PJ,2024,Op,Forecast,Nov,498754947,,463790614,0.1173
PH,PJ,2024,Op,Forecast,Dec,-54814630,-0.1099,20849595,-0.0129
PH,PJ,2025,Gross,Actual,Jan,1168660000,,846396270,0.2574
PH,PJ,2025,Gross,Actual,Feb,27840000,0.0238,9280737,0.0061
PH,PJ,2025,Gross,Actual,Mar,102290000,3.6742,63537441,0.0225
PH,PJ,2025,Gross,Actual,Apr,665990000,6.5108,-272867013,0.1467
PH,PJ,2025,Gross,Actual,May,203940000,0.3062,-43791356,0.0449
PH,PJ,2025,Gross,Actual,Jun,342009500,1.677,54784815,0.0753
PH,PJ,2025,Gross,Actual,Jul,723930000,2.1167,-240925054,0.1595
PH,PJ,2025,Gross,Actual,Aug,806050000,1.1134,-397151891,0.1776
PH,PJ,2025,Gross,Actual,Sep,0,0.0,0,0.0
PH,PJ,2025,Gross,Actual,Oct,0,,0,0.0
PH,PJ,2025,Gross,Actual,Nov,499047600,,-59530380,0.1099
PH,PJ,2025,Gross,Actual,Dec,0,0.0,0,0.0
PH,PJ,2025,Gross,Budget,Jan,322263730,,0,0.0704
PH,PJ,2025,Gross,Budget,Feb,18559263,0.0576,0,0.0041
PH,PJ,2025,Gross,Budget,Mar,38752559,2.088,0,0.0085
PH,PJ,2025,Gross,Budget,Apr,938857013,24.227,0,0.205
PH,PJ,2025,Gross,Budget,May,247731356,0.2639,0,0.0541
PH,PJ,2025,Gross,Budget,Jun,287224685,1.1594,0,0.0627
PH,PJ,2025,Gross,Budget,Jul,964855054,3.3592,0,0.2107
PH,PJ,2025,Gross,Budget,Aug,1203201891,1.247,0,0.2627
PH,PJ,2025,Gross,Budget,Sep,0,0.0,0,0.0
PH,PJ,2025,Gross,Budget,Oct,0,,0,0.0
PH,PJ,2025,Gross,Budget,Nov,558577980,,0,0.122
PH,PJ,2025,Gross,Budget,Dec,0,0.0,0,0.0
PH,PJ,2025,Gross,Forecast,Jan,312531037,,-9732693,0.1149
PH,PJ,2025,Gross,Forecast,Feb,41133805,0.1316,22574542,0.0151
PH,PJ,2025,Gross,Forecast,Mar,148802087,3.6175,110049528,0.0547
PH,PJ,2025,Gross,Forecast,Apr,938600982,6.3077,-256031,0.345
PH,PJ,2025,Gross,Forecast,May,84487822,0.09,-163243534,0.0311
PH,PJ,2025,Gross,Forecast,Jun,335992183,3.9768,48767498,0.1235
PH,PJ,2025,Gross,Forecast,Jul,628627919,1.871,-336227135,0.231
PH,PJ,2025,Gross,Forecast,Aug,177804934,0.2828,-1025396957,0.0653
PH,PJ,2025,Gross,Forecast,Sep,0,0.0,0,0.0
PH,PJ,2025,Gross,Forecast,Oct,0,,0,0.0
PH,PJ,2025,Gross,Forecast,Nov,52944959,,-505633021,0.0195
PH,PJ,2025,Gross,Forecast,Dec,0,0.0,0,0.0
PH,PJ,2025,Net,Actual,Jan,1156980000,,886303399,0.2646
PH,PJ,2025,Net,Actual,Feb,27570000,0.0238,-10402074,0.0063
PH,PJ,2025,Net,Actual,Mar,33710000,1.2227,31360497,0.0077
PH,PJ,2025,Net,Actual,Apr,659330000,19.5589,289887465,0.1508
PH,PJ,2025,Net,Actual,May,201900000,0.3062,105056871,0.0462
PH,PJ,2025,Net,Actual,Jun,395267600,1.9577,88111589,0.0904
PH,PJ,2025,Net,Actual,Jul,723930000,1.8315,-118640352,0.1656
PH,PJ,2025,Net,Actual,Aug,806050000,1.1134,703291992,0.1843
PH,PJ,2025,Net,Actual,Sep,-77314000,-0.0959,-16326343,-0.0177
PH,PJ,2025,Net,Actual,Oct,0,-0.0,0,0.0
PH,PJ,2025,Net,Actual,Nov,499047600,,-200118590,0.1141
PH,PJ,2025,Net,Actual,Dec,-53607300,-0.1074,-32806278,-0.0123
PH,PJ,2025,Net,Budget,Jan,270676601,,0,0.1023
PH,PJ,2025,Net,Budget,Feb,37972074,0.1403,0,0.0143
PH,PJ,2025,Net,Budget,Mar,2349503,0.0619,0,0.0009
PH,PJ,2025,Net,Budget,Apr,369442535,157.2428,0,0.1396
PH,PJ,2025,Net,Budget,May,96843129,0.2621,0,0.0366
PH,PJ,2025,Net,Budget,Jun,307156011,3.1717,0,0.116
PH,PJ,2025,Net,Budget,Jul,842570352,2.7431,0,0.3183
PH,PJ,2025,Net,Budget,Aug,102758008,0.122,0,0.0388
PH,PJ,2025,Net,Budget,Sep,-60987657,-0.5935,0,-0.023
PH,PJ,2025,Net,Budget,Oct,0,-0.0,0,0.0
PH,PJ,2025,Net,Budget,Nov,699166190,,0,0.2641
PH,PJ,2025,Net,Budget,Dec,-20801022,-0.0298,0,-0.0079
PH,PJ,2025,Net,Forecast,Jan,62121525,,-208555076,0.0187
PH,PJ,2025,Net,Forecast,Feb,26010211,0.4187,-11961863,0.0078
PH,PJ,2025,Net,Forecast,Mar,41789318,1.6067,39439815,0.0126
PH,PJ,2025,Net,Forecast,Apr,966853435,23.1364,597410900,0.2908
PH,PJ,2025,Net,Forecast,May,291261322,0.3012,194418193,0.0876
PH,PJ,2025,Net,Forecast,Jun,457809867,1.5718,150653856,0.1377
PH,PJ,2025,Net,Forecast,Jul,788366533,1.722,-54203819,0.2371
PH,PJ,2025,Net,Forecast,Aug,454732861,0.5768,351974853,0.1368
PH,PJ,2025,Net,Forecast,Sep,-81298805,-0.1788,-20311148,-0.0245
PH,PJ,2025,Net,Forecast,Oct,0,-0.0,0,0.0
PH,PJ,2025,Net,Forecast,Nov,365960242,,-333205948,0.1101
PH,PJ,2025,Net,Forecast,Dec,-49095290,-0.1342,-28294268,-0.0148
PH,PJ,2025,Op,Actual,Jan,1156980000,,-139809348,0.2646
PH,PJ,2025,Op,Actual,Feb,27570000,0.0238,-3025796,0.0063
PH,PJ,2025,Op,Actual,Mar,33710000,1.2227,-16424966,0.0077
PH,PJ,2025,Op,Actual,Apr,659330000,19.5589,34270229,0.1508
PH,PJ,2025,Op,Actual,May,201900000,0.3062,-16182437,0.0462
PH,PJ,2025,Op,Actual,Jun,395267600,1.9577,44603485,0.0904
PH,PJ,2025,Op,Actual,Jul,723930000,1.8315,236736559,0.1656
PH,PJ,2025,Op,Actual,Aug,806050000,1.1134,34904132,0.1843
PH,PJ,2025,Op,Actual,Sep,-77314000,-0.0959,-58705051,-0.0177
PH,PJ,2025,Op,Actual,Oct,0,-0.0,0,0.0
PH,PJ,2025,Op,Actual,Nov,499047600,,11705968,0.1141
PH,PJ,2025,Op,Actual,Dec,-53607300,-0.1074,-12953426,-0.0123
PH,PJ,2025,Op,Budget,Jan,1296789348,,0,0.3046
PH,PJ,2025,Op,Budget,Feb,30595796,0.0236,0,0.0072
PH,PJ,2025,Op,Budget,Mar,50134966,1.6386,0,0.0118
PH,PJ,2025,Op,Budget,Apr,625059771,12.4675,0,0.1468
PH,PJ,2025,Op,Budget,May,218082437,0.3489,0,0.0512
PH,PJ,2025,Op,Budget,Jun,350664115,1.6079,0,0.0824
PH,PJ,2025,Op,Budget,Jul,487193441,1.3893,0,0.1144
PH,PJ,2025,Op,Budget,Aug,771145868,1.5828,0,0.1811
PH,PJ,2025,Op,Budget,Sep,-18608949,-0.0241,0,-0.0044
PH,PJ,2025,Op,Budget,Oct,0,-0.0,0,0.0
PH,PJ,2025,Op,Budget,Nov,487341632,,0,0.1145
PH,PJ,2025,Op,Budget,Dec,-40653874,-0.0834,0,-0.0095
PH,PJ,2025,Op,Forecast,Jan,5147717,,-1291641631,0.0032
PH,PJ,2025,Op,Forecast,Feb,27592002,5.36,-3003794,0.017
PH,PJ,2025,Op,Forecast,Mar,7453447,0.2701,-42681519,0.0046
PH,PJ,2025,Op,Forecast,Apr,245179626,32.8948,-379880145,0.1507
PH,PJ,2025,Op,Forecast,May,32418213,0.1322,-185664224,0.0199
PH,PJ,2025,Op,Forecast,Jun,42562288,1.3129,-308101827,0.0262
PH,PJ,2025,Op,Forecast,Jul,598541645,14.0627,111348204,0.368
PH,PJ,2025,Op,Forecast,Aug,550214144,0.9193,-220931724,0.3383
PH,PJ,2025,Op,Forecast,Sep,-104748064,-0.1904,-86139115,-0.0644
PH,PJ,2025,Op,Forecast,Oct,0,-0.0,0,0.0
PH,PJ,2025,Op,Forecast,Nov,282018582,,-205323050,0.1734
PH,PJ,2025,Op,Forecast,Dec,-59930268,-0.2125,-19276394,-0.0368
RU,CDE,2024,Gross,Actual,Jan,0,,0,
RU,CDE,2024,Gross,Actual,Feb,0,,0,
RU,CDE,2024,Gross,Actual,Mar,0,,0,
RU,CDE,2024,Gross,Actual,Apr,0,,0,
RU,CDE,2024,Gross,Actual,May,0,,0,
RU,CDE,2024,Gross,Actual,Jun,0,,0,
RU,CDE,2024,Gross,Actual,Jul,0,,0,
RU,CDE,2024,Gross,Actual,Aug,0,,0,
RU,CDE,2024,Gross,Actual,Sep,0,,0,
RU,CDE,2024,Gross,Actual,Oct,0,,0,
RU,CDE,2024,Gross,Actual,Nov,0,,0,
RU,CDE,2024,Gross,Actual,Dec,0,,0,
RU,CDE,2024,Gross,Budget,Jan,0,,0,
RU,CDE,2024,Gross,Budget,Feb,0,,0,
RU,CDE,2024,Gross,Budget,Mar,0,,0,
RU,CDE,2024,Gross,Budget,Apr,0,,0,
RU,CDE,2024,Gross,Budget,May,0,,0,
RU,CDE,2024,Gross,Budget,Jun,0,,0,
RU,CDE,2024,Gross,Budget,Jul,0,,0,
RU,CDE,2024,Gross,Budget,Aug,0,,0,
RU,CDE,2024,Gross,Budget,Sep,0,,0,
RU,CDE,2024,Gross,Budget,Oct,0,,0,
RU,CDE,2024,Gross,Budget,Nov,0,,0,
RU,CDE,2024,Gross,Budget,Dec,0,,0,
RU,CDE,2024,Gross,Forecast,Jan,0,,0,
RU,CDE,2024,Gross,Forecast,Feb,0,,0,
RU,CDE,2024,Gross,Forecast,Mar,0,,0,
RU,CDE,2024,Gross,Forecast,Apr,0,,0,
RU,CDE,2024,Gross,Forecast,May,0,,0,
RU,CDE,2024,Gross,Forecast,Jun,0,,0,
RU,CDE,2024,Gross,Forecast,Jul,0,,0,
RU,CDE,2024,Gross,Forecast,Aug,0,,0,
RU,CDE,2024,Gross,Forecast,Sep,0,,0,
RU,CDE,2024,Gross,Forecast,Oct,0,,0,
RU,CDE,2024,Gross,Forecast,Nov,0,,0,
RU,CDE,2024,Gross,Forecast,Dec,0,,0,
RU,CDE,2024,Net,Actual,Jan,0,,0,0.0
RU,CDE,2024,Net,Actual,Feb,46944291841,,15868810867,0.3884
RU,CDE,2024,Net,Actual,Mar,26282930161,0.5599,24830584148,0.2174
RU,CDE,2024,Net,Actual,Apr,0,0.0,0,0.0
RU,CDE,2024,Net,Actual,May,0,,0,0.0
RU,CDE,2024,Net,Actual,Jun,0,,0,0.0
RU,CDE,2024,Net,Actual,Jul,0,,0,0.0
RU,CDE,2024,Net,Actual,Aug,0,,0,0.0
RU,CDE,2024,Net,Actual,Sep,0,,0,0.0
RU,CDE,2024,Net,Actual,Oct,3804644389,,-24930668385,0.0315
RU,CDE,2024,Net,Actual,Nov,19516107551,5.1295,8140422011,0.1615
RU,CDE,2024,Net,Actual,Dec,24327438179,1.2465,23954777229,0.2013
RU,CDE,2024,Net,Budget,Jan,0,,0,0.0
RU,CDE,2024,Net,Budget,Feb,31075480974,,0,0.4256
RU,CDE,2024,Net,Budget,Mar,1452346013,0.0467,0,0.0199
RU,CDE,2024,Net,Budget,Apr,0,0.0,0,0.0
RU,CDE,2024,Net,Budget,May,0,,0,0.0
RU,CDE,2024,Net,Budget,Jun,0,,0,0.0
RU,CDE,2024,Net,Budget,Jul,0,,0,0.0
RU,CDE,2024,Net,Budget,Aug,0,,0,0.0
RU,CDE,2024,Net,Budget,Sep,0,,0,0.0
RU,CDE,2024,Net,Budget,Oct,28735312774,,0,0.3936
RU,CDE,2024,Net,Budget,Nov,11375685540,0.3959,0,0.1558
RU,CDE,2024,Net,Budget,Dec,372660950,0.0328,0,0.0051
RU,CDE,2024,Net,Forecast,Jan,0,,0,0.0
RU,CDE,2024,Net,Forecast,Feb,27472401496,,-3603079478,0.2825
RU,CDE,2024,Net,Forecast,Mar,21448786153,0.7807,19996440140,0.2205
RU,CDE,2024,Net,Forecast,Apr,0,0.0,0,0.0
RU,CDE,2024,Net,Forecast,May,0,,0,0.0
RU,CDE,2024,Net,Forecast,Jun,0,,0,0.0
RU,CDE,2024,Net,Forecast,Jul,0,,0,0.0
RU,CDE,2024,Net,Forecast,Aug,0,,0,0.0
RU,CDE,2024,Net,Forecast,Sep,0,,0,0.0
RU,CDE,2024,Net,Forecast,Oct,23456534159,,-5278778615,0.2412
RU,CDE,2024,Net,Forecast,Nov,11117766314,0.474,-257919226,0.1143
RU,CDE,2024,Net,Forecast,Dec,13756731540,1.2374,13384070590,0.1415
RU,CDE,2024,Op,Actual,Jan,0,,0,0.0
RU,CDE,2024,Op,Actual,Feb,13152265346,,-11712433394,0.1014
RU,CDE,2024,Op,Actual,Mar,22551655388,1.7147,-14168930659,0.1739
RU,CDE,2024,Op,Actual,Apr,0,0.0,0,0.0
RU,CDE,2024,Op,Actual,May,0,,0,0.0
RU,CDE,2024,Op,Actual,Jun,0,,0,0.0
RU,CDE,2024,Op,Actual,Jul,0,,0,0.0
RU,CDE,2024,Op,Actual,Aug,0,,0,0.0
RU,CDE,2024,Op,Actual,Sep,0,,0,0.0
RU,CDE,2024,Op,Actual,Oct,48647874066,,26309902652,0.3752
RU,CDE,2024,Op,Actual,Nov,32786518044,0.674,919688294,0.2529
RU,CDE,2024,Op,Actual,Dec,12519908446,0.3819,2339698805,0.0966
RU,CDE,2024,Op,Budget,Jan,0,,0,0.0
RU,CDE,2024,Op,Budget,Feb,24864698740,,0,0.1974
RU,CDE,2024,Op,Budget,Mar,36720586047,1.4768,0,0.2915
RU,CDE,2024,Op,Budget,Apr,0,0.0,0,0.0
RU,CDE,2024,Op,Budget,May,0,,0,0.0
RU,CDE,2024,Op,Budget,Jun,0,,0,0.0
RU,CDE,2024,Op,Budget,Jul,0,,0,0.0
RU,CDE,2024,Op,Budget,Aug,0,,0,0.0
RU,CDE,2024,Op,Budget,Sep,0,,0,0.0
RU,CDE,2024,Op,Budget,Oct,22337971414,,0,0.1773
RU,CDE,2024,Op,Budget,Nov,31866829750,1.4266,0,0.253
RU,CDE,2024,Op,Budget,Dec,10180209641,0.3195,0,0.0808
RU,CDE,2024,Op,Forecast,Jan,0,,0,0.0
RU,CDE,2024,Op,Forecast,Feb,44095620135,,19230921395,0.3238
RU,CDE,2024,Op,Forecast,Mar,6398969935,0.1451,-30321616112,0.047
RU,CDE,2024,Op,Forecast,Apr,0,0.0,0,0.0
RU,CDE,2024,Op,Forecast,May,0,,0,0.0
RU,CDE,2024,Op,Forecast,Jun,0,,0,0.0
RU,CDE,2024,Op,Forecast,Jul,0,,0,0.0
RU,CDE,2024,Op,Forecast,Aug,0,,0,0.0
RU,CDE,2024,Op,Forecast,Sep,0,,0,0.0
RU,CDE,2024,Op,Forecast,Oct,41125555253,,18787583839,0.302
RU,CDE,2024,Op,Forecast,Nov,12754490245,0.3101,-19112339505,0.0937
RU,CDE,2024,Op,Forecast,Dec,31807452466,2.4938,21627242825,0.2336
RU,CDE,2025,Gross,Actual,Jan,0,,0,
RU,CDE,2025,Gross,Actual,Feb,0,,0,
RU,CDE,2025,Gross,Actual,Mar,0,,0,
RU,CDE,2025,Gross,Actual,Apr,0,,0,
RU,CDE,2025,Gross,Actual,May,0,,0,
RU,CDE,2025,Gross,Actual,Jun,0,,0,
RU,CDE,2025,Gross,Actual,Jul,0,,0,
RU,CDE,2025,Gross,Actual,Aug,0,,0,
RU,CDE,2025,Gross,Actual,Sep,0,,0,
RU,CDE,2025,Gross,Actual,Oct,0,,0,
RU,CDE,2025,Gross,Actual,Nov,0,,0,
RU,CDE,2025,Gross,Actual,Dec,0,,0,
RU,CDE,2025,Gross,Budget,Jan,0,,0,
RU,CDE,2025,Gross,Budget,Feb,0,,0,
RU,CDE,2025,Gross,Budget,Mar,0,,0,
RU,CDE,2025,Gross,Budget,Apr,0,,0,
RU,CDE,2025,Gross,Budget,May,0,,0,
RU,CDE,2025,Gross,Budget,Jun,0,,0,
RU,CDE,2025,Gross,Budget,Jul,0,,0,
RU,CDE,2025,Gross,Budget,Aug,0,,0,
RU,CDE,2025,Gross,Budget,Sep,0,,0,
RU,CDE,2025,Gross,Budget,Oct,0,,0,
RU,CDE,2025,Gross,Budget,Nov,0,,0,
RU,CDE,2025,Gross,Budget,Dec,0,,0,
RU,CDE,2025,Gross,Forecast,Jan,0,,0,
RU,CDE,2025,Gross,Forecast,Feb,0,,0,
RU,CDE,2025,Gross,Forecast,Mar,0,,0,
RU,CDE,2025,Gross,Forecast,Apr,0,,0,
RU,CDE,2025,Gross,Forecast,May,0,,0,
RU,CDE,2025,Gross,Forecast,Jun,0,,0,
RU,CDE,2025,Gross,Forecast,Jul,0,,0,
RU,CDE,2025,Gross,Forecast,Aug,0,,0,
RU,CDE,2025,Gross,Forecast,Sep,0,,0,
RU,CDE,2025,Gross,Forecast,Oct,0,,0,
RU,CDE,2025,Gross,Forecast,Nov,0,,0,
RU,CDE,2025,Gross,Forecast,Dec,0,,0,
RU,CDE,2025,Net,Actual,Jan,0,,0,0.0
RU,CDE,2025,Net,Actual,Feb,14288277936,,-5134512929,0.1474
RU,CDE,2025,Net,Actual,Mar,18816321502,1.3169,-12895917826,0.1941
RU,CDE,2025,Net,Actual,Apr,0,0.0,0,0.0
RU,CDE,2025,Net,Actual,May,0,,0,0.0
RU,CDE,2025,Net,Actual,Jun,0,,0,0.0
RU,CDE,2025,Net,Actual,Jul,0,,0,0.0
RU,CDE,2025,Net,Actual,Aug,0,,0,0.0
RU,CDE,2025,Net,Actual,Sep,0,,0,0.0
RU,CDE,2025,Net,Actual,Oct,18140190494,,-10629222461,0.1871
RU,CDE,2025,Net,Actual,Nov,23132189139,1.2752,-28007330621,0.2386
RU,CDE,2025,Net,Actual,Dec,22566353457,0.9755,-29523326194,0.2328
RU,CDE,2025,Net,Budget,Jan,0,,0,0.0
RU,CDE,2025,Net,Budget,Feb,19422790865,,0,0.1061
RU,CDE,2025,Net,Budget,Mar,31712239328,1.6327,0,0.1732
RU,CDE,2025,Net,Budget,Apr,0,0.0,0,0.0
RU,CDE,2025,Net,Budget,May,0,,0,0.0
RU,CDE,2025,Net,Budget,Jun,0,,0,0.0
RU,CDE,2025,Net,Budget,Jul,0,,0,0.0
RU,CDE,2025,Net,Budget,Aug,0,,0,0.0
RU,CDE,2025,Net,Budget,Sep,0,,0,0.0
RU,CDE,2025,Net,Budget,Oct,28769412955,,0,0.1571
RU,CDE,2025,Net,Budget,Nov,51139519760,1.7776,0,0.2792
RU,CDE,2025,Net,Budget,Dec,52089679651,1.0186,0,0.2844
RU,CDE,2025,Net,Forecast,Jan,0,,0,0.0
RU,CDE,2025,Net,Forecast,Feb,1343987896,,-18078802969,0.0138
RU,CDE,2025,Net,Forecast,Mar,12085906185,8.9926,-19626333143,0.1244
RU,CDE,2025,Net,Forecast,Apr,0,0.0,0,0.0
RU,CDE,2025,Net,Forecast,May,0,,0,0.0
RU,CDE,2025,Net,Forecast,Jun,0,,0,0.0
RU,CDE,2025,Net,Forecast,Jul,0,,0,0.0
RU,CDE,2025,Net,Forecast,Aug,0,,0,0.0
RU,CDE,2025,Net,Forecast,Sep,0,,0,0.0
RU,CDE,2025,Net,Forecast,Oct,45178559079,,16409146124,0.4651
RU,CDE,2025,Net,Forecast,Nov,5197804069,0.1151,-45941715691,0.0535
RU,CDE,2025,Net,Forecast,Dec,33331901543,6.4127,-18757778108,0.3431
RU,CDE,2025,Op,Actual,Jan,0,,0,0.0
RU,CDE,2025,Op,Actual,Feb,22121673017,,16218631157,0.2505
RU,CDE,2025,Op,Actual,Mar,22337352387,1.0097,20572937772,0.253
RU,CDE,2025,Op,Actual,Apr,0,0.0,0,0.0
RU,CDE,2025,Op,Actual,May,0,,0,0.0
RU,CDE,2025,Op,Actual,Jun,0,,0,0.0
RU,CDE,2025,Op,Actual,Jul,0,,0,0.0
RU,CDE,2025,Op,Actual,Aug,0,,0,0.0
RU,CDE,2025,Op,Actual,Sep,0,,0,0.0
RU,CDE,2025,Op,Actual,Oct,5671624264,,-11245782174,0.0642
RU,CDE,2025,Op,Actual,Nov,5320981664,0.9382,-51063111631,0.0603
RU,CDE,2025,Op,Actual,Dec,32852429687,6.1741,-10271177555,0.372
RU,CDE,2025,Op,Budget,Jan,0,,0,0.0
RU,CDE,2025,Op,Budget,Feb,5903041860,,0,0.0476
RU,CDE,2025,Op,Budget,Mar,1764414615,0.2989,0,0.0142
RU,CDE,2025,Op,Budget,Apr,0,0.0,0,0.0
RU,CDE,2025,Op,Budget,May,0,,0,0.0
RU,CDE,2025,Op,Budget,Jun,0,,0,0.0
RU,CDE,2025,Op,Budget,Jul,0,,0,0.0
RU,CDE,2025,Op,Budget,Aug,0,,0,0.0
RU,CDE,2025,Op,Budget,Sep,0,,0,0.0
RU,CDE,2025,Op,Budget,Oct,16917406438,,0,0.1363
RU,CDE,2025,Op,Budget,Nov,56384093295,3.3329,0,0.4544
RU,CDE,2025,Op,Budget,Dec,43123607242,0.7648,0,0.3475
RU,CDE,2025,Op,Forecast,Jan,0,,0,0.0
RU,CDE,2025,Op,Forecast,Feb,47544744947,,41641703087,0.375
RU,CDE,2025,Op,Forecast,Mar,14504943552,0.3051,12740528937,0.1144
RU,CDE,2025,Op,Forecast,Apr,0,0.0,0,0.0
RU,CDE,2025,Op,Forecast,May,0,,0,0.0
RU,CDE,2025,Op,Forecast,Jun,0,,0,0.0
RU,CDE,2025,Op,Forecast,Jul,0,,0,0.0
RU,CDE,2025,Op,Forecast,Aug,0,,0,0.0
RU,CDE,2025,Op,Forecast,Sep,0,,0,0.0
RU,CDE,2025,Op,Forecast,Oct,14643983107,,-2273423331,0.1155
RU,CDE,2025,Op,Forecast,Nov,1079535893,0.0737,-55304557402,0.0085
RU,CDE,2025,Op,Forecast,Dec,48996922269,45.387,5873315027,0.3865
RU,PJ,2024,Gross,Actual,Jan,0,,0,
RU,PJ,2024,Gross,Actual,Feb,0,,0,
RU,PJ,2024,Gross,Actual,Mar,0,,0,
RU,PJ,2024,Gross,Actual,Apr,0,,0,
RU,PJ,2024,Gross,Actual,May,0,,0,
RU,PJ,2024,Gross,Actual,Jun,0,,0,
RU,PJ,2024,Gross,Actual,Jul,0,,0,
RU,PJ,2024,Gross,Actual,Aug,0,,0,
RU,PJ,2024,Gross,Actual,Sep,0,,0,
RU,PJ,2024,Gross,Actual,Oct,0,,0,
RU,PJ,2024,Gross,Actual,Nov,0,,0,
RU,PJ,2024,Gross,Actual,Dec,0,,0,
RU,PJ,2024,Gross,Budget,Jan,0,,0,
RU,PJ,2024,Gross,Budget,Feb,0,,0,
RU,PJ,2024,Gross,Budget,Mar,0,,0,
RU,PJ,2024,Gross,Budget,Apr,0,,0,
RU,PJ,2024,Gross,Budget,May,0,,0,
RU,PJ,2024,Gross,Budget,Jun,0,,0,
RU,PJ,2024,Gross,Budget,Jul,0,,0,
RU,PJ,2024,Gross,Budget,Aug,0,,0,
RU,PJ,2024,Gross,Budget,Sep,0,,0,
RU,PJ,2024,Gross,Budget,Oct,0,,0,
RU,PJ,2024,Gross,Budget,Nov,0,,0,
RU,PJ,2024,Gross,Budget,Dec,0,,0,
RU,PJ,2024,Gross,Forecast,Jan,0,,0,
RU,PJ,2024,Gross,Forecast,Feb,0,,0,
RU,PJ,2024,Gross,Forecast,Mar,0,,0,
RU,PJ,2024,Gross,Forecast,Apr,0,,0,
RU,PJ,2024,Gross,Forecast,May,0,,0,
RU,PJ,2024,Gross,Forecast,Jun,0,,0,
RU,PJ,2024,Gross,Forecast,Jul,0,,0,
RU,PJ,2024,Gross,Forecast,Aug,0,,0,
RU,PJ,2024,Gross,Forecast,Sep,0,,0,
RU,PJ,2024,Gross,Forecast,Oct,0,,0,
RU,PJ,2024,Gross,Forecast,Nov,0,,0,
RU,PJ,2024,Gross,Forecast,Dec,0,,0,
RU,PJ,2024,Net,Actual,Jan,0,,0,0.0
RU,PJ,2024,Net,Actual,Feb,26141714186,,-5440141501,0.1514
RU,PJ,2024,Net,Actual,Mar,27954421027,1.0693,9337534531,0.1619
RU,PJ,2024,Net,Actual,Apr,0,0.0,0,0.0
RU,PJ,2024,Net,Actual,May,0,,0,0.0
RU,PJ,2024,Net,Actual,Jun,0,,0,0.0
RU,PJ,2024,Net,Actual,Jul,0,,0,0.0
RU,PJ,2024,Net,Actual,Aug,0,,0,0.0
RU,PJ,2024,Net,Actual,Sep,0,,0,0.0
RU,PJ,2024,Net,Actual,Oct,26375984101,,-23119570140,0.1528
RU,PJ,2024,Net,Actual,Nov,43624471326,1.6539,30245296360,0.2527
RU,PJ,2024,Net,Actual,Dec,48542753639,1.1127,-2011378043,0.2812
RU,PJ,2024,Net,Budget,Jan,0,,0,0.0
RU,PJ,2024,Net,Budget,Feb,31581855687,,0,0.193
RU,PJ,2024,Net,Budget,Mar,18616886496,0.5895,0,0.1138
RU,PJ,2024,Net,Budget,Apr,0,0.0,0,0.0
RU,PJ,2024,Net,Budget,May,0,,0,0.0
RU,PJ,2024,Net,Budget,Jun,0,,0,0.0
RU,PJ,2024,Net,Budget,Jul,0,,0,0.0
RU,PJ,2024,Net,Budget,Aug,0,,0,0.0
RU,PJ,2024,Net,Budget,Sep,0,,0,0.0
RU,PJ,2024,Net,Budget,Oct,49495554241,,0,0.3025
RU,PJ,2024,Net,Budget,Nov,13379174966,0.2703,0,0.0818
RU,PJ,2024,Net,Budget,Dec,50554131682,3.7786,0,0.309
RU,PJ,2024,Net,Forecast,Jan,0,,0,0.0
RU,PJ,2024,Net,Forecast,Feb,43014267908,,11432412221,0.228
RU,PJ,2024,Net,Forecast,Mar,37682128012,0.876,19065241516,0.1997
RU,PJ,2024,Net,Forecast,Apr,0,0.0,0,0.0
RU,PJ,2024,Net,Forecast,May,0,,0,0.0
RU,PJ,2024,Net,Forecast,Jun,0,,0,0.0
RU,PJ,2024,Net,Forecast,Jul,0,,0,0.0
RU,PJ,2024,Net,Forecast,Aug,0,,0,0.0
RU,PJ,2024,Net,Forecast,Sep,0,,0,0.0
RU,PJ,2024,Net,Forecast,Oct,32587351960,,-16908202281,0.1727
RU,PJ,2024,Net,Forecast,Nov,52628746031,1.615,39249571065,0.279
RU,PJ,2024,Net,Forecast,Dec,22753800615,0.4323,-27800331067,0.1206
RU,PJ,2024,Op,Actual,Jan,0,,0,0.0
RU,PJ,2024,Op,Actual,Feb,37349692679,,32483383828,0.2738
RU,PJ,2024,Op,Actual,Mar,26334161426,0.7051,12917980470,0.1931
RU,PJ,2024,Op,Actual,Apr,0,0.0,0,0.0
RU,PJ,2024,Op,Actual,May,0,,0,0.0
RU,PJ,2024,Op,Actual,Jun,0,,0,0.0
RU,PJ,2024,Op,Actual,Jul,0,,0,0.0
RU,PJ,2024,Op,Actual,Aug,0,,0,0.0
RU,PJ,2024,Op,Actual,Sep,0,,0,0.0
RU,PJ,2024,Op,Actual,Oct,48411784171,,28812266614,0.3549
RU,PJ,2024,Op,Actual,Nov,15160484958,0.3132,-9777199264,0.1111
RU,PJ,2024,Op,Actual,Dec,9145015676,0.6032,3817861807,0.067
RU,PJ,2024,Op,Budget,Jan,0,,0,0.0
RU,PJ,2024,Op,Budget,Feb,4866308851,,0,0.0714
RU,PJ,2024,Op,Budget,Mar,13416180956,2.757,0,0.1969
RU,PJ,2024,Op,Budget,Apr,0,0.0,0,0.0
RU,PJ,2024,Op,Budget,May,0,,0,0.0
RU,PJ,2024,Op,Budget,Jun,0,,0,0.0
RU,PJ,2024,Op,Budget,Jul,0,,0,0.0
RU,PJ,2024,Op,Budget,Aug,0,,0,0.0
RU,PJ,2024,Op,Budget,Sep,0,,0,0.0
RU,PJ,2024,Op,Budget,Oct,19599517557,,0,0.2876
RU,PJ,2024,Op,Budget,Nov,24937684222,1.2724,0,0.3659
RU,PJ,2024,Op,Budget,Dec,5327153869,0.2136,0,0.0782
RU,PJ,2024,Op,Forecast,Jan,0,,0,0.0
RU,PJ,2024,Op,Forecast,Feb,9502441701,,4636132850,0.1001
RU,PJ,2024,Op,Forecast,Mar,15602840871,1.642,2186659915,0.1643
RU,PJ,2024,Op,Forecast,Apr,0,0.0,0,0.0
RU,PJ,2024,Op,Forecast,May,0,,0,0.0
RU,PJ,2024,Op,Forecast,Jun,0,,0,0.0
RU,PJ,2024,Op,Forecast,Jul,0,,0,0.0
RU,PJ,2024,Op,Forecast,Aug,0,,0,0.0
RU,PJ,2024,Op,Forecast,Sep,0,,0,0.0
RU,PJ,2024,Op,Forecast,Oct,23936681450,,4337163893,0.2521
RU,PJ,2024,Op,Forecast,Nov,22569533593,0.9429,-2368150629,0.2377
RU,PJ,2024,Op,Forecast,Dec,23356030639,1.0348,18028876770,0.2459
RU,PJ,2025,Gross,Actual,Jan,0,,0,
RU,PJ,2025,Gross,Actual,Feb,0,,0,
RU,PJ,2025,Gross,Actual,Mar,0,,0,
RU,PJ,2025,Gross,Actual,Apr,0,,0,
RU,PJ,2025,Gross,Actual,May,0,,0,
RU,PJ,2025,Gross,Actual,Jun,0,,0,
RU,PJ,2025,Gross,Actual,Jul,0,,0,
RU,PJ,2025,Gross,Actual,Aug,0,,0,
RU,PJ,2025,Gross,Actual,Sep,0,,0,
RU,PJ,2025,Gross,Actual,Oct,0,,0,
RU,PJ,2025,Gross,Actual,Nov,0,,0,
RU,PJ,2025,Gross,Actual,Dec,0,,0,
RU,PJ,2025,Gross,Budget,Jan,0,,0,
RU,PJ,2025,Gross,Budget,Feb,0,,0,
RU,PJ,2025,Gross,Budget,Mar,0,,0,
RU,PJ,2025,Gross,Budget,Apr,0,,0,
RU,PJ,2025,Gross,Budget,May,0,,0,
RU,PJ,2025,Gross,Budget,Jun,0,,0,
RU,PJ,2025,Gross,Budget,Jul,0,,0,
RU,PJ,2025,Gross,Budget,Aug,0,,0,
RU,PJ,2025,Gross,Budget,Sep,0,,0,
RU,PJ,2025,Gross,Budget,Oct,0,,0,
RU,PJ,2025,Gross,Budget,Nov,0,,0,
RU,PJ,2025,Gross,Budget,Dec,0,,0,
RU,PJ,2025,Gross,Forecast,Jan,0,,0,
RU,PJ,2025,Gross,Forecast,Feb,0,,0,
RU,PJ,2025,Gross,Forecast,Mar,0,,0,
RU,PJ,2025,Gross,Forecast,Apr,0,,0,
RU,PJ,2025,Gross,Forecast,May,0,,0,
RU,PJ,2025,Gross,Forecast,Jun,0,,0,
RU,PJ,2025,Gross,Forecast,Jul,0,,0,
RU,PJ,2025,Gross,Forecast,Aug,0,,0,
RU,PJ,2025,Gross,Forecast,Sep,0,,0,
RU,PJ,2025,Gross,Forecast,Oct,0,,0,
RU,PJ,2025,Gross,Forecast,Nov,0,,0,
RU,PJ,2025,Gross,Forecast,Dec,0,,0,
RU,PJ,2025,Net,Actual,Jan,0,,0,0.0
RU,PJ,2025,Net,Actual,Feb,34879150300,,7773648056,0.1955
RU,PJ,2025,Net,Actual,Mar,33454083900,0.9591,-11334344908,0.1875
RU,PJ,2025,Net,Actual,Apr,0,0.0,0,0.0
RU,PJ,2025,Net,Actual,May,0,,0,0.0
RU,PJ,2025,Net,Actual,Jun,0,,0,0.0
RU,PJ,2025,Net,Actual,Jul,0,,0,0.0
RU,PJ,2025,Net,Actual,Aug,0,,0,0.0
RU,PJ,2025,Net,Actual,Sep,0,,0,0.0
RU,PJ,2025,Net,Actual,Oct,35941291200,,-3966461747,0.2015
RU,PJ,2025,Net,Actual,Nov,38431860200,1.0693,-5067133922,0.2154
RU,PJ,2025,Net,Actual,Dec,35687830000,0.9286,32145311254,0.2001
RU,PJ,2025,Net,Budget,Jan,0,,0,0.0
RU,PJ,2025,Net,Budget,Feb,27105502244,,0,0.1706
RU,PJ,2025,Net,Budget,Mar,44788428808,1.6524,0,0.282
RU,PJ,2025,Net,Budget,Apr,0,0.0,0,0.0
RU,PJ,2025,Net,Budget,May,0,,0,0.0
RU,PJ,2025,Net,Budget,Jun,0,,0,0.0
RU,PJ,2025,Net,Budget,Jul,0,,0,0.0
RU,PJ,2025,Net,Budget,Aug,0,,0,0.0
RU,PJ,2025,Net,Budget,Sep,0,,0,0.0
RU,PJ,2025,Net,Budget,Oct,39907752947,,0,0.2512
RU,PJ,2025,Net,Budget,Nov,43498994122,1.09,0,0.2738
RU,PJ,2025,Net,Budget,Dec,3542518746,0.0814,0,0.0223
RU,PJ,2025,Net,Forecast,Jan,0,,0,0.0
RU,PJ,2025,Net,Forecast,Feb,32089977445,,4984475201,0.2774
RU,PJ,2025,Net,Forecast,Mar,24827492891,0.7737,-19960935917,0.2146
RU,PJ,2025,Net,Forecast,Apr,0,0.0,0,0.0
RU,PJ,2025,Net,Forecast,May,0,,0,0.0
RU,PJ,2025,Net,Forecast,Jun,0,,0,0.0
RU,PJ,2025,Net,Forecast,Jul,0,,0,0.0
RU,PJ,2025,Net,Forecast,Aug,0,,0,0.0
RU,PJ,2025,Net,Forecast,Sep,0,,0,0.0
RU,PJ,2025,Net,Forecast,Oct,28204993669,,-11702759278,0.2438
RU,PJ,2025,Net,Forecast,Nov,20463235269,0.7255,-23035758853,0.1769
RU,PJ,2025,Net,Forecast,Dec,10083501516,0.4928,6540982770,0.0872
RU,PJ,2025,Op,Actual,Jan,0,,0,0.0
RU,PJ,2025,Op,Actual,Feb,34879150300,,-5477578235,0.1955
RU,PJ,2025,Op,Actual,Mar,33454083900,0.9591,-16342210513,0.1875
RU,PJ,2025,Op,Actual,Apr,0,0.0,0,0.0
RU,PJ,2025,Op,Actual,May,0,,0,0.0
RU,PJ,2025,Op,Actual,Jun,0,,0,0.0
RU,PJ,2025,Op,Actual,Jul,0,,0,0.0
RU,PJ,2025,Op,Actual,Aug,0,,0,0.0
RU,PJ,2025,Op,Actual,Sep,0,,0,0.0
RU,PJ,2025,Op,Actual,Oct,35941291200,,3541862509,0.2015
RU,PJ,2025,Op,Actual,Nov,38431860200,1.0693,-15995975595,0.2154
RU,PJ,2025,Op,Actual,Dec,35687830000,0.9286,-13890682573,0.2001
RU,PJ,2025,Op,Budget,Jan,0,,0,0.0
RU,PJ,2025,Op,Budget,Feb,40356728535,,0,0.1781
RU,PJ,2025,Op,Budget,Mar,49796294413,1.2339,0,0.2198
RU,PJ,2025,Op,Budget,Apr,0,0.0,0,0.0
RU,PJ,2025,Op,Budget,May,0,,0,0.0
RU,PJ,2025,Op,Budget,Jun,0,,0,0.0
RU,PJ,2025,Op,Budget,Jul,0,,0,0.0
RU,PJ,2025,Op,Budget,Aug,0,,0,0.0
RU,PJ,2025,Op,Budget,Sep,0,,0,0.0
RU,PJ,2025,Op,Budget,Oct,32399428691,,0,0.143
RU,PJ,2025,Op,Budget,Nov,54427835795,1.6799,0,0.2402
RU,PJ,2025,Op,Budget,Dec,49578512573,0.9109,0,0.2188
RU,PJ,2025,Op,Forecast,Jan,0,,0,0.0
RU,PJ,2025,Op,Forecast,Feb,30009277644,,-10347450891,0.2888
RU,PJ,2025,Op,Forecast,Mar,20096588506,0.6697,-29699705907,0.1934
RU,PJ,2025,Op,Forecast,Apr,0,0.0,0,0.0
RU,PJ,2025,Op,Forecast,May,0,,0,0.0
RU,PJ,2025,Op,Forecast,Jun,0,,0,0.0
RU,PJ,2025,Op,Forecast,Jul,0,,0,0.0
RU,PJ,2025,Op,Forecast,Aug,0,,0,0.0
RU,PJ,2025,Op,Forecast,Sep,0,,0,0.0
RU,PJ,2025,Op,Forecast,Oct,2802058402,,-29597370289,0.027
RU,PJ,2025,Op,Forecast,Nov,41302633934,14.7401,-13125201861,0.3975
RU,PJ,2025,Op,Forecast,Dec,9703810360,0.2349,-39874702213,0.0934
SG,CDE,2024,Gross,Actual,Jan,2076172204,,1597899751,0.2711
SG,CDE,2024,Gross,Actual,Feb,910190846,0.4384,115198912,0.1189
SG,CDE,2024,Gross,Actual,Mar,430296279,0.4728,158892254,0.0562
SG,CDE,2024,Gross,Actual,Apr,605723537,1.4077,-97610510,0.0791
SG,CDE,2024,Gross,Actual,May,328746230,0.5427,-190938469,0.0429
SG,CDE,2024,Gross,Actual,Jun,569241926,1.7316,504185149,0.0743
SG,CDE,2024,Gross,Actual,Jul,88512,0.0002,67880,0.0
SG,CDE,2024,Gross,Actual,Aug,182100364,2057.3523,83847571,0.0238
SG,CDE,2024,Gross,Actual,Sep,455544097,2.5016,-247792071,0.0595
SG,CDE,2024,Gross,Actual,Oct,602694754,1.323,443068774,0.0787
SG,CDE,2024,Gross,Actual,Nov,1213021911,2.0127,294281069,0.1584
SG,CDE,2024,Gross,Actual,Dec,283174775,0.2334,-22341846,0.037
SG,CDE,2024,Gross,Budget,Jan,478272453,,0,0.0953
SG,CDE,2024,Gross,Budget,Feb,794991934,1.6622,0,0.1584
SG,CDE,2024,Gross,Budget,Mar,271404025,0.3414,0,0.0541
SG,CDE,2024,Gross,Budget,Apr,703334047,2.5915,0,0.1402
SG,CDE,2024,Gross,Budget,May,519684699,0.7389,0,0.1036
SG,CDE,2024,Gross,Budget,Jun,65056777,0.1252,0,0.013
SG,CDE,2024,Gross,Budget,Jul,20632,0.0003,0,0.0
SG,CDE,2024,Gross,Budget,Aug,98252793,4762.1555,0,0.0196
SG,CDE,2024,Gross,Budget,Sep,703336168,7.1584,0,0.1402
SG,CDE,2024,Gross,Budget,Oct,159625980,0.227,0,0.0318
SG,CDE,2024,Gross,Budget,Nov,918740842,5.7556,0,0.1831
SG,CDE,2024,Gross,Budget,Dec,305516621,0.3325,0,0.0609
SG,CDE,2024,Gross,Forecast,Jan,1345449077,,867176624,0.2937
SG,CDE,2024,Gross,Forecast,Feb,7951183,0.0059,-787040751,0.0017
SG,CDE,2024,Gross,Forecast,Mar,88050558,11.0739,-183353467,0.0192
SG,CDE,2024,Gross,Forecast,Apr,532787916,6.0509,-170546131,0.1163
SG,CDE,2024,Gross,Forecast,May,98959386,0.1857,-420725313,0.0216
SG,CDE,2024,Gross,Forecast,Jun,5000417,0.0505,-60056360,0.0011
SG,CDE,2024,Gross,Forecast,Jul,23584,0.0047,2952,0.0
SG,CDE,2024,Gross,Forecast,Aug,201256942,8533.622,103004149,0.0439
SG,CDE,2024,Gross,Forecast,Sep,371775656,1.8473,-331560512,0.0812
SG,CDE,2024,Gross,Forecast,Oct,58262599,0.1567,-101363381,0.0127
SG,CDE,2024,Gross,Forecast,Nov,1641678334,28.1772,722937492,0.3584
SG,CDE,2024,Gross,Forecast,Dec,229358731,0.1397,-76157890,0.0501
SG,CDE,2024,Net,Actual,Jan,1829579602,,839401955,0.3694
SG,CDE,2024,Net,Actual,Feb,645308023,0.3527,-133975831,0.1303
SG,CDE,2024,Net,Actual,Mar,43934324,0.0681,36405078,0.0089
SG,CDE,2024,Net,Actual,Apr,550731172,12.5353,-292220018,0.1112
SG,CDE,2024,Net,Actual,May,294790331,0.5353,69975883,0.0595
SG,CDE,2024,Net,Actual,Jun,361294989,1.2256,314564838,0.0729
SG,CDE,2024,Net,Actual,Jul,-1257928,-0.0035,-417711,-0.0003
SG,CDE,2024,Net,Actual,Aug,206394595,-164.075,164642762,0.0417
SG,CDE,2024,Net,Actual,Sep,175886088,0.8522,-499136095,0.0355
SG,CDE,2024,Net,Actual,Oct,347850089,1.9777,-17776101,0.0702
SG,CDE,2024,Net,Actual,Nov,177734983,0.511,-721738766,0.0359
SG,CDE,2024,Net,Actual,Dec,320986353,1.806,47329396,0.0648
SG,CDE,2024,Net,Budget,Jan,990177647,,0,0.1924
SG,CDE,2024,Net,Budget,Feb,779283854,0.787,0,0.1514
SG,CDE,2024,Net,Budget,Mar,7529246,0.0097,0,0.0015
SG,CDE,2024,Net,Budget,Apr,842951190,111.9569,0,0.1638
SG,CDE,2024,Net,Budget,May,224814448,0.2667,0,0.0437
SG,CDE,2024,Net,Budget,Jun,46730151,0.2079,0,0.0091
SG,CDE,2024,Net,Budget,Jul,-840217,-0.018,0,-0.0002
SG,CDE,2024,Net,Budget,Aug,41751833,-49.6917,0,0.0081
SG,CDE,2024,Net,Budget,Sep,675022183,16.1675,0,0.1312
SG,CDE,2024,Net,Budget,Oct,365626190,0.5417,0,0.071
SG,CDE,2024,Net,Budget,Nov,899473749,2.4601,0,0.1748
SG,CDE,2024,Net,Budget,Dec,273656957,0.3042,0,0.0532
SG,CDE,2024,Net,Forecast,Jan,1552146509,,561968862,0.3026
SG,CDE,2024,Net,Forecast,Feb,701977895,0.4523,-77305959,0.1369
SG,CDE,2024,Net,Forecast,Mar,109489021,0.156,101959775,0.0213
SG,CDE,2024,Net,Forecast,Apr,960063429,8.7686,117112239,0.1872
SG,CDE,2024,Net,Forecast,May,188497928,0.1963,-36316520,0.0368
SG,CDE,2024,Net,Forecast,Jun,205224712,1.0887,158494561,0.04
SG,CDE,2024,Net,Forecast,Jul,-148545,-0.0007,691672,-0.0
SG,CDE,2024,Net,Forecast,Aug,81829168,-550.8712,40077335,0.016
SG,CDE,2024,Net,Forecast,Sep,553057040,6.7587,-121965143,0.1078
SG,CDE,2024,Net,Forecast,Oct,276538954,0.5,-89087236,0.0539
SG,CDE,2024,Net,Forecast,Nov,256557992,0.9277,-642915757,0.05
SG,CDE,2024,Net,Forecast,Dec,243554943,0.9493,-30102014,0.0475
SG,CDE,2024,Op,Actual,Jan,904401754,,-808262205,0.1902
SG,CDE,2024,Op,Actual,Feb,845961234,0.9354,571315894,0.1779
SG,CDE,2024,Op,Actual,Mar,19576262,0.0231,-64517459,0.0041
SG,CDE,2024,Op,Actual,Apr,559179470,28.5642,-216680469,0.1176
SG,CDE,2024,Op,Actual,May,228414750,0.4085,-173842156,0.048
SG,CDE,2024,Op,Actual,Jun,132475724,0.58,-128076913,0.0279
SG,CDE,2024,Op,Actual,Jul,-622948,-0.0047,-565337,-0.0001
SG,CDE,2024,Op,Actual,Aug,149449633,-239.9071,-20191820,0.0314
SG,CDE,2024,Op,Actual,Sep,441880743,2.9567,283272863,0.0929
SG,CDE,2024,Op,Actual,Oct,407840711,0.923,-138286932,0.0858
SG,CDE,2024,Op,Actual,Nov,680855236,1.6694,213558902,0.1432
SG,CDE,2024,Op,Actual,Dec,384934670,0.5654,157158586,0.081
SG,CDE,2024,Op,Budget,Jan,1712663959,,0,0.3372
SG,CDE,2024,Op,Budget,Feb,274645340,0.1604,0,0.0541
SG,CDE,2024,Op,Budget,Mar,84093721,0.3062,0,0.0166
SG,CDE,2024,Op,Budget,Apr,775859939,9.2261,0,0.1527
SG,CDE,2024,Op,Budget,May,402256906,0.5185,0,0.0792
SG,CDE,2024,Op,Budget,Jun,260552637,0.6477,0,0.0513
SG,CDE,2024,Op,Budget,Jul,-57611,-0.0002,0,-0.0
SG,CDE,2024,Op,Budget,Aug,169641453,-2944.6018,0,0.0334
SG,CDE,2024,Op,Budget,Sep,158607880,0.935,0,0.0312
SG,CDE,2024,Op,Budget,Oct,546127643,3.4433,0,0.1075
SG,CDE,2024,Op,Budget,Nov,467296334,0.8557,0,0.092
SG,CDE,2024,Op,Budget,Dec,227776084,0.4874,0,0.0448
SG,CDE,2024,Op,Forecast,Jan,1189837108,,-522826851,0.2933
SG,CDE,2024,Op,Forecast,Feb,78794926,0.0662,-195850414,0.0194
SG,CDE,2024,Op,Forecast,Mar,109272145,1.3868,25178424,0.0269
SG,CDE,2024,Op,Forecast,Apr,622122132,5.6933,-153737807,0.1533
SG,CDE,2024,Op,Forecast,May,350104490,0.5628,-52152416,0.0863
SG,CDE,2024,Op,Forecast,Jun,62708807,0.1791,-197843830,0.0155
SG,CDE,2024,Op,Forecast,Jul,-25220,-0.0004,32391,-0.0
SG,CDE,2024,Op,Forecast,Aug,3519850,-139.5658,-166121603,0.0009
SG,CDE,2024,Op,Forecast,Sep,727417780,206.6616,568809900,0.1793
SG,CDE,2024,Op,Forecast,Oct,290223787,0.399,-255903856,0.0715
SG,CDE,2024,Op,Forecast,Nov,384097068,1.3235,-83199266,0.0947
SG,CDE,2024,Op,Forecast,Dec,239152462,0.6226,11376378,0.0589
SG,CDE,2025,Gross,Actual,Jan,1832758630,,780380042,0.2804
SG,CDE,2025,Gross,Actual,Feb,790759718,0.4315,242631364,0.121
SG,CDE,2025,Gross,Actual,Mar,239425029,0.3028,-254277353,0.0366
SG,CDE,2025,Gross,Actual,Apr,289067129,1.2073,-868047420,0.0442
SG,CDE,2025,Gross,Actual,May,387088272,1.3391,109433336,0.0592
SG,CDE,2025,Gross,Actual,Jun,446737051,1.1541,119884239,0.0683
SG,CDE,2025,Gross,Actual,Jul,104674,0.0002,75220,0.0
SG,CDE,2025,Gross,Actual,Aug,109741214,1048.4095,71615059,0.0168
SG,CDE,2025,Gross,Actual,Sep,500111025,4.5572,347126986,0.0765
SG,CDE,2025,Gross,Actual,Oct,93432490,0.1868,-166792724,0.0143
SG,CDE,2025,Gross,Actual,Nov,1620798727,17.3473,517828005,0.2479
SG,CDE,2025,Gross,Actual,Dec,227093247,0.1401,-9381576,0.0347
SG,CDE,2025,Gross,Budget,Jan,1052378588,,0,0.1864
SG,CDE,2025,Gross,Budget,Feb,548128354,0.5208,0,0.0971
SG,CDE,2025,Gross,Budget,Mar,493702382,0.9007,0,0.0874
SG,CDE,2025,Gross,Budget,Apr,1157114549,2.3437,0,0.2049
SG,CDE,2025,Gross,Budget,May,277654936,0.24,0,0.0492
SG,CDE,2025,Gross,Budget,Jun,326852812,1.1772,0,0.0579
SG,CDE,2025,Gross,Budget,Jul,29454,0.0001,0,0.0
SG,CDE,2025,Gross,Budget,Aug,38126155,1294.4305,0,0.0068
SG,CDE,2025,Gross,Budget,Sep,152984039,4.0126,0,0.0271
SG,CDE,2025,Gross,Budget,Oct,260225214,1.701,0,0.0461
SG,CDE,2025,Gross,Budget,Nov,1102970722,4.2385,0,0.1953
SG,CDE,2025,Gross,Budget,Dec,236474823,0.2144,0,0.0419
SG,CDE,2025,Gross,Forecast,Jan,804337069,,-248041519,0.2173
SG,CDE,2025,Gross,Forecast,Feb,741982221,0.9225,193853867,0.2004
SG,CDE,2025,Gross,Forecast,Mar,305659808,0.412,-188042574,0.0826
SG,CDE,2025,Gross,Forecast,Apr,27067,0.0001,-1157087482,0.0
SG,CDE,2025,Gross,Forecast,May,192657082,7117.7848,-84997854,0.052
SG,CDE,2025,Gross,Forecast,Jun,189569752,0.984,-137283060,0.0512
SG,CDE,2025,Gross,Forecast,Jul,58386,0.0003,28932,0.0
SG,CDE,2025,Gross,Forecast,Aug,86962090,1489.4339,48835935,0.0235
SG,CDE,2025,Gross,Forecast,Sep,508857017,5.8515,355872978,0.1375
SG,CDE,2025,Gross,Forecast,Oct,256546722,0.5042,-3678492,0.0693
SG,CDE,2025,Gross,Forecast,Nov,243047817,0.9474,-859922905,0.0657
SG,CDE,2025,Gross,Forecast,Dec,372405321,1.5322,135930498,0.1006
SG,CDE,2025,Net,Actual,Jan,1241972511,,761590710,0.2626
SG,CDE,2025,Net,Actual,Feb,696774666,0.561,-48741332,0.1473
SG,CDE,2025,Net,Actual,Mar,62262435,0.0894,-66481763,0.0132
SG,CDE,2025,Net,Actual,Apr,698977459,11.2263,642802312,0.1478
SG,CDE,2025,Net,Actual,May,47780794,0.0684,-226636887,0.0101
SG,CDE,2025,Net,Actual,Jun,6146322,0.1286,-106878266,0.0013
SG,CDE,2025,Net,Actual,Jul,-928451,-0.1511,-135923,-0.0002
SG,CDE,2025,Net,Actual,Aug,108136204,-116.4695,90181007,0.0229
SG,CDE,2025,Net,Actual,Sep,286744906,2.6517,268840345,0.0606
SG,CDE,2025,Net,Actual,Oct,122579740,0.4275,26293931,0.0259
SG,CDE,2025,Net,Actual,Nov,1148814456,9.372,-363228212,0.2429
SG,CDE,2025,Net,Actual,Dec,310695565,0.2704,219617135,0.0657
SG,CDE,2025,Net,Budget,Jan,480381801,,0,0.136
SG,CDE,2025,Net,Budget,Feb,745515998,1.5519,0,0.211
SG,CDE,2025,Net,Budget,Mar,128744198,0.1727,0,0.0364
SG,CDE,2025,Net,Budget,Apr,56175147,0.4363,0,0.0159
SG,CDE,2025,Net,Budget,May,274417681,4.885,0,0.0777
SG,CDE,2025,Net,Budget,Jun,113024588,0.4119,0,0.032
SG,CDE,2025,Net,Budget,Jul,-792528,-0.007,0,-0.0002
SG,CDE,2025,Net,Budget,Aug,17955197,-22.6556,0,0.0051
SG,CDE,2025,Net,Budget,Sep,17904561,0.9972,0,0.0051
SG,CDE,2025,Net,Budget,Oct,96285809,5.3777,0,0.0273
SG,CDE,2025,Net,Budget,Nov,1512042668,15.7037,0,0.428
SG,CDE,2025,Net,Budget,Dec,91078430,0.0602,0,0.0258
SG,CDE,2025,Net,Forecast,Jan,2040079641,,1559697840,0.3743
SG,CDE,2025,Net,Forecast,Feb,18573744,0.0091,-726942254,0.0034
SG,CDE,2025,Net,Forecast,Mar,12120795,0.6526,-116623403,0.0022
SG,CDE,2025,Net,Forecast,Apr,450944913,37.2042,394769766,0.0827
SG,CDE,2025,Net,Forecast,May,12116891,0.0269,-262300790,0.0022
SG,CDE,2025,Net,Forecast,Jun,460237934,37.9832,347213346,0.0844
SG,CDE,2025,Net,Forecast,Jul,-1092130,-0.0024,-299602,-0.0002
SG,CDE,2025,Net,Forecast,Aug,197673931,-180.9985,179718734,0.0363
SG,CDE,2025,Net,Forecast,Sep,721523425,3.6501,703618864,0.1324
SG,CDE,2025,Net,Forecast,Oct,467132385,0.6474,370846576,0.0857
SG,CDE,2025,Net,Forecast,Nov,872765314,1.8683,-639277354,0.1601
SG,CDE,2025,Net,Forecast,Dec,198983722,0.228,107905292,0.0365
SG,CDE,2025,Op,Actual,Jan,2017674366,,489627837,0.3701
SG,CDE,2025,Op,Actual,Feb,386161876,0.1914,-47011344,0.0708
SG,CDE,2025,Op,Actual,Mar,95654298,0.2477,70715715,0.0175
SG,CDE,2025,Op,Actual,Apr,148545403,1.5529,15401296,0.0272
SG,CDE,2025,Op,Actual,May,427181290,2.8758,78270320,0.0783
SG,CDE,2025,Op,Actual,Jun,369133804,0.8641,3074421,0.0677
SG,CDE,2025,Op,Actual,Jul,-175816,-0.0005,302138,-0.0
SG,CDE,2025,Op,Actual,Aug,162958781,-926.8712,100333959,0.0299
SG,CDE,2025,Op,Actual,Sep,355390498,2.1809,339525515,0.0652
SG,CDE,2025,Op,Actual,Oct,43921293,0.1236,-155404735,0.0081
SG,CDE,2025,Op,Actual,Nov,1245580106,28.3594,315537069,0.2285
SG,CDE,2025,Op,Actual,Dec,200257032,0.1608,-187434095,0.0367
SG,CDE,2025,Op,Budget,Jan,1528046529,,0,0.345
SG,CDE,2025,Op,Budget,Feb,433173220,0.2835,0,0.0978
SG,CDE,2025,Op,Budget,Mar,24938583,0.0576,0,0.0056
SG,CDE,2025,Op,Budget,Apr,133144107,5.3389,0,0.0301
SG,CDE,2025,Op,Budget,May,348910970,2.6206,0,0.0788
SG,CDE,2025,Op,Budget,Jun,366059383,1.0491,0,0.0826
SG,CDE,2025,Op,Budget,Jul,-477954,-0.0013,0,-0.0001
SG,CDE,2025,Op,Budget,Aug,62624822,-131.0269,0,0.0141
SG,CDE,2025,Op,Budget,Sep,15864983,0.2533,0,0.0036
SG,CDE,2025,Op,Budget,Oct,199326028,12.5639,0,0.045
SG,CDE,2025,Op,Budget,Nov,930043037,4.6659,0,0.21
SG,CDE,2025,Op,Budget,Dec,387691127,0.4169,0,0.0875
SG,CDE,2025,Op,Forecast,Jan,258722081,,-1269324448,0.0714
SG,CDE,2025,Op,Forecast,Feb,739083003,2.8567,305909783,0.204
SG,CDE,2025,Op,Forecast,Mar,136465723,0.1846,111527140,0.0377
SG,CDE,2025,Op,Forecast,Apr,657538070,4.8183,524393963,0.1815
SG,CDE,2025,Op,Forecast,May,194164911,0.2953,-154746059,0.0536
SG,CDE,2025,Op,Forecast,Jun,106870964,0.5504,-259188419,0.0295
SG,CDE,2025,Op,Forecast,Jul,-181002,-0.0017,296952,-0.0
SG,CDE,2025,Op,Forecast,Aug,167215553,-923.8326,104590731,0.0462
SG,CDE,2025,Op,Forecast,Sep,224392396,1.3419,208527413,0.0619
SG,CDE,2025,Op,Forecast,Oct,426581725,1.9011,227255697,0.1178
SG,CDE,2025,Op,Forecast,Nov,392799929,0.9208,-537243108,0.1084
SG,CDE,2025,Op,Forecast,Dec,318526466,0.8109,-69164661,0.0879
SG,PJ,2024,Gross,Actual,Jan,83565033,,-125226163,0.0281
SG,PJ,2024,Gross,Actual,Feb,118588545,1.4191,-426361386,0.0398
SG,PJ,2024,Gross,Actual,Mar,150184285,1.2664,103359240,0.0504
SG,PJ,2024,Gross,Actual,Apr,220946618,1.4712,-330316487,0.0742
SG,PJ,2024,Gross,Actual,May,177006930,0.8011,23383507,0.0595
SG,PJ,2024,Gross,Actual,Jun,252504273,1.4265,-148776525,0.0848
SG,PJ,2024,Gross,Actual,Jul,23130,0.0001,-27831,0.0
SG,PJ,2024,Gross,Actual,Aug,188686100,8157.6351,25705876,0.0634
SG,PJ,2024,Gross,Actual,Sep,588133011,3.117,-147972268,0.1975
SG,PJ,2024,Gross,Actual,Oct,88253093,0.1501,-460577239,0.0296
SG,PJ,2024,Gross,Actual,Nov,857358941,9.7148,-358211479,0.288
SG,PJ,2024,Gross,Actual,Dec,252007005,0.2939,124589997,0.0846
SG,PJ,2024,Gross,Budget,Jan,208791196,,0,0.0444
SG,PJ,2024,Gross,Budget,Feb,544949931,2.61,0,0.116
SG,PJ,2024,Gross,Budget,Mar,46825045,0.0859,0,0.01
SG,PJ,2024,Gross,Budget,Apr,551263105,11.7728,0,0.1173
SG,PJ,2024,Gross,Budget,May,153623423,0.2787,0,0.0327
SG,PJ,2024,Gross,Budget,Jun,401280798,2.6121,0,0.0854
SG,PJ,2024,Gross,Budget,Jul,50961,0.0001,0,0.0
SG,PJ,2024,Gross,Budget,Aug,162980224,3198.1363,0,0.0347
SG,PJ,2024,Gross,Budget,Sep,736105279,4.5165,0,0.1567
SG,PJ,2024,Gross,Budget,Oct,548830332,0.7456,0,0.1168
SG,PJ,2024,Gross,Budget,Nov,1215570420,2.2148,0,0.2588
SG,PJ,2024,Gross,Budget,Dec,127417008,0.1048,0,0.0271
SG,PJ,2024,Gross,Forecast,Jan,917063967,,708272771,0.2487
SG,PJ,2024,Gross,Forecast,Feb,326796920,0.3564,-218153011,0.0886
SG,PJ,2024,Gross,Forecast,Mar,125393499,0.3837,78568454,0.034
SG,PJ,2024,Gross,Forecast,Apr,66199025,0.5279,-485064080,0.018
SG,PJ,2024,Gross,Forecast,May,281310876,4.2495,127687453,0.0763
SG,PJ,2024,Gross,Forecast,Jun,202597819,0.7202,-198682979,0.0549
SG,PJ,2024,Gross,Forecast,Jul,72466,0.0004,21505,0.0
SG,PJ,2024,Gross,Forecast,Aug,40174062,554.385,-122806162,0.0109
SG,PJ,2024,Gross,Forecast,Sep,395683099,9.8492,-340422180,0.1073
SG,PJ,2024,Gross,Forecast,Oct,5792012,0.0146,-543038320,0.0016
SG,PJ,2024,Gross,Forecast,Nov,1182512532,204.1627,-33057888,0.3207
SG,PJ,2024,Gross,Forecast,Dec,143470805,0.1213,16053797,0.0389
SG,PJ,2024,Net,Actual,Jan,716468870,,296649497,0.1527
SG,PJ,2024,Net,Actual,Feb,855457315,1.194,72026787,0.1823
SG,PJ,2024,Net,Actual,Mar,58199253,0.068,-17897093,0.0124
SG,PJ,2024,Net,Actual,Apr,216198848,3.7148,-80268351,0.0461
SG,PJ,2024,Net,Actual,May,138372574,0.64,-351657400,0.0295
SG,PJ,2024,Net,Actual,Jun,334246223,2.4156,115135781,0.0712
SG,PJ,2024,Net,Actual,Jul,-1240595,-0.0037,-808985,-0.0003
SG,PJ,2024,Net,Actual,Aug,187321355,-150.9932,179760734,0.0399
SG,PJ,2024,Net,Actual,Sep,6504596,0.0347,-183335818,0.0014
SG,PJ,2024,Net,Actual,Oct,104242423,16.026,-27492303,0.0222
SG,PJ,2024,Net,Actual,Nov,1713665240,16.4392,1365421238,0.3652
SG,PJ,2024,Net,Actual,Dec,362991889,0.2118,250378739,0.0774
SG,PJ,2024,Net,Budget,Jan,419819373,,0,0.1365
SG,PJ,2024,Net,Budget,Feb,783430528,1.8661,0,0.2548
SG,PJ,2024,Net,Budget,Mar,76096346,0.0971,0,0.0248
SG,PJ,2024,Net,Budget,Apr,296467199,3.8959,0,0.0964
SG,PJ,2024,Net,Budget,May,490029974,1.6529,0,0.1594
SG,PJ,2024,Net,Budget,Jun,219110442,0.4471,0,0.0713
SG,PJ,2024,Net,Budget,Jul,-431610,-0.002,0,-0.0001
SG,PJ,2024,Net,Budget,Aug,7560621,-17.5173,0,0.0025
SG,PJ,2024,Net,Budget,Sep,189840414,25.1091,0,0.0617
SG,PJ,2024,Net,Budget,Oct,131734726,0.6939,0,0.0428
SG,PJ,2024,Net,Budget,Nov,348244002,2.6435,0,0.1133
SG,PJ,2024,Net,Budget,Dec,112613150,0.3234,0,0.0366
SG,PJ,2024,Net,Forecast,Jan,825293312,,405473939,0.1824
SG,PJ,2024,Net,Forecast,Feb,838762015,1.0163,55331487,0.1854
SG,PJ,2024,Net,Forecast,Mar,35025651,0.0418,-41070695,0.0077
SG,PJ,2024,Net,Forecast,Apr,173484140,4.9531,-122983059,0.0384
SG,PJ,2024,Net,Forecast,May,483811670,2.7888,-6218304,0.107
SG,PJ,2024,Net,Forecast,Jun,381337168,0.7882,162226726,0.0843
SG,PJ,2024,Net,Forecast,Jul,-728671,-0.0019,-297061,-0.0002
SG,PJ,2024,Net,Forecast,Aug,113871981,-156.2735,106311360,0.0252
SG,PJ,2024,Net,Forecast,Sep,121169191,1.0641,-68671223,0.0268
SG,PJ,2024,Net,Forecast,Oct,151580115,1.251,19845389,0.0335
SG,PJ,2024,Net,Forecast,Nov,1084934138,7.1575,736690136,0.2398
SG,PJ,2024,Net,Forecast,Dec,315044625,0.2904,202431475,0.0696
SG,PJ,2024,Op,Actual,Jan,1515083765,,163222285,0.3281
SG,PJ,2024,Op,Actual,Feb,152323657,0.1005,-600613183,0.033
SG,PJ,2024,Op,Actual,Mar,1131904,0.0074,-23630199,0.0002
SG,PJ,2024,Op,Actual,Apr,303556636,268.1823,-346181243,0.0657
SG,PJ,2024,Op,Actual,May,144638497,0.4765,16061105,0.0313
SG,PJ,2024,Op,Actual,Jun,395217008,2.7324,-10098224,0.0856
SG,PJ,2024,Op,Actual,Jul,-791545,-0.002,-302836,-0.0002
SG,PJ,2024,Op,Actual,Aug,178710633,-225.7744,38606785,0.0387
SG,PJ,2024,Op,Actual,Sep,56955908,0.3187,-364803865,0.0123
SG,PJ,2024,Op,Actual,Oct,308329576,5.4135,26954220,0.0668
SG,PJ,2024,Op,Actual,Nov,1276297161,4.1394,686706625,0.2764
SG,PJ,2024,Op,Actual,Dec,286171862,0.2242,224574403,0.062
SG,PJ,2024,Op,Budget,Jan,1351861480,,0,0.2812
SG,PJ,2024,Op,Budget,Feb,752936840,0.557,0,0.1566
SG,PJ,2024,Op,Budget,Mar,24762103,0.0329,0,0.0052
SG,PJ,2024,Op,Budget,Apr,649737879,26.2392,0,0.1352
SG,PJ,2024,Op,Budget,May,128577392,0.1979,0,0.0267
SG,PJ,2024,Op,Budget,Jun,405315232,3.1523,0,0.0843
SG,PJ,2024,Op,Budget,Jul,-488709,-0.0012,0,-0.0001
SG,PJ,2024,Op,Budget,Aug,140103848,-286.6815,0,0.0291
SG,PJ,2024,Op,Budget,Sep,421759773,3.0103,0,0.0877
SG,PJ,2024,Op,Budget,Oct,281375356,0.6671,0,0.0585
SG,PJ,2024,Op,Budget,Nov,589590536,2.0954,0,0.1226
SG,PJ,2024,Op,Budget,Dec,61597459,0.1045,0,0.0128
SG,PJ,2024,Op,Forecast,Jan,331048915,,-1020812565,0.1126
SG,PJ,2024,Op,Forecast,Feb,384703288,1.1621,-368233552,0.1309
SG,PJ,2024,Op,Forecast,Mar,84914511,0.2207,60152408,0.0289
SG,PJ,2024,Op,Forecast,Apr,323343982,3.8079,-326393897,0.11
SG,PJ,2024,Op,Forecast,May,284840832,0.8809,156263440,0.0969
SG,PJ,2024,Op,Forecast,Jun,30151150,0.1059,-375164082,0.0103
SG,PJ,2024,Op,Forecast,Jul,-361026,-0.012,127683,-0.0001
SG,PJ,2024,Op,Forecast,Aug,178430085,-494.2306,38326237,0.0607
SG,PJ,2024,Op,Forecast,Sep,15848674,0.0888,-405911099,0.0054
SG,PJ,2024,Op,Forecast,Oct,87480738,5.5198,-193894618,0.0298
SG,PJ,2024,Op,Forecast,Nov,1078864268,12.3326,489273732,0.367
SG,PJ,2024,Op,Forecast,Dec,140436709,0.1302,78839250,0.0478
SG,PJ,2025,Gross,Actual,Jan,1475800000,,-606683341,0.2241
SG,PJ,2025,Gross,Actual,Feb,607950000,0.4119,557202162,0.0923
SG,PJ,2025,Gross,Actual,Mar,331560000,0.5454,34664240,0.0503
SG,PJ,2025,Gross,Actual,Apr,831960000,2.5092,558253504,0.1263
SG,PJ,2025,Gross,Actual,May,364090000,0.4376,291976517,0.0553
SG,PJ,2025,Gross,Actual,Jun,406212500,1.1157,-83984319,0.0617
SG,PJ,2025,Gross,Actual,Jul,80000,0.0002,57326,0.0
SG,PJ,2025,Gross,Actual,Aug,142000000,1775.0,-49067632,0.0216
SG,PJ,2025,Gross,Actual,Sep,539883500,3.802,107256260,0.082
SG,PJ,2025,Gross,Actual,Oct,433254000,0.8025,-66024460,0.0658
SG,PJ,2025,Gross,Actual,Nov,1182152600,2.7285,994898429,0.1795
SG,PJ,2025,Gross,Actual,Dec,270562800,0.2289,10731620,0.0411
SG,PJ,2025,Gross,Budget,Jan,2082483341,,0,0.4306
SG,PJ,2025,Gross,Budget,Feb,50747838,0.0244,0,0.0105
SG,PJ,2025,Gross,Budget,Mar,296895760,5.8504,0,0.0614
SG,PJ,2025,Gross,Budget,Apr,273706496,0.9219,0,0.0566
SG,PJ,2025,Gross,Budget,May,72113483,0.2635,0,0.0149
SG,PJ,2025,Gross,Budget,Jun,490196819,6.7976,0,0.1014
SG,PJ,2025,Gross,Budget,Jul,22674,0.0,0,0.0
SG,PJ,2025,Gross,Budget,Aug,191067632,8426.7281,0,0.0395
SG,PJ,2025,Gross,Budget,Sep,432627240,2.2643,0,0.0895
SG,PJ,2025,Gross,Budget,Oct,499278460,1.1541,0,0.1032
SG,PJ,2025,Gross,Budget,Nov,187254171,0.375,0,0.0387
SG,PJ,2025,Gross,Budget,Dec,259831180,1.3876,0,0.0537
SG,PJ,2025,Gross,Forecast,Jan,1287656304,,-794827037,0.3197
SG,PJ,2025,Gross,Forecast,Feb,63688683,0.0495,12940845,0.0158
SG,PJ,2025,Gross,Forecast,Mar,183970357,2.8886,-112925403,0.0457
SG,PJ,2025,Gross,Forecast,Apr,231642715,1.2591,-42063781,0.0575
SG,PJ,2025,Gross,Forecast,May,15809734,0.0683,-56303749,0.0039
SG,PJ,2025,Gross,Forecast,Jun,401955915,25.4246,-88240904,0.0998
SG,PJ,2025,Gross,Forecast,Jul,59961,0.0001,37287,0.0
SG,PJ,2025,Gross,Forecast,Aug,137491868,2293.0216,-53575764,0.0341
SG,PJ,2025,Gross,Forecast,Sep,399359983,2.9046,-33267257,0.0991
SG,PJ,2025,Gross,Forecast,Oct,237488656,0.5947,-261789804,0.059
SG,PJ,2025,Gross,Forecast,Nov,761057895,3.2046,573803724,0.1889
SG,PJ,2025,Gross,Forecast,Dec,308027056,0.4047,48195876,0.0765
SG,PJ,2025,Net,Actual,Jan,1419750000,,402822303,0.2352
SG,PJ,2025,Net,Actual,Feb,570580000,0.4019,254595334,0.0945
SG,PJ,2025,Net,Actual,Mar,100220000,0.1756,4691366,0.0166
SG,PJ,2025,Net,Actual,Apr,806170000,8.044,624441365,0.1336
SG,PJ,2025,Net,Actual,May,336680000,0.4176,-71621607,0.0558
SG,PJ,2025,Net,Actual,Jun,316405400,0.9398,-121213441,0.0524
SG,PJ,2025,Net,Actual,Jul,-900000,-0.0028,-665572,-0.0001
SG,PJ,2025,Net,Actual,Aug,137740000,-153.0444,26987448,0.0228
SG,PJ,2025,Net,Actual,Sep,506591200,3.6779,-252260542,0.0839
SG,PJ,2025,Net,Actual,Oct,420262300,0.8296,245060102,0.0696
SG,PJ,2025,Net,Actual,Nov,1146773500,2.7287,1128297651,0.19
SG,PJ,2025,Net,Actual,Dec,275860500,0.2406,-124949766,0.0457
SG,PJ,2025,Net,Budget,Jan,1016927697,,0,0.2594
SG,PJ,2025,Net,Budget,Feb,315984666,0.3107,0,0.0806
SG,PJ,2025,Net,Budget,Mar,95528634,0.3023,0,0.0244
SG,PJ,2025,Net,Budget,Apr,181728635,1.9023,0,0.0464
SG,PJ,2025,Net,Budget,May,408301607,2.2468,0,0.1042
SG,PJ,2025,Net,Budget,Jun,437618841,1.0718,0,0.1116
SG,PJ,2025,Net,Budget,Jul,-234428,-0.0005,0,-0.0001
SG,PJ,2025,Net,Budget,Aug,110752552,-472.4374,0,0.0283
SG,PJ,2025,Net,Budget,Sep,758851742,6.8518,0,0.1936
SG,PJ,2025,Net,Budget,Oct,175202198,0.2309,0,0.0447
SG,PJ,2025,Net,Budget,Nov,18475849,0.1055,0,0.0047
SG,PJ,2025,Net,Budget,Dec,400810266,21.6937,0,0.1022
SG,PJ,2025,Net,Forecast,Jan,915594069,,-101333628,0.2115
SG,PJ,2025,Net,Forecast,Feb,49294977,0.0538,-266689689,0.0114
SG,PJ,2025,Net,Forecast,Mar,103015313,2.0898,7486679,0.0238
SG,PJ,2025,Net,Forecast,Apr,234625196,2.2776,52896561,0.0542
SG,PJ,2025,Net,Forecast,May,419232044,1.7868,10930437,0.0968
SG,PJ,2025,Net,Forecast,Jun,381569076,0.9102,-56049765,0.0881
SG,PJ,2025,Net,Forecast,Jul,-1064428,-0.0028,-830000,-0.0002
SG,PJ,2025,Net,Forecast,Aug,187711004,-176.3492,76958452,0.0434
SG,PJ,2025,Net,Forecast,Sep,744882702,3.9682,-13969040,0.1721
SG,PJ,2025,Net,Forecast,Oct,254530914,0.3417,79328716,0.0588
SG,PJ,2025,Net,Forecast,Nov,854839414,3.3585,836363565,0.1975
SG,PJ,2025,Net,Forecast,Dec,185051068,0.2165,-215759198,0.0427
SG,PJ,2025,Op,Actual,Jan,1419750000,,-292076931,0.2352
SG,PJ,2025,Op,Actual,Feb,570580000,0.4019,-72922004,0.0945
SG,PJ,2025,Op,Actual,Mar,100220000,0.1756,62277160,0.0166
SG,PJ,2025,Op,Actual,Apr,806170000,8.044,-153951640,0.1336
SG,PJ,2025,Op,Actual,May,336680000,0.4176,-153514872,0.0558
SG,PJ,2025,Op,Actual,Jun,316405400,0.9398,59950467,0.0524
SG,PJ,2025,Op,Actual,Jul,-900000,-0.0028,-267587,-0.0001
SG,PJ,2025,Op,Actual,Aug,137740000,-153.0444,67359095,0.0228
SG,PJ,2025,Op,Actual,Sep,506591200,3.6779,243774406,0.0839
SG,PJ,2025,Op,Actual,Oct,420262300,0.8296,250046893,0.0696
SG,PJ,2025,Op,Actual,Nov,1146773500,2.7287,27506347,0.19
SG,PJ,2025,Op,Actual,Dec,275860500,0.2406,-59815420,0.0457
SG,PJ,2025,Op,Budget,Jan,1711826931,,0,0.2826
SG,PJ,2025,Op,Budget,Feb,643502004,0.3759,0,0.1062
SG,PJ,2025,Op,Budget,Mar,37942840,0.059,0,0.0063
SG,PJ,2025,Op,Budget,Apr,960121640,25.3044,0,0.1585
SG,PJ,2025,Op,Budget,May,490194872,0.5106,0,0.0809
SG,PJ,2025,Op,Budget,Jun,256454933,0.5232,0,0.0423
SG,PJ,2025,Op,Budget,Jul,-632413,-0.0025,0,-0.0001
SG,PJ,2025,Op,Budget,Aug,70380905,-111.2895,0,0.0116
SG,PJ,2025,Op,Budget,Sep,262816794,3.7342,0,0.0434
SG,PJ,2025,Op,Budget,Oct,170215407,0.6477,0,0.0281
SG,PJ,2025,Op,Budget,Nov,1119267153,6.5756,0,0.1848
SG,PJ,2025,Op,Budget,Dec,335675920,0.2999,0,0.0554
SG,PJ,2025,Op,Forecast,Jan,1626309122,,-85517809,0.3051
SG,PJ,2025,Op,Forecast,Feb,198830400,0.1223,-444671604,0.0373
SG,PJ,2025,Op,Forecast,Mar,100665333,0.5063,62722493,0.0189
SG,PJ,2025,Op,Forecast,Apr,464884125,4.6181,-495237515,0.0872
SG,PJ,2025,Op,Forecast,May,163348202,0.3514,-326846670,0.0306
SG,PJ,2025,Op,Forecast,Jun,301300452,1.8445,44845519,0.0565
SG,PJ,2025,Op,Forecast,Jul,-1343945,-0.0045,-711532,-0.0003
SG,PJ,2025,Op,Forecast,Aug,22117960,-16.4575,-48262945,0.0041
SG,PJ,2025,Op,Forecast,Sep,648123251,29.303,385306457,0.1216
SG,PJ,2025,Op,Forecast,Oct,541831397,0.836,371615990,0.1016
SG,PJ,2025,Op,Forecast,Nov,1029588040,1.9002,-89679113,0.1931
SG,PJ,2025,Op,Forecast,Dec,234967637,0.2282,-100708283,0.0441
TH,CDE,2024,Gross,Actual,Jan,757924375,,-1623795193,0.0889
TH,CDE,2024,Gross,Actual,Feb,910426677,1.2012,-491402396,0.1067
TH,CDE,2024,Gross,Actual,Mar,1920243180,2.1092,1409352168,0.2251
TH,CDE,2024,Gross,Actual,Apr,1014641863,0.5284,573672475,0.1189
TH,CDE,2024,Gross,Actual,May,269084565,0.2652,-425400403,0.0315
TH,CDE,2024,Gross,Actual,Jun,1456633972,5.4133,1412902031,0.1708
TH,CDE,2024,Gross,Actual,Jul,345473721,0.2372,-344495210,0.0405
TH,CDE,2024,Gross,Actual,Aug,755093574,2.1857,133376339,0.0885
TH,CDE,2024,Gross,Actual,Sep,140169816,0.1856,-685436385,0.0164
TH,CDE,2024,Gross,Actual,Oct,459990725,3.2817,-742884405,0.0539
TH,CDE,2024,Gross,Actual,Nov,238827337,0.5192,-139751869,0.028
TH,CDE,2024,Gross,Actual,Dec,261488592,1.0949,38464931,0.0307
TH,CDE,2024,Gross,Budget,Jan,2381719568,,0,0.253
TH,CDE,2024,Gross,Budget,Feb,1401829073,0.5886,0,0.1489
TH,CDE,2024,Gross,Budget,Mar,510891012,0.3644,0,0.0543
TH,CDE,2024,Gross,Budget,Apr,440969388,0.8631,0,0.0468
TH,CDE,2024,Gross,Budget,May,694484968,1.5749,0,0.0738
TH,CDE,2024,Gross,Budget,Jun,43731941,0.063,0,0.0046
TH,CDE,2024,Gross,Budget,Jul,689968931,15.7772,0,0.0733
TH,CDE,2024,Gross,Budget,Aug,621717235,0.9011,0,0.066
TH,CDE,2024,Gross,Budget,Sep,825606201,1.3279,0,0.0877
TH,CDE,2024,Gross,Budget,Oct,1202875130,1.457,0,0.1278
TH,CDE,2024,Gross,Budget,Nov,378579206,0.3147,0,0.0402
TH,CDE,2024,Gross,Budget,Dec,223023661,0.5891,0,0.0237
TH,CDE,2024,Gross,Forecast,Jan,1877912982,,-503806586,0.1908
TH,CDE,2024,Gross,Forecast,Feb,1581612042,0.8422,179782969,0.1607
TH,CDE,2024,Gross,Forecast,Mar,65794482,0.0416,-445096530,0.0067
TH,CDE,2024,Gross,Forecast,Apr,438221148,6.6605,-2748240,0.0445
TH,CDE,2024,Gross,Forecast,May,1393680975,3.1803,699196007,0.1416
TH,CDE,2024,Gross,Forecast,Jun,823569027,0.5909,779837086,0.0837
TH,CDE,2024,Gross,Forecast,Jul,855013130,1.0382,165044199,0.0869
TH,CDE,2024,Gross,Forecast,Aug,608608099,0.7118,-13109136,0.0618
TH,CDE,2024,Gross,Forecast,Sep,1139586638,1.8724,313980437,0.1158
TH,CDE,2024,Gross,Forecast,Oct,466458874,0.4093,-736416256,0.0474
TH,CDE,2024,Gross,Forecast,Nov,81599443,0.1749,-296979763,0.0083
TH,CDE,2024,Gross,Forecast,Dec,510767016,6.2594,287743355,0.0519
TH,CDE,2024,Net,Actual,Jan,2147787204,,1620478431,0.2066
TH,CDE,2024,Net,Actual,Feb,1145648395,0.5334,1047162260,0.1102
TH,CDE,2024,Net,Actual,Mar,156922469,0.137,74325593,0.0151
TH,CDE,2024,Net,Actual,Apr,1156489572,7.3698,402362651,0.1112
TH,CDE,2024,Net,Actual,May,1733372456,1.4988,74475945,0.1667
TH,CDE,2024,Net,Actual,Jun,1164004553,0.6715,127269912,0.1119
TH,CDE,2024,Net,Actual,Jul,494457988,0.4248,241154824,0.0476
TH,CDE,2024,Net,Actual,Aug,107392382,0.2172,-603464697,0.0103
TH,CDE,2024,Net,Actual,Sep,804144872,7.4879,242081453,0.0773
TH,CDE,2024,Net,Actual,Oct,712774238,0.8864,-361362574,0.0685
TH,CDE,2024,Net,Actual,Nov,299431120,0.4201,83435028,0.0288
TH,CDE,2024,Net,Actual,Dec,475722943,1.5888,378896761,0.0458
TH,CDE,2024,Net,Budget,Jan,527308773,,0,0.0746
TH,CDE,2024,Net,Budget,Feb,98486135,0.1868,0,0.0139
TH,CDE,2024,Net,Budget,Mar,82596876,0.8387,0,0.0117
TH,CDE,2024,Net,Budget,Apr,754126921,9.1302,0,0.1066
TH,CDE,2024,Net,Budget,May,1658896511,2.1998,0,0.2346
TH,CDE,2024,Net,Budget,Jun,1036734641,0.625,0,0.1466
TH,CDE,2024,Net,Budget,Jul,253303164,0.2443,0,0.0358
TH,CDE,2024,Net,Budget,Aug,710857079,2.8063,0,0.1005
TH,CDE,2024,Net,Budget,Sep,562063419,0.7907,0,0.0795
TH,CDE,2024,Net,Budget,Oct,1074136812,1.9111,0,0.1519
TH,CDE,2024,Net,Budget,Nov,215996092,0.2011,0,0.0305
TH,CDE,2024,Net,Budget,Dec,96826182,0.4483,0,0.0137
TH,CDE,2024,Net,Forecast,Jan,1662754202,,1135445429,0.2084
TH,CDE,2024,Net,Forecast,Feb,194312921,0.1169,95826786,0.0244
TH,CDE,2024,Net,Forecast,Mar,1491601298,7.6763,1409004422,0.187
TH,CDE,2024,Net,Forecast,Apr,203755033,0.1366,-550371888,0.0255
TH,CDE,2024,Net,Forecast,May,1693291003,8.3104,34394492,0.2122
TH,CDE,2024,Net,Forecast,Jun,52484194,0.031,-984250447,0.0066
TH,CDE,2024,Net,Forecast,Jul,493088642,9.395,239785478,0.0618
TH,CDE,2024,Net,Forecast,Aug,412757971,0.8371,-298099108,0.0517
TH,CDE,2024,Net,Forecast,Sep,267178326,0.6473,-294885093,0.0335
TH,CDE,2024,Net,Forecast,Oct,741294314,2.7745,-332842498,0.0929
TH,CDE,2024,Net,Forecast,Nov,222413240,0.3,6417148,0.0279
TH,CDE,2024,Net,Forecast,Dec,543368105,2.4431,446541923,0.0681
TH,CDE,2024,Op,Actual,Jan,1496191832,,-14249545,0.1561
TH,CDE,2024,Op,Actual,Feb,286744040,0.1916,-69019929,0.0299
TH,CDE,2024,Op,Actual,Mar,1676645637,5.8472,125692867,0.1749
TH,CDE,2024,Op,Actual,Apr,581731161,0.347,238415411,0.0607
TH,CDE,2024,Op,Actual,May,1281547030,2.203,-385070099,0.1337
TH,CDE,2024,Op,Actual,Jun,1247796241,0.9737,1117499820,0.1302
TH,CDE,2024,Op,Actual,Jul,642620113,0.515,-2951252,0.067
TH,CDE,2024,Op,Actual,Aug,857490967,1.3344,791334959,0.0894
TH,CDE,2024,Op,Actual,Sep,525886486,0.6133,-738311508,0.0549
TH,CDE,2024,Op,Actual,Oct,687332012,1.307,594789461,0.0717
TH,CDE,2024,Op,Actual,Nov,97813273,0.1423,23263566,0.0102
TH,CDE,2024,Op,Actual,Dec,205153394,2.0974,-244002745,0.0214
TH,CDE,2024,Op,Budget,Jan,1510441377,,0,0.1853
TH,CDE,2024,Op,Budget,Feb,355763969,0.2355,0,0.0437
TH,CDE,2024,Op,Budget,Mar,1550952770,4.3595,0,0.1903
TH,CDE,2024,Op,Budget,Apr,343315750,0.2214,0,0.0421
TH,CDE,2024,Op,Budget,May,1666617129,4.8545,0,0.2045
TH,CDE,2024,Op,Budget,Jun,130296421,0.0782,0,0.016
TH,CDE,2024,Op,Budget,Jul,645571365,4.9546,0,0.0792
TH,CDE,2024,Op,Budget,Aug,66156008,0.1025,0,0.0081
TH,CDE,2024,Op,Budget,Sep,1264197994,19.1093,0,0.1551
TH,CDE,2024,Op,Budget,Oct,92542551,0.0732,0,0.0114
TH,CDE,2024,Op,Budget,Nov,74549707,0.8056,0,0.0091
TH,CDE,2024,Op,Budget,Dec,449156139,6.0249,0,0.0551
TH,CDE,2024,Op,Forecast,Jan,1941257597,,430816220,0.2506
TH,CDE,2024,Op,Forecast,Feb,827626007,0.4263,471862038,0.1068
TH,CDE,2024,Op,Forecast,Mar,475368277,0.5744,-1075584493,0.0614
TH,CDE,2024,Op,Forecast,Apr,482434398,1.0149,139118648,0.0623
TH,CDE,2024,Op,Forecast,May,552715926,1.1457,-1113901203,0.0714
TH,CDE,2024,Op,Forecast,Jun,527055941,0.9536,396759520,0.068
TH,CDE,2024,Op,Forecast,Jul,817732647,1.5515,172161282,0.1056
TH,CDE,2024,Op,Forecast,Aug,269033099,0.329,202877091,0.0347
TH,CDE,2024,Op,Forecast,Sep,472727880,1.7571,-791470114,0.061
TH,CDE,2024,Op,Forecast,Oct,956766271,2.0239,864223720,0.1235
TH,CDE,2024,Op,Forecast,Nov,290718937,0.3039,216169230,0.0375
TH,CDE,2024,Op,Forecast,Dec,132256869,0.4549,-316899270,0.0171
TH,CDE,2025,Gross,Actual,Jan,648873438,,-654960891,0.0633
TH,CDE,2025,Gross,Actual,Feb,242001193,0.373,-925483006,0.0236
TH,CDE,2025,Gross,Actual,Mar,1806223744,7.4637,1490909710,0.1762
TH,CDE,2025,Gross,Actual,Apr,826396477,0.4575,-671365810,0.0806
TH,CDE,2025,Gross,Actual,May,1392835065,1.6854,165693005,0.1359
TH,CDE,2025,Gross,Actual,Jun,1160032642,0.8329,149652030,0.1132
TH,CDE,2025,Gross,Actual,Jul,328153066,0.2829,304303380,0.032
TH,CDE,2025,Gross,Actual,Aug,677508977,2.0646,-29392255,0.0661
TH,CDE,2025,Gross,Actual,Sep,1007767030,1.4875,604117008,0.0983
TH,CDE,2025,Gross,Actual,Oct,1749214547,1.7357,1117416292,0.1706
TH,CDE,2025,Gross,Actual,Nov,95245242,0.0545,-87323220,0.0093
TH,CDE,2025,Gross,Actual,Dec,316204107,3.3199,305615606,0.0308
TH,CDE,2025,Gross,Budget,Jan,1303834329,,0,0.1537
TH,CDE,2025,Gross,Budget,Feb,1167484199,0.8954,0,0.1377
TH,CDE,2025,Gross,Budget,Mar,315314034,0.2701,0,0.0372
TH,CDE,2025,Gross,Budget,Apr,1497762287,4.7501,0,0.1766
TH,CDE,2025,Gross,Budget,May,1227142060,0.8193,0,0.1447
TH,CDE,2025,Gross,Budget,Jun,1010380612,0.8234,0,0.1191
TH,CDE,2025,Gross,Budget,Jul,23849686,0.0236,0,0.0028
TH,CDE,2025,Gross,Budget,Aug,706901232,29.6399,0,0.0833
TH,CDE,2025,Gross,Budget,Sep,403650022,0.571,0,0.0476
TH,CDE,2025,Gross,Budget,Oct,631798255,1.5652,0,0.0745
TH,CDE,2025,Gross,Budget,Nov,182568462,0.289,0,0.0215
TH,CDE,2025,Gross,Budget,Dec,10588501,0.058,0,0.0012
TH,CDE,2025,Gross,Forecast,Jan,829033343,,-474800986,0.0841
TH,CDE,2025,Gross,Forecast,Feb,186653205,0.2251,-980830994,0.0189
TH,CDE,2025,Gross,Forecast,Mar,647714831,3.4702,332400797,0.0657
TH,CDE,2025,Gross,Forecast,Apr,499508387,0.7712,-998253900,0.0507
TH,CDE,2025,Gross,Forecast,May,1137474562,2.2772,-89667498,0.1154
TH,CDE,2025,Gross,Forecast,Jun,1688618699,1.4845,678238087,0.1713
TH,CDE,2025,Gross,Forecast,Jul,729639949,0.4321,705790263,0.074
TH,CDE,2025,Gross,Forecast,Aug,931674792,1.2769,224773560,0.0945
TH,CDE,2025,Gross,Forecast,Sep,903781046,0.9701,500131024,0.0917
TH,CDE,2025,Gross,Forecast,Oct,1143009642,1.2647,511211387,0.1159
TH,CDE,2025,Gross,Forecast,Nov,403491108,0.353,220922646,0.0409
TH,CDE,2025,Gross,Forecast,Dec,758834281,1.8807,748245780,0.077
TH,CDE,2025,Net,Actual,Jan,100450265,,-796659004,0.0131
TH,CDE,2025,Net,Actual,Feb,756003493,7.5261,-686680890,0.0988
TH,CDE,2025,Net,Actual,Mar,1729193854,2.2873,834671930,0.2261
TH,CDE,2025,Net,Actual,Apr,1502649502,0.869,1181525017,0.1965
TH,CDE,2025,Net,Actual,May,570658393,0.3798,-1021104727,0.0746
TH,CDE,2025,Net,Actual,Jun,521458524,0.9138,-124150845,0.0682
TH,CDE,2025,Net,Actual,Jul,336742667,0.6458,296938964,0.044
TH,CDE,2025,Net,Actual,Aug,763267225,2.2666,658056214,0.0998
TH,CDE,2025,Net,Actual,Sep,859034907,1.1255,540339737,0.1123
TH,CDE,2025,Net,Actual,Oct,146655392,0.1707,-1119359506,0.0192
TH,CDE,2025,Net,Actual,Nov,312936159,2.1338,33618540,0.0409
TH,CDE,2025,Net,Actual,Dec,49395280,0.1578,-453257737,0.0065
TH,CDE,2025,Net,Budget,Jan,897109269,,0,0.108
TH,CDE,2025,Net,Budget,Feb,1442684383,1.6081,0,0.1737
TH,CDE,2025,Net,Budget,Mar,894521924,0.62,0,0.1077
TH,CDE,2025,Net,Budget,Apr,321124485,0.359,0,0.0387
TH,CDE,2025,Net,Budget,May,1591763120,4.9568,0,0.1917
TH,CDE,2025,Net,Budget,Jun,645609369,0.4056,0,0.0777
TH,CDE,2025,Net,Budget,Jul,39803703,0.0617,0,0.0048
TH,CDE,2025,Net,Budget,Aug,105211011,2.6432,0,0.0127
TH,CDE,2025,Net,Budget,Sep,318695170,3.0291,0,0.0384
TH,CDE,2025,Net,Budget,Oct,1266014898,3.9725,0,0.1524
TH,CDE,2025,Net,Budget,Nov,279317619,0.2206,0,0.0336
TH,CDE,2025,Net,Budget,Dec,502653017,1.7996,0,0.0605
TH,CDE,2025,Net,Forecast,Jan,1385828639,,488719370,0.1626
TH,CDE,2025,Net,Forecast,Feb,1071010877,0.7728,-371673506,0.1257
TH,CDE,2025,Net,Forecast,Mar,325770339,0.3042,-568751585,0.0382
TH,CDE,2025,Net,Forecast,Apr,101888430,0.3128,-219236055,0.012
TH,CDE,2025,Net,Forecast,May,514224351,5.0469,-1077538769,0.0603
TH,CDE,2025,Net,Forecast,Jun,1379431013,2.6825,733821644,0.1619
TH,CDE,2025,Net,Forecast,Jul,635821157,0.4609,596017454,0.0746
TH,CDE,2025,Net,Forecast,Aug,240882839,0.3789,135671828,0.0283
TH,CDE,2025,Net,Forecast,Sep,1019741099,4.2333,701045929,0.1197
TH,CDE,2025,Net,Forecast,Oct,1315349609,1.2899,49334711,0.1544
TH,CDE,2025,Net,Forecast,Nov,145192771,0.1104,-134124848,0.017
TH,CDE,2025,Net,Forecast,Dec,385604389,2.6558,-117048628,0.0453
TH,CDE,2025,Op,Actual,Jan,887734137,,-858848835,0.1288
TH,CDE,2025,Op,Actual,Feb,579418283,0.6527,554757948,0.0841
TH,CDE,2025,Op,Actual,Mar,86525569,0.1493,-1145047023,0.0126
TH,CDE,2025,Op,Actual,Apr,1493649312,17.2625,386740968,0.2168
TH,CDE,2025,Op,Actual,May,1051093480,0.7037,116811473,0.1525
TH,CDE,2025,Op,Actual,Jun,1049226046,0.9982,1012584847,0.1523
TH,CDE,2025,Op,Actual,Jul,251135452,0.2394,-552764748,0.0364
TH,CDE,2025,Op,Actual,Aug,604754330,2.4081,372208226,0.0878
TH,CDE,2025,Op,Actual,Sep,697879016,1.154,533429073,0.1013
TH,CDE,2025,Op,Actual,Oct,69000717,0.0989,-1321497823,0.01
TH,CDE,2025,Op,Actual,Nov,82164493,1.1908,-90916011,0.0119
TH,CDE,2025,Op,Actual,Dec,38023660,0.4628,-306191110,0.0055
TH,CDE,2025,Op,Budget,Jan,1746582972,,0,0.2133
TH,CDE,2025,Op,Budget,Feb,24660335,0.0141,0,0.003
TH,CDE,2025,Op,Budget,Mar,1231572592,49.9414,0,0.1504
TH,CDE,2025,Op,Budget,Apr,1106908344,0.8988,0,0.1352
TH,CDE,2025,Op,Budget,May,934282007,0.844,0,0.1141
TH,CDE,2025,Op,Budget,Jun,36641199,0.0392,0,0.0045
TH,CDE,2025,Op,Budget,Jul,803900200,21.9398,0,0.0982
TH,CDE,2025,Op,Budget,Aug,232546104,0.2893,0,0.0284
TH,CDE,2025,Op,Budget,Sep,164449943,0.7072,0,0.0201
TH,CDE,2025,Op,Budget,Oct,1390498540,8.4555,0,0.1698
TH,CDE,2025,Op,Budget,Nov,173080504,0.1245,0,0.0211
TH,CDE,2025,Op,Budget,Dec,344214770,1.9888,0,0.042
TH,CDE,2025,Op,Forecast,Jan,935621317,,-810961655,0.1531
TH,CDE,2025,Op,Forecast,Feb,208861932,0.2232,184201597,0.0342
TH,CDE,2025,Op,Forecast,Mar,710850408,3.4034,-520722184,0.1163
TH,CDE,2025,Op,Forecast,Apr,245480625,0.3453,-861427719,0.0402
TH,CDE,2025,Op,Forecast,May,989545131,4.0311,55263124,0.162
TH,CDE,2025,Op,Forecast,Jun,1021489497,1.0323,984848298,0.1672
TH,CDE,2025,Op,Forecast,Jul,582197598,0.5699,-221702602,0.0953
TH,CDE,2025,Op,Forecast,Aug,69043257,0.1186,-163502847,0.0113
TH,CDE,2025,Op,Forecast,Sep,154576563,2.2388,-9873380,0.0253
TH,CDE,2025,Op,Forecast,Oct,1016620098,6.5768,-373878442,0.1664
TH,CDE,2025,Op,Forecast,Nov,52065922,0.0512,-121014582,0.0085
TH,CDE,2025,Op,Forecast,Dec,123758406,2.377,-220456364,0.0203
TH,PJ,2024,Gross,Actual,Jan,1137497863,,878638516,0.1406
TH,PJ,2024,Gross,Actual,Feb,1373245527,1.2073,640858768,0.1697
TH,PJ,2024,Gross,Actual,Mar,280633957,0.2044,-989639812,0.0347
TH,PJ,2024,Gross,Actual,Apr,719405586,2.5635,-406107131,0.0889
TH,PJ,2024,Gross,Actual,May,632603973,0.8793,-847710293,0.0782
TH,PJ,2024,Gross,Actual,Jun,404859001,0.64,-1348821336,0.05
TH,PJ,2024,Gross,Actual,Jul,676381973,1.6707,-64160551,0.0836
TH,PJ,2024,Gross,Actual,Aug,188121740,0.2781,-442560224,0.0233
TH,PJ,2024,Gross,Actual,Sep,955064703,5.0768,347342529,0.118
TH,PJ,2024,Gross,Actual,Oct,431243496,0.4515,-1163349174,0.0533
TH,PJ,2024,Gross,Actual,Nov,412569209,0.9567,394083436,0.051
TH,PJ,2024,Gross,Actual,Dec,879552460,2.1319,776492511,0.1087
TH,PJ,2024,Gross,Budget,Jan,258859347,,0,0.0251
TH,PJ,2024,Gross,Budget,Feb,732386759,2.8293,0,0.071
TH,PJ,2024,Gross,Budget,Mar,1270273769,1.7344,0,0.1231
TH,PJ,2024,Gross,Budget,Apr,1125512717,0.886,0,0.1091
TH,PJ,2024,Gross,Budget,May,1480314266,1.3152,0,0.1435
TH,PJ,2024,Gross,Budget,Jun,1753680337,1.1847,0,0.17
TH,PJ,2024,Gross,Budget,Jul,740542524,0.4223,0,0.0718
TH,PJ,2024,Gross,Budget,Aug,630681964,0.8516,0,0.0611
TH,PJ,2024,Gross,Budget,Sep,607722174,0.9636,0,0.0589
TH,PJ,2024,Gross,Budget,Oct,1594592670,2.6239,0,0.1546
TH,PJ,2024,Gross,Budget,Nov,18485773,0.0116,0,0.0018
TH,PJ,2024,Gross,Budget,Dec,103059949,5.5751,0,0.01
TH,PJ,2024,Gross,Forecast,Jan,855196236,,596336889,0.1271
TH,PJ,2024,Gross,Forecast,Feb,414322772,0.4845,-318063987,0.0616
TH,PJ,2024,Gross,Forecast,Mar,977907960,2.3603,-292365809,0.1453
TH,PJ,2024,Gross,Forecast,Apr,692161125,0.7078,-433351592,0.1028
TH,PJ,2024,Gross,Forecast,May,398379629,0.5756,-1081934637,0.0592
TH,PJ,2024,Gross,Forecast,Jun,1127807822,2.831,-625872515,0.1676
TH,PJ,2024,Gross,Forecast,Jul,140087582,0.1242,-600454942,0.0208
TH,PJ,2024,Gross,Forecast,Aug,550148023,3.9272,-80533941,0.0817
TH,PJ,2024,Gross,Forecast,Sep,218518650,0.3972,-389203524,0.0325
TH,PJ,2024,Gross,Forecast,Oct,918438596,4.203,-676154074,0.1365
TH,PJ,2024,Gross,Forecast,Nov,274242217,0.2986,255756444,0.0407
TH,PJ,2024,Gross,Forecast,Dec,163455100,0.596,60395151,0.0243
TH,PJ,2024,Net,Actual,Jan,1139254813,,308180136,0.1403
TH,PJ,2024,Net,Actual,Feb,1583751063,1.3902,593093473,0.195
TH,PJ,2024,Net,Actual,Mar,649838991,0.4103,57309514,0.08
TH,PJ,2024,Net,Actual,Apr,1362260512,2.0963,-24483158,0.1678
TH,PJ,2024,Net,Actual,May,120624306,0.0885,-1222235113,0.0149
TH,PJ,2024,Net,Actual,Jun,535833518,4.4422,304134814,0.066
TH,PJ,2024,Net,Actual,Jul,230664257,0.4305,-519410655,0.0284
TH,PJ,2024,Net,Actual,Aug,504941658,2.1891,120079887,0.0622
TH,PJ,2024,Net,Actual,Sep,1079824968,2.1385,877128516,0.133
TH,PJ,2024,Net,Actual,Oct,612293437,0.567,-755540411,0.0754
TH,PJ,2024,Net,Actual,Nov,75597145,0.1235,-210209856,0.0093
TH,PJ,2024,Net,Actual,Dec,224983925,2.9761,-360929685,0.0277
TH,PJ,2024,Net,Budget,Jan,831074677,,0,0.0928
TH,PJ,2024,Net,Budget,Feb,990657590,1.192,0,0.1107
TH,PJ,2024,Net,Budget,Mar,592529477,0.5981,0,0.0662
TH,PJ,2024,Net,Budget,Apr,1386743670,2.3404,0,0.1549
TH,PJ,2024,Net,Budget,May,1342859419,0.9684,0,0.15
TH,PJ,2024,Net,Budget,Jun,231698704,0.1725,0,0.0259
TH,PJ,2024,Net,Budget,Jul,750074912,3.2373,0,0.0838
TH,PJ,2024,Net,Budget,Aug,384861771,0.5131,0,0.043
TH,PJ,2024,Net,Budget,Sep,202696452,0.5267,0,0.0226
TH,PJ,2024,Net,Budget,Oct,1367833848,6.7482,0,0.1528
TH,PJ,2024,Net,Budget,Nov,285807001,0.2089,0,0.0319
TH,PJ,2024,Net,Budget,Dec,585913610,2.05,0,0.0654
TH,PJ,2024,Net,Forecast,Jan,2103757496,,1272682819,0.2433
TH,PJ,2024,Net,Forecast,Feb,655934533,0.3118,-334723057,0.0759
TH,PJ,2024,Net,Forecast,Mar,174307232,0.2657,-418222245,0.0202
TH,PJ,2024,Net,Forecast,Apr,1625252542,9.3241,238508872,0.188
TH,PJ,2024,Net,Forecast,May,146584794,0.0902,-1196274625,0.017
TH,PJ,2024,Net,Forecast,Jun,758363336,5.1735,526664632,0.0877
TH,PJ,2024,Net,Forecast,Jul,46471445,0.0613,-703603467,0.0054
TH,PJ,2024,Net,Forecast,Aug,655521816,14.1059,270660045,0.0758
TH,PJ,2024,Net,Forecast,Sep,1086536586,1.6575,883840134,0.1257
TH,PJ,2024,Net,Forecast,Oct,538204104,0.4953,-829629744,0.0622
TH,PJ,2024,Net,Forecast,Nov,396583588,0.7369,110776587,0.0459
TH,PJ,2024,Net,Forecast,Dec,458595920,1.1564,-127317690,0.053
TH,PJ,2024,Op,Actual,Jan,1823978038,,1584020592,0.1947
TH,PJ,2024,Op,Actual,Feb,1514983248,0.8306,-36819451,0.1617
TH,PJ,2024,Op,Actual,Mar,642621163,0.4242,-642117547,0.0686
TH,PJ,2024,Op,Actual,Apr,1030081532,1.6029,-7918006,0.1099
TH,PJ,2024,Op,Actual,May,55397767,0.0538,-1372043497,0.0059
TH,PJ,2024,Op,Actual,Jun,1510869451,27.2731,1355457072,0.1613
TH,PJ,2024,Op,Actual,Jul,314798130,0.2084,-450824266,0.0336
TH,PJ,2024,Op,Actual,Aug,63919521,0.203,-387731155,0.0068
TH,PJ,2024,Op,Actual,Sep,763510670,11.9449,163369092,0.0815
TH,PJ,2024,Op,Actual,Oct,1173340669,1.5368,-337514448,0.1252
TH,PJ,2024,Op,Actual,Nov,109042119,0.0929,-294563831,0.0116
TH,PJ,2024,Op,Actual,Dec,366740877,3.3633,91858495,0.0391
TH,PJ,2024,Op,Budget,Jan,239957446,,0,0.0247
TH,PJ,2024,Op,Budget,Feb,1551802699,6.467,0,0.1599
TH,PJ,2024,Op,Budget,Mar,1284738710,0.8279,0,0.1324
TH,PJ,2024,Op,Budget,Apr,1037999538,0.8079,0,0.107
TH,PJ,2024,Op,Budget,May,1427441264,1.3752,0,0.1471
TH,PJ,2024,Op,Budget,Jun,155412379,0.1089,0,0.016
TH,PJ,2024,Op,Budget,Jul,765622396,4.9264,0,0.0789
TH,PJ,2024,Op,Budget,Aug,451650676,0.5899,0,0.0465
TH,PJ,2024,Op,Budget,Sep,600141578,1.3288,0,0.0618
TH,PJ,2024,Op,Budget,Oct,1510855117,2.5175,0,0.1557
TH,PJ,2024,Op,Budget,Nov,403605950,0.2671,0,0.0416
TH,PJ,2024,Op,Budget,Dec,274882382,0.6811,0,0.0283
TH,PJ,2024,Op,Forecast,Jan,643667283,,403709837,0.0736
TH,PJ,2024,Op,Forecast,Feb,1487168259,2.3105,-64634440,0.1701
TH,PJ,2024,Op,Forecast,Mar,1359094361,0.9139,74355651,0.1554
TH,PJ,2024,Op,Forecast,Apr,1102656842,0.8113,64657304,0.1261
TH,PJ,2024,Op,Forecast,May,228497101,0.2072,-1198944163,0.0261
TH,PJ,2024,Op,Forecast,Jun,1625023769,7.1118,1469611390,0.1858
TH,PJ,2024,Op,Forecast,Jul,824949909,0.5077,59327513,0.0943
TH,PJ,2024,Op,Forecast,Aug,564532297,0.6843,112881621,0.0646
TH,PJ,2024,Op,Forecast,Sep,148933894,0.2638,-451207684,0.017
TH,PJ,2024,Op,Forecast,Oct,465209768,3.1236,-1045645349,0.0532
TH,PJ,2024,Op,Forecast,Nov,34678937,0.0745,-368927013,0.004
TH,PJ,2024,Op,Forecast,Dec,259328994,7.478,-15553388,0.0297
TH,PJ,2025,Gross,Actual,Jan,1595190000,,936504719,0.1309
TH,PJ,2025,Gross,Actual,Feb,1153770000,0.7233,790965326,0.0947
TH,PJ,2025,Gross,Actual,Mar,1305660000,1.1316,991925566,0.1072
TH,PJ,2025,Gross,Actual,Apr,1162680000,0.8905,-26707790,0.0954
TH,PJ,2025,Gross,Actual,May,1253670000,1.0783,215931908,0.1029
TH,PJ,2025,Gross,Actual,Jun,1231986100,0.9827,601993262,0.1011
TH,PJ,2025,Gross,Actual,Jul,597780000,0.4852,-100970071,0.0491
TH,PJ,2025,Gross,Actual,Aug,642140000,1.0742,291614880,0.0527
TH,PJ,2025,Gross,Actual,Sep,1017162900,1.584,-16115734,0.0835
TH,PJ,2025,Gross,Actual,Oct,1293771000,1.2719,818220088,0.1062
TH,PJ,2025,Gross,Actual,Nov,318103000,0.2459,103889899,0.0261
TH,PJ,2025,Gross,Actual,Dec,611409500,1.922,427141756,0.0502
TH,PJ,2025,Gross,Budget,Jan,658685281,,0,0.0921
TH,PJ,2025,Gross,Budget,Feb,362804674,0.5508,0,0.0507
TH,PJ,2025,Gross,Budget,Mar,313734434,0.8647,0,0.0439
TH,PJ,2025,Gross,Budget,Apr,1189387790,3.7911,0,0.1664
TH,PJ,2025,Gross,Budget,May,1037738092,0.8725,0,0.1452
TH,PJ,2025,Gross,Budget,Jun,629992838,0.6071,0,0.0881
TH,PJ,2025,Gross,Budget,Jul,698750071,1.1091,0,0.0977
TH,PJ,2025,Gross,Budget,Aug,350525120,0.5016,0,0.049
TH,PJ,2025,Gross,Budget,Sep,1033278634,2.9478,0,0.1445
TH,PJ,2025,Gross,Budget,Oct,475550912,0.4602,0,0.0665
TH,PJ,2025,Gross,Budget,Nov,214213101,0.4505,0,0.03
TH,PJ,2025,Gross,Budget,Dec,184267744,0.8602,0,0.0258
TH,PJ,2025,Gross,Forecast,Jan,833501637,,174816356,0.0922
TH,PJ,2025,Gross,Forecast,Feb,422772072,0.5072,59967398,0.0468
TH,PJ,2025,Gross,Forecast,Mar,1642875865,3.886,1329141431,0.1818
TH,PJ,2025,Gross,Forecast,Apr,640498073,0.3899,-548889717,0.0709
TH,PJ,2025,Gross,Forecast,May,1489355171,2.3253,451617079,0.1648
TH,PJ,2025,Gross,Forecast,Jun,674066855,0.4526,44074017,0.0746
TH,PJ,2025,Gross,Forecast,Jul,781075833,1.1588,82325762,0.0864
TH,PJ,2025,Gross,Forecast,Aug,668568658,0.856,318043538,0.074
TH,PJ,2025,Gross,Forecast,Sep,1011826455,1.5134,-21452179,0.112
TH,PJ,2025,Gross,Forecast,Oct,349507814,0.3454,-126043098,0.0387
TH,PJ,2025,Gross,Forecast,Nov,252410639,0.7222,38197538,0.0279
TH,PJ,2025,Gross,Forecast,Dec,270833540,1.073,86565796,0.03
TH,PJ,2025,Net,Actual,Jan,1505050000,,374593282,0.1353
TH,PJ,2025,Net,Actual,Feb,1089160000,0.7237,551514659,0.0979
TH,PJ,2025,Net,Actual,Mar,1209420000,1.1104,876519917,0.1087
TH,PJ,2025,Net,Actual,Apr,1097570000,0.9075,698519262,0.0987
TH,PJ,2025,Net,Actual,May,1183460000,1.0783,305648466,0.1064
TH,PJ,2025,Net,Actual,Jun,1093802000,0.9242,-345092238,0.0983
TH,PJ,2025,Net,Actual,Jul,564900000,0.5165,454876562,0.0508
TH,PJ,2025,Net,Actual,Aug,606820000,1.0742,-38796485,0.0546
TH,PJ,2025,Net,Actual,Sep,875353000,1.4425,243351158,0.0787
TH,PJ,2025,Net,Actual,Oct,1222613500,1.3967,512993950,0.1099
TH,PJ,2025,Net,Actual,Nov,283754700,0.2321,-97851623,0.0255
TH,PJ,2025,Net,Actual,Dec,391531900,1.3798,204992562,0.0352
TH,PJ,2025,Net,Budget,Jan,1130456718,,0,0.1531
TH,PJ,2025,Net,Budget,Feb,537645341,0.4756,0,0.0728
TH,PJ,2025,Net,Budget,Mar,332900083,0.6192,0,0.0451
TH,PJ,2025,Net,Budget,Apr,399050738,1.1987,0,0.0541
TH,PJ,2025,Net,Budget,May,877811534,2.1997,0,0.1189
TH,PJ,2025,Net,Budget,Jun,1438894238,1.6392,0,0.1949
TH,PJ,2025,Net,Budget,Jul,110023438,0.0765,0,0.0149
TH,PJ,2025,Net,Budget,Aug,645616485,5.868,0,0.0875
TH,PJ,2025,Net,Budget,Sep,632001842,0.9789,0,0.0856
TH,PJ,2025,Net,Budget,Oct,709619550,1.1228,0,0.0961
TH,PJ,2025,Net,Budget,Nov,381606323,0.5378,0,0.0517
TH,PJ,2025,Net,Budget,Dec,186539338,0.4888,0,0.0253
TH,PJ,2025,Net,Forecast,Jan,823557955,,-306898763,0.0943
TH,PJ,2025,Net,Forecast,Feb,1469832540,1.7847,932187199,0.1683
TH,PJ,2025,Net,Forecast,Mar,229107703,0.1559,-103792380,0.0262
TH,PJ,2025,Net,Forecast,Apr,688646704,3.0058,289595966,0.0788
TH,PJ,2025,Net,Forecast,May,1647956144,2.393,770144610,0.1886
TH,PJ,2025,Net,Forecast,Jun,159095612,0.0965,-1279798626,0.0182
TH,PJ,2025,Net,Forecast,Jul,134021910,0.8424,23998472,0.0153
TH,PJ,2025,Net,Forecast,Aug,550644315,4.1086,-94972170,0.063
TH,PJ,2025,Net,Forecast,Sep,1182752562,2.1479,550750720,0.1354
TH,PJ,2025,Net,Forecast,Oct,1741322545,1.4723,1031702995,0.1993
TH,PJ,2025,Net,Forecast,Nov,105605433,0.0606,-276000890,0.0121
TH,PJ,2025,Net,Forecast,Dec,3116082,0.0295,-183423256,0.0004
TH,PJ,2025,Op,Actual,Jan,1505050000,,-341334602,0.1353
TH,PJ,2025,Op,Actual,Feb,1089160000,0.7237,-170587798,0.0979
TH,PJ,2025,Op,Actual,Mar,1209420000,1.1104,613524726,0.1087
TH,PJ,2025,Op,Actual,Apr,1097570000,0.9075,23574535,0.0987
TH,PJ,2025,Op,Actual,May,1183460000,1.0783,353553543,0.1064
TH,PJ,2025,Op,Actual,Jun,1093802000,0.9242,882309592,0.0983
TH,PJ,2025,Op,Actual,Jul,564900000,0.5165,478856478,0.0508
TH,PJ,2025,Op,Actual,Aug,606820000,1.0742,86319011,0.0546
TH,PJ,2025,Op,Actual,Sep,875353000,1.4425,117419917,0.0787
TH,PJ,2025,Op,Actual,Oct,1222613500,1.3967,-92529395,0.1099
TH,PJ,2025,Op,Actual,Nov,283754700,0.2321,-57341143,0.0255
TH,PJ,2025,Op,Actual,Dec,391531900,1.3798,294741854,0.0352
TH,PJ,2025,Op,Budget,Jan,1846384602,,0,0.2066
TH,PJ,2025,Op,Budget,Feb,1259747798,0.6823,0,0.141
TH,PJ,2025,Op,Budget,Mar,595895274,0.473,0,0.0667
TH,PJ,2025,Op,Budget,Apr,1073995465,1.8023,0,0.1202
TH,PJ,2025,Op,Budget,May,829906457,0.7727,0,0.0929
TH,PJ,2025,Op,Budget,Jun,211492408,0.2548,0,0.0237
TH,PJ,2025,Op,Budget,Jul,86043522,0.4068,0,0.0096
TH,PJ,2025,Op,Budget,Aug,520500989,6.0493,0,0.0583
TH,PJ,2025,Op,Budget,Sep,757933083,1.4562,0,0.0848
TH,PJ,2025,Op,Budget,Oct,1315142895,1.7352,0,0.1472
TH,PJ,2025,Op,Budget,Nov,341095843,0.2594,0,0.0382
TH,PJ,2025,Op,Budget,Dec,96790046,0.2838,0,0.0108
TH,PJ,2025,Op,Forecast,Jan,1994548677,,148164075,0.2804
TH,PJ,2025,Op,Forecast,Feb,1418059471,0.711,158311673,0.1994
TH,PJ,2025,Op,Forecast,Mar,68838902,0.0485,-527056372,0.0097
TH,PJ,2025,Op,Forecast,Apr,988767746,14.3635,-85227719,0.139
TH,PJ,2025,Op,Forecast,May,634355025,0.6416,-195551432,0.0892
TH,PJ,2025,Op,Forecast,Jun,479161592,0.7554,267669184,0.0674
TH,PJ,2025,Op,Forecast,Jul,26497770,0.0553,-59545752,0.0037
TH,PJ,2025,Op,Forecast,Aug,58575145,2.2106,-461925844,0.0082
TH,PJ,2025,Op,Forecast,Sep,83129549,1.4192,-674803534,0.0117
TH,PJ,2025,Op,Forecast,Oct,938624718,11.2911,-376518177,0.132
TH,PJ,2025,Op,Forecast,Nov,153151381,0.1632,-187944462,0.0215
TH,PJ,2025,Op,Forecast,Dec,269606478,1.7604,172816432,0.0379
TR,CDE,2024,Gross,Actual,Jan,11607454283,,1593183375,0.3148
TR,CDE,2024,Gross,Actual,Feb,3584098061,0.3088,2561463546,0.0972
TR,CDE,2024,Gross,Actual,Mar,373789791,0.1043,-1403153758,0.0101
TR,CDE,2024,Gross,Actual,Apr,4631457335,12.3905,4268627714,0.1256
TR,CDE,2024,Gross,Actual,May,2006796737,0.4333,-1906593188,0.0544
TR,CDE,2024,Gross,Actual,Jun,724027430,0.3608,-254750112,0.0196
TR,CDE,2024,Gross,Actual,Jul,1609018512,2.2223,-1569033532,0.0436
TR,CDE,2024,Gross,Actual,Aug,1586004866,0.9857,-3911922838,0.043
TR,CDE,2024,Gross,Actual,Sep,1079958092,0.6809,-1399641527,0.0293
TR,CDE,2024,Gross,Actual,Oct,711785538,0.6591,-983397096,0.0193
TR,CDE,2024,Gross,Actual,Nov,8862950125,12.4517,-973776632,0.2403
TR,CDE,2024,Gross,Actual,Dec,98728996,0.0111,-305488760,0.0027
TR,CDE,2024,Gross,Budget,Jan,10014270908,,0,0.2433
TR,CDE,2024,Gross,Budget,Feb,1022634515,0.1021,0,0.0248
TR,CDE,2024,Gross,Budget,Mar,1776943549,1.7376,0,0.0432
TR,CDE,2024,Gross,Budget,Apr,362829621,0.2042,0,0.0088
TR,CDE,2024,Gross,Budget,May,3913389925,10.7858,0,0.0951
TR,CDE,2024,Gross,Budget,Jun,978777542,0.2501,0,0.0238
TR,CDE,2024,Gross,Budget,Jul,3178052044,3.247,0,0.0772
TR,CDE,2024,Gross,Budget,Aug,5497927704,1.73,0,0.1336
TR,CDE,2024,Gross,Budget,Sep,2479599619,0.451,0,0.0602
TR,CDE,2024,Gross,Budget,Oct,1695182634,0.6837,0,0.0412
TR,CDE,2024,Gross,Budget,Nov,9836726757,5.8028,0,0.239
TR,CDE,2024,Gross,Budget,Dec,404217756,0.0411,0,0.0098
TR,CDE,2024,Gross,Forecast,Jan,6273108240,,-3741162668,0.1817
TR,CDE,2024,Gross,Forecast,Feb,1622145055,0.2586,599510540,0.047
TR,CDE,2024,Gross,Forecast,Mar,2297786458,1.4165,520842909,0.0666
TR,CDE,2024,Gross,Forecast,Apr,4695576669,2.0435,4332747048,0.136
TR,CDE,2024,Gross,Forecast,May,2983501870,0.6354,-929888055,0.0864
TR,CDE,2024,Gross,Forecast,Jun,1641606686,0.5502,662829144,0.0475
TR,CDE,2024,Gross,Forecast,Jul,2343972995,1.4279,-834079049,0.0679
TR,CDE,2024,Gross,Forecast,Aug,2659853287,1.1348,-2838074417,0.077
TR,CDE,2024,Gross,Forecast,Sep,173381358,0.0652,-2306218261,0.005
TR,CDE,2024,Gross,Forecast,Oct,227049386,1.3095,-1468133248,0.0066
TR,CDE,2024,Gross,Forecast,Nov,9501173360,41.8463,-335553397,0.2752
TR,CDE,2024,Gross,Forecast,Dec,104810058,0.011,-299407698,0.003
TR,CDE,2024,Net,Actual,Jan,10620412610,,9764107804,0.3317
TR,CDE,2024,Net,Actual,Feb,4660742530,0.4388,542255867,0.1455
TR,CDE,2024,Net,Actual,Mar,3069542726,0.6586,1331338778,0.0959
TR,CDE,2024,Net,Actual,Apr,2015327736,0.6566,2005290325,0.0629
TR,CDE,2024,Net,Actual,May,140733414,0.0698,-1115124789,0.0044
TR,CDE,2024,Net,Actual,Jun,1244745840,8.8447,-37933136,0.0389
TR,CDE,2024,Net,Actual,Jul,2714989566,2.1812,-435482040,0.0848
TR,CDE,2024,Net,Actual,Aug,1888050607,0.6954,-1342895386,0.059
TR,CDE,2024,Net,Actual,Sep,2189824946,1.1598,1857346705,0.0684
TR,CDE,2024,Net,Actual,Oct,418174635,0.191,-492440905,0.0131
TR,CDE,2024,Net,Actual,Nov,2873896552,6.8725,-2256057589,0.0897
TR,CDE,2024,Net,Actual,Dec,186317764,0.0648,-288404356,0.0058
TR,CDE,2024,Net,Budget,Jan,856304806,,0,0.0381
TR,CDE,2024,Net,Budget,Feb,4118486663,4.8096,0,0.1831
TR,CDE,2024,Net,Budget,Mar,1738203948,0.422,0,0.0773
TR,CDE,2024,Net,Budget,Apr,10037411,0.0058,0,0.0004
TR,CDE,2024,Net,Budget,May,1255858203,125.1177,0,0.0558
TR,CDE,2024,Net,Budget,Jun,1282678976,1.0214,0,0.057
TR,CDE,2024,Net,Budget,Jul,3150471606,2.4562,0,0.1401
TR,CDE,2024,Net,Budget,Aug,3230945993,1.0255,0,0.1437
TR,CDE,2024,Net,Budget,Sep,332478241,0.1029,0,0.0148
TR,CDE,2024,Net,Budget,Oct,910615540,2.7389,0,0.0405
TR,CDE,2024,Net,Budget,Nov,5129954141,5.6335,0,0.2281
TR,CDE,2024,Net,Budget,Dec,474722120,0.0925,0,0.0211
TR,CDE,2024,Net,Forecast,Jan,9266812554,,8410507748,0.2444
TR,CDE,2024,Net,Forecast,Feb,2304884008,0.2487,-1813602655,0.0608
TR,CDE,2024,Net,Forecast,Mar,571915219,0.2481,-1166288729,0.0151
TR,CDE,2024,Net,Forecast,Apr,1765801299,3.0875,1755763888,0.0466
TR,CDE,2024,Net,Forecast,May,3319385275,1.8798,2063527072,0.0875
TR,CDE,2024,Net,Forecast,Jun,3358264850,1.0117,2075585874,0.0886
TR,CDE,2024,Net,Forecast,Jul,3547290717,1.0563,396819111,0.0935
TR,CDE,2024,Net,Forecast,Aug,1761426804,0.4966,-1469519189,0.0464
TR,CDE,2024,Net,Forecast,Sep,2339893617,1.3284,2007415376,0.0617
TR,CDE,2024,Net,Forecast,Oct,3549696621,1.517,2639081081,0.0936
TR,CDE,2024,Net,Forecast,Nov,5826859073,1.6415,696904932,0.1536
TR,CDE,2024,Net,Forecast,Dec,311792402,0.0535,-162929718,0.0082
TR,CDE,2024,Op,Actual,Jan,1859718628,,-8006043635,0.0764
TR,CDE,2024,Op,Actual,Feb,2645683972,1.4226,1826930636,0.1086
TR,CDE,2024,Op,Actual,Mar,2303947750,0.8708,1361788252,0.0946
TR,CDE,2024,Op,Actual,Apr,2226364362,0.9663,-867678113,0.0914
TR,CDE,2024,Op,Actual,May,4053422002,1.8206,2383961104,0.1664
TR,CDE,2024,Op,Actual,Jun,2287570491,0.5644,1477885120,0.0939
TR,CDE,2024,Op,Actual,Jul,2987563038,1.306,2754159643,0.1227
TR,CDE,2024,Op,Actual,Aug,1380715352,0.4622,-144054270,0.0567
TR,CDE,2024,Op,Actual,Sep,1607788377,1.1645,-490308695,0.066
TR,CDE,2024,Op,Actual,Oct,14335935,0.0089,-1728333628,0.0006
TR,CDE,2024,Op,Actual,Nov,2363896433,164.8931,-3235706416,0.0971
TR,CDE,2024,Op,Actual,Dec,621328848,0.2628,-211114065,0.0255
TR,CDE,2024,Op,Budget,Jan,9865762263,,0,0.3375
TR,CDE,2024,Op,Budget,Feb,818753336,0.083,0,0.028
TR,CDE,2024,Op,Budget,Mar,942159498,1.1507,0,0.0322
TR,CDE,2024,Op,Budget,Apr,3094042475,3.284,0,0.1058
TR,CDE,2024,Op,Budget,May,1669460898,0.5396,0,0.0571
TR,CDE,2024,Op,Budget,Jun,809685371,0.485,0,0.0277
TR,CDE,2024,Op,Budget,Jul,233403395,0.2883,0,0.008
TR,CDE,2024,Op,Budget,Aug,1524769622,6.5328,0,0.0522
TR,CDE,2024,Op,Budget,Sep,2098097072,1.376,0,0.0718
TR,CDE,2024,Op,Budget,Oct,1742669563,0.8306,0,0.0596
TR,CDE,2024,Op,Budget,Nov,5599602849,3.2132,0,0.1916
TR,CDE,2024,Op,Budget,Dec,832442913,0.1487,0,0.0285
TR,CDE,2024,Op,Forecast,Jan,2560588685,,-7305173578,0.0815
TR,CDE,2024,Op,Forecast,Feb,4167950755,1.6277,3349197419,0.1326
TR,CDE,2024,Op,Forecast,Mar,3339449846,0.8012,2397290348,0.1063
TR,CDE,2024,Op,Forecast,Apr,3973708952,1.1899,879666477,0.1264
TR,CDE,2024,Op,Forecast,May,140384241,0.0353,-1529076657,0.0045
TR,CDE,2024,Op,Forecast,Jun,4134825146,29.4536,3325139775,0.1316
TR,CDE,2024,Op,Forecast,Jul,2602030496,0.6293,2368627101,0.0828
TR,CDE,2024,Op,Forecast,Aug,3085837039,1.1859,1561067417,0.0982
TR,CDE,2024,Op,Forecast,Sep,1128209600,0.3656,-969887472,0.0359
TR,CDE,2024,Op,Forecast,Oct,2868564528,2.5426,1125894965,0.0913
TR,CDE,2024,Op,Forecast,Nov,3140755218,1.0949,-2458847631,0.0999
TR,CDE,2024,Op,Forecast,Dec,285882395,0.091,-546560518,0.0091
TR,CDE,2025,Gross,Actual,Jan,11415229214,,3566280140,0.2445
TR,CDE,2025,Gross,Actual,Feb,5770447446,0.5055,713423900,0.1236
TR,CDE,2025,Gross,Actual,Mar,3848666140,0.667,390595817,0.0824
TR,CDE,2025,Gross,Actual,Apr,1320212744,0.343,-1436719500,0.0283
TR,CDE,2025,Gross,Actual,May,2452852542,1.8579,-570096374,0.0525
TR,CDE,2025,Gross,Actual,Jun,4806034628,1.9594,673427748,0.1029
TR,CDE,2025,Gross,Actual,Jul,4586631484,0.9543,930677472,0.0982
TR,CDE,2025,Gross,Actual,Aug,3112069528,0.6785,-2095888338,0.0667
TR,CDE,2025,Gross,Actual,Sep,1605063993,0.5158,-530808852,0.0344
TR,CDE,2025,Gross,Actual,Oct,563545178,0.3511,-1848759778,0.0121
TR,CDE,2025,Gross,Actual,Nov,6899692259,12.2434,-1119738304,0.1478
TR,CDE,2025,Gross,Actual,Dec,305401493,0.0443,-81596775,0.0065
TR,CDE,2025,Gross,Budget,Jan,7848949074,,0,0.1632
TR,CDE,2025,Gross,Budget,Feb,5057023546,0.6443,0,0.1051
TR,CDE,2025,Gross,Budget,Mar,3458070323,0.6838,0,0.0719
TR,CDE,2025,Gross,Budget,Apr,2756932244,0.7972,0,0.0573
TR,CDE,2025,Gross,Budget,May,3022948916,1.0965,0,0.0629
TR,CDE,2025,Gross,Budget,Jun,4132606880,1.3671,0,0.0859
TR,CDE,2025,Gross,Budget,Jul,3655954012,0.8847,0,0.076
TR,CDE,2025,Gross,Budget,Aug,5207957866,1.4245,0,0.1083
TR,CDE,2025,Gross,Budget,Sep,2135872845,0.4101,0,0.0444
TR,CDE,2025,Gross,Budget,Oct,2412304956,1.1294,0,0.0502
TR,CDE,2025,Gross,Budget,Nov,8019430563,3.3244,0,0.1667
TR,CDE,2025,Gross,Budget,Dec,386998268,0.0483,0,0.008
TR,CDE,2025,Gross,Forecast,Jan,3474118042,,-4374831032,0.1522
TR,CDE,2025,Gross,Forecast,Feb,1232191680,0.3547,-3824831866,0.054
TR,CDE,2025,Gross,Forecast,Mar,798116265,0.6477,-2659954058,0.035
TR,CDE,2025,Gross,Forecast,Apr,3944038268,4.9417,1187106024,0.1728
TR,CDE,2025,Gross,Forecast,May,4895789525,1.2413,1872840609,0.2145
TR,CDE,2025,Gross,Forecast,Jun,90903858,0.0186,-4041703022,0.004
TR,CDE,2025,Gross,Forecast,Jul,2916523253,32.0836,-739430759,0.1278
TR,CDE,2025,Gross,Forecast,Aug,912488027,0.3129,-4295469839,0.04
TR,CDE,2025,Gross,Forecast,Sep,1322660249,1.4495,-813212596,0.0579
TR,CDE,2025,Gross,Forecast,Oct,642893841,0.4861,-1769411115,0.0282
TR,CDE,2025,Gross,Forecast,Nov,1619953061,2.5198,-6399477502,0.071
TR,CDE,2025,Gross,Forecast,Dec,976389794,0.6027,589391526,0.0428
TR,CDE,2025,Net,Actual,Jan,8166785197,,-2584983760,0.3181
TR,CDE,2025,Net,Actual,Feb,2744710008,0.3361,2024040385,0.1069
TR,CDE,2025,Net,Actual,Mar,2676959531,0.9753,1366793102,0.1043
TR,CDE,2025,Net,Actual,Apr,2611345358,0.9755,-1553986046,0.1017
TR,CDE,2025,Net,Actual,May,3780068922,1.4476,1504178013,0.1472
TR,CDE,2025,Net,Actual,Jun,538683506,0.1425,-3375643081,0.021
TR,CDE,2025,Net,Actual,Jul,438363899,0.8138,-1521363560,0.0171
TR,CDE,2025,Net,Actual,Aug,100408883,0.2291,-2724520310,0.0039
TR,CDE,2025,Net,Actual,Sep,586878869,5.8449,-1098988601,0.0229
TR,CDE,2025,Net,Actual,Oct,2416868176,4.1182,-1130763652,0.0941
TR,CDE,2025,Net,Actual,Nov,835545052,0.3457,-1828991613,0.0325
TR,CDE,2025,Net,Actual,Dec,778988769,0.9323,553798447,0.0303
TR,CDE,2025,Net,Budget,Jan,10751768957,,0,0.2983
TR,CDE,2025,Net,Budget,Feb,720669623,0.067,0,0.02
TR,CDE,2025,Net,Budget,Mar,1310166429,1.818,0,0.0363
TR,CDE,2025,Net,Budget,Apr,4165331404,3.1792,0,0.1156
TR,CDE,2025,Net,Budget,May,2275890909,0.5464,0,0.0631
TR,CDE,2025,Net,Budget,Jun,3914326587,1.7199,0,0.1086
TR,CDE,2025,Net,Budget,Jul,1959727459,0.5007,0,0.0544
TR,CDE,2025,Net,Budget,Aug,2824929193,1.4415,0,0.0784
TR,CDE,2025,Net,Budget,Sep,1685867470,0.5968,0,0.0468
TR,CDE,2025,Net,Budget,Oct,3547631828,2.1043,0,0.0984
TR,CDE,2025,Net,Budget,Nov,2664536665,0.7511,0,0.0739
TR,CDE,2025,Net,Budget,Dec,225190322,0.0845,0,0.0062
TR,CDE,2025,Net,Forecast,Jan,4770194326,,-5981574631,0.1768
TR,CDE,2025,Net,Forecast,Feb,5220756357,1.0945,4500086734,0.1935
TR,CDE,2025,Net,Forecast,Mar,3038840263,0.5821,1728673834,0.1126
TR,CDE,2025,Net,Forecast,Apr,1093131583,0.3597,-3072199821,0.0405
TR,CDE,2025,Net,Forecast,May,375870969,0.3438,-1900019940,0.0139
TR,CDE,2025,Net,Forecast,Jun,2830526466,7.5306,-1083800121,0.1049
TR,CDE,2025,Net,Forecast,Jul,3595892590,1.2704,1636165131,0.1333
TR,CDE,2025,Net,Forecast,Aug,741909071,0.2063,-2083020122,0.0275
TR,CDE,2025,Net,Forecast,Sep,1592001854,2.1458,-93865616,0.059
TR,CDE,2025,Net,Forecast,Oct,1206437172,0.7578,-2341194656,0.0447
TR,CDE,2025,Net,Forecast,Nov,1980959605,1.642,-683577060,0.0734
TR,CDE,2025,Net,Forecast,Dec,531814425,0.2685,306624103,0.0197
TR,CDE,2025,Op,Actual,Jan,5131702865,,599539457,0.1348
TR,CDE,2025,Op,Actual,Feb,3180162375,0.6197,-451236697,0.0836
TR,CDE,2025,Op,Actual,Mar,934916249,0.294,-1540104530,0.0246
TR,CDE,2025,Op,Actual,Apr,3875429387,4.1452,3332128286,0.1018
TR,CDE,2025,Op,Actual,May,4576682803,1.1809,1337919753,0.1203
TR,CDE,2025,Op,Actual,Jun,2637689424,0.5763,-935616679,0.0693
TR,CDE,2025,Op,Actual,Jul,2019450185,0.7656,585029453,0.0531
TR,CDE,2025,Op,Actual,Aug,5858958023,2.9013,3646448004,0.1539
TR,CDE,2025,Op,Actual,Sep,2653756302,0.4529,195821656,0.0697
TR,CDE,2025,Op,Actual,Oct,2043506258,0.77,1704136714,0.0537
TR,CDE,2025,Op,Actual,Nov,4342537686,2.125,-508058151,0.1141
TR,CDE,2025,Op,Actual,Dec,804159210,0.1852,745879775,0.0211
TR,CDE,2025,Op,Budget,Jan,4532163408,,0,0.1544
TR,CDE,2025,Op,Budget,Feb,3631399072,0.8013,0,0.1237
TR,CDE,2025,Op,Budget,Mar,2475020779,0.6816,0,0.0843
TR,CDE,2025,Op,Budget,Apr,543301101,0.2195,0,0.0185
TR,CDE,2025,Op,Budget,May,3238763050,5.9613,0,0.1104
TR,CDE,2025,Op,Budget,Jun,3573306103,1.1033,0,0.1218
TR,CDE,2025,Op,Budget,Jul,1434420732,0.4014,0,0.0489
TR,CDE,2025,Op,Budget,Aug,2212510019,1.5424,0,0.0754
TR,CDE,2025,Op,Budget,Sep,2457934646,1.1109,0,0.0838
TR,CDE,2025,Op,Budget,Oct,339369544,0.1381,0,0.0116
TR,CDE,2025,Op,Budget,Nov,4850595837,14.293,0,0.1653
TR,CDE,2025,Op,Budget,Dec,58279435,0.012,0,0.002
TR,CDE,2025,Op,Forecast,Jan,5486941387,,954777979,0.2074
TR,CDE,2025,Op,Forecast,Feb,2313162657,0.4216,-1318236415,0.0874
TR,CDE,2025,Op,Forecast,Mar,908091157,0.3926,-1566929622,0.0343
TR,CDE,2025,Op,Forecast,Apr,3660287703,4.0307,3116986602,0.1384
TR,CDE,2025,Op,Forecast,May,1307512475,0.3572,-1931250575,0.0494
TR,CDE,2025,Op,Forecast,Jun,2664004394,2.0375,-909301709,0.1007
TR,CDE,2025,Op,Forecast,Jul,2254103980,0.8461,819683248,0.0852
TR,CDE,2025,Op,Forecast,Aug,635695113,0.282,-1576814906,0.024
TR,CDE,2025,Op,Forecast,Sep,870434683,1.3693,-1587499963,0.0329
TR,CDE,2025,Op,Forecast,Oct,3705922232,4.2576,3366552688,0.1401
TR,CDE,2025,Op,Forecast,Nov,1686759529,0.4552,-3163836308,0.0638
TR,CDE,2025,Op,Forecast,Dec,960319584,0.5693,902040149,0.0363
TR,PJ,2024,Gross,Actual,Jan,4288313734,,-4838204366,0.1076
TR,PJ,2024,Gross,Actual,Feb,3221611195,0.7513,133578687,0.0808
TR,PJ,2024,Gross,Actual,Mar,142590662,0.0443,-2303666796,0.0036
TR,PJ,2024,Gross,Actual,Apr,4225140897,29.6313,2968421266,0.106
TR,PJ,2024,Gross,Actual,May,2440895595,0.5777,1140237987,0.0613
TR,PJ,2024,Gross,Actual,Jun,4333326150,1.7753,139765781,0.1087
TR,PJ,2024,Gross,Actual,Jul,4938385380,1.1396,3294844539,0.1239
TR,PJ,2024,Gross,Actual,Aug,4626682167,0.9369,2579441199,0.1161
TR,PJ,2024,Gross,Actual,Sep,656528241,0.1419,-1043463800,0.0165
TR,PJ,2024,Gross,Actual,Oct,1868996238,2.8468,1308722814,0.0469
TR,PJ,2024,Gross,Actual,Nov,9103567119,4.8708,3710310711,0.2285
TR,PJ,2024,Gross,Actual,Dec,2320131,0.0003,-124936087,0.0001
TR,PJ,2024,Gross,Budget,Jan,9126518100,,0,0.2775
TR,PJ,2024,Gross,Budget,Feb,3088032508,0.3384,0,0.0939
TR,PJ,2024,Gross,Budget,Mar,2446257458,0.7922,0,0.0744
TR,PJ,2024,Gross,Budget,Apr,1256719631,0.5137,0,0.0382
TR,PJ,2024,Gross,Budget,May,1300657608,1.035,0,0.0396
TR,PJ,2024,Gross,Budget,Jun,4193560369,3.2242,0,0.1275
TR,PJ,2024,Gross,Budget,Jul,1643540841,0.3919,0,0.05
TR,PJ,2024,Gross,Budget,Aug,2047240968,1.2456,0,0.0623
TR,PJ,2024,Gross,Budget,Sep,1699992041,0.8304,0,0.0517
TR,PJ,2024,Gross,Budget,Oct,560273424,0.3296,0,0.017
TR,PJ,2024,Gross,Budget,Nov,5393256408,9.6261,0,0.164
TR,PJ,2024,Gross,Budget,Dec,127256218,0.0236,0,0.0039
TR,PJ,2024,Gross,Forecast,Jan,647802898,,-8478715202,0.0202
TR,PJ,2024,Gross,Forecast,Feb,4778697586,7.3768,1690665078,0.1492
TR,PJ,2024,Gross,Forecast,Mar,3563745620,0.7458,1117488162,0.1112
TR,PJ,2024,Gross,Forecast,Apr,2515628337,0.7059,1258908706,0.0785
TR,PJ,2024,Gross,Forecast,May,1464332931,0.5821,163675323,0.0457
TR,PJ,2024,Gross,Forecast,Jun,3867896934,2.6414,-325663435,0.1207
TR,PJ,2024,Gross,Forecast,Jul,3399710354,0.879,1756169513,0.1061
TR,PJ,2024,Gross,Forecast,Aug,5043822655,1.4836,2996581687,0.1574
TR,PJ,2024,Gross,Forecast,Sep,1377154857,0.273,-322837184,0.043
TR,PJ,2024,Gross,Forecast,Oct,913509145,0.6633,353235721,0.0285
TR,PJ,2024,Gross,Forecast,Nov,3216373289,3.5209,-2176883119,0.1004
TR,PJ,2024,Gross,Forecast,Dec,1249050495,0.3883,1121794277,0.039
TR,PJ,2024,Net,Actual,Jan,4041492210,,2593523364,0.16
TR,PJ,2024,Net,Actual,Feb,446467352,0.1105,-197853494,0.0177
TR,PJ,2024,Net,Actual,Mar,1813070670,4.0609,-1165107765,0.0718
TR,PJ,2024,Net,Actual,Apr,1880106648,1.037,-1030719681,0.0744
TR,PJ,2024,Net,Actual,May,2530089621,1.3457,-83373654,0.1001
TR,PJ,2024,Net,Actual,Jun,2430243813,0.9605,-699779233,0.0962
TR,PJ,2024,Net,Actual,Jul,1649418682,0.6787,1119376036,0.0653
TR,PJ,2024,Net,Actual,Aug,3990392632,2.4193,1769284034,0.1579
TR,PJ,2024,Net,Actual,Sep,72941255,0.0183,-1706886095,0.0029
TR,PJ,2024,Net,Actual,Oct,1855093495,25.4327,188348765,0.0734
TR,PJ,2024,Net,Actual,Nov,4368151732,2.3547,-17045617,0.1729
TR,PJ,2024,Net,Actual,Dec,189612248,0.0434,-401573368,0.0075
TR,PJ,2024,Net,Budget,Jan,1447968846,,0,0.0582
TR,PJ,2024,Net,Budget,Feb,644320846,0.445,0,0.0259
TR,PJ,2024,Net,Budget,Mar,2978178435,4.6222,0,0.1196
TR,PJ,2024,Net,Budget,Apr,2910826329,0.9774,0,0.1169
TR,PJ,2024,Net,Budget,May,2613463275,0.8978,0,0.105
TR,PJ,2024,Net,Budget,Jun,3130023046,1.1977,0,0.1257
TR,PJ,2024,Net,Budget,Jul,530042646,0.1693,0,0.0213
TR,PJ,2024,Net,Budget,Aug,2221108598,4.1904,0,0.0892
TR,PJ,2024,Net,Budget,Sep,1779827350,0.8013,0,0.0715
TR,PJ,2024,Net,Budget,Oct,1666744730,0.9365,0,0.0669
TR,PJ,2024,Net,Budget,Nov,4385197349,2.631,0,0.1761
TR,PJ,2024,Net,Budget,Dec,591185616,0.1348,0,0.0237
TR,PJ,2024,Net,Forecast,Jan,4910594967,,3462626121,0.182
TR,PJ,2024,Net,Forecast,Feb,1523727182,0.3103,879406336,0.0565
TR,PJ,2024,Net,Forecast,Mar,1168597022,0.7669,-1809581413,0.0433
TR,PJ,2024,Net,Forecast,Apr,802684903,0.6869,-2108141426,0.0298
TR,PJ,2024,Net,Forecast,May,3883878423,4.8386,1270415148,0.144
TR,PJ,2024,Net,Forecast,Jun,4377526393,1.1271,1247503347,0.1623
TR,PJ,2024,Net,Forecast,Jul,1327198544,0.3032,797155898,0.0492
TR,PJ,2024,Net,Forecast,Aug,3251199735,2.4497,1030091137,0.1205
TR,PJ,2024,Net,Forecast,Sep,1339759318,0.4121,-440068032,0.0497
TR,PJ,2024,Net,Forecast,Oct,918497443,0.6856,-748247287,0.034
TR,PJ,2024,Net,Forecast,Nov,3126244573,3.4037,-1258952776,0.1159
TR,PJ,2024,Net,Forecast,Dec,345813429,0.1106,-245372187,0.0128
TR,PJ,2024,Op,Actual,Jan,4897071077,,-3457693702,0.1443
TR,PJ,2024,Op,Actual,Feb,3239415270,0.6615,-1025737176,0.0955
TR,PJ,2024,Op,Actual,Mar,3195240872,0.9864,2040183660,0.0942
TR,PJ,2024,Op,Actual,Apr,3162363943,0.9897,-72825842,0.0932
TR,PJ,2024,Op,Actual,May,1809934147,0.5723,-1810894116,0.0533
TR,PJ,2024,Op,Actual,Jun,1781559729,0.9843,744636542,0.0525
TR,PJ,2024,Op,Actual,Jul,2985622371,1.6758,1967434011,0.088
TR,PJ,2024,Op,Actual,Aug,2772334296,0.9286,-3024161353,0.0817
TR,PJ,2024,Op,Actual,Sep,2123152287,0.7658,1805191884,0.0626
TR,PJ,2024,Op,Actual,Oct,2512446645,1.1834,-567254787,0.074
TR,PJ,2024,Op,Actual,Nov,4551390277,1.8115,3393648825,0.1341
TR,PJ,2024,Op,Actual,Dec,905772547,0.199,350034833,0.0267
TR,PJ,2024,Op,Budget,Jan,8354764779,,0,0.2487
TR,PJ,2024,Op,Budget,Feb,4265152446,0.5105,0,0.127
TR,PJ,2024,Op,Budget,Mar,1155057212,0.2708,0,0.0344
TR,PJ,2024,Op,Budget,Apr,3235189785,2.8009,0,0.0963
TR,PJ,2024,Op,Budget,May,3620828263,1.1192,0,0.1078
TR,PJ,2024,Op,Budget,Jun,1036923187,0.2864,0,0.0309
TR,PJ,2024,Op,Budget,Jul,1018188360,0.9819,0,0.0303
TR,PJ,2024,Op,Budget,Aug,5796495649,5.693,0,0.1725
TR,PJ,2024,Op,Budget,Sep,317960403,0.0549,0,0.0095
TR,PJ,2024,Op,Budget,Oct,3079701432,9.6858,0,0.0917
TR,PJ,2024,Op,Budget,Nov,1157741452,0.3759,0,0.0345
TR,PJ,2024,Op,Budget,Dec,555737714,0.48,0,0.0165
TR,PJ,2024,Op,Forecast,Jan,1610107860,,-6744656919,0.0861
TR,PJ,2024,Op,Forecast,Feb,111350846,0.0692,-4153801600,0.006
TR,PJ,2024,Op,Forecast,Mar,1603208215,14.3978,448151003,0.0857
TR,PJ,2024,Op,Forecast,Apr,2385219828,1.4878,-849969957,0.1275
TR,PJ,2024,Op,Forecast,May,3634045523,1.5236,13217260,0.1943
TR,PJ,2024,Op,Forecast,Jun,1453290923,0.3999,416367736,0.0777
TR,PJ,2024,Op,Forecast,Jul,17043814,0.0117,-1001144546,0.0009
TR,PJ,2024,Op,Forecast,Aug,1530717114,89.8107,-4265778535,0.0818
TR,PJ,2024,Op,Forecast,Sep,161529000,0.1055,-156431403,0.0086
TR,PJ,2024,Op,Forecast,Oct,985899844,6.1035,-2093801588,0.0527
TR,PJ,2024,Op,Forecast,Nov,5167390556,5.2413,4009649104,0.2762
TR,PJ,2024,Op,Forecast,Dec,47039710,0.0091,-508698004,0.0025
TR,PJ,2025,Gross,Actual,Jan,8877570000,,5855956149,0.1885
TR,PJ,2025,Gross,Actual,Feb,3892030000,0.4384,1807553964,0.0826
TR,PJ,2025,Gross,Actual,Mar,3405370000,0.875,825834642,0.0723
TR,PJ,2025,Gross,Actual,Apr,3239260000,0.9512,-476015543,0.0688
TR,PJ,2025,Gross,Actual,May,3323130000,1.0259,2275165977,0.0706
TR,PJ,2025,Gross,Actual,Jun,3371200000,1.0145,338836927,0.0716
TR,PJ,2025,Gross,Actual,Jul,3413430000,1.0125,2787389159,0.0725
TR,PJ,2025,Gross,Actual,Aug,4431070000,1.2981,234124230,0.0941
TR,PJ,2025,Gross,Actual,Sep,2506160000,0.5656,1614873099,0.0532
TR,PJ,2025,Gross,Actual,Oct,2954890000,1.1791,1580497375,0.0627
TR,PJ,2025,Gross,Actual,Nov,6806250000,2.3034,1814370431,0.1445
TR,PJ,2025,Gross,Actual,Dec,881930000,0.1296,-82501,0.0187
TR,PJ,2025,Gross,Budget,Jan,3021613851,,0,0.1062
TR,PJ,2025,Gross,Budget,Feb,2084476036,0.6899,0,0.0733
TR,PJ,2025,Gross,Budget,Mar,2579535358,1.2375,0,0.0907
TR,PJ,2025,Gross,Budget,Apr,3715275543,1.4403,0,0.1306
TR,PJ,2025,Gross,Budget,May,1047964023,0.2821,0,0.0368
TR,PJ,2025,Gross,Budget,Jun,3032363073,2.8936,0,0.1066
TR,PJ,2025,Gross,Budget,Jul,626040841,0.2065,0,0.022
TR,PJ,2025,Gross,Budget,Aug,4196945770,6.7039,0,0.1476
TR,PJ,2025,Gross,Budget,Sep,891286901,0.2124,0,0.0313
TR,PJ,2025,Gross,Budget,Oct,1374392625,1.542,0,0.0483
TR,PJ,2025,Gross,Budget,Nov,4991879569,3.6321,0,0.1755
TR,PJ,2025,Gross,Budget,Dec,882012501,0.1767,0,0.031
TR,PJ,2025,Gross,Forecast,Jan,6060752,,-3015553099,0.0003
TR,PJ,2025,Gross,Forecast,Feb,1391355730,229.5682,-693120306,0.0615
TR,PJ,2025,Gross,Forecast,Mar,4707294249,3.3832,2127758891,0.208
TR,PJ,2025,Gross,Forecast,Apr,2240825987,0.476,-1474449556,0.099
TR,PJ,2025,Gross,Forecast,May,1939039821,0.8653,891075798,0.0857
TR,PJ,2025,Gross,Forecast,Jun,3474328398,1.7918,441965325,0.1535
TR,PJ,2025,Gross,Forecast,Jul,1626223810,0.4681,1000182969,0.0719
TR,PJ,2025,Gross,Forecast,Aug,865966057,0.5325,-3330979713,0.0383
TR,PJ,2025,Gross,Forecast,Sep,171842783,0.1984,-719444118,0.0076
TR,PJ,2025,Gross,Forecast,Oct,2019229078,11.7504,644836453,0.0892
TR,PJ,2025,Gross,Forecast,Nov,3612712773,1.7892,-1379166796,0.1596
TR,PJ,2025,Gross,Forecast,Dec,577680207,0.1599,-304332294,0.0255
TR,PJ,2025,Net,Actual,Jan,7217060000,,4343084552,0.19
TR,PJ,2025,Net,Actual,Feb,3571460000,0.4949,1991244496,0.094
TR,PJ,2025,Net,Actual,Mar,2420840000,0.6778,727062939,0.0637
TR,PJ,2025,Net,Actual,Apr,2848690000,1.1767,1832146888,0.075
TR,PJ,2025,Net,Actual,May,3101110000,1.0886,483060297,0.0816
TR,PJ,2025,Net,Actual,Jun,2993530000,0.9653,-874653425,0.0788
TR,PJ,2025,Net,Actual,Jul,2514310000,0.8399,2377342325,0.0662
TR,PJ,2025,Net,Actual,Aug,3914770000,1.557,-1436623688,0.1031
TR,PJ,2025,Net,Actual,Sep,1774430000,0.4533,1607142785,0.0467
TR,PJ,2025,Net,Actual,Oct,2495330000,1.4063,1179206273,0.0657
TR,PJ,2025,Net,Actual,Nov,4488910000,1.7989,-1067939821,0.1182
TR,PJ,2025,Net,Actual,Dec,647620000,0.1443,622073777,0.017
TR,PJ,2025,Net,Budget,Jan,2873975448,,0,0.1097
TR,PJ,2025,Net,Budget,Feb,1580215504,0.5498,0,0.0603
TR,PJ,2025,Net,Budget,Mar,1693777061,1.0719,0,0.0646
TR,PJ,2025,Net,Budget,Apr,1016543112,0.6002,0,0.0388
TR,PJ,2025,Net,Budget,May,2618049703,2.5754,0,0.0999
TR,PJ,2025,Net,Budget,Jun,3868183425,1.4775,0,0.1476
TR,PJ,2025,Net,Budget,Jul,136967675,0.0354,0,0.0052
TR,PJ,2025,Net,Budget,Aug,5351393688,39.0705,0,0.2042
TR,PJ,2025,Net,Budget,Sep,167287215,0.0313,0,0.0064
TR,PJ,2025,Net,Budget,Oct,1316123727,7.8674,0,0.0502
TR,PJ,2025,Net,Budget,Nov,5556849821,4.2221,0,0.2121
TR,PJ,2025,Net,Budget,Dec,25546223,0.0046,0,0.001
TR,PJ,2025,Net,Forecast,Jan,7805264203,,4931288755,0.2351
TR,PJ,2025,Net,Forecast,Feb,223367976,0.0286,-1356847528,0.0067
TR,PJ,2025,Net,Forecast,Mar,3234415223,14.4802,1540638162,0.0974
TR,PJ,2025,Net,Forecast,Apr,305007246,0.0943,-711535866,0.0092
TR,PJ,2025,Net,Forecast,May,1834970630,6.0162,-783079073,0.0553
TR,PJ,2025,Net,Forecast,Jun,3379313694,1.8416,-488869731,0.1018
TR,PJ,2025,Net,Forecast,Jul,3003129028,0.8887,2866161353,0.0904
TR,PJ,2025,Net,Forecast,Aug,4625231501,1.5401,-726162187,0.1393
TR,PJ,2025,Net,Forecast,Sep,1907543719,0.4124,1740256504,0.0574
TR,PJ,2025,Net,Forecast,Oct,1998008280,1.0474,681884553,0.0602
TR,PJ,2025,Net,Forecast,Nov,4026306262,2.0152,-1530543559,0.1213
TR,PJ,2025,Net,Forecast,Dec,863557906,0.2145,838011683,0.026
TR,PJ,2025,Op,Actual,Jan,7217060000,,-2526831603,0.19
TR,PJ,2025,Op,Actual,Feb,3571460000,0.4949,-1190121008,0.094
TR,PJ,2025,Op,Actual,Mar,2420840000,0.6778,2143943822,0.0637
TR,PJ,2025,Op,Actual,Apr,2848690000,1.1767,1501593847,0.075
TR,PJ,2025,Op,Actual,May,3101110000,1.0886,-1519031003,0.0816
TR,PJ,2025,Op,Actual,Jun,2993530000,0.9653,-639076576,0.0788
TR,PJ,2025,Op,Actual,Jul,2514310000,0.8399,-803007305,0.0662
TR,PJ,2025,Op,Actual,Aug,3914770000,1.557,2506344376,0.1031
TR,PJ,2025,Op,Actual,Sep,1774430000,0.4533,-23246173,0.0467
TR,PJ,2025,Op,Actual,Oct,2495330000,1.4063,-966239161,0.0657
TR,PJ,2025,Op,Actual,Nov,4488910000,1.7989,3990795738,0.1182
TR,PJ,2025,Op,Actual,Dec,647620000,0.1443,-160644654,0.017
TR,PJ,2025,Op,Budget,Jan,9743891603,,0,0.2731
TR,PJ,2025,Op,Budget,Feb,4761581008,0.4887,0,0.1335
TR,PJ,2025,Op,Budget,Mar,276896178,0.0582,0,0.0078
TR,PJ,2025,Op,Budget,Apr,1347096153,4.865,0,0.0378
TR,PJ,2025,Op,Budget,May,4620141003,3.4297,0,0.1295
TR,PJ,2025,Op,Budget,Jun,3632606576,0.7863,0,0.1018
TR,PJ,2025,Op,Budget,Jul,3317317305,0.9132,0,0.093
TR,PJ,2025,Op,Budget,Aug,1408425624,0.4246,0,0.0395
TR,PJ,2025,Op,Budget,Sep,1797676173,1.2764,0,0.0504
TR,PJ,2025,Op,Budget,Oct,3461569161,1.9256,0,0.097
TR,PJ,2025,Op,Budget,Nov,498114262,0.1439,0,0.014
TR,PJ,2025,Op,Budget,Dec,808264654,1.6226,0,0.0227
TR,PJ,2025,Op,Forecast,Jan,6730588208,,-3013303395,0.2431
TR,PJ,2025,Op,Forecast,Feb,2392110127,0.3554,-2369470881,0.0864
TR,PJ,2025,Op,Forecast,Mar,3249386785,1.3584,2972490607,0.1174
TR,PJ,2025,Op,Forecast,Apr,2262565966,0.6963,915469813,0.0817
TR,PJ,2025,Op,Forecast,May,3201990526,1.4152,-1418150477,0.1157
TR,PJ,2025,Op,Forecast,Jun,1395011038,0.4357,-2237595538,0.0504
TR,PJ,2025,Op,Forecast,Jul,1684358700,1.2074,-1632958605,0.0608
TR,PJ,2025,Op,Forecast,Aug,126784075,0.0753,-1281641549,0.0046
TR,PJ,2025,Op,Forecast,Sep,1798163164,14.1829,486991,0.065
TR,PJ,2025,Op,Forecast,Oct,1290465006,0.7177,-2171104155,0.0466
TR,PJ,2025,Op,Forecast,Nov,3022267982,2.342,2524153720,0.1092
TR,PJ,2025,Op,Forecast,Dec,528580623,0.1749,-279684031,0.0191
TTL VSA,CDE,2024,Gross,Actual,Jan,982624921,,-4139995605,0.0038
TTL VSA,CDE,2024,Gross,Actual,Feb,6442631707,6.5566,-36174860,0.0251
TTL VSA,CDE,2024,Gross,Actual,Mar,6005558032,0.9322,-20831325383,0.0234
TTL VSA,CDE,2024,Gross,Actual,Apr,23492055451,3.9117,-24427307385,0.0917
TTL VSA,CDE,2024,Gross,Actual,May,13412464470,0.5709,-7128671256,0.0524
TTL VSA,CDE,2024,Gross,Actual,Jun,26186188080,1.9524,761229040,0.1022
TTL VSA,CDE,2024,Gross,Actual,Jul,5471730362,0.209,-28117935327,0.0214
TTL VSA,CDE,2024,Gross,Actual,Aug,27038565640,4.9415,-12048090567,0.1055
TTL VSA,CDE,2024,Gross,Actual,Sep,39943786658,1.4773,35144419194,0.1559
TTL VSA,CDE,2024,Gross,Actual,Oct,52725039469,1.32,5422146520,0.2058
TTL VSA,CDE,2024,Gross,Actual,Nov,28774712014,0.5458,-25050341420,0.1123
TTL VSA,CDE,2024,Gross,Actual,Dec,25697872436,0.8931,15135215920,0.1003
TTL VSA,CDE,2024,Gross,Budget,Jan,5122620526,,0,0.0159
TTL VSA,CDE,2024,Gross,Budget,Feb,6478806567,1.2647,0,0.0202
TTL VSA,CDE,2024,Gross,Budget,Mar,26836883415,4.1423,0,0.0835
TTL VSA,CDE,2024,Gross,Budget,Apr,47919362836,1.7856,0,0.1491
TTL VSA,CDE,2024,Gross,Budget,May,20541135726,0.4287,0,0.0639
TTL VSA,CDE,2024,Gross,Budget,Jun,25424959040,1.2378,0,0.0791
TTL VSA,CDE,2024,Gross,Budget,Jul,33589665689,1.3211,0,0.1045
TTL VSA,CDE,2024,Gross,Budget,Aug,39086656207,1.1637,0,0.1216
TTL VSA,CDE,2024,Gross,Budget,Sep,4799367464,0.1228,0,0.0149
TTL VSA,CDE,2024,Gross,Budget,Oct,47302892949,9.8561,0,0.1471
TTL VSA,CDE,2024,Gross,Budget,Nov,53825053434,1.1379,0,0.1674
TTL VSA,CDE,2024,Gross,Budget,Dec,10562656516,0.1962,0,0.0329
TTL VSA,CDE,2024,Gross,Forecast,Jan,38175881431,,33053260905,0.1229
TTL VSA,CDE,2024,Gross,Forecast,Feb,18147600637,0.4754,11668794070,0.0584
TTL VSA,CDE,2024,Gross,Forecast,Mar,47678225967,2.6272,20841342552,0.1535
TTL VSA,CDE,2024,Gross,Forecast,Apr,22753876243,0.4772,-25165486593,0.0732
TTL VSA,CDE,2024,Gross,Forecast,May,19451924192,0.8549,-1089211534,0.0626
TTL VSA,CDE,2024,Gross,Forecast,Jun,19440151975,0.9994,-5984807065,0.0626
TTL VSA,CDE,2024,Gross,Forecast,Jul,7071026955,0.3637,-26518638734,0.0228
TTL VSA,CDE,2024,Gross,Forecast,Aug,26390576406,3.7322,-12696079801,0.085
TTL VSA,CDE,2024,Gross,Forecast,Sep,16514599939,0.6258,11715232475,0.0532
TTL VSA,CDE,2024,Gross,Forecast,Oct,32726910797,1.9817,-14575982152,0.1053
TTL VSA,CDE,2024,Gross,Forecast,Nov,41155819764,1.2576,-12669233670,0.1325
TTL VSA,CDE,2024,Gross,Forecast,Dec,21152265369,0.514,10589608853,0.0681
TTL VSA,CDE,2024,Net,Actual,Jan,11512642708,,5113516193,0.0447
TTL VSA,CDE,2024,Net,Actual,Feb,25917308706,2.2512,24805071584,0.1007
TTL VSA,CDE,2024,Net,Actual,Mar,35536823118,1.3712,15225062862,0.1381
TTL VSA,CDE,2024,Net,Actual,Apr,34306778145,0.9654,9348420821,0.1333
TTL VSA,CDE,2024,Net,Actual,May,9883858754,0.2881,-4121838076,0.0384
TTL VSA,CDE,2024,Net,Actual,Jun,8109393438,0.8205,3438618186,0.0315
TTL VSA,CDE,2024,Net,Actual,Jul,17621783889,2.173,5807300970,0.0685
TTL VSA,CDE,2024,Net,Actual,Aug,37128505237,2.107,18686096615,0.1443
TTL VSA,CDE,2024,Net,Actual,Sep,40921661774,1.1022,27597903554,0.159
TTL VSA,CDE,2024,Net,Actual,Oct,8745096465,0.2137,1931948743,0.034
TTL VSA,CDE,2024,Net,Actual,Nov,27347476669,3.1272,15315508776,0.1063
TTL VSA,CDE,2024,Net,Actual,Dec,331871350,0.0121,-40949846164,0.0013
TTL VSA,CDE,2024,Net,Budget,Jan,6399126515,,0,0.0365
TTL VSA,CDE,2024,Net,Budget,Feb,1112237122,0.1738,0,0.0063
TTL VSA,CDE,2024,Net,Budget,Mar,20311760256,18.2621,0,0.116
TTL VSA,CDE,2024,Net,Budget,Apr,24958357324,1.2288,0,0.1425
TTL VSA,CDE,2024,Net,Budget,May,14005696830,0.5612,0,0.08
TTL VSA,CDE,2024,Net,Budget,Jun,4670775252,0.3335,0,0.0267
TTL VSA,CDE,2024,Net,Budget,Jul,11814482919,2.5294,0,0.0674
TTL VSA,CDE,2024,Net,Budget,Aug,18442408622,1.561,0,0.1053
TTL VSA,CDE,2024,Net,Budget,Sep,13323758220,0.7225,0,0.0761
TTL VSA,CDE,2024,Net,Budget,Oct,6813147722,0.5114,0,0.0389
TTL VSA,CDE,2024,Net,Budget,Nov,12031967893,1.766,0,0.0687
TTL VSA,CDE,2024,Net,Budget,Dec,41281717514,3.431,0,0.2357
TTL VSA,CDE,2024,Net,Forecast,Jan,12979600487,,6580473972,0.0573
TTL VSA,CDE,2024,Net,Forecast,Feb,43594784050,3.3587,42482546928,0.1925
TTL VSA,CDE,2024,Net,Forecast,Mar,4185484537,0.096,-16126275719,0.0185
TTL VSA,CDE,2024,Net,Forecast,Apr,42467803460,10.1464,17509446136,0.1876
TTL VSA,CDE,2024,Net,Forecast,May,5693560029,0.1341,-8312136801,0.0251
TTL VSA,CDE,2024,Net,Forecast,Jun,15216588905,2.6726,10545813653,0.0672
TTL VSA,CDE,2024,Net,Forecast,Jul,18710028056,1.2296,6895545137,0.0826
TTL VSA,CDE,2024,Net,Forecast,Aug,18411130052,0.984,-31278570,0.0813
TTL VSA,CDE,2024,Net,Forecast,Sep,6105609459,0.3316,-7218148761,0.027
TTL VSA,CDE,2024,Net,Forecast,Oct,941869669,0.1543,-5871278053,0.0042
TTL VSA,CDE,2024,Net,Forecast,Nov,43259755226,45.9297,31227787333,0.1911
TTL VSA,CDE,2024,Net,Forecast,Dec,14858937458,0.3435,-26422780056,0.0656
TTL VSA,CDE,2024,Op,Actual,Jan,27615634778,,26766353613,0.1275
TTL VSA,CDE,2024,Op,Actual,Feb,15403392321,0.5578,-4972867909,0.0711
TTL VSA,CDE,2024,Op,Actual,Mar,5645627429,0.3665,-6070086392,0.0261
TTL VSA,CDE,2024,Op,Actual,Apr,667495076,0.1182,-7547868986,0.0031
TTL VSA,CDE,2024,Op,Actual,May,6733045474,10.087,3558162552,0.0311
TTL VSA,CDE,2024,Op,Actual,Jun,5179677366,0.7693,-18266661108,0.0239
TTL VSA,CDE,2024,Op,Actual,Jul,39757674024,7.6757,13652203830,0.1836
TTL VSA,CDE,2024,Op,Actual,Aug,11230656321,0.2825,9428956116,0.0519
TTL VSA,CDE,2024,Op,Actual,Sep,38627552655,3.4395,6214367647,0.1784
TTL VSA,CDE,2024,Op,Actual,Oct,37962188325,0.9828,-552485804,0.1753
TTL VSA,CDE,2024,Op,Actual,Nov,17926317064,0.4722,-13191996201,0.0828
TTL VSA,CDE,2024,Op,Actual,Dec,9812935085,0.5474,9313587108,0.0453
TTL VSA,CDE,2024,Op,Budget,Jan,849281165,,0,0.0043
TTL VSA,CDE,2024,Op,Budget,Feb,20376260230,23.9924,0,0.1028
TTL VSA,CDE,2024,Op,Budget,Mar,11715713821,0.575,0,0.0591
TTL VSA,CDE,2024,Op,Budget,Apr,8215364062,0.7012,0,0.0414
TTL VSA,CDE,2024,Op,Budget,May,3174882922,0.3865,0,0.016
TTL VSA,CDE,2024,Op,Budget,Jun,23446338474,7.3849,0,0.1183
TTL VSA,CDE,2024,Op,Budget,Jul,26105470194,1.1134,0,0.1317
TTL VSA,CDE,2024,Op,Budget,Aug,1801700205,0.069,0,0.0091
TTL VSA,CDE,2024,Op,Budget,Sep,32413185008,17.9903,0,0.1635
TTL VSA,CDE,2024,Op,Budget,Oct,38514674129,1.1882,0,0.1943
TTL VSA,CDE,2024,Op,Budget,Nov,31118313265,0.808,0,0.157
TTL VSA,CDE,2024,Op,Budget,Dec,499347977,0.016,0,0.0025
TTL VSA,CDE,2024,Op,Forecast,Jan,8543945227,,7694664062,0.0375
TTL VSA,CDE,2024,Op,Forecast,Feb,17778339211,2.0808,-2597921019,0.0781
TTL VSA,CDE,2024,Op,Forecast,Mar,26046403968,1.4651,14330690147,0.1144
TTL VSA,CDE,2024,Op,Forecast,Apr,31302855671,1.2018,23087491609,0.1375
TTL VSA,CDE,2024,Op,Forecast,May,1082151517,0.0346,-2092731405,0.0048
TTL VSA,CDE,2024,Op,Forecast,Jun,14181028195,13.1045,-9265310279,0.0623
TTL VSA,CDE,2024,Op,Forecast,Jul,18353033853,1.2942,-7752436341,0.0806
TTL VSA,CDE,2024,Op,Forecast,Aug,30701441800,1.6728,28899741595,0.1348
TTL VSA,CDE,2024,Op,Forecast,Sep,37878134537,1.2338,5464949529,0.1663
TTL VSA,CDE,2024,Op,Forecast,Oct,16815375946,0.4439,-21699298183,0.0738
TTL VSA,CDE,2024,Op,Forecast,Nov,21896328213,1.3022,-9221985052,0.0962
TTL VSA,CDE,2024,Op,Forecast,Dec,3136352464,0.1432,2637004487,0.0138
TTL VSA,CDE,2025,Gross,Actual,Jan,18242867529,,5708398105,0.069
TTL VSA,CDE,2025,Gross,Actual,Feb,6260102829,0.3432,-35213714245,0.0237
TTL VSA,CDE,2025,Gross,Actual,Mar,16376068431,2.6159,-9029276760,0.0619
TTL VSA,CDE,2025,Gross,Actual,Apr,32511082738,1.9853,29561817569,0.123
TTL VSA,CDE,2025,Gross,Actual,May,13228467912,0.4069,11957977992,0.05
TTL VSA,CDE,2025,Gross,Actual,Jun,29559092463,2.2345,1218100956,0.1118
TTL VSA,CDE,2025,Gross,Actual,Jul,25818711299,0.8735,23127609622,0.0977
TTL VSA,CDE,2025,Gross,Actual,Aug,32505743559,1.259,14078509659,0.123
TTL VSA,CDE,2025,Gross,Actual,Sep,42321632352,1.302,-19605957175,0.1601
TTL VSA,CDE,2025,Gross,Actual,Oct,3863739214,0.0913,3023054706,0.0146
TTL VSA,CDE,2025,Gross,Actual,Nov,13165905401,3.4076,-20585735301,0.0498
TTL VSA,CDE,2025,Gross,Actual,Dec,30525187200,2.3185,29329946017,0.1155
TTL VSA,CDE,2025,Gross,Budget,Jan,12534469424,,0,0.0543
TTL VSA,CDE,2025,Gross,Budget,Feb,41473817074,3.3088,0,0.1797
TTL VSA,CDE,2025,Gross,Budget,Mar,25405345191,0.6126,0,0.1101
TTL VSA,CDE,2025,Gross,Budget,Apr,2949265169,0.1161,0,0.0128
TTL VSA,CDE,2025,Gross,Budget,May,1270489920,0.4308,0,0.0055
TTL VSA,CDE,2025,Gross,Budget,Jun,28340991507,22.3071,0,0.1228
TTL VSA,CDE,2025,Gross,Budget,Jul,2691101677,0.095,0,0.0117
TTL VSA,CDE,2025,Gross,Budget,Aug,18427233900,6.8475,0,0.0798
TTL VSA,CDE,2025,Gross,Budget,Sep,61927589527,3.3607,0,0.2683
TTL VSA,CDE,2025,Gross,Budget,Oct,840684508,0.0136,0,0.0036
TTL VSA,CDE,2025,Gross,Budget,Nov,33751640702,40.1478,0,0.1462
TTL VSA,CDE,2025,Gross,Budget,Dec,1195241183,0.0354,0,0.0052
TTL VSA,CDE,2025,Gross,Forecast,Jan,3974286065,,-8560183359,0.0145
TTL VSA,CDE,2025,Gross,Forecast,Feb,38697369551,9.7369,-2776447523,0.141
TTL VSA,CDE,2025,Gross,Forecast,Mar,25552937044,0.6603,147591853,0.0931
TTL VSA,CDE,2025,Gross,Forecast,Apr,34451356600,1.3482,31502091431,0.1256
TTL VSA,CDE,2025,Gross,Forecast,May,22042836941,0.6398,20772347021,0.0803
TTL VSA,CDE,2025,Gross,Forecast,Jun,16366679342,0.7425,-11974312165,0.0596
TTL VSA,CDE,2025,Gross,Forecast,Jul,28458956998,1.7388,25767855321,0.1037
TTL VSA,CDE,2025,Gross,Forecast,Aug,42334411903,1.4876,23907178003,0.1543
TTL VSA,CDE,2025,Gross,Forecast,Sep,5018475740,0.1185,-56909113787,0.0183
TTL VSA,CDE,2025,Gross,Forecast,Oct,30944653296,6.1661,30103968788,0.1128
TTL VSA,CDE,2025,Gross,Forecast,Nov,20238071773,0.654,-13513568929,0.0738
TTL VSA,CDE,2025,Gross,Forecast,Dec,6307449232,0.3117,5112208049,0.023
TTL VSA,CDE,2025,Net,Actual,Jan,2082468371,,-13044843588,0.0112
TTL VSA,CDE,2025,Net,Actual,Feb,28005211569,13.4481,10630178189,0.1506
TTL VSA,CDE,2025,Net,Actual,Mar,12519187313,0.447,3463715804,0.0673
TTL VSA,CDE,2025,Net,Actual,Apr,638229056,0.051,-19429443074,0.0034
TTL VSA,CDE,2025,Net,Actual,May,10886148204,17.0568,-193897982,0.0586
TTL VSA,CDE,2025,Net,Actual,Jun,20907244854,1.9205,11284196120,0.1125
TTL VSA,CDE,2025,Net,Actual,Jul,32900414815,1.5736,2425360528,0.177
TTL VSA,CDE,2025,Net,Actual,Aug,9515217031,0.2892,-20772080713,0.0512
TTL VSA,CDE,2025,Net,Actual,Sep,15031229671,1.5797,-29877950326,0.0808
TTL VSA,CDE,2025,Net,Actual,Oct,27164279232,1.8072,14091796574,0.1461
TTL VSA,CDE,2025,Net,Actual,Nov,20977044442,0.7722,-4006288613,0.1128
TTL VSA,CDE,2025,Net,Actual,Dec,5289915778,0.2522,-9801086878,0.0285
TTL VSA,CDE,2025,Net,Budget,Jan,15127311959,,0,0.0627
TTL VSA,CDE,2025,Net,Budget,Feb,17375033380,1.1486,0,0.0721
TTL VSA,CDE,2025,Net,Budget,Mar,9055471509,0.5212,0,0.0376
TTL VSA,CDE,2025,Net,Budget,Apr,20067672130,2.2161,0,0.0832
TTL VSA,CDE,2025,Net,Budget,May,11080046186,0.5521,0,0.0459
TTL VSA,CDE,2025,Net,Budget,Jun,9623048734,0.8685,0,0.0399
TTL VSA,CDE,2025,Net,Budget,Jul,30475054287,3.1669,0,0.1264
TTL VSA,CDE,2025,Net,Budget,Aug,30287297744,0.9938,0,0.1256
TTL VSA,CDE,2025,Net,Budget,Sep,44909179997,1.4828,0,0.1862
TTL VSA,CDE,2025,Net,Budget,Oct,13072482658,0.2911,0,0.0542
TTL VSA,CDE,2025,Net,Budget,Nov,24983333055,1.9111,0,0.1036
TTL VSA,CDE,2025,Net,Budget,Dec,15091002656,0.604,0,0.0626
TTL VSA,CDE,2025,Net,Forecast,Jan,9023309706,,-6104002253,0.056
TTL VSA,CDE,2025,Net,Forecast,Feb,4949244651,0.5485,-12425788729,0.0307
TTL VSA,CDE,2025,Net,Forecast,Mar,32521574774,6.571,23466103265,0.2019
TTL VSA,CDE,2025,Net,Forecast,Apr,9986584376,0.3071,-10081087754,0.062
TTL VSA,CDE,2025,Net,Forecast,May,8203720466,0.8215,-2876325720,0.0509
TTL VSA,CDE,2025,Net,Forecast,Jun,1608256577,0.196,-8014792157,0.01
TTL VSA,CDE,2025,Net,Forecast,Jul,20974747769,13.0419,-9500306518,0.1302
TTL VSA,CDE,2025,Net,Forecast,Aug,14993041372,0.7148,-15294256372,0.0931
TTL VSA,CDE,2025,Net,Forecast,Sep,16072507443,1.072,-28836672554,0.0998
TTL VSA,CDE,2025,Net,Forecast,Oct,28816271413,1.7929,15743788755,0.1789
TTL VSA,CDE,2025,Net,Forecast,Nov,13447710078,0.4667,-11535622977,0.0835
TTL VSA,CDE,2025,Net,Forecast,Dec,493701299,0.0367,-14597301357,0.0031
TTL VSA,CDE,2025,Op,Actual,Jan,7152846276,,-4073948177,0.0304
TTL VSA,CDE,2025,Op,Actual,Feb,310228041,0.0434,-13114564863,0.0013
TTL VSA,CDE,2025,Op,Actual,Mar,23127565611,74.5502,6553571399,0.0982
TTL VSA,CDE,2025,Op,Actual,Apr,18946924631,0.8192,-131028756,0.0805
TTL VSA,CDE,2025,Op,Actual,May,9054576247,0.4779,-4347299255,0.0385
TTL VSA,CDE,2025,Op,Actual,Jun,5684325864,0.6278,-18864430997,0.0241
TTL VSA,CDE,2025,Op,Actual,Jul,32173961474,5.6601,-8165360162,0.1366
TTL VSA,CDE,2025,Op,Actual,Aug,30035359580,0.9335,9210713451,0.1276
TTL VSA,CDE,2025,Op,Actual,Sep,4770612042,0.1588,-14186493615,0.0203
TTL VSA,CDE,2025,Op,Actual,Oct,34448901998,7.2211,-6097810372,0.1463
TTL VSA,CDE,2025,Op,Actual,Nov,38541371441,1.1188,38506670733,0.1637
TTL VSA,CDE,2025,Op,Actual,Dec,31209638353,0.8098,-7810491030,0.1325
TTL VSA,CDE,2025,Op,Budget,Jan,11226794453,,0,0.0435
TTL VSA,CDE,2025,Op,Budget,Feb,13424792904,1.1958,0,0.052
TTL VSA,CDE,2025,Op,Budget,Mar,16573994212,1.2346,0,0.0642
TTL VSA,CDE,2025,Op,Budget,Apr,19077953387,1.1511,0,0.074
TTL VSA,CDE,2025,Op,Budget,May,13401875502,0.7025,0,0.0519
TTL VSA,CDE,2025,Op,Budget,Jun,24548756861,1.8317,0,0.0952
TTL VSA,CDE,2025,Op,Budget,Jul,40339321636,1.6432,0,0.1564
TTL VSA,CDE,2025,Op,Budget,Aug,20824646129,0.5162,0,0.0807
TTL VSA,CDE,2025,Op,Budget,Sep,18957105657,0.9103,0,0.0735
TTL VSA,CDE,2025,Op,Budget,Oct,40546712370,2.1389,0,0.1572
TTL VSA,CDE,2025,Op,Budget,Nov,34700708,0.0009,0,0.0001
TTL VSA,CDE,2025,Op,Budget,Dec,39020129383,1124.4765,0,0.1513
TTL VSA,CDE,2025,Op,Forecast,Jan,12502455803,,1275661350,0.047
TTL VSA,CDE,2025,Op,Forecast,Feb,41443387123,3.3148,28018594219,0.1559
TTL VSA,CDE,2025,Op,Forecast,Mar,30378925541,0.733,13804931329,0.1143
TTL VSA,CDE,2025,Op,Forecast,Apr,40391782951,1.3296,21313829564,0.1519
TTL VSA,CDE,2025,Op,Forecast,May,2496800232,0.0618,-10905075270,0.0094
TTL VSA,CDE,2025,Op,Forecast,Jun,884522655,0.3543,-23664234206,0.0033
TTL VSA,CDE,2025,Op,Forecast,Jul,4432928648,5.0117,-35906392988,0.0167
TTL VSA,CDE,2025,Op,Forecast,Aug,31817254558,7.1775,10992608429,0.1197
TTL VSA,CDE,2025,Op,Forecast,Sep,8298078815,0.2608,-10659026842,0.0312
TTL VSA,CDE,2025,Op,Forecast,Oct,33583858818,4.0472,-6962853552,0.1263
TTL VSA,CDE,2025,Op,Forecast,Nov,38624501446,1.1501,38589800738,0.1453
TTL VSA,CDE,2025,Op,Forecast,Dec,20985083991,0.5433,-18035045392,0.0789
TTL VSA,PJ,2024,Gross,Actual,Jan,8736979739,,5614702988,0.036
TTL VSA,PJ,2024,Gross,Actual,Feb,48726414868,5.577,43652332027,0.201
TTL VSA,PJ,2024,Gross,Actual,Mar,23673673114,0.4858,-4616298748,0.0976
TTL VSA,PJ,2024,Gross,Actual,Apr,31099131191,1.3137,100888153,0.1283
TTL VSA,PJ,2024,Gross,Actual,May,10869609897,0.3495,-5337691187,0.0448
TTL VSA,PJ,2024,Gross,Actual,Jun,25470943181,2.3433,-4653695878,0.1051
TTL VSA,PJ,2024,Gross,Actual,Jul,22563858436,0.8859,-640641127,0.0931
TTL VSA,PJ,2024,Gross,Actual,Aug,4881566190,0.2163,-12919766107,0.0201
TTL VSA,PJ,2024,Gross,Actual,Sep,1197452279,0.2453,-38045457160,0.0049
TTL VSA,PJ,2024,Gross,Actual,Oct,12600425363,10.5227,-25633754414,0.052
TTL VSA,PJ,2024,Gross,Actual,Nov,12653117828,1.0042,11854599508,0.0522
TTL VSA,PJ,2024,Gross,Actual,Dec,39982561265,3.1599,-8559827318,0.1649
TTL VSA,PJ,2024,Gross,Budget,Jan,3122276751,,0,0.0111
TTL VSA,PJ,2024,Gross,Budget,Feb,5074082841,1.6251,0,0.018
TTL VSA,PJ,2024,Gross,Budget,Mar,28289971862,5.5754,0,0.1004
TTL VSA,PJ,2024,Gross,Budget,Apr,30998243038,1.0957,0,0.1101
TTL VSA,PJ,2024,Gross,Budget,May,16207301084,0.5228,0,0.0575
TTL VSA,PJ,2024,Gross,Budget,Jun,30124639059,1.8587,0,0.107
TTL VSA,PJ,2024,Gross,Budget,Jul,23204499563,0.7703,0,0.0824
TTL VSA,PJ,2024,Gross,Budget,Aug,17801332297,0.7672,0,0.0632
TTL VSA,PJ,2024,Gross,Budget,Sep,39242909439,2.2045,0,0.1393
TTL VSA,PJ,2024,Gross,Budget,Oct,38234179777,0.9743,0,0.1358
TTL VSA,PJ,2024,Gross,Budget,Nov,798518320,0.0209,0,0.0028
TTL VSA,PJ,2024,Gross,Budget,Dec,48542388583,60.7906,0,0.1724
TTL VSA,PJ,2024,Gross,Forecast,Jan,6648242338,,3525965587,0.0235
TTL VSA,PJ,2024,Gross,Forecast,Feb,16763955837,2.5216,11689872996,0.0593
TTL VSA,PJ,2024,Gross,Forecast,Mar,20602256744,1.229,-7687715118,0.0729
TTL VSA,PJ,2024,Gross,Forecast,Apr,20502488411,0.9952,-10495754627,0.0726
TTL VSA,PJ,2024,Gross,Forecast,May,11114395843,0.5421,-5092905241,0.0393
TTL VSA,PJ,2024,Gross,Forecast,Jun,10499641820,0.9447,-19624997239,0.0372
TTL VSA,PJ,2024,Gross,Forecast,Jul,38047278065,3.6237,14842778502,0.1347
TTL VSA,PJ,2024,Gross,Forecast,Aug,29319175250,0.7706,11517842953,0.1038
TTL VSA,PJ,2024,Gross,Forecast,Sep,61312040129,2.0912,22069130690,0.217
TTL VSA,PJ,2024,Gross,Forecast,Oct,33489314555,0.5462,-4744865222,0.1185
TTL VSA,PJ,2024,Gross,Forecast,Nov,33457503692,0.9991,32658985372,0.1184
TTL VSA,PJ,2024,Gross,Forecast,Dec,742209455,0.0222,-47800179128,0.0026
TTL VSA,PJ,2024,Net,Actual,Jan,3761205897,,-13730726466,0.0202
TTL VSA,PJ,2024,Net,Actual,Feb,8144439007,2.1654,-15843953563,0.0437
TTL VSA,PJ,2024,Net,Actual,Mar,35467639400,4.3548,23826180911,0.1904
TTL VSA,PJ,2024,Net,Actual,Apr,5541926871,0.1563,-21461934299,0.0297
TTL VSA,PJ,2024,Net,Actual,May,14691570097,2.651,4156036492,0.0788
TTL VSA,PJ,2024,Net,Actual,Jun,21668404281,1.4749,-1945847862,0.1163
TTL VSA,PJ,2024,Net,Actual,Jul,22334664314,1.0307,17471681810,0.1199
TTL VSA,PJ,2024,Net,Actual,Aug,35973741809,1.6107,35896343198,0.1931
TTL VSA,PJ,2024,Net,Actual,Sep,10998775328,0.3057,-2088779632,0.059
TTL VSA,PJ,2024,Net,Actual,Oct,9164341408,0.8332,-10601831872,0.0492
TTL VSA,PJ,2024,Net,Actual,Nov,12174058993,1.3284,-12301114788,0.0653
TTL VSA,PJ,2024,Net,Actual,Dec,6404440658,0.5261,-32151887808,0.0344
TTL VSA,PJ,2024,Net,Budget,Jan,17491932363,,0,0.0813
TTL VSA,PJ,2024,Net,Budget,Feb,23988392570,1.3714,0,0.1115
TTL VSA,PJ,2024,Net,Budget,Mar,11641458489,0.4853,0,0.0541
TTL VSA,PJ,2024,Net,Budget,Apr,27003861170,2.3196,0,0.1255
TTL VSA,PJ,2024,Net,Budget,May,10535533605,0.3901,0,0.049
TTL VSA,PJ,2024,Net,Budget,Jun,23614252143,2.2414,0,0.1098
TTL VSA,PJ,2024,Net,Budget,Jul,4862982504,0.2059,0,0.0226
TTL VSA,PJ,2024,Net,Budget,Aug,77398611,0.0159,0,0.0004
TTL VSA,PJ,2024,Net,Budget,Sep,13087554960,169.0929,0,0.0608
TTL VSA,PJ,2024,Net,Budget,Oct,19766173280,1.5103,0,0.0919
TTL VSA,PJ,2024,Net,Budget,Nov,24475173781,1.2382,0,0.1138
TTL VSA,PJ,2024,Net,Budget,Dec,38556328466,1.5753,0,0.1792
TTL VSA,PJ,2024,Net,Forecast,Jan,3190808465,,-14301123898,0.0113
TTL VSA,PJ,2024,Net,Forecast,Feb,27485725371,8.614,3497332801,0.0973
TTL VSA,PJ,2024,Net,Forecast,Mar,10887848666,0.3961,-753609823,0.0385
TTL VSA,PJ,2024,Net,Forecast,Apr,17639838278,1.6201,-9364022892,0.0624
TTL VSA,PJ,2024,Net,Forecast,May,17310019449,0.9813,6774485844,0.0613
TTL VSA,PJ,2024,Net,Forecast,Jun,10459224939,0.6042,-13155027204,0.037
TTL VSA,PJ,2024,Net,Forecast,Jul,22845226220,2.1842,17982243716,0.0808
TTL VSA,PJ,2024,Net,Forecast,Aug,31325553405,1.3712,31248154794,0.1108
TTL VSA,PJ,2024,Net,Forecast,Sep,48011105330,1.5326,34923550370,0.1699
TTL VSA,PJ,2024,Net,Forecast,Oct,23602238103,0.4916,3836064823,0.0835
TTL VSA,PJ,2024,Net,Forecast,Nov,41990943331,1.7791,17515769550,0.1486
TTL VSA,PJ,2024,Net,Forecast,Dec,27854466988,0.6633,-10701861478,0.0986
TTL VSA,PJ,2024,Op,Actual,Jan,2727338394,,-5360701527,0.0139
TTL VSA,PJ,2024,Op,Actual,Feb,14724140359,5.3987,-28093199947,0.0752
TTL VSA,PJ,2024,Op,Actual,Mar,29518033648,2.0047,15348662875,0.1507
TTL VSA,PJ,2024,Op,Actual,Apr,15313807820,0.5188,-11987201022,0.0782
TTL VSA,PJ,2024,Op,Actual,May,9235526900,0.6031,-3918839304,0.0472
TTL VSA,PJ,2024,Op,Actual,Jun,9237974843,1.0003,1316417646,0.0472
TTL VSA,PJ,2024,Op,Actual,Jul,40938189900,4.4315,6946538474,0.209
TTL VSA,PJ,2024,Op,Actual,Aug,7039340652,0.172,-27061462492,0.0359
TTL VSA,PJ,2024,Op,Actual,Sep,35723545098,5.0748,23527985262,0.1824
TTL VSA,PJ,2024,Op,Actual,Oct,14133279909,0.3956,-26116981317,0.0722
TTL VSA,PJ,2024,Op,Actual,Nov,113147104,0.008,-51588519352,0.0006
TTL VSA,PJ,2024,Op,Actual,Dec,17145299275,151.531,1079248773,0.0875
TTL VSA,PJ,2024,Op,Budget,Jan,8088039921,,0,0.0268
TTL VSA,PJ,2024,Op,Budget,Feb,42817340306,5.2939,0,0.1419
TTL VSA,PJ,2024,Op,Budget,Mar,14169370773,0.3309,0,0.047
TTL VSA,PJ,2024,Op,Budget,Apr,27301008842,1.9268,0,0.0905
TTL VSA,PJ,2024,Op,Budget,May,13154366204,0.4818,0,0.0436
TTL VSA,PJ,2024,Op,Budget,Jun,7921557197,0.6022,0,0.0263
TTL VSA,PJ,2024,Op,Budget,Jul,33991651426,4.291,0,0.1126
TTL VSA,PJ,2024,Op,Budget,Aug,34100803144,1.0032,0,0.113
TTL VSA,PJ,2024,Op,Budget,Sep,12195559836,0.3576,0,0.0404
TTL VSA,PJ,2024,Op,Budget,Oct,40250261226,3.3004,0,0.1334
TTL VSA,PJ,2024,Op,Budget,Nov,51701666456,1.2845,0,0.1713
TTL VSA,PJ,2024,Op,Budget,Dec,16066050502,0.3107,0,0.0532
TTL VSA,PJ,2024,Op,Forecast,Jan,25143640532,,17055600611,0.0911
TTL VSA,PJ,2024,Op,Forecast,Feb,6061688836,0.2411,-36755651470,0.022
TTL VSA,PJ,2024,Op,Forecast,Mar,26410453939,4.3569,12241083166,0.0957
TTL VSA,PJ,2024,Op,Forecast,Apr,27271057326,1.0326,-29951516,0.0988
TTL VSA,PJ,2024,Op,Forecast,May,10154207750,0.3723,-3000158454,0.0368
TTL VSA,PJ,2024,Op,Forecast,Jun,18245622415,1.7969,10324065218,0.0661
TTL VSA,PJ,2024,Op,Forecast,Jul,33309697637,1.8256,-681953789,0.1206
TTL VSA,PJ,2024,Op,Forecast,Aug,30573309766,0.9179,-3527493378,0.1107
TTL VSA,PJ,2024,Op,Forecast,Sep,42862006540,1.4019,30666446704,0.1552
TTL VSA,PJ,2024,Op,Forecast,Oct,13090743635,0.3054,-27159517591,0.0474
TTL VSA,PJ,2024,Op,Forecast,Nov,16863426830,1.2882,-34838239626,0.0611
TTL VSA,PJ,2024,Op,Forecast,Dec,26125155603,1.5492,10059105101,0.0946
TTL VSA,PJ,2025,Gross,Actual,Jan,25551375132,,4476540208,0.0666
TTL VSA,PJ,2025,Gross,Actual,Feb,34879150300,1.3651,6239861228,0.0909
TTL VSA,PJ,2025,Gross,Actual,Mar,33454083900,0.9591,-16205661938,0.0872
TTL VSA,PJ,2025,Gross,Actual,Apr,35939244100,1.0743,9841918039,0.0937
TTL VSA,PJ,2025,Gross,Actual,May,15889394300,0.4421,2272115051,0.0414
TTL VSA,PJ,2025,Gross,Actual,Jun,20800000000,1.309,7529828845,0.0542
TTL VSA,PJ,2025,Gross,Actual,Jul,33748442900,1.6225,31804076867,0.088
TTL VSA,PJ,2025,Gross,Actual,Aug,30153850500,0.8935,-10828775914,0.0786
TTL VSA,PJ,2025,Gross,Actual,Sep,43158041100,1.4313,37703246948,0.1125
TTL VSA,PJ,2025,Gross,Actual,Oct,35941291200,0.8328,27720141493,0.0937
TTL VSA,PJ,2025,Gross,Actual,Nov,38431860200,1.0693,1503332395,0.1002
TTL VSA,PJ,2025,Gross,Actual,Dec,35687830000,0.9286,9783883183,0.093
TTL VSA,PJ,2025,Gross,Budget,Jan,21074834924,,0,0.0775
TTL VSA,PJ,2025,Gross,Budget,Feb,28639289072,1.3589,0,0.1054
TTL VSA,PJ,2025,Gross,Budget,Mar,49659745838,1.734,0,0.1827
TTL VSA,PJ,2025,Gross,Budget,Apr,26097326061,0.5255,0,0.096
TTL VSA,PJ,2025,Gross,Budget,May,13617279249,0.5218,0,0.0501
TTL VSA,PJ,2025,Gross,Budget,Jun,13270171155,0.9745,0,0.0488
TTL VSA,PJ,2025,Gross,Budget,Jul,1944366033,0.1465,0,0.0072
TTL VSA,PJ,2025,Gross,Budget,Aug,40982626414,21.0776,0,0.1508
TTL VSA,PJ,2025,Gross,Budget,Sep,5454794152,0.1331,0,0.0201
TTL VSA,PJ,2025,Gross,Budget,Oct,8221149707,1.5071,0,0.0302
TTL VSA,PJ,2025,Gross,Budget,Nov,36928527805,4.4919,0,0.1359
TTL VSA,PJ,2025,Gross,Budget,Dec,25903946817,0.7015,0,0.0953
TTL VSA,PJ,2025,Gross,Forecast,Jan,38096245734,,17021410810,0.0926
TTL VSA,PJ,2025,Gross,Forecast,Feb,22888793713,0.6008,-5750495359,0.0556
TTL VSA,PJ,2025,Gross,Forecast,Mar,39929077869,1.7445,-9730667969,0.097
TTL VSA,PJ,2025,Gross,Forecast,Apr,26375021256,0.6605,277695195,0.0641
TTL VSA,PJ,2025,Gross,Forecast,May,12069816362,0.4576,-1547462887,0.0293
TTL VSA,PJ,2025,Gross,Forecast,Jun,28781060048,2.3845,15510888893,0.0699
TTL VSA,PJ,2025,Gross,Forecast,Jul,40291995728,1.3999,38347629695,0.0979
TTL VSA,PJ,2025,Gross,Forecast,Aug,44605409539,1.1071,3622783125,0.1084
TTL VSA,PJ,2025,Gross,Forecast,Sep,21886295159,0.4907,16431501007,0.0532
TTL VSA,PJ,2025,Gross,Forecast,Oct,31946547880,1.4597,23725398173,0.0776
TTL VSA,PJ,2025,Gross,Forecast,Nov,57359467805,1.7955,20430940000,0.1394
TTL VSA,PJ,2025,Gross,Forecast,Dec,47224843677,0.8233,21320896860,0.1148
TTL VSA,PJ,2025,Net,Actual,Jan,19339189874,,3112442667,0.0607
TTL VSA,PJ,2025,Net,Actual,Feb,29094889900,1.5045,16789923772,0.0914
TTL VSA,PJ,2025,Net,Actual,Mar,24581319000,0.8449,-1987204281,0.0772
TTL VSA,PJ,2025,Net,Actual,Apr,29673313500,1.2071,14980726768,0.0932
TTL VSA,PJ,2025,Net,Actual,May,12188785800,0.4108,2591711590,0.0383
TTL VSA,PJ,2025,Net,Actual,Jun,19142923600,1.5705,10280621213,0.0601
TTL VSA,PJ,2025,Net,Actual,Jul,29318028300,1.5315,22775177661,0.0921
TTL VSA,PJ,2025,Net,Actual,Aug,25606190300,0.8734,-8378210045,0.0804
TTL VSA,PJ,2025,Net,Actual,Sep,36562809700,1.4279,33077529665,0.1148
TTL VSA,PJ,2025,Net,Actual,Oct,28971689400,0.7924,24479222765,0.091
TTL VSA,PJ,2025,Net,Actual,Nov,35496469000,1.2252,28981758654,0.1115
TTL VSA,PJ,2025,Net,Actual,Dec,28430000000,0.8009,4495476140,0.0893
TTL VSA,PJ,2025,Net,Budget,Jan,16226747207,,0,0.097
TTL VSA,PJ,2025,Net,Budget,Feb,12304966128,0.7583,0,0.0736
TTL VSA,PJ,2025,Net,Budget,Mar,26568523281,2.1592,0,0.1589
TTL VSA,PJ,2025,Net,Budget,Apr,14692586732,0.553,0,0.0879
TTL VSA,PJ,2025,Net,Budget,May,9597074210,0.6532,0,0.0574
TTL VSA,PJ,2025,Net,Budget,Jun,8862302387,0.9234,0,0.053
TTL VSA,PJ,2025,Net,Budget,Jul,6542850639,0.7383,0,0.0391
TTL VSA,PJ,2025,Net,Budget,Aug,33984400345,5.1941,0,0.2032
TTL VSA,PJ,2025,Net,Budget,Sep,3485280035,0.1026,0,0.0208
TTL VSA,PJ,2025,Net,Budget,Oct,4492466635,1.289,0,0.0269
TTL VSA,PJ,2025,Net,Budget,Nov,6514710346,1.4501,0,0.039
TTL VSA,PJ,2025,Net,Budget,Dec,23934523860,3.6739,0,0.1431
TTL VSA,PJ,2025,Net,Forecast,Jan,28870683661,,12643936454,0.1078
TTL VSA,PJ,2025,Net,Forecast,Feb,17445532912,0.6043,5140566784,0.0651
TTL VSA,PJ,2025,Net,Forecast,Mar,24093648964,1.3811,-2474874317,0.0899
TTL VSA,PJ,2025,Net,Forecast,Apr,43390575964,1.8009,28697989232,0.162
TTL VSA,PJ,2025,Net,Forecast,May,2914496550,0.0672,-6682577660,0.0109
TTL VSA,PJ,2025,Net,Forecast,Jun,15687804585,5.3827,6825502198,0.0586
TTL VSA,PJ,2025,Net,Forecast,Jul,6920060373,0.4411,377209734,0.0258
TTL VSA,PJ,2025,Net,Forecast,Aug,37354709294,5.398,3370308949,0.1394
TTL VSA,PJ,2025,Net,Forecast,Sep,23693093811,0.6343,20207813776,0.0884
TTL VSA,PJ,2025,Net,Forecast,Oct,17956153217,0.7579,13463686582,0.067
TTL VSA,PJ,2025,Net,Forecast,Nov,32817397187,1.8276,26302686841,0.1225
TTL VSA,PJ,2025,Net,Forecast,Dec,16774714855,0.5112,-7159809005,0.0626
TTL VSA,PJ,2025,Op,Actual,Jan,19339189874,,-202774688,0.0607
TTL VSA,PJ,2025,Op,Actual,Feb,29094889900,1.5045,-10198613175,0.0914
TTL VSA,PJ,2025,Op,Actual,Mar,24581319000,0.8449,3653354456,0.0772
TTL VSA,PJ,2025,Op,Actual,Apr,29673313500,1.2071,20636773961,0.0932
TTL VSA,PJ,2025,Op,Actual,May,12188785800,0.4108,10414725604,0.0383
TTL VSA,PJ,2025,Op,Actual,Jun,19142923600,1.5705,11749645839,0.0601
TTL VSA,PJ,2025,Op,Actual,Jul,29318028300,1.5315,14349439297,0.0921
TTL VSA,PJ,2025,Op,Actual,Aug,25606190300,0.8734,8280436136,0.0804
TTL VSA,PJ,2025,Op,Actual,Sep,36562809700,1.4279,-9579842943,0.1148
TTL VSA,PJ,2025,Op,Actual,Oct,28971689400,0.7924,17493419804,0.091
TTL VSA,PJ,2025,Op,Actual,Nov,35496469000,1.2252,19676009766,0.1115
TTL VSA,PJ,2025,Op,Actual,Dec,28430000000,0.8009,-12482476400,0.0893
TTL VSA,PJ,2025,Op,Budget,Jan,19541964562,,0,0.0799
TTL VSA,PJ,2025,Op,Budget,Feb,39293503075,2.0107,0,0.1606
TTL VSA,PJ,2025,Op,Budget,Mar,20927964544,0.5326,0,0.0856
TTL VSA,PJ,2025,Op,Budget,Apr,9036539539,0.4318,0,0.0369
TTL VSA,PJ,2025,Op,Budget,May,1774060196,0.1963,0,0.0073
TTL VSA,PJ,2025,Op,Budget,Jun,7393277761,4.1674,0,0.0302
TTL VSA,PJ,2025,Op,Budget,Jul,14968589003,2.0246,0,0.0612
TTL VSA,PJ,2025,Op,Budget,Aug,17325754164,1.1575,0,0.0708
TTL VSA,PJ,2025,Op,Budget,Sep,46142652643,2.6632,0,0.1886
TTL VSA,PJ,2025,Op,Budget,Oct,11478269596,0.2488,0,0.0469
TTL VSA,PJ,2025,Op,Budget,Nov,15820459234,1.3783,0,0.0647
TTL VSA,PJ,2025,Op,Budget,Dec,40912476400,2.586,0,0.1673
TTL VSA,PJ,2025,Op,Forecast,Jan,5840391073,,-13701573489,0.028
TTL VSA,PJ,2025,Op,Forecast,Feb,42231052197,7.2309,2937549122,0.2021
TTL VSA,PJ,2025,Op,Forecast,Mar,3218804359,0.0762,-17709160185,0.0154
TTL VSA,PJ,2025,Op,Forecast,Apr,32315599838,10.0396,23279060299,0.1547
TTL VSA,PJ,2025,Op,Forecast,May,482259130,0.0149,-1291801066,0.0023
TTL VSA,PJ,2025,Op,Forecast,Jun,3372245756,6.9926,-4021032005,0.0161
TTL VSA,PJ,2025,Op,Forecast,Jul,22629922562,6.7106,7661333559,0.1083
TTL VSA,PJ,2025,Op,Forecast,Aug,12154981145,0.5371,-5170773019,0.0582
TTL VSA,PJ,2025,Op,Forecast,Sep,33355803910,2.7442,-12786848733,0.1597
TTL VSA,PJ,2025,Op,Forecast,Oct,28990043855,0.8691,17511774259,0.1388
TTL VSA,PJ,2025,Op,Forecast,Nov,6603817128,0.2278,-9216642106,0.0316
TTL VSA,PJ,2025,Op,Forecast,Dec,17733889765,2.6854,-23178586635,0.0849
TTL VSCN,CDE,2024,Gross,Actual,Jan,946243556,,-11479389197,0.0186
TTL VSCN,CDE,2024,Gross,Actual,Feb,11255471215,11.8949,5820892676,0.2211
TTL VSCN,CDE,2024,Gross,Actual,Mar,3231727617,0.2871,-3399198442,0.0635
TTL VSCN,CDE,2024,Gross,Actual,Apr,2142706796,0.663,1890285689,0.0421
TTL VSCN,CDE,2024,Gross,Actual,May,752468412,0.3512,-427416411,0.0148
TTL VSCN,CDE,2024,Gross,Actual,Jun,2516067580,3.3438,-503521276,0.0494
TTL VSCN,CDE,2024,Gross,Actual,Jul,1997768697,0.794,-5663511950,0.0392
TTL VSCN,CDE,2024,Gross,Actual,Aug,4470598968,2.2378,3942367425,0.0878
TTL VSCN,CDE,2024,Gross,Actual,Sep,3605994146,0.8066,2536609227,0.0708
TTL VSCN,CDE,2024,Gross,Actual,Oct,7026494765,1.9486,-573760947,0.138
TTL VSCN,CDE,2024,Gross,Actual,Nov,6799079683,0.9676,-1027823727,0.1336
TTL VSCN,CDE,2024,Gross,Actual,Dec,6164567201,0.9067,2326132537,0.1211
TTL VSCN,CDE,2024,Gross,Budget,Jan,12425632753,,0,0.2162
TTL VSCN,CDE,2024,Gross,Budget,Feb,5434578539,0.4374,0,0.0946
TTL VSCN,CDE,2024,Gross,Budget,Mar,6630926059,1.2201,0,0.1154
TTL VSCN,CDE,2024,Gross,Budget,Apr,252421107,0.0381,0,0.0044
TTL VSCN,CDE,2024,Gross,Budget,May,1179884823,4.6743,0,0.0205
TTL VSCN,CDE,2024,Gross,Budget,Jun,3019588856,2.5592,0,0.0525
TTL VSCN,CDE,2024,Gross,Budget,Jul,7661280647,2.5372,0,0.1333
TTL VSCN,CDE,2024,Gross,Budget,Aug,528231543,0.0689,0,0.0092
TTL VSCN,CDE,2024,Gross,Budget,Sep,1069384919,2.0245,0,0.0186
TTL VSCN,CDE,2024,Gross,Budget,Oct,7600255712,7.1071,0,0.1323
TTL VSCN,CDE,2024,Gross,Budget,Nov,7826903410,1.0298,0,0.1362
TTL VSCN,CDE,2024,Gross,Budget,Dec,3838434664,0.4904,0,0.0668
TTL VSCN,CDE,2024,Gross,Forecast,Jan,4775223828,,-7650408925,0.0648
TTL VSCN,CDE,2024,Gross,Forecast,Feb,11817396326,2.4747,6382817787,0.1603
TTL VSCN,CDE,2024,Gross,Forecast,Mar,7114800287,0.6021,483874228,0.0965
TTL VSCN,CDE,2024,Gross,Forecast,Apr,211780298,0.0298,-40640809,0.0029
TTL VSCN,CDE,2024,Gross,Forecast,May,7625318645,36.0058,6445433822,0.1034
TTL VSCN,CDE,2024,Gross,Forecast,Jun,5037219593,0.6606,2017630737,0.0683
TTL VSCN,CDE,2024,Gross,Forecast,Jul,213993603,0.0425,-7447287044,0.0029
TTL VSCN,CDE,2024,Gross,Forecast,Aug,10196534966,47.6488,9668303423,0.1383
TTL VSCN,CDE,2024,Gross,Forecast,Sep,8593015374,0.8427,7523630455,0.1166
TTL VSCN,CDE,2024,Gross,Forecast,Oct,3011610926,0.3505,-4588644786,0.0409
TTL VSCN,CDE,2024,Gross,Forecast,Nov,4318572553,1.434,-3508330857,0.0586
TTL VSCN,CDE,2024,Gross,Forecast,Dec,10798660957,2.5005,6960226293,0.1465
TTL VSCN,CDE,2024,Net,Actual,Jan,11115914100,,4549836994,0.1507
TTL VSCN,CDE,2024,Net,Actual,Feb,6728288759,0.6053,-4197764833,0.0912
TTL VSCN,CDE,2024,Net,Actual,Mar,11209185769,1.666,7699184535,0.152
TTL VSCN,CDE,2024,Net,Actual,Apr,4636795358,0.4137,-1904972972,0.0629
TTL VSCN,CDE,2024,Net,Actual,May,9083699050,1.959,4496767595,0.1232
TTL VSCN,CDE,2024,Net,Actual,Jun,4233376055,0.466,-1848423630,0.0574
TTL VSCN,CDE,2024,Net,Actual,Jul,1655615033,0.3911,-1606146011,0.0225
TTL VSCN,CDE,2024,Net,Actual,Aug,5744690411,3.4698,2306060106,0.0779
TTL VSCN,CDE,2024,Net,Actual,Sep,8391312517,1.4607,4838016967,0.1138
TTL VSCN,CDE,2024,Net,Actual,Oct,3806174939,0.4536,-3815780549,0.0516
TTL VSCN,CDE,2024,Net,Actual,Nov,4496327592,1.1813,1601006098,0.061
TTL VSCN,CDE,2024,Net,Actual,Dec,2642405017,0.5877,-5168228971,0.0358
TTL VSCN,CDE,2024,Net,Budget,Jan,6566077106,,0,0.0983
TTL VSCN,CDE,2024,Net,Budget,Feb,10926053592,1.664,0,0.1636
TTL VSCN,CDE,2024,Net,Budget,Mar,3510001234,0.3213,0,0.0525
TTL VSCN,CDE,2024,Net,Budget,Apr,6541768330,1.8638,0,0.0979
TTL VSCN,CDE,2024,Net,Budget,May,4586931455,0.7012,0,0.0687
TTL VSCN,CDE,2024,Net,Budget,Jun,6081799685,1.3259,0,0.0911
TTL VSCN,CDE,2024,Net,Budget,Jul,3261761044,0.5363,0,0.0488
TTL VSCN,CDE,2024,Net,Budget,Aug,3438630305,1.0542,0,0.0515
TTL VSCN,CDE,2024,Net,Budget,Sep,3553295550,1.0333,0,0.0532
TTL VSCN,CDE,2024,Net,Budget,Oct,7621955488,2.145,0,0.1141
TTL VSCN,CDE,2024,Net,Budget,Nov,2895321494,0.3799,0,0.0433
TTL VSCN,CDE,2024,Net,Budget,Dec,7810633988,2.6977,0,0.1169
TTL VSCN,CDE,2024,Net,Forecast,Jan,10994821303,,4428744197,0.1946
TTL VSCN,CDE,2024,Net,Forecast,Feb,4740853605,0.4312,-6185199987,0.0839
TTL VSCN,CDE,2024,Net,Forecast,Mar,1860552184,0.3925,-1649449050,0.0329
TTL VSCN,CDE,2024,Net,Forecast,Apr,704769468,0.3788,-5836998862,0.0125
TTL VSCN,CDE,2024,Net,Forecast,May,6995967837,9.9266,2409036382,0.1238
TTL VSCN,CDE,2024,Net,Forecast,Jun,5060874375,0.7234,-1020925310,0.0896
TTL VSCN,CDE,2024,Net,Forecast,Jul,3128694254,0.6182,-133066790,0.0554
TTL VSCN,CDE,2024,Net,Forecast,Aug,3728906993,1.1918,290276688,0.066
TTL VSCN,CDE,2024,Net,Forecast,Sep,3235818493,0.8678,-317477057,0.0573
TTL VSCN,CDE,2024,Net,Forecast,Oct,5922343681,1.8302,-1699611807,0.1048
TTL VSCN,CDE,2024,Net,Forecast,Nov,9505410824,1.605,6610089330,0.1682
TTL VSCN,CDE,2024,Net,Forecast,Dec,628149512,0.0661,-7182484476,0.0111
TTL VSCN,CDE,2024,Op,Actual,Jan,10616186068,,5828918604,0.1362
TTL VSCN,CDE,2024,Op,Actual,Feb,4826626593,0.4546,-1338064046,0.0619
TTL VSCN,CDE,2024,Op,Actual,Mar,8156233852,1.6898,2709898686,0.1047
TTL VSCN,CDE,2024,Op,Actual,Apr,3500922643,0.4292,-3963833985,0.0449
TTL VSCN,CDE,2024,Op,Actual,May,11074892422,3.1634,8397854622,0.1421
TTL VSCN,CDE,2024,Op,Actual,Jun,8656566109,0.7816,4729136068,0.1111
TTL VSCN,CDE,2024,Op,Actual,Jul,6651569371,0.7684,1509223362,0.0854
TTL VSCN,CDE,2024,Op,Actual,Aug,1370730789,0.2061,-2497103254,0.0176
TTL VSCN,CDE,2024,Op,Actual,Sep,7270024869,5.3038,4216975820,0.0933
TTL VSCN,CDE,2024,Op,Actual,Oct,6494524839,0.8933,3168631397,0.0833
TTL VSCN,CDE,2024,Op,Actual,Nov,8043897458,1.2386,5961681581,0.1032
TTL VSCN,CDE,2024,Op,Actual,Dec,1269362559,0.1578,-5266383923,0.0163
TTL VSCN,CDE,2024,Op,Budget,Jan,4787267464,,0,0.0879
TTL VSCN,CDE,2024,Op,Budget,Feb,6164690639,1.2877,0,0.1132
TTL VSCN,CDE,2024,Op,Budget,Mar,5446335166,0.8835,0,0.1
TTL VSCN,CDE,2024,Op,Budget,Apr,7464756628,1.3706,0,0.137
TTL VSCN,CDE,2024,Op,Budget,May,2677037800,0.3586,0,0.0491
TTL VSCN,CDE,2024,Op,Budget,Jun,3927430041,1.4671,0,0.0721
TTL VSCN,CDE,2024,Op,Budget,Jul,5142346009,1.3093,0,0.0944
TTL VSCN,CDE,2024,Op,Budget,Aug,3867834043,0.7522,0,0.071
TTL VSCN,CDE,2024,Op,Budget,Sep,3053049049,0.7893,0,0.056
TTL VSCN,CDE,2024,Op,Budget,Oct,3325893442,1.0894,0,0.0611
TTL VSCN,CDE,2024,Op,Budget,Nov,2082215877,0.6261,0,0.0382
TTL VSCN,CDE,2024,Op,Budget,Dec,6535746482,3.1388,0,0.12
TTL VSCN,CDE,2024,Op,Forecast,Jan,4460681878,,-326585586,0.0816
TTL VSCN,CDE,2024,Op,Forecast,Feb,5393125123,1.209,-771565516,0.0987
TTL VSCN,CDE,2024,Op,Forecast,Mar,6456987105,1.1973,1010651939,0.1182
TTL VSCN,CDE,2024,Op,Forecast,Apr,8610317485,1.3335,1145560857,0.1576
TTL VSCN,CDE,2024,Op,Forecast,May,7354406774,0.8541,4677368974,0.1346
TTL VSCN,CDE,2024,Op,Forecast,Jun,1760131462,0.2393,-2167298579,0.0322
TTL VSCN,CDE,2024,Op,Forecast,Jul,1955558916,1.111,-3186787093,0.0358
TTL VSCN,CDE,2024,Op,Forecast,Aug,7185942401,3.6746,3318108358,0.1315
TTL VSCN,CDE,2024,Op,Forecast,Sep,9693192843,1.3489,6640143794,0.1774
TTL VSCN,CDE,2024,Op,Forecast,Oct,228237855,0.0235,-3097655587,0.0042
TTL VSCN,CDE,2024,Op,Forecast,Nov,355593749,1.558,-1726622128,0.0065
TTL VSCN,CDE,2024,Op,Forecast,Dec,1194720127,3.3598,-5341026355,0.0219
TTL VSCN,CDE,2025,Gross,Actual,Jan,3761188619,,1246130998,0.051
TTL VSCN,CDE,2025,Gross,Actual,Feb,2843790408,0.7561,-4664474043,0.0386
TTL VSCN,CDE,2025,Gross,Actual,Mar,10573556263,3.7181,2471569835,0.1435
TTL VSCN,CDE,2025,Gross,Actual,Apr,3347792908,0.3166,-610508473,0.0454
TTL VSCN,CDE,2025,Gross,Actual,May,10411662337,3.11,7392434416,0.1413
TTL VSCN,CDE,2025,Gross,Actual,Jun,4678628954,0.4494,660743715,0.0635
TTL VSCN,CDE,2025,Gross,Actual,Jul,7360585775,1.5732,6106634065,0.0999
TTL VSCN,CDE,2025,Gross,Actual,Aug,9637563478,1.3093,4491249052,0.1308
TTL VSCN,CDE,2025,Gross,Actual,Sep,917759500,0.0952,-4335914788,0.0125
TTL VSCN,CDE,2025,Gross,Actual,Oct,631226838,0.6878,-2272083008,0.0086
TTL VSCN,CDE,2025,Gross,Actual,Nov,10806352760,17.1196,2927639888,0.1466
TTL VSCN,CDE,2025,Gross,Actual,Dec,8732174627,0.8081,3598165938,0.1185
TTL VSCN,CDE,2025,Gross,Budget,Jan,2515057621,,0,0.0444
TTL VSCN,CDE,2025,Gross,Budget,Feb,7508264451,2.9853,0,0.1324
TTL VSCN,CDE,2025,Gross,Budget,Mar,8101986428,1.0791,0,0.1429
TTL VSCN,CDE,2025,Gross,Budget,Apr,3958301381,0.4886,0,0.0698
TTL VSCN,CDE,2025,Gross,Budget,May,3019227921,0.7628,0,0.0533
TTL VSCN,CDE,2025,Gross,Budget,Jun,4017885239,1.3308,0,0.0709
TTL VSCN,CDE,2025,Gross,Budget,Jul,1253951710,0.3121,0,0.0221
TTL VSCN,CDE,2025,Gross,Budget,Aug,5146314426,4.1041,0,0.0908
TTL VSCN,CDE,2025,Gross,Budget,Sep,5253674288,1.0209,0,0.0927
TTL VSCN,CDE,2025,Gross,Budget,Oct,2903309846,0.5526,0,0.0512
TTL VSCN,CDE,2025,Gross,Budget,Nov,7878712872,2.7137,0,0.139
TTL VSCN,CDE,2025,Gross,Budget,Dec,5134008689,0.6516,0,0.0906
TTL VSCN,CDE,2025,Gross,Forecast,Jan,1867213333,,-647844288,0.0352
TTL VSCN,CDE,2025,Gross,Forecast,Feb,554211409,0.2968,-6954053042,0.0104
TTL VSCN,CDE,2025,Gross,Forecast,Mar,2951496181,5.3256,-5150490247,0.0556
TTL VSCN,CDE,2025,Gross,Forecast,Apr,3333434756,1.1294,-624866625,0.0628
TTL VSCN,CDE,2025,Gross,Forecast,May,6131657122,1.8394,3112429201,0.1155
TTL VSCN,CDE,2025,Gross,Forecast,Jun,7522205139,1.2268,3504319900,0.1417
TTL VSCN,CDE,2025,Gross,Forecast,Jul,4453427731,0.592,3199476021,0.0839
TTL VSCN,CDE,2025,Gross,Forecast,Aug,6025632787,1.353,879318361,0.1135
TTL VSCN,CDE,2025,Gross,Forecast,Sep,8182629482,1.358,2928955194,0.1541
TTL VSCN,CDE,2025,Gross,Forecast,Oct,7200616258,0.88,4297306412,0.1356
TTL VSCN,CDE,2025,Gross,Forecast,Nov,2377925423,0.3302,-5500787449,0.0448
TTL VSCN,CDE,2025,Gross,Forecast,Dec,2493286671,1.0485,-2640722018,0.047
TTL VSCN,CDE,2025,Net,Actual,Jan,462913553,,-11623274330,0.009
TTL VSCN,CDE,2025,Net,Actual,Feb,8359693851,18.0589,7691889484,0.1632
TTL VSCN,CDE,2025,Net,Actual,Mar,6141356404,0.7346,2036630687,0.1199
TTL VSCN,CDE,2025,Net,Actual,Apr,1128585127,0.1838,-3697378122,0.022
TTL VSCN,CDE,2025,Net,Actual,May,5425025141,4.8069,5223685637,0.1059
TTL VSCN,CDE,2025,Net,Actual,Jun,4274658787,0.788,2987486122,0.0834
TTL VSCN,CDE,2025,Net,Actual,Jul,4925576463,1.1523,-3678178042,0.0961
TTL VSCN,CDE,2025,Net,Actual,Aug,2298725305,0.4667,-651270250,0.0449
TTL VSCN,CDE,2025,Net,Actual,Sep,3155337321,1.3726,-2314113758,0.0616
TTL VSCN,CDE,2025,Net,Actual,Oct,9991123140,3.1664,708545554,0.195
TTL VSCN,CDE,2025,Net,Actual,Nov,63208023,0.0063,-8347218046,0.0012
TTL VSCN,CDE,2025,Net,Actual,Dec,5012348588,79.2992,-1703092038,0.0978
TTL VSCN,CDE,2025,Net,Budget,Jan,12086187883,,0,0.1871
TTL VSCN,CDE,2025,Net,Budget,Feb,667804367,0.0553,0,0.0103
TTL VSCN,CDE,2025,Net,Budget,Mar,4104725717,6.1466,0,0.0635
TTL VSCN,CDE,2025,Net,Budget,Apr,4825963249,1.1757,0,0.0747
TTL VSCN,CDE,2025,Net,Budget,May,201339504,0.0417,0,0.0031
TTL VSCN,CDE,2025,Net,Budget,Jun,1287172665,6.393,0,0.0199
TTL VSCN,CDE,2025,Net,Budget,Jul,8603754505,6.6842,0,0.1332
TTL VSCN,CDE,2025,Net,Budget,Aug,2949995555,0.3429,0,0.0457
TTL VSCN,CDE,2025,Net,Budget,Sep,5469451079,1.8541,0,0.0847
TTL VSCN,CDE,2025,Net,Budget,Oct,9282577586,1.6972,0,0.1437
TTL VSCN,CDE,2025,Net,Budget,Nov,8410426069,0.906,0,0.1302
TTL VSCN,CDE,2025,Net,Budget,Dec,6715440626,0.7985,0,0.1039
TTL VSCN,CDE,2025,Net,Forecast,Jan,5422931327,,-6663256556,0.0777
TTL VSCN,CDE,2025,Net,Forecast,Feb,5326402774,0.9822,4658598407,0.0764
TTL VSCN,CDE,2025,Net,Forecast,Mar,6401558445,1.2019,2296832728,0.0918
TTL VSCN,CDE,2025,Net,Forecast,Apr,1786617955,0.2791,-3039345294,0.0256
TTL VSCN,CDE,2025,Net,Forecast,May,8129009740,4.5499,7927670236,0.1165
TTL VSCN,CDE,2025,Net,Forecast,Jun,5037751866,0.6197,3750579201,0.0722
TTL VSCN,CDE,2025,Net,Forecast,Jul,1590956800,0.3158,-7012797705,0.0228
TTL VSCN,CDE,2025,Net,Forecast,Aug,4332879598,2.7234,1382884043,0.0621
TTL VSCN,CDE,2025,Net,Forecast,Sep,3846200977,0.8877,-1623250102,0.0551
TTL VSCN,CDE,2025,Net,Forecast,Oct,8121650094,2.1116,-1160927492,0.1164
TTL VSCN,CDE,2025,Net,Forecast,Nov,9280692212,1.1427,870266143,0.133
TTL VSCN,CDE,2025,Net,Forecast,Dec,10478543698,1.1291,3763103072,0.1502
TTL VSCN,CDE,2025,Op,Actual,Jan,7743791936,,3899634960,0.1073
TTL VSCN,CDE,2025,Op,Actual,Feb,9119354131,1.1776,6511869465,0.1263
TTL VSCN,CDE,2025,Op,Actual,Mar,7080896491,0.7765,1027552435,0.0981
TTL VSCN,CDE,2025,Op,Actual,Apr,3080937768,0.4351,-3910456612,0.0427
TTL VSCN,CDE,2025,Op,Actual,May,2432270971,0.7895,-4611708579,0.0337
TTL VSCN,CDE,2025,Op,Actual,Jun,5728293408,2.3551,5019822754,0.0793
TTL VSCN,CDE,2025,Op,Actual,Jul,7594434458,1.3258,7428164007,0.1052
TTL VSCN,CDE,2025,Op,Actual,Aug,3505438557,0.4616,1671420844,0.0486
TTL VSCN,CDE,2025,Op,Actual,Sep,6509127649,1.8569,1606511676,0.0902
TTL VSCN,CDE,2025,Op,Actual,Oct,7900716066,1.2138,5007882958,0.1094
TTL VSCN,CDE,2025,Op,Actual,Nov,5321622448,0.6736,1998329587,0.0737
TTL VSCN,CDE,2025,Op,Actual,Dec,6181241903,1.1615,-390953633,0.0856
TTL VSCN,CDE,2025,Op,Budget,Jan,3844156976,,0,0.0819
TTL VSCN,CDE,2025,Op,Budget,Feb,2607484666,0.6783,0,0.0555
TTL VSCN,CDE,2025,Op,Budget,Mar,6053344056,2.3215,0,0.129
TTL VSCN,CDE,2025,Op,Budget,Apr,6991394380,1.155,0,0.1489
TTL VSCN,CDE,2025,Op,Budget,May,7043979550,1.0075,0,0.1501
TTL VSCN,CDE,2025,Op,Budget,Jun,708470654,0.1006,0,0.0151
TTL VSCN,CDE,2025,Op,Budget,Jul,166270451,0.2347,0,0.0035
TTL VSCN,CDE,2025,Op,Budget,Aug,1834017713,11.0303,0,0.0391
TTL VSCN,CDE,2025,Op,Budget,Sep,4902615973,2.6732,0,0.1044
TTL VSCN,CDE,2025,Op,Budget,Oct,2892833108,0.5901,0,0.0616
TTL VSCN,CDE,2025,Op,Budget,Nov,3323292861,1.1488,0,0.0708
TTL VSCN,CDE,2025,Op,Budget,Dec,6572195536,1.9776,0,0.14
TTL VSCN,CDE,2025,Op,Forecast,Jan,2434091656,,-1410065320,0.0486
TTL VSCN,CDE,2025,Op,Forecast,Feb,2068045503,0.8496,-539439163,0.0413
TTL VSCN,CDE,2025,Op,Forecast,Mar,11218515863,5.4247,5165171807,0.224
TTL VSCN,CDE,2025,Op,Forecast,Apr,1150393100,0.1025,-5841001280,0.023
TTL VSCN,CDE,2025,Op,Forecast,May,3360813138,2.9214,-3683166412,0.0671
TTL VSCN,CDE,2025,Op,Forecast,Jun,225329575,0.067,-483141079,0.0045
TTL VSCN,CDE,2025,Op,Forecast,Jul,5975637761,26.5195,5809367310,0.1193
TTL VSCN,CDE,2025,Op,Forecast,Aug,5869361120,0.9822,4035343407,0.1172
TTL VSCN,CDE,2025,Op,Forecast,Sep,6601746971,1.1248,1699130998,0.1318
TTL VSCN,CDE,2025,Op,Forecast,Oct,8126654146,1.231,5233821038,0.1623
TTL VSCN,CDE,2025,Op,Forecast,Nov,2323934872,0.286,-999357989,0.0464
TTL VSCN,CDE,2025,Op,Forecast,Dec,717214274,0.3086,-5854981262,0.0143
TTL VSCN,PJ,2024,Gross,Actual,Jan,5231181109,,-6566820136,0.0715
TTL VSCN,PJ,2024,Gross,Actual,Feb,5686314113,1.087,-6268334826,0.0777
TTL VSCN,PJ,2024,Gross,Actual,Mar,9910552348,1.7429,2108524058,0.1354
TTL VSCN,PJ,2024,Gross,Actual,Apr,5385806385,0.5434,-3181652933,0.0736
TTL VSCN,PJ,2024,Gross,Actual,May,8673712486,1.6105,4635531098,0.1185
TTL VSCN,PJ,2024,Gross,Actual,Jun,94694365,0.0109,-6229067080,0.0013
TTL VSCN,PJ,2024,Gross,Actual,Jul,3706449249,39.1412,681728060,0.0506
TTL VSCN,PJ,2024,Gross,Actual,Aug,8405786887,2.2679,-474333827,0.1148
TTL VSCN,PJ,2024,Gross,Actual,Sep,987118882,0.1174,-5541274467,0.0135
TTL VSCN,PJ,2024,Gross,Actual,Oct,8276293356,8.3843,1882151582,0.113
TTL VSCN,PJ,2024,Gross,Actual,Nov,5194464633,0.6276,3646173402,0.071
TTL VSCN,PJ,2024,Gross,Actual,Dec,11658901522,2.2445,7107901188,0.1593
TTL VSCN,PJ,2024,Gross,Budget,Jan,11798001245,,0,0.1449
TTL VSCN,PJ,2024,Gross,Budget,Feb,11954648939,1.0133,0,0.1468
TTL VSCN,PJ,2024,Gross,Budget,Mar,7802028290,0.6526,0,0.0958
TTL VSCN,PJ,2024,Gross,Budget,Apr,8567459318,1.0981,0,0.1052
TTL VSCN,PJ,2024,Gross,Budget,May,4038181388,0.4713,0,0.0496
TTL VSCN,PJ,2024,Gross,Budget,Jun,6323761445,1.566,0,0.0777
TTL VSCN,PJ,2024,Gross,Budget,Jul,3024721189,0.4783,0,0.0372
TTL VSCN,PJ,2024,Gross,Budget,Aug,8880120714,2.9358,0,0.1091
TTL VSCN,PJ,2024,Gross,Budget,Sep,6528393349,0.7352,0,0.0802
TTL VSCN,PJ,2024,Gross,Budget,Oct,6394141774,0.9794,0,0.0785
TTL VSCN,PJ,2024,Gross,Budget,Nov,1548291231,0.2421,0,0.019
TTL VSCN,PJ,2024,Gross,Budget,Dec,4551000334,2.9394,0,0.0559
TTL VSCN,PJ,2024,Gross,Forecast,Jan,8063607857,,-3734393388,0.1132
TTL VSCN,PJ,2024,Gross,Forecast,Feb,10283865457,1.2753,-1670783482,0.1443
TTL VSCN,PJ,2024,Gross,Forecast,Mar,3284993201,0.3194,-4517035089,0.0461
TTL VSCN,PJ,2024,Gross,Forecast,Apr,9244933713,2.8143,677474395,0.1297
TTL VSCN,PJ,2024,Gross,Forecast,May,2338456537,0.2529,-1699724851,0.0328
TTL VSCN,PJ,2024,Gross,Forecast,Jun,2689970758,1.1503,-3633790687,0.0377
TTL VSCN,PJ,2024,Gross,Forecast,Jul,8106758860,3.0137,5082037671,0.1138
TTL VSCN,PJ,2024,Gross,Forecast,Aug,9653553854,1.1908,773433140,0.1355
TTL VSCN,PJ,2024,Gross,Forecast,Sep,5785193155,0.5993,-743200194,0.0812
TTL VSCN,PJ,2024,Gross,Forecast,Oct,5015946548,0.867,-1378195226,0.0704
TTL VSCN,PJ,2024,Gross,Forecast,Nov,675214753,0.1346,-873076478,0.0095
TTL VSCN,PJ,2024,Gross,Forecast,Dec,6115728018,9.0575,1564727684,0.0858
TTL VSCN,PJ,2024,Net,Actual,Jan,10781606709,,4195939297,0.1712
TTL VSCN,PJ,2024,Net,Actual,Feb,11648371243,1.0804,8043912389,0.1849
TTL VSCN,PJ,2024,Net,Actual,Mar,6645568782,0.5705,5107505967,0.1055
TTL VSCN,PJ,2024,Net,Actual,Apr,496483814,0.0747,-3372800566,0.0079
TTL VSCN,PJ,2024,Net,Actual,May,909242471,1.8314,-3144380605,0.0144
TTL VSCN,PJ,2024,Net,Actual,Jun,7093616891,7.8017,6323856825,0.1126
TTL VSCN,PJ,2024,Net,Actual,Jul,3855541165,0.5435,-3942683301,0.0612
TTL VSCN,PJ,2024,Net,Actual,Aug,1492510084,0.3871,-787965461,0.0237
TTL VSCN,PJ,2024,Net,Actual,Sep,273954844,0.1836,-1639287681,0.0043
TTL VSCN,PJ,2024,Net,Actual,Oct,8712598798,31.803,-1390924602,0.1383
TTL VSCN,PJ,2024,Net,Actual,Nov,6466975388,0.7423,-580842151,0.1027
TTL VSCN,PJ,2024,Net,Actual,Dec,4605948979,0.7122,-5229343757,0.0731
TTL VSCN,PJ,2024,Net,Budget,Jan,6585667412,,0,0.1109
TTL VSCN,PJ,2024,Net,Budget,Feb,3604458854,0.5473,0,0.0607
TTL VSCN,PJ,2024,Net,Budget,Mar,1538062815,0.4267,0,0.0259
TTL VSCN,PJ,2024,Net,Budget,Apr,3869284380,2.5157,0,0.0651
TTL VSCN,PJ,2024,Net,Budget,May,4053623076,1.0476,0,0.0682
TTL VSCN,PJ,2024,Net,Budget,Jun,769760066,0.1899,0,0.013
TTL VSCN,PJ,2024,Net,Budget,Jul,7798224466,10.1307,0,0.1313
TTL VSCN,PJ,2024,Net,Budget,Aug,2280475545,0.2924,0,0.0384
TTL VSCN,PJ,2024,Net,Budget,Sep,1913242525,0.839,0,0.0322
TTL VSCN,PJ,2024,Net,Budget,Oct,10103523400,5.2808,0,0.1701
TTL VSCN,PJ,2024,Net,Budget,Nov,7047817539,0.6976,0,0.1187
TTL VSCN,PJ,2024,Net,Budget,Dec,9835292736,1.3955,0,0.1656
TTL VSCN,PJ,2024,Net,Forecast,Jan,10856000822,,4270333410,0.1704
TTL VSCN,PJ,2024,Net,Forecast,Feb,4146997763,0.382,542538909,0.0651
TTL VSCN,PJ,2024,Net,Forecast,Mar,4661762223,1.1241,3123699408,0.0732
TTL VSCN,PJ,2024,Net,Forecast,Apr,8531758263,1.8302,4662473883,0.1339
TTL VSCN,PJ,2024,Net,Forecast,May,214543687,0.0251,-3839079389,0.0034
TTL VSCN,PJ,2024,Net,Forecast,Jun,8245546110,38.4329,7475786044,0.1294
TTL VSCN,PJ,2024,Net,Forecast,Jul,148118458,0.018,-7650106008,0.0023
TTL VSCN,PJ,2024,Net,Forecast,Aug,8265364036,55.8024,5984888491,0.1297
TTL VSCN,PJ,2024,Net,Forecast,Sep,7194555011,0.8704,5281312486,0.1129
TTL VSCN,PJ,2024,Net,Forecast,Oct,523735298,0.0728,-9579788102,0.0082
TTL VSCN,PJ,2024,Net,Forecast,Nov,676601252,1.2919,-6371216287,0.0106
TTL VSCN,PJ,2024,Net,Forecast,Dec,10246216220,15.1437,410923484,0.1608
TTL VSCN,PJ,2024,Op,Actual,Jan,3240866390,,-6174151390,0.0603
TTL VSCN,PJ,2024,Op,Actual,Feb,284508972,0.0878,-321296561,0.0053
TTL VSCN,PJ,2024,Op,Actual,Mar,6048139429,21.2582,-5468859237,0.1125
TTL VSCN,PJ,2024,Op,Actual,Apr,8642761134,1.429,4091372056,0.1608
TTL VSCN,PJ,2024,Op,Actual,May,6967674166,0.8062,4785345145,0.1296
TTL VSCN,PJ,2024,Op,Actual,Jun,1543189000,0.2215,-6530932631,0.0287
TTL VSCN,PJ,2024,Op,Actual,Jul,1225877273,0.7944,-4400720560,0.0228
TTL VSCN,PJ,2024,Op,Actual,Aug,1759505197,1.4353,-2236073387,0.0327
TTL VSCN,PJ,2024,Op,Actual,Sep,1170750947,0.6654,-8288759880,0.0218
TTL VSCN,PJ,2024,Op,Actual,Oct,10677816310,9.1205,9445482302,0.1986
TTL VSCN,PJ,2024,Op,Actual,Nov,2538981897,0.2378,-4498790068,0.0472
TTL VSCN,PJ,2024,Op,Actual,Dec,9660692325,3.8049,9048246523,0.1797
TTL VSCN,PJ,2024,Op,Budget,Jan,9415017780,,0,0.1464
TTL VSCN,PJ,2024,Op,Budget,Feb,605805533,0.0643,0,0.0094
TTL VSCN,PJ,2024,Op,Budget,Mar,11516998666,19.011,0,0.1791
TTL VSCN,PJ,2024,Op,Budget,Apr,4551389078,0.3952,0,0.0708
TTL VSCN,PJ,2024,Op,Budget,May,2182329021,0.4795,0,0.0339
TTL VSCN,PJ,2024,Op,Budget,Jun,8074121631,3.6998,0,0.1256
TTL VSCN,PJ,2024,Op,Budget,Jul,5626597833,0.6969,0,0.0875
TTL VSCN,PJ,2024,Op,Budget,Aug,3995578584,0.7101,0,0.0621
TTL VSCN,PJ,2024,Op,Budget,Sep,9459510827,2.3675,0,0.1471
TTL VSCN,PJ,2024,Op,Budget,Oct,1232334008,0.1303,0,0.0192
TTL VSCN,PJ,2024,Op,Budget,Nov,7037771965,5.7109,0,0.1094
TTL VSCN,PJ,2024,Op,Budget,Dec,612445802,0.087,0,0.0095
TTL VSCN,PJ,2024,Op,Forecast,Jan,7382173900,,-2032843880,0.146
TTL VSCN,PJ,2024,Op,Forecast,Feb,439544205,0.0595,-166261328,0.0087
TTL VSCN,PJ,2024,Op,Forecast,Mar,9965580948,22.6725,-1551417718,0.1971
TTL VSCN,PJ,2024,Op,Forecast,Apr,3467166235,0.3479,-1084222843,0.0686
TTL VSCN,PJ,2024,Op,Forecast,May,1437976820,0.4147,-744352201,0.0284
TTL VSCN,PJ,2024,Op,Forecast,Jun,7408340651,5.1519,-665780980,0.1466
TTL VSCN,PJ,2024,Op,Forecast,Jul,2681003824,0.3619,-2945594009,0.053
TTL VSCN,PJ,2024,Op,Forecast,Aug,9954652079,3.713,5959073495,0.1969
TTL VSCN,PJ,2024,Op,Forecast,Sep,1038584112,0.1043,-8420926715,0.0205
TTL VSCN,PJ,2024,Op,Forecast,Oct,1809076305,1.7419,576742297,0.0358
TTL VSCN,PJ,2024,Op,Forecast,Nov,359594893,0.1988,-6678177072,0.0071
TTL VSCN,PJ,2024,Op,Forecast,Dec,4607115453,12.812,3994669651,0.0911
TTL VSCN,PJ,2025,Gross,Actual,Jan,8526750000,,-4113223613,0.0966
TTL VSCN,PJ,2025,Gross,Actual,Feb,8438790000,0.9897,6357151152,0.0956
TTL VSCN,PJ,2025,Gross,Actual,Mar,8417500000,0.9975,-2599616671,0.0953
TTL VSCN,PJ,2025,Gross,Actual,Apr,6579230000,0.7816,3694333265,0.0745
TTL VSCN,PJ,2025,Gross,Actual,May,7996900000,1.2155,2880631597,0.0906
TTL VSCN,PJ,2025,Gross,Actual,Jun,6141680000,0.768,2907350711,0.0696
TTL VSCN,PJ,2025,Gross,Actual,Jul,5987930000,0.975,736676020,0.0678
TTL VSCN,PJ,2025,Gross,Actual,Aug,7174651200,1.1982,-3576738755,0.0813
TTL VSCN,PJ,2025,Gross,Actual,Sep,6540000000,0.9115,5591462891,0.0741
TTL VSCN,PJ,2025,Gross,Actual,Oct,7160000000,1.0948,3426951278,0.0811
TTL VSCN,PJ,2025,Gross,Actual,Nov,7280000000,1.0168,1258252140,0.0825
TTL VSCN,PJ,2025,Gross,Actual,Dec,8050000000,1.1058,1910080007,0.0912
TTL VSCN,PJ,2025,Gross,Budget,Jan,12639973613,,0,0.181
TTL VSCN,PJ,2025,Gross,Budget,Feb,2081638848,0.1647,0,0.0298
TTL VSCN,PJ,2025,Gross,Budget,Mar,11017116671,5.2925,0,0.1578
TTL VSCN,PJ,2025,Gross,Budget,Apr,2884896735,0.2619,0,0.0413
TTL VSCN,PJ,2025,Gross,Budget,May,5116268403,1.7735,0,0.0733
TTL VSCN,PJ,2025,Gross,Budget,Jun,3234329289,0.6322,0,0.0463
TTL VSCN,PJ,2025,Gross,Budget,Jul,5251253980,1.6236,0,0.0752
TTL VSCN,PJ,2025,Gross,Budget,Aug,10751389955,2.0474,0,0.154
TTL VSCN,PJ,2025,Gross,Budget,Sep,948537109,0.0882,0,0.0136
TTL VSCN,PJ,2025,Gross,Budget,Oct,3733048722,3.9356,0,0.0535
TTL VSCN,PJ,2025,Gross,Budget,Nov,6021747860,1.6131,0,0.0862
TTL VSCN,PJ,2025,Gross,Budget,Dec,6139919993,1.0196,0,0.0879
TTL VSCN,PJ,2025,Gross,Forecast,Jan,4355375619,,-8284597994,0.0692
TTL VSCN,PJ,2025,Gross,Forecast,Feb,1440980801,0.3309,-640658047,0.0229
TTL VSCN,PJ,2025,Gross,Forecast,Mar,11769854152,8.1679,752737481,0.1869
TTL VSCN,PJ,2025,Gross,Forecast,Apr,1481453112,0.1259,-1403443623,0.0235
TTL VSCN,PJ,2025,Gross,Forecast,May,9579403074,6.4662,4463134671,0.1522
TTL VSCN,PJ,2025,Gross,Forecast,Jun,8263671226,0.8626,5029341937,0.1313
TTL VSCN,PJ,2025,Gross,Forecast,Jul,6148156153,0.744,896902173,0.0977
TTL VSCN,PJ,2025,Gross,Forecast,Aug,734453088,0.1195,-10016936867,0.0117
TTL VSCN,PJ,2025,Gross,Forecast,Sep,130188447,0.1773,-818348662,0.0021
TTL VSCN,PJ,2025,Gross,Forecast,Oct,5285754672,40.6008,1552705950,0.084
TTL VSCN,PJ,2025,Gross,Forecast,Nov,2630910892,0.4977,-3390836968,0.0418
TTL VSCN,PJ,2025,Gross,Forecast,Dec,11137325433,4.2333,4997405440,0.1769
TTL VSCN,PJ,2025,Net,Actual,Jan,8487260000,,1128202255,0.0981
TTL VSCN,PJ,2025,Net,Actual,Feb,8276390000,0.9752,-3354449780,0.0957
TTL VSCN,PJ,2025,Net,Actual,Mar,8082520000,0.9766,1481789368,0.0935
TTL VSCN,PJ,2025,Net,Actual,Apr,6489650000,0.8029,3467709038,0.075
TTL VSCN,PJ,2025,Net,Actual,May,7949930000,1.225,-201941876,0.0919
TTL VSCN,PJ,2025,Net,Actual,Jun,6023410000,0.7577,3571625226,0.0697
TTL VSCN,PJ,2025,Net,Actual,Jul,5843350000,0.9701,2634597854,0.0676
TTL VSCN,PJ,2025,Net,Actual,Aug,6986972100,1.1957,5590182449,0.0808
TTL VSCN,PJ,2025,Net,Actual,Sep,6530000000,0.9346,2606710068,0.0755
TTL VSCN,PJ,2025,Net,Actual,Oct,7160000000,1.0965,4233860746,0.0828
TTL VSCN,PJ,2025,Net,Actual,Nov,7020000000,0.9804,-977513839,0.0812
TTL VSCN,PJ,2025,Net,Actual,Dec,7630000000,1.0869,-818243322,0.0882
TTL VSCN,PJ,2025,Net,Budget,Jan,7359057745,,0,0.1096
TTL VSCN,PJ,2025,Net,Budget,Feb,11630839780,1.5805,0,0.1733
TTL VSCN,PJ,2025,Net,Budget,Mar,6600730632,0.5675,0,0.0983
TTL VSCN,PJ,2025,Net,Budget,Apr,3021940962,0.4578,0,0.045
TTL VSCN,PJ,2025,Net,Budget,May,8151871876,2.6976,0,0.1215
TTL VSCN,PJ,2025,Net,Budget,Jun,2451784774,0.3008,0,0.0365
TTL VSCN,PJ,2025,Net,Budget,Jul,3208752146,1.3087,0,0.0478
TTL VSCN,PJ,2025,Net,Budget,Aug,1396789651,0.4353,0,0.0208
TTL VSCN,PJ,2025,Net,Budget,Sep,3923289932,2.8088,0,0.0585
TTL VSCN,PJ,2025,Net,Budget,Oct,2926139254,0.7458,0,0.0436
TTL VSCN,PJ,2025,Net,Budget,Nov,7997513839,2.7331,0,0.1192
TTL VSCN,PJ,2025,Net,Budget,Dec,8448243322,1.0564,0,0.1259
TTL VSCN,PJ,2025,Net,Forecast,Jan,7736522340,,377464595,0.1131
TTL VSCN,PJ,2025,Net,Forecast,Feb,6109245022,0.7897,-5521594758,0.0893
TTL VSCN,PJ,2025,Net,Forecast,Mar,6972838521,1.1414,372107889,0.1019
TTL VSCN,PJ,2025,Net,Forecast,Apr,6947856233,0.9964,3925915271,0.1015
TTL VSCN,PJ,2025,Net,Forecast,May,10920766337,1.5718,2768894461,0.1596
TTL VSCN,PJ,2025,Net,Forecast,Jun,207735463,0.019,-2244049311,0.003
TTL VSCN,PJ,2025,Net,Forecast,Jul,5174888584,24.911,1966136438,0.0756
TTL VSCN,PJ,2025,Net,Forecast,Aug,649800697,0.1256,-746988954,0.0095
TTL VSCN,PJ,2025,Net,Forecast,Sep,8159368698,12.5567,4236078766,0.1192
TTL VSCN,PJ,2025,Net,Forecast,Oct,4892834116,0.5997,1966694862,0.0715
TTL VSCN,PJ,2025,Net,Forecast,Nov,6053454970,1.2372,-1944058869,0.0885
TTL VSCN,PJ,2025,Net,Forecast,Dec,4598290306,0.7596,-3849953016,0.0672
TTL VSCN,PJ,2025,Op,Actual,Jan,8487260000,,7623635287,0.0981
TTL VSCN,PJ,2025,Op,Actual,Feb,8276390000,0.9752,-525483630,0.0957
TTL VSCN,PJ,2025,Op,Actual,Mar,8082520000,0.9766,-1094455143,0.0935
TTL VSCN,PJ,2025,Op,Actual,Apr,6489650000,0.8029,3084217974,0.075
TTL VSCN,PJ,2025,Op,Actual,May,7949930000,1.225,386554184,0.0919
TTL VSCN,PJ,2025,Op,Actual,Jun,6023410000,0.7577,2641540957,0.0697
TTL VSCN,PJ,2025,Op,Actual,Jul,5843350000,0.9701,-1888282200,0.0676
TTL VSCN,PJ,2025,Op,Actual,Aug,6986972100,1.1957,-2299419220,0.0808
TTL VSCN,PJ,2025,Op,Actual,Sep,6530000000,0.9346,2238281296,0.0755
TTL VSCN,PJ,2025,Op,Actual,Oct,7160000000,1.0965,521142160,0.0828
TTL VSCN,PJ,2025,Op,Actual,Nov,7020000000,0.9804,-897393777,0.0812
TTL VSCN,PJ,2025,Op,Actual,Dec,7630000000,1.0869,-563945730,0.0882
TTL VSCN,PJ,2025,Op,Budget,Jan,863624713,,0,0.0112
TTL VSCN,PJ,2025,Op,Budget,Feb,8801873630,10.1918,0,0.1139
TTL VSCN,PJ,2025,Op,Budget,Mar,9176975143,1.0426,0,0.1188
TTL VSCN,PJ,2025,Op,Budget,Apr,3405432026,0.3711,0,0.0441
TTL VSCN,PJ,2025,Op,Budget,May,7563375816,2.221,0,0.0979
TTL VSCN,PJ,2025,Op,Budget,Jun,3381869043,0.4471,0,0.0438
TTL VSCN,PJ,2025,Op,Budget,Jul,7731632200,2.2862,0,0.1001
TTL VSCN,PJ,2025,Op,Budget,Aug,9286391320,1.2011,0,0.1202
TTL VSCN,PJ,2025,Op,Budget,Sep,4291718704,0.4622,0,0.0556
TTL VSCN,PJ,2025,Op,Budget,Oct,6638857840,1.5469,0,0.0859
TTL VSCN,PJ,2025,Op,Budget,Nov,7917393777,1.1926,0,0.1025
TTL VSCN,PJ,2025,Op,Budget,Dec,8193945730,1.0349,0,0.1061
TTL VSCN,PJ,2025,Op,Forecast,Jan,1685836888,,822212175,0.0393
TTL VSCN,PJ,2025,Op,Forecast,Feb,465977313,0.2764,-8335896317,0.0109
TTL VSCN,PJ,2025,Op,Forecast,Mar,10195677207,21.8802,1018702064,0.2374
TTL VSCN,PJ,2025,Op,Forecast,Apr,1828415555,0.1793,-1577016471,0.0426
TTL VSCN,PJ,2025,Op,Forecast,May,657364506,0.3595,-6906011310,0.0153
TTL VSCN,PJ,2025,Op,Forecast,Jun,506994603,0.7713,-2874874440,0.0118
TTL VSCN,PJ,2025,Op,Forecast,Jul,2160896442,4.2622,-5570735758,0.0503
TTL VSCN,PJ,2025,Op,Forecast,Aug,8829058515,4.0858,-457332805,0.2056
TTL VSCN,PJ,2025,Op,Forecast,Sep,2301203587,0.2606,-1990515117,0.0536
TTL VSCN,PJ,2025,Op,Forecast,Oct,935527884,0.4065,-5703329956,0.0218
TTL VSCN,PJ,2025,Op,Forecast,Nov,3945323623,4.2172,-3972070154,0.0919
TTL VSCN,PJ,2025,Op,Forecast,Dec,9434401260,2.3913,1240455530,0.2197
TTL VSE,CDE,2024,Gross,Actual,Jan,29118780204,,-2078421458,0.1401
TTL VSE,CDE,2024,Gross,Actual,Feb,18919513210,0.6497,1456631007,0.091
TTL VSE,CDE,2024,Gross,Actual,Mar,29167134820,1.5416,26807171087,0.1404
TTL VSE,CDE,2024,Gross,Actual,Apr,2091553687,0.0717,-7052074083,0.0101
TTL VSE,CDE,2024,Gross,Actual,May,17001668776,8.1287,606471898,0.0818
TTL VSE,CDE,2024,Gross,Actual,Jun,19126090352,1.125,10180324496,0.092
TTL VSE,CDE,2024,Gross,Actual,Jul,6528436211,0.3413,-6780621600,0.0314
TTL VSE,CDE,2024,Gross,Actual,Aug,6568451500,1.0061,-4483188195,0.0316
TTL VSE,CDE,2024,Gross,Actual,Sep,23384395382,3.5601,-10759874745,0.1125
TTL VSE,CDE,2024,Gross,Actual,Oct,20405350278,0.8726,-8106326355,0.0982
TTL VSE,CDE,2024,Gross,Actual,Nov,14854923450,0.728,3151551192,0.0715
TTL VSE,CDE,2024,Gross,Actual,Dec,20639591484,1.3894,16982421947,0.0993
TTL VSE,CDE,2024,Gross,Budget,Jan,31197201662,,0,0.166
TTL VSE,CDE,2024,Gross,Budget,Feb,17462882203,0.5598,0,0.0929
TTL VSE,CDE,2024,Gross,Budget,Mar,2359963733,0.1351,0,0.0126
TTL VSE,CDE,2024,Gross,Budget,Apr,9143627770,3.8745,0,0.0487
TTL VSE,CDE,2024,Gross,Budget,May,16395196878,1.7931,0,0.0873
TTL VSE,CDE,2024,Gross,Budget,Jun,8945765856,0.5456,0,0.0476
TTL VSE,CDE,2024,Gross,Budget,Jul,13309057811,1.4877,0,0.0708
TTL VSE,CDE,2024,Gross,Budget,Aug,11051639695,0.8304,0,0.0588
TTL VSE,CDE,2024,Gross,Budget,Sep,34144270127,3.0895,0,0.1817
TTL VSE,CDE,2024,Gross,Budget,Oct,28511676633,0.835,0,0.1518
TTL VSE,CDE,2024,Gross,Budget,Nov,11703372258,0.4105,0,0.0623
TTL VSE,CDE,2024,Gross,Budget,Dec,3657169537,0.3125,0,0.0195
TTL VSE,CDE,2024,Gross,Forecast,Jan,1917083030,,-29280118632,0.0106
TTL VSE,CDE,2024,Gross,Forecast,Feb,8387234943,4.375,-9075647260,0.0464
TTL VSE,CDE,2024,Gross,Forecast,Mar,17484743069,2.0847,15124779336,0.0968
TTL VSE,CDE,2024,Gross,Forecast,Apr,20093553096,1.1492,10949925326,0.1112
TTL VSE,CDE,2024,Gross,Forecast,May,20671900231,1.0288,4276703353,0.1145
TTL VSE,CDE,2024,Gross,Forecast,Jun,20707199636,1.0017,11761433780,0.1146
TTL VSE,CDE,2024,Gross,Forecast,Jul,9613518959,0.4643,-3695538852,0.0532
TTL VSE,CDE,2024,Gross,Forecast,Aug,12390498931,1.2889,1338859236,0.0686
TTL VSE,CDE,2024,Gross,Forecast,Sep,28913144183,2.3335,-5231125944,0.1601
TTL VSE,CDE,2024,Gross,Forecast,Oct,20883848737,0.7223,-7627827896,0.1156
TTL VSE,CDE,2024,Gross,Forecast,Nov,15847621299,0.7588,4144249041,0.0877
TTL VSE,CDE,2024,Gross,Forecast,Dec,3708550737,0.234,51381200,0.0205
TTL VSE,CDE,2024,Net,Actual,Jan,4951889203,,-25222855160,0.0217
TTL VSE,CDE,2024,Net,Actual,Feb,18172871091,3.6699,-5088056596,0.0797
TTL VSE,CDE,2024,Net,Actual,Mar,7090735024,0.3902,-16836947602,0.0311
TTL VSE,CDE,2024,Net,Actual,Apr,15980143360,2.2537,2257391477,0.0701
TTL VSE,CDE,2024,Net,Actual,May,13385018879,0.8376,8467485836,0.0587
TTL VSE,CDE,2024,Net,Actual,Jun,7563547860,0.5651,-1445434233,0.0332
TTL VSE,CDE,2024,Net,Actual,Jul,4430321190,0.5857,-6574127804,0.0194
TTL VSE,CDE,2024,Net,Actual,Aug,7570667237,1.7088,-3488281555,0.0332
TTL VSE,CDE,2024,Net,Actual,Sep,932630489,0.1232,-24650351083,0.0041
TTL VSE,CDE,2024,Net,Actual,Oct,82957143752,88.9496,64834816861,0.3639
TTL VSE,CDE,2024,Net,Actual,Nov,27342442758,0.3296,-26998764398,0.1199
TTL VSE,CDE,2024,Net,Actual,Dec,37606607551,1.3754,21148604625,0.165
TTL VSE,CDE,2024,Net,Budget,Jan,30174744363,,0,0.1249
TTL VSE,CDE,2024,Net,Budget,Feb,23260927687,0.7709,0,0.0963
TTL VSE,CDE,2024,Net,Budget,Mar,23927682626,1.0287,0,0.099
TTL VSE,CDE,2024,Net,Budget,Apr,13722751883,0.5735,0,0.0568
TTL VSE,CDE,2024,Net,Budget,May,4917533043,0.3583,0,0.0204
TTL VSE,CDE,2024,Net,Budget,Jun,9008982093,1.832,0,0.0373
TTL VSE,CDE,2024,Net,Budget,Jul,11004448994,1.2215,0,0.0456
TTL VSE,CDE,2024,Net,Budget,Aug,11058948792,1.005,0,0.0458
TTL VSE,CDE,2024,Net,Budget,Sep,25582981572,2.3133,0,0.1059
TTL VSE,CDE,2024,Net,Budget,Oct,18122326891,0.7084,0,0.075
TTL VSE,CDE,2024,Net,Budget,Nov,54341207156,2.9986,0,0.2249
TTL VSE,CDE,2024,Net,Budget,Dec,16458002926,0.3029,0,0.0681
TTL VSE,CDE,2024,Net,Forecast,Jan,28639749026,,-1534995337,0.0891
TTL VSE,CDE,2024,Net,Forecast,Feb,56552534505,1.9746,33291606818,0.176
TTL VSE,CDE,2024,Net,Forecast,Mar,48477032993,0.8572,24549350367,0.1508
TTL VSE,CDE,2024,Net,Forecast,Apr,13527365441,0.279,-195386442,0.0421
TTL VSE,CDE,2024,Net,Forecast,May,10555279457,0.7803,5637746414,0.0328
TTL VSE,CDE,2024,Net,Forecast,Jun,12685046803,1.2018,3676064710,0.0395
TTL VSE,CDE,2024,Net,Forecast,Jul,21339244254,1.6822,10334795260,0.0664
TTL VSE,CDE,2024,Net,Forecast,Aug,10925257523,0.512,-133691269,0.034
TTL VSE,CDE,2024,Net,Forecast,Sep,11213328913,1.0264,-14369652659,0.0349
TTL VSE,CDE,2024,Net,Forecast,Oct,69516634374,6.1995,51394307483,0.2163
TTL VSE,CDE,2024,Net,Forecast,Nov,16619722684,0.2391,-37721484472,0.0517
TTL VSE,CDE,2024,Net,Forecast,Dec,21335386678,1.2837,4877383752,0.0664
TTL VSE,CDE,2024,Op,Actual,Jan,19680532252,,-15064150873,0.055
TTL VSE,CDE,2024,Op,Actual,Feb,45656122424,2.3199,11284227592,0.1277
TTL VSE,CDE,2024,Op,Actual,Mar,73479550268,1.6094,41629158926,0.2055
TTL VSE,CDE,2024,Op,Actual,Apr,10692782341,0.1455,3149059733,0.0299
TTL VSE,CDE,2024,Op,Actual,May,9176635185,0.8582,-3068718670,0.0257
TTL VSE,CDE,2024,Op,Actual,Jun,3586816969,0.3909,-810258497,0.01
TTL VSE,CDE,2024,Op,Actual,Jul,15770668202,4.3968,-7959201379,0.0441
TTL VSE,CDE,2024,Op,Actual,Aug,4898130602,0.3106,873708393,0.0137
TTL VSE,CDE,2024,Op,Actual,Sep,21536838346,4.397,3552283489,0.0602
TTL VSE,CDE,2024,Op,Actual,Oct,46515554478,2.1598,-17042797336,0.1301
TTL VSE,CDE,2024,Op,Actual,Nov,52653909027,1.132,47283812445,0.1472
TTL VSE,CDE,2024,Op,Actual,Dec,53998142641,1.0255,-6297258721,0.151
TTL VSE,CDE,2024,Op,Budget,Jan,34744683125,,0,0.1158
TTL VSE,CDE,2024,Op,Budget,Feb,34371894832,0.9893,0,0.1145
TTL VSE,CDE,2024,Op,Budget,Mar,31850391342,0.9266,0,0.1061
TTL VSE,CDE,2024,Op,Budget,Apr,7543722608,0.2368,0,0.0251
TTL VSE,CDE,2024,Op,Budget,May,12245353855,1.6233,0,0.0408
TTL VSE,CDE,2024,Op,Budget,Jun,4397075466,0.3591,0,0.0147
TTL VSE,CDE,2024,Op,Budget,Jul,23729869581,5.3967,0,0.0791
TTL VSE,CDE,2024,Op,Budget,Aug,4024422209,0.1696,0,0.0134
TTL VSE,CDE,2024,Op,Budget,Sep,17984554857,4.4689,0,0.0599
TTL VSE,CDE,2024,Op,Budget,Oct,63558351814,3.5341,0,0.2118
TTL VSE,CDE,2024,Op,Budget,Nov,5370096582,0.0845,0,0.0179
TTL VSE,CDE,2024,Op,Budget,Dec,60295401362,11.228,0,0.2009
TTL VSE,CDE,2024,Op,Forecast,Jan,33054708467,,-1689974658,0.1152
TTL VSE,CDE,2024,Op,Forecast,Feb,6859823272,0.2075,-27512071560,0.0239
TTL VSE,CDE,2024,Op,Forecast,Mar,62444523092,9.1029,30594131750,0.2176
TTL VSE,CDE,2024,Op,Forecast,Apr,9998843048,0.1601,2455120440,0.0348
TTL VSE,CDE,2024,Op,Forecast,May,3765619969,0.3766,-8479733886,0.0131
TTL VSE,CDE,2024,Op,Forecast,Jun,1245697149,0.3308,-3151378317,0.0043
TTL VSE,CDE,2024,Op,Forecast,Jul,8028449013,6.4449,-15701420568,0.028
TTL VSE,CDE,2024,Op,Forecast,Aug,18909064560,2.3553,14884642351,0.0659
TTL VSE,CDE,2024,Op,Forecast,Sep,19485465294,1.0305,1500910437,0.0679
TTL VSE,CDE,2024,Op,Forecast,Oct,44666835191,2.2923,-18891516623,0.1557
TTL VSE,CDE,2024,Op,Forecast,Nov,46608916414,1.0435,41238819832,0.1624
TTL VSE,CDE,2024,Op,Forecast,Dec,31874076562,0.6839,-28421324800,0.1111
TTL VSE,CDE,2025,Gross,Actual,Jan,583182765,,-3089237714,0.0058
TTL VSE,CDE,2025,Gross,Actual,Feb,9207649414,15.7886,-10266223337,0.092
TTL VSE,CDE,2025,Gross,Actual,Mar,11224538524,1.219,-9166992088,0.1121
TTL VSE,CDE,2025,Gross,Actual,Apr,3941222540,0.3511,-22014573872,0.0394
TTL VSE,CDE,2025,Gross,Actual,May,17263470722,4.3802,-1380339417,0.1724
TTL VSE,CDE,2025,Gross,Actual,Jun,15449960679,0.895,8935424510,0.1543
TTL VSE,CDE,2025,Gross,Actual,Jul,10883024189,0.7044,10606038614,0.1087
TTL VSE,CDE,2025,Gross,Actual,Aug,3860194656,0.3547,-13575015859,0.0385
TTL VSE,CDE,2025,Gross,Actual,Sep,3668679717,0.9504,-19877027950,0.0366
TTL VSE,CDE,2025,Gross,Actual,Oct,3561706131,0.9708,-30727269112,0.0356
TTL VSE,CDE,2025,Gross,Actual,Nov,2270408677,0.6374,-26146951016,0.0227
TTL VSE,CDE,2025,Gross,Actual,Dec,18221770949,8.0258,1120734790,0.182
TTL VSE,CDE,2025,Gross,Budget,Jan,3672420479,,0,0.017
TTL VSE,CDE,2025,Gross,Budget,Feb,19473872751,5.3027,0,0.0903
TTL VSE,CDE,2025,Gross,Budget,Mar,20391530612,1.0471,0,0.0945
TTL VSE,CDE,2025,Gross,Budget,Apr,25955796412,1.2729,0,0.1203
TTL VSE,CDE,2025,Gross,Budget,May,18643810139,0.7183,0,0.0864
TTL VSE,CDE,2025,Gross,Budget,Jun,6514536169,0.3494,0,0.0302
TTL VSE,CDE,2025,Gross,Budget,Jul,276985575,0.0425,0,0.0013
TTL VSE,CDE,2025,Gross,Budget,Aug,17435210515,62.9463,0,0.0808
TTL VSE,CDE,2025,Gross,Budget,Sep,23545707667,1.3505,0,0.1092
TTL VSE,CDE,2025,Gross,Budget,Oct,34288975243,1.4563,0,0.159
TTL VSE,CDE,2025,Gross,Budget,Nov,28417359693,0.8288,0,0.1317
TTL VSE,CDE,2025,Gross,Budget,Dec,17101036159,0.6018,0,0.0793
TTL VSE,CDE,2025,Gross,Forecast,Jan,30529218748,,26856798269,0.1201
TTL VSE,CDE,2025,Gross,Forecast,Feb,14007270719,0.4588,-5466602032,0.0551
TTL VSE,CDE,2025,Gross,Forecast,Mar,23634002347,1.6873,3242471735,0.093
TTL VSE,CDE,2025,Gross,Forecast,Apr,18749166626,0.7933,-7206629786,0.0738
TTL VSE,CDE,2025,Gross,Forecast,May,14667045015,0.7823,-3976765124,0.0577
TTL VSE,CDE,2025,Gross,Forecast,Jun,18386227932,1.2536,11871691763,0.0723
TTL VSE,CDE,2025,Gross,Forecast,Jul,26714318163,1.453,26437332588,0.1051
TTL VSE,CDE,2025,Gross,Forecast,Aug,27718113992,1.0376,10282903477,0.1091
TTL VSE,CDE,2025,Gross,Forecast,Sep,36618840901,1.3211,13073133234,0.1441
TTL VSE,CDE,2025,Gross,Forecast,Oct,580513821,0.0159,-33708461422,0.0023
TTL VSE,CDE,2025,Gross,Forecast,Nov,37277629472,64.2149,8860269779,0.1467
TTL VSE,CDE,2025,Gross,Forecast,Dec,5263132964,0.1412,-11837903195,0.0207
TTL VSE,CDE,2025,Net,Actual,Jan,32513342067,,16169100730,0.1263
TTL VSE,CDE,2025,Net,Actual,Feb,33846846750,1.041,21368622279,0.1315
TTL VSE,CDE,2025,Net,Actual,Mar,12292957725,0.3632,-23160875587,0.0478
TTL VSE,CDE,2025,Net,Actual,Apr,3428939919,0.2789,-8462367273,0.0133
TTL VSE,CDE,2025,Net,Actual,May,585173404,0.1707,-12013256096,0.0023
TTL VSE,CDE,2025,Net,Actual,Jun,20772130607,35.4974,12489874425,0.0807
TTL VSE,CDE,2025,Net,Actual,Jul,7196418539,0.3464,-6476224097,0.028
TTL VSE,CDE,2025,Net,Actual,Aug,3717443468,0.5166,-16084577975,0.0144
TTL VSE,CDE,2025,Net,Actual,Sep,10149498810,2.7302,6488757103,0.0394
TTL VSE,CDE,2025,Net,Actual,Oct,68796621861,6.7783,66844126973,0.2673
TTL VSE,CDE,2025,Net,Actual,Nov,35430483796,0.515,-43307384012,0.1377
TTL VSE,CDE,2025,Net,Actual,Dec,28633411297,0.8082,-5329681672,0.1113
TTL VSE,CDE,2025,Net,Budget,Jan,16344241337,,0,0.0657
TTL VSE,CDE,2025,Net,Budget,Feb,12478224471,0.7635,0,0.0501
TTL VSE,CDE,2025,Net,Budget,Mar,35453833312,2.8413,0,0.1425
TTL VSE,CDE,2025,Net,Budget,Apr,11891307192,0.3354,0,0.0478
TTL VSE,CDE,2025,Net,Budget,May,12598429500,1.0595,0,0.0506
TTL VSE,CDE,2025,Net,Budget,Jun,8282256182,0.6574,0,0.0333
TTL VSE,CDE,2025,Net,Budget,Jul,13672642636,1.6508,0,0.0549
TTL VSE,CDE,2025,Net,Budget,Aug,19802021443,1.4483,0,0.0796
TTL VSE,CDE,2025,Net,Budget,Sep,3660741707,0.1849,0,0.0147
TTL VSE,CDE,2025,Net,Budget,Oct,1952494888,0.5334,0,0.0078
TTL VSE,CDE,2025,Net,Budget,Nov,78737867808,40.3268,0,0.3164
TTL VSE,CDE,2025,Net,Budget,Dec,33963092969,0.4313,0,0.1365
TTL VSE,CDE,2025,Net,Forecast,Jan,8002588859,,-8341652478,0.0284
TTL VSE,CDE,2025,Net,Forecast,Feb,65262022159,8.1551,52783797688,0.2314
TTL VSE,CDE,2025,Net,Forecast,Mar,75265085310,1.1533,39811251998,0.2669
TTL VSE,CDE,2025,Net,Forecast,Apr,7948694026,0.1056,-3942613166,0.0282
TTL VSE,CDE,2025,Net,Forecast,May,10852138666,1.3653,-1746290834,0.0385
TTL VSE,CDE,2025,Net,Forecast,Jun,987604334,0.091,-7294651848,0.0035
TTL VSE,CDE,2025,Net,Forecast,Jul,6174490238,6.252,-7498152398,0.0219
TTL VSE,CDE,2025,Net,Forecast,Aug,757132073,0.1226,-19044889370,0.0027
TTL VSE,CDE,2025,Net,Forecast,Sep,5349920514,7.066,1689178807,0.019
TTL VSE,CDE,2025,Net,Forecast,Oct,52761775513,9.8622,50809280625,0.1871
TTL VSE,CDE,2025,Net,Forecast,Nov,32433110083,0.6147,-46304757725,0.115
TTL VSE,CDE,2025,Net,Forecast,Dec,16212863857,0.4999,-17750229112,0.0575
TTL VSE,CDE,2025,Op,Actual,Jan,23191420477,,-194402033,0.0869
TTL VSE,CDE,2025,Op,Actual,Feb,12872313731,0.555,-16290738190,0.0483
TTL VSE,CDE,2025,Op,Actual,Mar,47297520811,3.6744,-12970885630,0.1773
TTL VSE,CDE,2025,Op,Actual,Apr,11815835536,0.2498,10220663500,0.0443
TTL VSE,CDE,2025,Op,Actual,May,7937040016,0.6717,-4488355823,0.0298
TTL VSE,CDE,2025,Op,Actual,Jun,10772634936,1.3573,1253034101,0.0404
TTL VSE,CDE,2025,Op,Actual,Jul,1092323508,0.1014,-21969038545,0.0041
TTL VSE,CDE,2025,Op,Actual,Aug,23687176718,21.6851,17011069414,0.0888
TTL VSE,CDE,2025,Op,Actual,Sep,12456436418,0.5259,-4605228522,0.0467
TTL VSE,CDE,2025,Op,Actual,Oct,62135920532,4.9883,60493185004,0.233
TTL VSE,CDE,2025,Op,Actual,Nov,39706309629,0.639,17407614987,0.1489
TTL VSE,CDE,2025,Op,Actual,Dec,13762274711,0.3466,-37420493796,0.0516
TTL VSE,CDE,2025,Op,Budget,Jan,23385822510,,0,0.0905
TTL VSE,CDE,2025,Op,Budget,Feb,29163051921,1.247,0,0.1129
TTL VSE,CDE,2025,Op,Budget,Mar,60268406441,2.0666,0,0.2333
TTL VSE,CDE,2025,Op,Budget,Apr,1595172036,0.0265,0,0.0062
TTL VSE,CDE,2025,Op,Budget,May,12425395839,7.7894,0,0.0481
TTL VSE,CDE,2025,Op,Budget,Jun,9519600835,0.7661,0,0.0369
TTL VSE,CDE,2025,Op,Budget,Jul,23061362053,2.4225,0,0.0893
TTL VSE,CDE,2025,Op,Budget,Aug,6676107304,0.2895,0,0.0258
TTL VSE,CDE,2025,Op,Budget,Sep,17061664940,2.5556,0,0.0661
TTL VSE,CDE,2025,Op,Budget,Oct,1642735528,0.0963,0,0.0064
TTL VSE,CDE,2025,Op,Budget,Nov,22298694642,13.5741,0,0.0863
TTL VSE,CDE,2025,Op,Budget,Dec,51182768507,2.2953,0,0.1982
TTL VSE,CDE,2025,Op,Forecast,Jan,14034588189,,-9351234321,0.0552
TTL VSE,CDE,2025,Op,Forecast,Feb,10675643757,0.7607,-18487408164,0.042
TTL VSE,CDE,2025,Op,Forecast,Mar,32004351750,2.9979,-28264054691,0.1259
TTL VSE,CDE,2025,Op,Forecast,Apr,16691410775,0.5215,15096238739,0.0657
TTL VSE,CDE,2025,Op,Forecast,May,8078118906,0.484,-4347276933,0.0318
TTL VSE,CDE,2025,Op,Forecast,Jun,3721471109,0.4607,-5798129726,0.0146
TTL VSE,CDE,2025,Op,Forecast,Jul,21447120958,5.7631,-1614241095,0.0844
TTL VSE,CDE,2025,Op,Forecast,Aug,24112135603,1.1243,17436028299,0.0949
TTL VSE,CDE,2025,Op,Forecast,Sep,29662491383,1.2302,12600826443,0.1167
TTL VSE,CDE,2025,Op,Forecast,Oct,37852124154,1.2761,36209388626,0.1489
TTL VSE,CDE,2025,Op,Forecast,Nov,25925388377,0.6849,3626693735,0.102
TTL VSE,CDE,2025,Op,Forecast,Dec,29932306635,1.1546,-21250461872,0.1178
TTL VSE,PJ,2024,Gross,Actual,Jan,13489971660,,-19862571397,0.0776
TTL VSE,PJ,2024,Gross,Actual,Feb,5013858588,0.3717,-17414063827,0.0289
TTL VSE,PJ,2024,Gross,Actual,Mar,22557968596,4.4991,530694692,0.1298
TTL VSE,PJ,2024,Gross,Actual,Apr,24031204242,1.0653,12909080896,0.1383
TTL VSE,PJ,2024,Gross,Actual,May,16594927026,0.6906,2605670661,0.0955
TTL VSE,PJ,2024,Gross,Actual,Jun,13592321420,0.8191,-7836956798,0.0782
TTL VSE,PJ,2024,Gross,Actual,Jul,9052553398,0.666,8238465765,0.0521
TTL VSE,PJ,2024,Gross,Actual,Aug,25657388040,2.8343,-980338848,0.1476
TTL VSE,PJ,2024,Gross,Actual,Sep,8765349158,0.3416,7590379005,0.0504
TTL VSE,PJ,2024,Gross,Actual,Oct,27863352841,3.1788,15515828196,0.1603
TTL VSE,PJ,2024,Gross,Actual,Nov,1337388226,0.048,-2779620862,0.0077
TTL VSE,PJ,2024,Gross,Actual,Dec,5821346922,4.3528,1202217498,0.0335
TTL VSE,PJ,2024,Gross,Budget,Jan,33352543057,,0,0.1916
TTL VSE,PJ,2024,Gross,Budget,Feb,22427922415,0.6725,0,0.1289
TTL VSE,PJ,2024,Gross,Budget,Mar,22027273904,0.9821,0,0.1266
TTL VSE,PJ,2024,Gross,Budget,Apr,11122123346,0.5049,0,0.0639
TTL VSE,PJ,2024,Gross,Budget,May,13989256365,1.2578,0,0.0804
TTL VSE,PJ,2024,Gross,Budget,Jun,21429278218,1.5318,0,0.1231
TTL VSE,PJ,2024,Gross,Budget,Jul,814087633,0.038,0,0.0047
TTL VSE,PJ,2024,Gross,Budget,Aug,26637726888,32.721,0,0.153
TTL VSE,PJ,2024,Gross,Budget,Sep,1174970153,0.0441,0,0.0068
TTL VSE,PJ,2024,Gross,Budget,Oct,12347524645,10.5088,0,0.0709
TTL VSE,PJ,2024,Gross,Budget,Nov,4117009088,0.3334,0,0.0237
TTL VSE,PJ,2024,Gross,Budget,Dec,4619129424,1.122,0,0.0265
TTL VSE,PJ,2024,Gross,Forecast,Jan,9633394604,,-23719148453,0.0673
TTL VSE,PJ,2024,Gross,Forecast,Feb,651959045,0.0677,-21775963370,0.0046
TTL VSE,PJ,2024,Gross,Forecast,Mar,26677607755,40.9191,4650333851,0.1863
TTL VSE,PJ,2024,Gross,Forecast,Apr,10535416389,0.3949,-586706957,0.0736
TTL VSE,PJ,2024,Gross,Forecast,May,2382184975,0.2261,-11607071390,0.0166
TTL VSE,PJ,2024,Gross,Forecast,Jun,3944122707,1.6557,-17485155511,0.0275
TTL VSE,PJ,2024,Gross,Forecast,Jul,12189978612,3.0907,11375890979,0.0851
TTL VSE,PJ,2024,Gross,Forecast,Aug,12535697698,1.0284,-14102029190,0.0876
TTL VSE,PJ,2024,Gross,Forecast,Sep,10814651047,0.8627,9639680894,0.0755
TTL VSE,PJ,2024,Gross,Forecast,Oct,21552865506,1.9929,9205340861,0.1505
TTL VSE,PJ,2024,Gross,Forecast,Nov,17774335775,0.8247,13657326687,0.1241
TTL VSE,PJ,2024,Gross,Forecast,Dec,14477808749,0.8145,9858679325,0.1011
TTL VSE,PJ,2024,Net,Actual,Jan,27597982381,,20771498052,0.081
TTL VSE,PJ,2024,Net,Actual,Feb,52639591486,1.9074,-10564808981,0.1544
TTL VSE,PJ,2024,Net,Actual,Mar,2335388163,0.0444,-1714058813,0.0069
TTL VSE,PJ,2024,Net,Actual,Apr,18853956307,8.0732,-4090206652,0.0553
TTL VSE,PJ,2024,Net,Actual,May,5207102025,0.2762,-13040863332,0.0153
TTL VSE,PJ,2024,Net,Actual,Jun,579225158,0.1112,-6311425610,0.0017
TTL VSE,PJ,2024,Net,Actual,Jul,8757929910,15.1201,-4054599073,0.0257
TTL VSE,PJ,2024,Net,Actual,Aug,2785283713,0.318,-17038486094,0.0082
TTL VSE,PJ,2024,Net,Actual,Sep,11752285859,4.2194,-12728620084,0.0345
TTL VSE,PJ,2024,Net,Actual,Oct,70447121598,5.9943,24006182536,0.2067
TTL VSE,PJ,2024,Net,Actual,Nov,69840044894,0.9914,61021374851,0.2049
TTL VSE,PJ,2024,Net,Actual,Dec,70036800604,1.0028,53915108620,0.2055
TTL VSE,PJ,2024,Net,Budget,Jan,6826484329,,0,0.0272
TTL VSE,PJ,2024,Net,Budget,Feb,63204400467,9.2587,0,0.2522
TTL VSE,PJ,2024,Net,Budget,Mar,4049446976,0.0641,0,0.0162
TTL VSE,PJ,2024,Net,Budget,Apr,22944162959,5.666,0,0.0915
TTL VSE,PJ,2024,Net,Budget,May,18247965357,0.7953,0,0.0728
TTL VSE,PJ,2024,Net,Budget,Jun,6890650768,0.3776,0,0.0275
TTL VSE,PJ,2024,Net,Budget,Jul,12812528983,1.8594,0,0.0511
TTL VSE,PJ,2024,Net,Budget,Aug,19823769807,1.5472,0,0.0791
TTL VSE,PJ,2024,Net,Budget,Sep,24480905943,1.2349,0,0.0977
TTL VSE,PJ,2024,Net,Budget,Oct,46440939062,1.897,0,0.1853
TTL VSE,PJ,2024,Net,Budget,Nov,8818670043,0.1899,0,0.0352
TTL VSE,PJ,2024,Net,Budget,Dec,16121691984,1.8281,0,0.0643
TTL VSE,PJ,2024,Net,Forecast,Jan,21987549646,,15161065317,0.0708
TTL VSE,PJ,2024,Net,Forecast,Feb,63896010692,2.906,691610225,0.2057
TTL VSE,PJ,2024,Net,Forecast,Mar,69119672488,1.0818,65070225512,0.2225
TTL VSE,PJ,2024,Net,Forecast,Apr,7504641636,0.1086,-15439521323,0.0242
TTL VSE,PJ,2024,Net,Forecast,May,15071328191,2.0083,-3176637166,0.0485
TTL VSE,PJ,2024,Net,Forecast,Jun,1968954133,0.1306,-4921696635,0.0063
TTL VSE,PJ,2024,Net,Forecast,Jul,172628551,0.0877,-12639900432,0.0006
TTL VSE,PJ,2024,Net,Forecast,Aug,9722763215,56.3219,-10101006592,0.0313
TTL VSE,PJ,2024,Net,Forecast,Sep,17003511687,1.7488,-7477394256,0.0547
TTL VSE,PJ,2024,Net,Forecast,Oct,57618088179,3.3886,11177149117,0.1855
TTL VSE,PJ,2024,Net,Forecast,Nov,34003252299,0.5901,25184582256,0.1095
TTL VSE,PJ,2024,Net,Forecast,Dec,12550248837,0.3691,-3571443147,0.0404
TTL VSE,PJ,2024,Op,Actual,Jan,32839243127,,20395815429,0.1177
TTL VSE,PJ,2024,Op,Actual,Feb,3093244107,0.0942,-23909312901,0.0111
TTL VSE,PJ,2024,Op,Actual,Mar,8362952184,2.7036,-35323049868,0.03
TTL VSE,PJ,2024,Op,Actual,Apr,9241497700,1.1051,-1900258337,0.0331
TTL VSE,PJ,2024,Op,Actual,May,15057171656,1.6293,10282136984,0.0539
TTL VSE,PJ,2024,Op,Actual,Jun,6786779704,0.4507,-8229017787,0.0243
TTL VSE,PJ,2024,Op,Actual,Jul,6210565902,0.9151,-16465258299,0.0223
TTL VSE,PJ,2024,Op,Actual,Aug,7511925204,1.2095,5477166716,0.0269
TTL VSE,PJ,2024,Op,Actual,Sep,12598978515,1.6772,714921073,0.0451
TTL VSE,PJ,2024,Op,Actual,Oct,50103019559,3.9768,10113302006,0.1795
TTL VSE,PJ,2024,Op,Actual,Nov,75104834406,1.499,56800598339,0.2691
TTL VSE,PJ,2024,Op,Actual,Dec,52185939464,0.6948,-3392076261,0.187
TTL VSE,PJ,2024,Op,Budget,Jan,12443427698,,0,0.047
TTL VSE,PJ,2024,Op,Budget,Feb,27002557008,2.17,0,0.1021
TTL VSE,PJ,2024,Op,Budget,Mar,43686002052,1.6178,0,0.1651
TTL VSE,PJ,2024,Op,Budget,Apr,11141756037,0.255,0,0.0421
TTL VSE,PJ,2024,Op,Budget,May,4775034672,0.4286,0,0.0181
TTL VSE,PJ,2024,Op,Budget,Jun,15015797491,3.1446,0,0.0568
TTL VSE,PJ,2024,Op,Budget,Jul,22675824201,1.5101,0,0.0857
TTL VSE,PJ,2024,Op,Budget,Aug,2034758488,0.0897,0,0.0077
TTL VSE,PJ,2024,Op,Budget,Sep,11884057442,5.8405,0,0.0449
TTL VSE,PJ,2024,Op,Budget,Oct,39989717553,3.365,0,0.1512
TTL VSE,PJ,2024,Op,Budget,Nov,18304236067,0.4577,0,0.0692
TTL VSE,PJ,2024,Op,Budget,Dec,55578015725,3.0363,0,0.2101
TTL VSE,PJ,2024,Op,Forecast,Jan,17112828476,,4669400778,0.0564
TTL VSE,PJ,2024,Op,Forecast,Feb,19592903481,1.1449,-7409653527,0.0646
TTL VSE,PJ,2024,Op,Forecast,Mar,24190083231,1.2346,-19495918821,0.0798
TTL VSE,PJ,2024,Op,Forecast,Apr,5411170295,0.2237,-5730585742,0.0178
TTL VSE,PJ,2024,Op,Forecast,May,3454573125,0.6384,-1320461547,0.0114
TTL VSE,PJ,2024,Op,Forecast,Jun,7961615384,2.3047,-7054182107,0.0263
TTL VSE,PJ,2024,Op,Forecast,Jul,982098577,0.1234,-21693725624,0.0032
TTL VSE,PJ,2024,Op,Forecast,Aug,17775832991,18.0998,15741074503,0.0586
TTL VSE,PJ,2024,Op,Forecast,Sep,7520557534,0.4231,-4363499908,0.0248
TTL VSE,PJ,2024,Op,Forecast,Oct,69565965593,9.2501,29576248040,0.2294
TTL VSE,PJ,2024,Op,Forecast,Nov,83624335699,1.2021,65320099632,0.2758
TTL VSE,PJ,2024,Op,Forecast,Dec,46046011594,0.5506,-9532004131,0.1518
TTL VSE,PJ,2025,Gross,Actual,Jan,27026700000,,14330491343,0.1119
TTL VSE,PJ,2025,Gross,Actual,Feb,15664060000,0.5796,-293969801,0.0648
TTL VSE,PJ,2025,Gross,Actual,Mar,20018450000,1.278,-2832872255,0.0829
TTL VSE,PJ,2025,Gross,Actual,Apr,17691230000,0.8837,-4016990198,0.0732
TTL VSE,PJ,2025,Gross,Actual,May,14082550000,0.796,11970100271,0.0583
TTL VSE,PJ,2025,Gross,Actual,Jun,18362800000,1.3039,10914033032,0.076
TTL VSE,PJ,2025,Gross,Actual,Jul,19576430000,1.0661,4249134082,0.081
TTL VSE,PJ,2025,Gross,Actual,Aug,18743630000,0.9575,-1926459791,0.0776
TTL VSE,PJ,2025,Gross,Actual,Sep,25426070000,1.3565,12478505887,0.1052
TTL VSE,PJ,2025,Gross,Actual,Oct,24201680000,0.9518,-10050980139,0.1002
TTL VSE,PJ,2025,Gross,Actual,Nov,25016150000,1.0337,15025563981,0.1035
TTL VSE,PJ,2025,Gross,Actual,Dec,15775670000,0.6306,15021988342,0.0653
TTL VSE,PJ,2025,Gross,Budget,Jan,12696208657,,0,0.0718
TTL VSE,PJ,2025,Gross,Budget,Feb,15958029801,1.2569,0,0.0903
TTL VSE,PJ,2025,Gross,Budget,Mar,22851322255,1.432,0,0.1293
TTL VSE,PJ,2025,Gross,Budget,Apr,21708220198,0.95,0,0.1228
TTL VSE,PJ,2025,Gross,Budget,May,2112449729,0.0973,0,0.012
TTL VSE,PJ,2025,Gross,Budget,Jun,7448766968,3.5261,0,0.0422
TTL VSE,PJ,2025,Gross,Budget,Jul,15327295918,2.0577,0,0.0867
TTL VSE,PJ,2025,Gross,Budget,Aug,20670089791,1.3486,0,0.117
TTL VSE,PJ,2025,Gross,Budget,Sep,12947564113,0.6264,0,0.0733
TTL VSE,PJ,2025,Gross,Budget,Oct,34252660139,2.6455,0,0.1938
TTL VSE,PJ,2025,Gross,Budget,Nov,9990586019,0.2917,0,0.0565
TTL VSE,PJ,2025,Gross,Budget,Dec,753681658,0.0754,0,0.0043
TTL VSE,PJ,2025,Gross,Forecast,Jan,19378431313,,6682222656,0.0985
TTL VSE,PJ,2025,Gross,Forecast,Feb,22021596909,1.1364,6063567108,0.1119
TTL VSE,PJ,2025,Gross,Forecast,Mar,21488607396,0.9758,-1362714859,0.1092
TTL VSE,PJ,2025,Gross,Forecast,Apr,13152679270,0.6121,-8555540928,0.0668
TTL VSE,PJ,2025,Gross,Forecast,May,16043089075,1.2198,13930639346,0.0815
TTL VSE,PJ,2025,Gross,Forecast,Jun,7233454944,0.4509,-215312024,0.0368
TTL VSE,PJ,2025,Gross,Forecast,Jul,13450705421,1.8595,-1876590497,0.0683
TTL VSE,PJ,2025,Gross,Forecast,Aug,10131723416,0.7532,-10538366375,0.0515
TTL VSE,PJ,2025,Gross,Forecast,Sep,13631338313,1.3454,683774200,0.0693
TTL VSE,PJ,2025,Gross,Forecast,Oct,17568482632,1.2888,-16684177507,0.0893
TTL VSE,PJ,2025,Gross,Forecast,Nov,25382278791,1.4448,15391692772,0.129
TTL VSE,PJ,2025,Gross,Forecast,Dec,17319502213,0.6823,16565820555,0.088
TTL VSE,PJ,2025,Net,Actual,Jan,23523180000,,18026835387,0.0611
TTL VSE,PJ,2025,Net,Actual,Feb,47369980300,2.0138,-17806355182,0.1231
TTL VSE,PJ,2025,Net,Actual,Mar,51133793900,1.0795,16815832548,0.1328
TTL VSE,PJ,2025,Net,Actual,Apr,15540380000,0.3039,1955431821,0.0404
TTL VSE,PJ,2025,Net,Actual,May,12433720000,0.8001,2986170464,0.0323
TTL VSE,PJ,2025,Net,Actual,Jun,17091230000,1.3746,6693383331,0.0444
TTL VSE,PJ,2025,Net,Actual,Jul,16554910000,0.9686,13167467178,0.043
TTL VSE,PJ,2025,Net,Actual,Aug,16808420000,1.0153,14427636658,0.0437
TTL VSE,PJ,2025,Net,Actual,Sep,21371940000,1.2715,-10365371100,0.0555
TTL VSE,PJ,2025,Net,Actual,Oct,57020451200,2.668,6078680141,0.1481
TTL VSE,PJ,2025,Net,Actual,Nov,57991140200,1.017,38712136735,0.1506
TTL VSE,PJ,2025,Net,Actual,Dec,48117880000,0.8297,41877444025,0.125
TTL VSE,PJ,2025,Net,Budget,Jan,5496344613,,0,0.0218
TTL VSE,PJ,2025,Net,Budget,Feb,65176335482,11.8581,0,0.2582
TTL VSE,PJ,2025,Net,Budget,Mar,34317961352,0.5265,0,0.136
TTL VSE,PJ,2025,Net,Budget,Apr,13584948179,0.3959,0,0.0538
TTL VSE,PJ,2025,Net,Budget,May,9447549536,0.6954,0,0.0374
TTL VSE,PJ,2025,Net,Budget,Jun,10397846669,1.1006,0,0.0412
TTL VSE,PJ,2025,Net,Budget,Jul,3387442822,0.3258,0,0.0134
TTL VSE,PJ,2025,Net,Budget,Aug,2380783342,0.7028,0,0.0094
TTL VSE,PJ,2025,Net,Budget,Sep,31737311100,13.3306,0,0.1257
TTL VSE,PJ,2025,Net,Budget,Oct,50941771059,1.6051,0,0.2018
TTL VSE,PJ,2025,Net,Budget,Nov,19279003465,0.3785,0,0.0764
TTL VSE,PJ,2025,Net,Budget,Dec,6240435975,0.3237,0,0.0247
TTL VSE,PJ,2025,Net,Forecast,Jan,30667422925,,25171078312,0.0836
TTL VSE,PJ,2025,Net,Forecast,Feb,33170379474,1.0816,-32005956008,0.0904
TTL VSE,PJ,2025,Net,Forecast,Mar,50919915083,1.5351,16601953731,0.1388
TTL VSE,PJ,2025,Net,Forecast,Apr,9074446414,0.1782,-4510501765,0.0247
TTL VSE,PJ,2025,Net,Forecast,May,3896643568,0.4294,-5550905968,0.0106
TTL VSE,PJ,2025,Net,Forecast,Jun,4927780514,1.2646,-5470066155,0.0134
TTL VSE,PJ,2025,Net,Forecast,Jul,7054569021,1.4316,3667126199,0.0192
TTL VSE,PJ,2025,Net,Forecast,Aug,15347074652,2.1755,12966291310,0.0418
TTL VSE,PJ,2025,Net,Forecast,Sep,23547011972,1.5343,-8190299128,0.0642
TTL VSE,PJ,2025,Net,Forecast,Oct,72520150309,3.0798,21578379250,0.1977
TTL VSE,PJ,2025,Net,Forecast,Nov,51071184694,0.7042,31792181229,0.1392
TTL VSE,PJ,2025,Net,Forecast,Dec,64656595934,1.266,58416159959,0.1762
TTL VSE,PJ,2025,Op,Actual,Jan,23523180000,,-2455986134,0.0611
TTL VSE,PJ,2025,Op,Actual,Feb,47369980300,2.0138,11800065061,0.1231
TTL VSE,PJ,2025,Op,Actual,Mar,51133793900,1.0795,45182164729,0.1328
TTL VSE,PJ,2025,Op,Actual,Apr,15540380000,0.3039,-4240456114,0.0404
TTL VSE,PJ,2025,Op,Actual,May,12433720000,0.8001,6868302014,0.0323
TTL VSE,PJ,2025,Op,Actual,Jun,17091230000,1.3746,-6764551237,0.0444
TTL VSE,PJ,2025,Op,Actual,Jul,16554910000,0.9686,-4426622618,0.043
TTL VSE,PJ,2025,Op,Actual,Aug,16808420000,1.0153,3712017069,0.0437
TTL VSE,PJ,2025,Op,Actual,Sep,21371940000,1.2715,7208914579,0.0555
TTL VSE,PJ,2025,Op,Actual,Oct,57020451200,2.668,-23790535185,0.1481
TTL VSE,PJ,2025,Op,Actual,Nov,57991140200,1.017,12375662695,0.1506
TTL VSE,PJ,2025,Op,Actual,Dec,48117880000,0.8297,21086778848,0.125
TTL VSE,PJ,2025,Op,Budget,Jan,25979166134,,0,0.0816
TTL VSE,PJ,2025,Op,Budget,Feb,35569915239,1.3692,0,0.1117
TTL VSE,PJ,2025,Op,Budget,Mar,5951629171,0.1673,0,0.0187
TTL VSE,PJ,2025,Op,Budget,Apr,19780836114,3.3236,0,0.0621
TTL VSE,PJ,2025,Op,Budget,May,5565417986,0.2814,0,0.0175
TTL VSE,PJ,2025,Op,Budget,Jun,23855781237,4.2864,0,0.0749
TTL VSE,PJ,2025,Op,Budget,Jul,20981532618,0.8795,0,0.0659
TTL VSE,PJ,2025,Op,Budget,Aug,13096402931,0.6242,0,0.0411
TTL VSE,PJ,2025,Op,Budget,Sep,14163025421,1.0814,0,0.0445
TTL VSE,PJ,2025,Op,Budget,Oct,80810986385,5.7058,0,0.2538
TTL VSE,PJ,2025,Op,Budget,Nov,45615477505,0.5645,0,0.1433
TTL VSE,PJ,2025,Op,Budget,Dec,27031101152,0.5926,0,0.0849
TTL VSE,PJ,2025,Op,Forecast,Jan,34551041006,,8571874872,0.1089
TTL VSE,PJ,2025,Op,Forecast,Feb,5899684181,0.1708,-29670231058,0.0186
TTL VSE,PJ,2025,Op,Forecast,Mar,2130816566,0.3612,-3820812605,0.0067
TTL VSE,PJ,2025,Op,Forecast,Apr,104438363,0.049,-19676397751,0.0003
TTL VSE,PJ,2025,Op,Forecast,May,8130735765,77.852,2565317779,0.0256
TTL VSE,PJ,2025,Op,Forecast,Jun,14306231003,1.7595,-9549550234,0.0451
TTL VSE,PJ,2025,Op,Forecast,Jul,15918709090,1.1127,-5062823528,0.0502
TTL VSE,PJ,2025,Op,Forecast,Aug,4462577055,0.2803,-8633825876,0.0141
TTL VSE,PJ,2025,Op,Forecast,Sep,29105631223,6.5222,14942605802,0.0917
TTL VSE,PJ,2025,Op,Forecast,Oct,80804188861,2.7762,-6797524,0.2547
TTL VSE,PJ,2025,Op,Forecast,Nov,52595665411,0.6509,6980187906,0.1658
TTL VSE,PJ,2025,Op,Forecast,Dec,69290588231,1.3174,42259487079,0.2184
TTL VSEE,CDE,2024,Gross,Actual,Jan,4305541888,,-12878511640,0.061
TTL VSEE,CDE,2024,Gross,Actual,Feb,4802006348,1.1153,-1635578243,0.068
TTL VSEE,CDE,2024,Gross,Actual,Mar,6843734672,1.4252,1206961818,0.097
TTL VSEE,CDE,2024,Gross,Actual,Apr,6149323951,0.8985,-227000825,0.0871
TTL VSEE,CDE,2024,Gross,Actual,May,4459145855,0.7251,3146733723,0.0632
TTL VSEE,CDE,2024,Gross,Actual,Jun,3194979778,0.7165,2124879912,0.0453
TTL VSEE,CDE,2024,Gross,Actual,Jul,6166167800,1.93,-2167718337,0.0874
TTL VSEE,CDE,2024,Gross,Actual,Aug,3126050855,0.507,1272764521,0.0443
TTL VSEE,CDE,2024,Gross,Actual,Sep,16504383580,5.2796,16377481174,0.2338
TTL VSEE,CDE,2024,Gross,Actual,Oct,12421842399,0.7526,-2108358342,0.176
TTL VSEE,CDE,2024,Gross,Actual,Nov,1244968034,0.1002,-15508563672,0.0176
TTL VSEE,CDE,2024,Gross,Actual,Dec,1363935710,1.0956,-543732039,0.0193
TTL VSEE,CDE,2024,Gross,Budget,Jan,17184053528,,0,0.2108
TTL VSEE,CDE,2024,Gross,Budget,Feb,6437584591,0.3746,0,0.079
TTL VSEE,CDE,2024,Gross,Budget,Mar,5636772854,0.8756,0,0.0691
TTL VSEE,CDE,2024,Gross,Budget,Apr,6376324776,1.1312,0,0.0782
TTL VSEE,CDE,2024,Gross,Budget,May,1312412132,0.2058,0,0.0161
TTL VSEE,CDE,2024,Gross,Budget,Jun,1070099866,0.8154,0,0.0131
TTL VSEE,CDE,2024,Gross,Budget,Jul,8333886137,7.788,0,0.1022
TTL VSEE,CDE,2024,Gross,Budget,Aug,1853286334,0.2224,0,0.0227
TTL VSEE,CDE,2024,Gross,Budget,Sep,126902406,0.0685,0,0.0016
TTL VSEE,CDE,2024,Gross,Budget,Oct,14530200741,114.499,0,0.1782
TTL VSEE,CDE,2024,Gross,Budget,Nov,16753531706,1.153,0,0.2055
TTL VSEE,CDE,2024,Gross,Budget,Dec,1907667749,0.1139,0,0.0234
TTL VSEE,CDE,2024,Gross,Forecast,Jan,6511599474,,-10672454054,0.1361
TTL VSEE,CDE,2024,Gross,Forecast,Feb,5228443729,0.8029,-1209140862,0.1093
TTL VSEE,CDE,2024,Gross,Forecast,Mar,3286166753,0.6285,-2350606101,0.0687
TTL VSEE,CDE,2024,Gross,Forecast,Apr,4112946114,1.2516,-2263378662,0.0859
TTL VSEE,CDE,2024,Gross,Forecast,May,3148862739,0.7656,1836450607,0.0658
TTL VSEE,CDE,2024,Gross,Forecast,Jun,1256301608,0.399,186201742,0.0263
TTL VSEE,CDE,2024,Gross,Forecast,Jul,2920242938,2.3245,-5413643199,0.061
TTL VSEE,CDE,2024,Gross,Forecast,Aug,1970845846,0.6749,117559512,0.0412
TTL VSEE,CDE,2024,Gross,Forecast,Sep,5571943150,2.8272,5445040744,0.1164
TTL VSEE,CDE,2024,Gross,Forecast,Oct,10466351324,1.8784,-4063849417,0.2187
TTL VSEE,CDE,2024,Gross,Forecast,Nov,120303575,0.0115,-16633228131,0.0025
TTL VSEE,CDE,2024,Gross,Forecast,Dec,3262800016,27.1214,1355132267,0.0682
TTL VSEE,CDE,2024,Net,Actual,Jan,5655912442,,-10460389783,0.0297
TTL VSEE,CDE,2024,Net,Actual,Feb,26725415413,4.7252,23330995375,0.1403
TTL VSEE,CDE,2024,Net,Actual,Mar,19218696140,0.7191,12745948222,0.1009
TTL VSEE,CDE,2024,Net,Actual,Apr,7532571383,0.3919,160234601,0.0395
TTL VSEE,CDE,2024,Net,Actual,May,4072081576,0.5406,3591456738,0.0214
TTL VSEE,CDE,2024,Net,Actual,Jun,1749573360,0.4297,-1842972391,0.0092
TTL VSEE,CDE,2024,Net,Actual,Jul,6091503240,3.4817,2194660830,0.032
TTL VSEE,CDE,2024,Net,Actual,Aug,4411176077,0.7242,-2658183027,0.0232
TTL VSEE,CDE,2024,Net,Actual,Sep,4057506786,0.9198,-6069588262,0.0213
TTL VSEE,CDE,2024,Net,Actual,Oct,34861820604,8.5919,-97615135,0.183
TTL VSEE,CDE,2024,Net,Actual,Nov,66558516879,1.9092,23344055956,0.3495
TTL VSEE,CDE,2024,Net,Actual,Dec,9528552403,0.1432,-15490906699,0.05
TTL VSEE,CDE,2024,Net,Budget,Jan,16116302225,,0,0.0997
TTL VSEE,CDE,2024,Net,Budget,Feb,3394420038,0.2106,0,0.021
TTL VSEE,CDE,2024,Net,Budget,Mar,6472747918,1.9069,0,0.04
TTL VSEE,CDE,2024,Net,Budget,Apr,7372336782,1.139,0,0.0456
TTL VSEE,CDE,2024,Net,Budget,May,480624838,0.0652,0,0.003
TTL VSEE,CDE,2024,Net,Budget,Jun,3592545751,7.4747,0,0.0222
TTL VSEE,CDE,2024,Net,Budget,Jul,3896842410,1.0847,0,0.0241
TTL VSEE,CDE,2024,Net,Budget,Aug,7069359104,1.8141,0,0.0437
TTL VSEE,CDE,2024,Net,Budget,Sep,10127095048,1.4325,0,0.0626
TTL VSEE,CDE,2024,Net,Budget,Oct,34959435739,3.4521,0,0.2162
TTL VSEE,CDE,2024,Net,Budget,Nov,43214460923,1.2361,0,0.2672
TTL VSEE,CDE,2024,Net,Budget,Dec,25019459102,0.579,0,0.1547
TTL VSEE,CDE,2024,Net,Forecast,Jan,9776631992,,-6339670233,0.0598
TTL VSEE,CDE,2024,Net,Forecast,Feb,33020380800,3.3775,29625960762,0.2021
TTL VSEE,CDE,2024,Net,Forecast,Mar,50251011845,1.5218,43778263927,0.3076
TTL VSEE,CDE,2024,Net,Forecast,Apr,7469944345,0.1487,97607563,0.0457
TTL VSEE,CDE,2024,Net,Forecast,May,3615642253,0.484,3135017415,0.0221
TTL VSEE,CDE,2024,Net,Forecast,Jun,49489519,0.0137,-3543056232,0.0003
TTL VSEE,CDE,2024,Net,Forecast,Jul,4268564242,86.2519,371721832,0.0261
TTL VSEE,CDE,2024,Net,Forecast,Aug,4069984204,0.9535,-2999374900,0.0249
TTL VSEE,CDE,2024,Net,Forecast,Sep,3390570411,0.8331,-6736524637,0.0208
TTL VSEE,CDE,2024,Net,Forecast,Oct,20120985308,5.9344,-14838450431,0.1232
TTL VSEE,CDE,2024,Net,Forecast,Nov,5715386633,0.2841,-37499074290,0.035
TTL VSEE,CDE,2024,Net,Forecast,Dec,21627264683,3.784,-3392194419,0.1324
TTL VSEE,CDE,2024,Op,Actual,Jan,8348643238,,-4891607702,0.0442
TTL VSEE,CDE,2024,Op,Actual,Feb,12243306173,1.4665,10065803241,0.0648
TTL VSEE,CDE,2024,Op,Actual,Mar,5479992989,0.4476,2597592040,0.029
TTL VSEE,CDE,2024,Op,Actual,Apr,2319906230,0.4233,213060623,0.0123
TTL VSEE,CDE,2024,Op,Actual,May,6236161166,2.6881,3514088672,0.033
TTL VSEE,CDE,2024,Op,Actual,Jun,5286015908,0.8476,-1917678417,0.028
TTL VSEE,CDE,2024,Op,Actual,Jul,4364840175,0.8257,-2645920353,0.0231
TTL VSEE,CDE,2024,Op,Actual,Aug,4432599760,1.0155,3663314387,0.0234
TTL VSEE,CDE,2024,Op,Actual,Sep,1558963425,0.3517,-7393868522,0.0082
TTL VSEE,CDE,2024,Op,Actual,Oct,18765405823,12.0371,-15828002019,0.0993
TTL VSEE,CDE,2024,Op,Actual,Nov,62961969657,3.3552,17450498359,0.333
TTL VSEE,CDE,2024,Op,Actual,Dec,57073868690,0.9065,9762837201,0.3019
TTL VSEE,CDE,2024,Op,Budget,Jan,13240250940,,0,0.0759
TTL VSEE,CDE,2024,Op,Budget,Feb,2177502932,0.1645,0,0.0125
TTL VSEE,CDE,2024,Op,Budget,Mar,2882400949,1.3237,0,0.0165
TTL VSEE,CDE,2024,Op,Budget,Apr,2106845607,0.7309,0,0.0121
TTL VSEE,CDE,2024,Op,Budget,May,2722072494,1.292,0,0.0156
TTL VSEE,CDE,2024,Op,Budget,Jun,7203694325,2.6464,0,0.0413
TTL VSEE,CDE,2024,Op,Budget,Jul,7010760528,0.9732,0,0.0402
TTL VSEE,CDE,2024,Op,Budget,Aug,769285373,0.1097,0,0.0044
TTL VSEE,CDE,2024,Op,Budget,Sep,8952831947,11.6379,0,0.0513
TTL VSEE,CDE,2024,Op,Budget,Oct,34593407842,3.864,0,0.1983
TTL VSEE,CDE,2024,Op,Budget,Nov,45511471298,1.3156,0,0.2608
TTL VSEE,CDE,2024,Op,Budget,Dec,47311031489,1.0395,0,0.2712
TTL VSEE,CDE,2024,Op,Forecast,Jan,9269421806,,-3970829134,0.0533
TTL VSEE,CDE,2024,Op,Forecast,Feb,1786135271,0.1927,-391367661,0.0103
TTL VSEE,CDE,2024,Op,Forecast,Mar,31963192739,17.8952,29080791790,0.1838
TTL VSEE,CDE,2024,Op,Forecast,Apr,5793123865,0.1812,3686278258,0.0333
TTL VSEE,CDE,2024,Op,Forecast,May,5474869841,0.9451,2752797347,0.0315
TTL VSEE,CDE,2024,Op,Forecast,Jun,1246837326,0.2277,-5956856999,0.0072
TTL VSEE,CDE,2024,Op,Forecast,Jul,1664599743,1.3351,-5346160785,0.0096
TTL VSEE,CDE,2024,Op,Forecast,Aug,1195122423,0.718,425837050,0.0069
TTL VSEE,CDE,2024,Op,Forecast,Sep,9976603440,8.3478,1023771493,0.0574
TTL VSEE,CDE,2024,Op,Forecast,Oct,19138995805,1.9184,-15454412037,0.11
TTL VSEE,CDE,2024,Op,Forecast,Nov,66252191362,3.4616,20740720064,0.3809
TTL VSEE,CDE,2024,Op,Forecast,Dec,20176693511,0.3045,-27134337978,0.116
TTL VSEE,CDE,2025,Gross,Actual,Jan,2439064819,,-6918248404,0.0527
TTL VSEE,CDE,2025,Gross,Actual,Feb,1665061396,0.6827,-4118581572,0.036
TTL VSEE,CDE,2025,Gross,Actual,Mar,642476357,0.3859,-7638015887,0.0139
TTL VSEE,CDE,2025,Gross,Actual,Apr,3354807642,5.2217,1317355663,0.0725
TTL VSEE,CDE,2025,Gross,Actual,May,3263418394,0.9728,-1806627160,0.0705
TTL VSEE,CDE,2025,Gross,Actual,Jun,9751228504,2.988,4876558332,0.2107
TTL VSEE,CDE,2025,Gross,Actual,Jul,2217707333,0.2274,-1192823075,0.0479
TTL VSEE,CDE,2025,Gross,Actual,Aug,1052131506,0.4744,-5601291174,0.0227
TTL VSEE,CDE,2025,Gross,Actual,Sep,38284632,0.0364,-16461596925,0.0008
TTL VSEE,CDE,2025,Gross,Actual,Oct,3019292915,78.8644,1608828731,0.0652
TTL VSEE,CDE,2025,Gross,Actual,Nov,15691592312,5.1971,7857476784,0.339
TTL VSEE,CDE,2025,Gross,Actual,Dec,3149863274,0.2007,1863422446,0.0681
TTL VSEE,CDE,2025,Gross,Budget,Jan,9357313223,,0,0.1291
TTL VSEE,CDE,2025,Gross,Budget,Feb,5783642968,0.6181,0,0.0798
TTL VSEE,CDE,2025,Gross,Budget,Mar,8280492244,1.4317,0,0.1142
TTL VSEE,CDE,2025,Gross,Budget,Apr,2037451979,0.2461,0,0.0281
TTL VSEE,CDE,2025,Gross,Budget,May,5070045554,2.4884,0,0.0699
TTL VSEE,CDE,2025,Gross,Budget,Jun,4874670172,0.9615,0,0.0672
TTL VSEE,CDE,2025,Gross,Budget,Jul,3410530408,0.6996,0,0.047
TTL VSEE,CDE,2025,Gross,Budget,Aug,6653422680,1.9508,0,0.0918
TTL VSEE,CDE,2025,Gross,Budget,Sep,16499881557,2.4799,0,0.2276
TTL VSEE,CDE,2025,Gross,Budget,Oct,1410464184,0.0855,0,0.0195
TTL VSEE,CDE,2025,Gross,Budget,Nov,7834115528,5.5543,0,0.1081
TTL VSEE,CDE,2025,Gross,Budget,Dec,1286440828,0.1642,0,0.0177
TTL VSEE,CDE,2025,Gross,Forecast,Jan,14808624520,,5451311297,0.179
TTL VSEE,CDE,2025,Gross,Forecast,Feb,3203889067,0.2164,-2579753901,0.0387
TTL VSEE,CDE,2025,Gross,Forecast,Mar,9573891960,2.9882,1293399716,0.1157
TTL VSEE,CDE,2025,Gross,Forecast,Apr,7412021596,0.7742,5374569617,0.0896
TTL VSEE,CDE,2025,Gross,Forecast,May,4881206817,0.6586,-188838737,0.059
TTL VSEE,CDE,2025,Gross,Forecast,Jun,9110362864,1.8664,4235692692,0.1101
TTL VSEE,CDE,2025,Gross,Forecast,Jul,5716418639,0.6275,2305888231,0.0691
TTL VSEE,CDE,2025,Gross,Forecast,Aug,8730066564,1.5272,2076643884,0.1055
TTL VSEE,CDE,2025,Gross,Forecast,Sep,8531539756,0.9773,-7968341801,0.1031
TTL VSEE,CDE,2025,Gross,Forecast,Oct,8100522558,0.9495,6690058374,0.0979
TTL VSEE,CDE,2025,Gross,Forecast,Nov,342869155,0.0423,-7491246373,0.0041
TTL VSEE,CDE,2025,Gross,Forecast,Dec,2329909009,6.7953,1043468181,0.0282
TTL VSEE,CDE,2025,Net,Actual,Jan,8034795561,,-1369881884,0.0409
TTL VSEE,CDE,2025,Net,Actual,Feb,42384471255,5.2751,-8702870024,0.2156
TTL VSEE,CDE,2025,Net,Actual,Mar,43834701182,1.0342,3661271838,0.2229
TTL VSEE,CDE,2025,Net,Actual,Apr,977288069,0.0223,-1667029328,0.005
TTL VSEE,CDE,2025,Net,Actual,May,1196139249,1.2239,-46114148,0.0061
TTL VSEE,CDE,2025,Net,Actual,Jun,4281928202,3.5798,1613578086,0.0218
TTL VSEE,CDE,2025,Net,Actual,Jul,2688896029,0.628,2222086041,0.0137
TTL VSEE,CDE,2025,Net,Actual,Aug,1692928004,0.6296,-3064705771,0.0086
TTL VSEE,CDE,2025,Net,Actual,Sep,12564460922,7.4217,2277009396,0.0639
TTL VSEE,CDE,2025,Net,Actual,Oct,14634162767,1.1647,-27958040255,0.0744
TTL VSEE,CDE,2025,Net,Actual,Nov,58948154921,4.0281,40407687232,0.2998
TTL VSEE,CDE,2025,Net,Actual,Dec,5376041853,0.0912,-27968318298,0.0273
TTL VSEE,CDE,2025,Net,Budget,Jan,9404677445,,0,0.0433
TTL VSEE,CDE,2025,Net,Budget,Feb,51087341279,5.4321,0,0.2352
TTL VSEE,CDE,2025,Net,Budget,Mar,40173429344,0.7864,0,0.185
TTL VSEE,CDE,2025,Net,Budget,Apr,2644317397,0.0658,0,0.0122
TTL VSEE,CDE,2025,Net,Budget,May,1242253397,0.4698,0,0.0057
TTL VSEE,CDE,2025,Net,Budget,Jun,2668350116,2.148,0,0.0123
TTL VSEE,CDE,2025,Net,Budget,Jul,466809988,0.1749,0,0.0021
TTL VSEE,CDE,2025,Net,Budget,Aug,4757633775,10.1918,0,0.0219
TTL VSEE,CDE,2025,Net,Budget,Sep,10287451526,2.1623,0,0.0474
TTL VSEE,CDE,2025,Net,Budget,Oct,42592203022,4.1402,0,0.1961
TTL VSEE,CDE,2025,Net,Budget,Nov,18540467689,0.4353,0,0.0854
TTL VSEE,CDE,2025,Net,Budget,Dec,33344360151,1.7985,0,0.1535
TTL VSEE,CDE,2025,Net,Forecast,Jan,7759927301,,-1644750144,0.0333
TTL VSEE,CDE,2025,Net,Forecast,Feb,35901718382,4.6266,-15185622897,0.1542
TTL VSEE,CDE,2025,Net,Forecast,Mar,33785286350,0.941,-6388142994,0.1451
TTL VSEE,CDE,2025,Net,Forecast,Apr,3645457765,0.1079,1001140368,0.0157
TTL VSEE,CDE,2025,Net,Forecast,May,4379398297,1.2013,3137144900,0.0188
TTL VSEE,CDE,2025,Net,Forecast,Jun,177828314,0.0406,-2490521802,0.0008
TTL VSEE,CDE,2025,Net,Forecast,Jul,1723011481,9.6892,1256201493,0.0074
TTL VSEE,CDE,2025,Net,Forecast,Aug,1945900259,1.1294,-2811733516,0.0084
TTL VSEE,CDE,2025,Net,Forecast,Sep,6640308377,3.4125,-3647143149,0.0285
TTL VSEE,CDE,2025,Net,Forecast,Oct,52167131014,7.8561,9574927992,0.2241
TTL VSEE,CDE,2025,Net,Forecast,Nov,58044111736,1.1127,39503644047,0.2494
TTL VSEE,CDE,2025,Net,Forecast,Dec,26600094769,0.4583,-6744265382,0.1143
TTL VSEE,CDE,2025,Op,Actual,Jan,12902545708,,8876758367,0.0652
TTL VSEE,CDE,2025,Op,Actual,Feb,22610453342,1.7524,-29824738007,0.1142
TTL VSEE,CDE,2025,Op,Actual,Mar,45036079745,1.9918,-14816801252,0.2274
TTL VSEE,CDE,2025,Op,Actual,Apr,4757779253,0.1056,172831518,0.024
TTL VSEE,CDE,2025,Op,Actual,May,2551197405,0.5362,720746078,0.0129
TTL VSEE,CDE,2025,Op,Actual,Jun,7380151192,2.8928,1036516257,0.0373
TTL VSEE,CDE,2025,Op,Actual,Jul,6735395338,0.9126,3076812827,0.034
TTL VSEE,CDE,2025,Op,Actual,Aug,4602866756,0.6834,-1511978734,0.0232
TTL VSEE,CDE,2025,Op,Actual,Sep,12430652186,2.7006,12044981531,0.0628
TTL VSEE,CDE,2025,Op,Actual,Oct,16583004671,1.334,-4505421540,0.0837
TTL VSEE,CDE,2025,Op,Actual,Nov,52664815692,3.1758,28582659557,0.266
TTL VSEE,CDE,2025,Op,Actual,Dec,9770009987,0.1855,-3734902909,0.0493
TTL VSEE,CDE,2025,Op,Budget,Jan,4025787341,,0,0.0203
TTL VSEE,CDE,2025,Op,Budget,Feb,52435191349,13.0248,0,0.2649
TTL VSEE,CDE,2025,Op,Budget,Mar,59852880997,1.1415,0,0.3024
TTL VSEE,CDE,2025,Op,Budget,Apr,4584947735,0.0766,0,0.0232
TTL VSEE,CDE,2025,Op,Budget,May,1830451327,0.3992,0,0.0092
TTL VSEE,CDE,2025,Op,Budget,Jun,6343634935,3.4656,0,0.0321
TTL VSEE,CDE,2025,Op,Budget,Jul,3658582511,0.5767,0,0.0185
TTL VSEE,CDE,2025,Op,Budget,Aug,6114845490,1.6714,0,0.0309
TTL VSEE,CDE,2025,Op,Budget,Sep,385670655,0.0631,0,0.0019
TTL VSEE,CDE,2025,Op,Budget,Oct,21088426211,54.6799,0,0.1066
TTL VSEE,CDE,2025,Op,Budget,Nov,24082156135,1.142,0,0.1217
TTL VSEE,CDE,2025,Op,Budget,Dec,13504912896,0.5608,0,0.0682
TTL VSEE,CDE,2025,Op,Forecast,Jan,2704563525,,-1321223816,0.0163
TTL VSEE,CDE,2025,Op,Forecast,Feb,46430082810,17.1673,-6005108539,0.2802
TTL VSEE,CDE,2025,Op,Forecast,Mar,1945625532,0.0419,-57907255465,0.0117
TTL VSEE,CDE,2025,Op,Forecast,Apr,3356450771,1.7251,-1228496964,0.0203
TTL VSEE,CDE,2025,Op,Forecast,May,767974619,0.2288,-1062476708,0.0046
TTL VSEE,CDE,2025,Op,Forecast,Jun,4731763908,6.1614,-1611871027,0.0286
TTL VSEE,CDE,2025,Op,Forecast,Jul,2586094465,0.5465,-1072488046,0.0156
TTL VSEE,CDE,2025,Op,Forecast,Aug,1312486053,0.5075,-4802359437,0.0079
TTL VSEE,CDE,2025,Op,Forecast,Sep,10341546867,7.8794,9955876212,0.0624
TTL VSEE,CDE,2025,Op,Forecast,Oct,2499724253,0.2417,-18588701958,0.0151
TTL VSEE,CDE,2025,Op,Forecast,Nov,43899603946,17.5618,19817447811,0.2649
TTL VSEE,CDE,2025,Op,Forecast,Dec,45153926398,1.0286,31649013502,0.2725
TTL VSEE,PJ,2024,Gross,Actual,Jan,14445870947,,12556742582,0.1712
TTL VSEE,PJ,2024,Gross,Actual,Feb,4203146543,0.291,3919190368,0.0498
TTL VSEE,PJ,2024,Gross,Actual,Mar,8731551887,2.0774,6705269126,0.1035
TTL VSEE,PJ,2024,Gross,Actual,Apr,2741790911,0.314,-17930193,0.0325
TTL VSEE,PJ,2024,Gross,Actual,May,4081974176,1.4888,-661714192,0.0484
TTL VSEE,PJ,2024,Gross,Actual,Jun,8737281861,2.1405,6035612438,0.1035
TTL VSEE,PJ,2024,Gross,Actual,Jul,5563546965,0.6368,3255244682,0.0659
TTL VSEE,PJ,2024,Gross,Actual,Aug,2399689313,0.4313,1843332933,0.0284
TTL VSEE,PJ,2024,Gross,Actual,Sep,10692474603,4.4558,-842921424,0.1267
TTL VSEE,PJ,2024,Gross,Actual,Oct,10443678893,0.9767,3468319078,0.1238
TTL VSEE,PJ,2024,Gross,Actual,Nov,9938233099,0.9516,7266978978,0.1178
TTL VSEE,PJ,2024,Gross,Actual,Dec,2400318225,0.2415,-431656273,0.0284
TTL VSEE,PJ,2024,Gross,Budget,Jan,1889128365,,0,0.0458
TTL VSEE,PJ,2024,Gross,Budget,Feb,283956175,0.1503,0,0.0069
TTL VSEE,PJ,2024,Gross,Budget,Mar,2026282761,7.1359,0,0.0491
TTL VSEE,PJ,2024,Gross,Budget,Apr,2759721104,1.362,0,0.0668
TTL VSEE,PJ,2024,Gross,Budget,May,4743688368,1.7189,0,0.1149
TTL VSEE,PJ,2024,Gross,Budget,Jun,2701669423,0.5695,0,0.0654
TTL VSEE,PJ,2024,Gross,Budget,Jul,2308302283,0.8544,0,0.0559
TTL VSEE,PJ,2024,Gross,Budget,Aug,556356380,0.241,0,0.0135
TTL VSEE,PJ,2024,Gross,Budget,Sep,11535396027,20.7338,0,0.2794
TTL VSEE,PJ,2024,Gross,Budget,Oct,6975359815,0.6047,0,0.169
TTL VSEE,PJ,2024,Gross,Budget,Nov,2671254121,0.383,0,0.0647
TTL VSEE,PJ,2024,Gross,Budget,Dec,2831974498,1.0602,0,0.0686
TTL VSEE,PJ,2024,Gross,Forecast,Jan,823099357,,-1066029008,0.0154
TTL VSEE,PJ,2024,Gross,Forecast,Feb,3683935109,4.4757,3399978934,0.0689
TTL VSEE,PJ,2024,Gross,Forecast,Mar,4944043413,1.3421,2917760652,0.0925
TTL VSEE,PJ,2024,Gross,Forecast,Apr,2177245415,0.4404,-582475689,0.0407
TTL VSEE,PJ,2024,Gross,Forecast,May,191471439,0.0879,-4552216929,0.0036
TTL VSEE,PJ,2024,Gross,Forecast,Jun,1800991307,9.4061,-900678116,0.0337
TTL VSEE,PJ,2024,Gross,Forecast,Jul,5774053762,3.206,3465751479,0.1081
TTL VSEE,PJ,2024,Gross,Forecast,Aug,951281254,0.1648,394924874,0.0178
TTL VSEE,PJ,2024,Gross,Forecast,Sep,14307464231,15.0402,2772068204,0.2677
TTL VSEE,PJ,2024,Gross,Forecast,Oct,11387066475,0.7959,4411706660,0.2131
TTL VSEE,PJ,2024,Gross,Forecast,Nov,5138285230,0.4512,2467031109,0.0962
TTL VSEE,PJ,2024,Gross,Forecast,Dec,2257360390,0.4393,-574614108,0.0422
TTL VSEE,PJ,2024,Net,Actual,Jan,7723648232,,6891958505,0.0505
TTL VSEE,PJ,2024,Net,Actual,Feb,22516204904,2.9152,-1062301512,0.1472
TTL VSEE,PJ,2024,Net,Actual,Mar,26949389173,1.1969,-27837663818,0.1762
TTL VSEE,PJ,2024,Net,Actual,Apr,8612456214,0.3196,3148884588,0.0563
TTL VSEE,PJ,2024,Net,Actual,May,5070927464,0.5888,2953628688,0.0332
TTL VSEE,PJ,2024,Net,Actual,Jun,9026201617,1.78,7733670401,0.059
TTL VSEE,PJ,2024,Net,Actual,Jul,5612319194,0.6218,-934488546,0.0367
TTL VSEE,PJ,2024,Net,Actual,Aug,8332860033,1.4847,7640327202,0.0545
TTL VSEE,PJ,2024,Net,Actual,Sep,6796708280,0.8157,4875445792,0.0444
TTL VSEE,PJ,2024,Net,Actual,Oct,22131318472,3.2562,4932249707,0.1447
TTL VSEE,PJ,2024,Net,Actual,Nov,24746921659,1.1182,-41484060342,0.1618
TTL VSEE,PJ,2024,Net,Actual,Dec,5432702250,0.2195,-40924113709,0.0355
TTL VSEE,PJ,2024,Net,Budget,Jan,831689727,,0,0.0037
TTL VSEE,PJ,2024,Net,Budget,Feb,23578506416,28.3501,0,0.1039
TTL VSEE,PJ,2024,Net,Budget,Mar,54787052991,2.3236,0,0.2413
TTL VSEE,PJ,2024,Net,Budget,Apr,5463571626,0.0997,0,0.0241
TTL VSEE,PJ,2024,Net,Budget,May,2117298776,0.3875,0,0.0093
TTL VSEE,PJ,2024,Net,Budget,Jun,1292531216,0.6105,0,0.0057
TTL VSEE,PJ,2024,Net,Budget,Jul,6546807740,5.0651,0,0.0288
TTL VSEE,PJ,2024,Net,Budget,Aug,692532831,0.1058,0,0.0031
TTL VSEE,PJ,2024,Net,Budget,Sep,1921262488,2.7743,0,0.0085
TTL VSEE,PJ,2024,Net,Budget,Oct,17199068765,8.952,0,0.0758
TTL VSEE,PJ,2024,Net,Budget,Nov,66230982001,3.8508,0,0.2917
TTL VSEE,PJ,2024,Net,Budget,Dec,46356815959,0.6999,0,0.2042
TTL VSEE,PJ,2024,Net,Forecast,Jan,8038506955,,7206817228,0.0359
TTL VSEE,PJ,2024,Net,Forecast,Feb,10277624745,1.2785,-13300881671,0.0459
TTL VSEE,PJ,2024,Net,Forecast,Mar,29895535360,2.9088,-24891517631,0.1336
TTL VSEE,PJ,2024,Net,Forecast,Apr,8049028824,0.2692,2585457198,0.036
TTL VSEE,PJ,2024,Net,Forecast,May,4307054982,0.5351,2189756206,0.0192
TTL VSEE,PJ,2024,Net,Forecast,Jun,1743214770,0.4047,450683554,0.0078
TTL VSEE,PJ,2024,Net,Forecast,Jul,1487841201,0.8535,-5058966539,0.0066
TTL VSEE,PJ,2024,Net,Forecast,Aug,2904826197,1.9524,2212293366,0.013
TTL VSEE,PJ,2024,Net,Forecast,Sep,213100394,0.0734,-1708162094,0.001
TTL VSEE,PJ,2024,Net,Forecast,Oct,59520485734,279.3073,42321416969,0.266
TTL VSEE,PJ,2024,Net,Forecast,Nov,58159164917,0.9771,-8071817084,0.2599
TTL VSEE,PJ,2024,Net,Forecast,Dec,39199223055,0.674,-7157592904,0.1752
TTL VSEE,PJ,2024,Op,Actual,Jan,2184616204,,-3218748666,0.0121
TTL VSEE,PJ,2024,Op,Actual,Feb,35767522119,16.3725,-22149158512,0.1977
TTL VSEE,PJ,2024,Op,Actual,Mar,19755522836,0.5523,-30863877372,0.1092
TTL VSEE,PJ,2024,Op,Actual,Apr,8492771858,0.4299,7873338769,0.0469
TTL VSEE,PJ,2024,Op,Actual,May,1688089325,0.1988,-2228886672,0.0093
TTL VSEE,PJ,2024,Op,Actual,Jun,2982287142,1.7667,-1936862857,0.0165
TTL VSEE,PJ,2024,Op,Actual,Jul,2443092097,0.8192,-1892762674,0.0135
TTL VSEE,PJ,2024,Op,Actual,Aug,4661558279,1.9081,1675474946,0.0258
TTL VSEE,PJ,2024,Op,Actual,Sep,9965544527,2.1378,3459324252,0.0551
TTL VSEE,PJ,2024,Op,Actual,Oct,12786457324,1.2831,-48372804744,0.0707
TTL VSEE,PJ,2024,Op,Actual,Nov,41887502981,3.2759,38751073320,0.2315
TTL VSEE,PJ,2024,Op,Actual,Dec,38343758232,0.9154,3542031744,0.2119
TTL VSEE,PJ,2024,Op,Budget,Jan,5403364870,,0,0.0229
TTL VSEE,PJ,2024,Op,Budget,Feb,57916680631,10.7186,0,0.2451
TTL VSEE,PJ,2024,Op,Budget,Mar,50619400208,0.874,0,0.2142
TTL VSEE,PJ,2024,Op,Budget,Apr,619433089,0.0122,0,0.0026
TTL VSEE,PJ,2024,Op,Budget,May,3916975997,6.3235,0,0.0166
TTL VSEE,PJ,2024,Op,Budget,Jun,4919149999,1.2559,0,0.0208
TTL VSEE,PJ,2024,Op,Budget,Jul,4335854771,0.8814,0,0.0183
TTL VSEE,PJ,2024,Op,Budget,Aug,2986083333,0.6887,0,0.0126
TTL VSEE,PJ,2024,Op,Budget,Sep,6506220275,2.1788,0,0.0275
TTL VSEE,PJ,2024,Op,Budget,Oct,61159262068,9.4001,0,0.2588
TTL VSEE,PJ,2024,Op,Budget,Nov,3136429661,0.0513,0,0.0133
TTL VSEE,PJ,2024,Op,Budget,Dec,34801726488,11.096,0,0.1473
TTL VSEE,PJ,2024,Op,Forecast,Jan,1819831168,,-3583533702,0.0097
TTL VSEE,PJ,2024,Op,Forecast,Feb,13412173412,7.37,-44504507219,0.0715
TTL VSEE,PJ,2024,Op,Forecast,Mar,37628151894,2.8055,-12991248314,0.2005
TTL VSEE,PJ,2024,Op,Forecast,Apr,4257471426,0.1131,3638038337,0.0227
TTL VSEE,PJ,2024,Op,Forecast,May,6051291002,1.4213,2134315005,0.0322
TTL VSEE,PJ,2024,Op,Forecast,Jun,4165127272,0.6883,-754022727,0.0222
TTL VSEE,PJ,2024,Op,Forecast,Jul,6849057485,1.6444,2513202714,0.0365
TTL VSEE,PJ,2024,Op,Forecast,Aug,1192032239,0.174,-1794051094,0.0064
TTL VSEE,PJ,2024,Op,Forecast,Sep,13367319125,11.2139,6861098850,0.0712
TTL VSEE,PJ,2024,Op,Forecast,Oct,26930922771,2.0147,-34228339297,0.1435
TTL VSEE,PJ,2024,Op,Forecast,Nov,48228420999,1.7908,45091991338,0.257
TTL VSEE,PJ,2024,Op,Forecast,Dec,23755146590,0.4926,-11046579898,0.1266
TTL VSEE,PJ,2025,Gross,Actual,Jan,12920240000,,8555003488,0.1387
TTL VSEE,PJ,2025,Gross,Actual,Feb,5054820000,0.3912,1201058819,0.0543
TTL VSEE,PJ,2025,Gross,Actual,Mar,8603390000,1.702,6312165041,0.0923
TTL VSEE,PJ,2025,Gross,Actual,Apr,6616790000,0.7691,2081615805,0.071
TTL VSEE,PJ,2025,Gross,Actual,May,4405370000,0.6658,4221188165,0.0473
TTL VSEE,PJ,2025,Gross,Actual,Jun,6908810000,1.5683,-42642696,0.0742
TTL VSEE,PJ,2025,Gross,Actual,Jul,6453750000,0.9341,-1448261246,0.0693
TTL VSEE,PJ,2025,Gross,Actual,Aug,6837700000,1.0595,3468454244,0.0734
TTL VSEE,PJ,2025,Gross,Actual,Sep,11027830000,1.6128,7310823482,0.1184
TTL VSEE,PJ,2025,Gross,Actual,Oct,9887150000,0.8966,-1580602592,0.1061
TTL VSEE,PJ,2025,Gross,Actual,Nov,11819590000,1.1954,8513957872,0.1269
TTL VSEE,PJ,2025,Gross,Actual,Dec,2631730000,0.2227,-145028007,0.0282
TTL VSEE,PJ,2025,Gross,Budget,Jan,4365236512,,0,0.0798
TTL VSEE,PJ,2025,Gross,Budget,Feb,3853761181,0.8828,0,0.0704
TTL VSEE,PJ,2025,Gross,Budget,Mar,2291224959,0.5945,0,0.0419
TTL VSEE,PJ,2025,Gross,Budget,Apr,4535174195,1.9794,0,0.0829
TTL VSEE,PJ,2025,Gross,Budget,May,184181835,0.0406,0,0.0034
TTL VSEE,PJ,2025,Gross,Budget,Jun,6951452696,37.7423,0,0.127
TTL VSEE,PJ,2025,Gross,Budget,Jul,7902011246,1.1367,0,0.1444
TTL VSEE,PJ,2025,Gross,Budget,Aug,3369245756,0.4264,0,0.0616
TTL VSEE,PJ,2025,Gross,Budget,Sep,3717006518,1.1032,0,0.0679
TTL VSEE,PJ,2025,Gross,Budget,Oct,11467752592,3.0852,0,0.2096
TTL VSEE,PJ,2025,Gross,Budget,Nov,3305632128,0.2883,0,0.0604
TTL VSEE,PJ,2025,Gross,Budget,Dec,2776758007,0.84,0,0.0507
TTL VSEE,PJ,2025,Gross,Forecast,Jan,6084179342,,1718942830,0.0934
TTL VSEE,PJ,2025,Gross,Forecast,Feb,6644857627,1.0922,2791096446,0.102
TTL VSEE,PJ,2025,Gross,Forecast,Mar,8868844194,1.3347,6577619235,0.1361
TTL VSEE,PJ,2025,Gross,Forecast,Apr,2872674440,0.3239,-1662499755,0.0441
TTL VSEE,PJ,2025,Gross,Forecast,May,5645704242,1.9653,5461522407,0.0866
TTL VSEE,PJ,2025,Gross,Forecast,Jun,4548788371,0.8057,-2402664325,0.0698
TTL VSEE,PJ,2025,Gross,Forecast,Jul,6753719296,1.4847,-1148291950,0.1036
TTL VSEE,PJ,2025,Gross,Forecast,Aug,5537390404,0.8199,2168144648,0.085
TTL VSEE,PJ,2025,Gross,Forecast,Sep,308636011,0.0557,-3408370507,0.0047
TTL VSEE,PJ,2025,Gross,Forecast,Oct,13339632063,43.2212,1871879471,0.2047
TTL VSEE,PJ,2025,Gross,Forecast,Nov,4513836060,0.3384,1208203932,0.0693
TTL VSEE,PJ,2025,Gross,Forecast,Dec,54858788,0.0122,-2721899219,0.0008
TTL VSEE,PJ,2025,Net,Actual,Jan,10949440000,,6974970320,0.0424
TTL VSEE,PJ,2025,Net,Actual,Feb,40098720300,3.6622,31110978771,0.1552
TTL VSEE,PJ,2025,Net,Actual,Mar,40701903900,1.015,-9562213155,0.1575
TTL VSEE,PJ,2025,Net,Actual,Apr,6112880000,0.1502,-2514962470,0.0237
TTL VSEE,PJ,2025,Net,Actual,May,4163580000,0.6811,-535034523,0.0161
TTL VSEE,PJ,2025,Net,Actual,Jun,6524340000,1.567,-1512291514,0.0253
TTL VSEE,PJ,2025,Net,Actual,Jul,4956810000,0.7597,-1559378152,0.0192
TTL VSEE,PJ,2025,Net,Actual,Aug,6271260000,1.2652,1305694140,0.0243
TTL VSEE,PJ,2025,Net,Actual,Sep,8963100000,1.4292,-516611322,0.0347
TTL VSEE,PJ,2025,Net,Actual,Oct,44285821200,4.9409,-14092942129,0.1714
TTL VSEE,PJ,2025,Net,Actual,Nov,47022880200,1.0618,19474548799,0.182
TTL VSEE,PJ,2025,Net,Actual,Dec,38300290000,0.8145,28001578537,0.1482
TTL VSEE,PJ,2025,Net,Budget,Jan,3974469680,,0,0.0197
TTL VSEE,PJ,2025,Net,Budget,Feb,8987741529,2.2614,0,0.0445
TTL VSEE,PJ,2025,Net,Budget,Mar,50264117055,5.5925,0,0.2491
TTL VSEE,PJ,2025,Net,Budget,Apr,8627842470,0.1717,0,0.0428
TTL VSEE,PJ,2025,Net,Budget,May,4698614523,0.5446,0,0.0233
TTL VSEE,PJ,2025,Net,Budget,Jun,8036631514,1.7104,0,0.0398
TTL VSEE,PJ,2025,Net,Budget,Jul,6516188152,0.8108,0,0.0323
TTL VSEE,PJ,2025,Net,Budget,Aug,4965565860,0.762,0,0.0246
TTL VSEE,PJ,2025,Net,Budget,Sep,9479711322,1.9091,0,0.047
TTL VSEE,PJ,2025,Net,Budget,Oct,58378763329,6.1583,0,0.2893
TTL VSEE,PJ,2025,Net,Budget,Nov,27548331401,0.4719,0,0.1365
TTL VSEE,PJ,2025,Net,Budget,Dec,10298711463,0.3738,0,0.051
TTL VSEE,PJ,2025,Net,Forecast,Jan,11293341702,,7318872022,0.1133
TTL VSEE,PJ,2025,Net,Forecast,Feb,8369938253,0.7411,-617803276,0.084
TTL VSEE,PJ,2025,Net,Forecast,Mar,8884443916,1.0615,-41379673139,0.0892
TTL VSEE,PJ,2025,Net,Forecast,Apr,6592038913,0.742,-2035803557,0.0662
TTL VSEE,PJ,2025,Net,Forecast,May,4580692868,0.6949,-117921655,0.046
TTL VSEE,PJ,2025,Net,Forecast,Jun,421149274,0.0919,-7615482240,0.0042
TTL VSEE,PJ,2025,Net,Forecast,Jul,4105976639,9.7495,-2410211513,0.0412
TTL VSEE,PJ,2025,Net,Forecast,Aug,1852537898,0.4512,-3113027962,0.0186
TTL VSEE,PJ,2025,Net,Forecast,Sep,2271383271,1.2261,-7208328051,0.0228
TTL VSEE,PJ,2025,Net,Forecast,Oct,27946291480,12.3036,-30432471849,0.2805
TTL VSEE,PJ,2025,Net,Forecast,Nov,4293617652,0.1536,-23254713749,0.0431
TTL VSEE,PJ,2025,Net,Forecast,Dec,19036336968,4.4336,8737625505,0.191
TTL VSEE,PJ,2025,Op,Actual,Jan,10949440000,,3764890800,0.0424
TTL VSEE,PJ,2025,Op,Actual,Feb,40098720300,3.6622,-2530006996,0.1552
TTL VSEE,PJ,2025,Op,Actual,Mar,40701903900,1.015,14649252159,0.1575
TTL VSEE,PJ,2025,Op,Actual,Apr,6112880000,0.1502,-880532270,0.0237
TTL VSEE,PJ,2025,Op,Actual,May,4163580000,0.6811,-704192217,0.0161
TTL VSEE,PJ,2025,Op,Actual,Jun,6524340000,1.567,2710654304,0.0253
TTL VSEE,PJ,2025,Op,Actual,Jul,4956810000,0.7597,3292147503,0.0192
TTL VSEE,PJ,2025,Op,Actual,Aug,6271260000,1.2652,-711182335,0.0243
TTL VSEE,PJ,2025,Op,Actual,Sep,8963100000,1.4292,6816600734,0.0347
TTL VSEE,PJ,2025,Op,Actual,Oct,44285821200,4.9409,36561103213,0.1714
TTL VSEE,PJ,2025,Op,Actual,Nov,47022880200,1.0618,11813546943,0.182
TTL VSEE,PJ,2025,Op,Actual,Dec,38300290000,0.8145,17511065450,0.1482
TTL VSEE,PJ,2025,Op,Budget,Jan,7184549200,,0,0.0433
TTL VSEE,PJ,2025,Op,Budget,Feb,42628727296,5.9334,0,0.2567
TTL VSEE,PJ,2025,Op,Budget,Mar,26052651741,0.6112,0,0.1569
TTL VSEE,PJ,2025,Op,Budget,Apr,6993412270,0.2684,0,0.0421
TTL VSEE,PJ,2025,Op,Budget,May,4867772217,0.6961,0,0.0293
TTL VSEE,PJ,2025,Op,Budget,Jun,3813685696,0.7835,0,0.023
TTL VSEE,PJ,2025,Op,Budget,Jul,1664662497,0.4365,0,0.01
TTL VSEE,PJ,2025,Op,Budget,Aug,6982442335,4.1945,0,0.042
TTL VSEE,PJ,2025,Op,Budget,Sep,2146499266,0.3074,0,0.0129
TTL VSEE,PJ,2025,Op,Budget,Oct,7724717987,3.5988,0,0.0465
TTL VSEE,PJ,2025,Op,Budget,Nov,35209333257,4.558,0,0.212
TTL VSEE,PJ,2025,Op,Budget,Dec,20789224550,0.5904,0,0.1252
TTL VSEE,PJ,2025,Op,Forecast,Jan,14948716604,,7764167404,0.056
TTL VSEE,PJ,2025,Op,Forecast,Feb,42337277945,2.8322,-291449351,0.1585
TTL VSEE,PJ,2025,Op,Forecast,Mar,47832700844,1.1298,21780049103,0.1791
TTL VSEE,PJ,2025,Op,Forecast,Apr,7981387688,0.1669,987975418,0.0299
TTL VSEE,PJ,2025,Op,Forecast,May,5442227703,0.6819,574455486,0.0204
TTL VSEE,PJ,2025,Op,Forecast,Jun,2751110810,0.5055,-1062574886,0.0103
TTL VSEE,PJ,2025,Op,Forecast,Jul,5157413596,1.8747,3492751099,0.0193
TTL VSEE,PJ,2025,Op,Forecast,Aug,1629636820,0.316,-5352805515,0.0061
TTL VSEE,PJ,2025,Op,Forecast,Sep,998473589,0.6127,-1148025677,0.0037
TTL VSEE,PJ,2025,Op,Forecast,Oct,45113112848,45.1821,37388394861,0.1689
TTL VSEE,PJ,2025,Op,Forecast,Nov,58719637161,1.3016,23510303904,0.2199
TTL VSEE,PJ,2025,Op,Forecast,Dec,34165593676,0.5818,13376369126,0.1279
TTL VSEW,CDE,2024,Gross,Actual,Jan,1551016885,,-5471908318,0.0183
TTL VSEW,CDE,2024,Gross,Actual,Feb,4551229350,2.9344,2405543262,0.0536
TTL VSEW,CDE,2024,Gross,Actual,Mar,2582905915,0.5675,-9278042977,0.0304
TTL VSEW,CDE,2024,Gross,Actual,Apr,12420537622,4.8087,-1262869594,0.1463
TTL VSEW,CDE,2024,Gross,Actual,May,5465248244,0.44,-3008026759,0.0644
TTL VSEW,CDE,2024,Gross,Actual,Jun,11913707808,2.1799,3937726068,0.1403
TTL VSEW,CDE,2024,Gross,Actual,Jul,6792961979,0.5702,-5798645216,0.08
TTL VSEW,CDE,2024,Gross,Actual,Aug,12800670603,1.8844,11818748414,0.1508
TTL VSEW,CDE,2024,Gross,Actual,Sep,10057197688,0.7857,9533731929,0.1185
TTL VSEW,CDE,2024,Gross,Actual,Oct,4774594228,0.4747,-1392208372,0.0562
TTL VSEW,CDE,2024,Gross,Actual,Nov,9101144085,1.9062,-2065671525,0.1072
TTL VSEW,CDE,2024,Gross,Actual,Dec,2884895388,0.317,-2208531367,0.034
TTL VSEW,CDE,2024,Gross,Budget,Jan,7022925203,,0,0.0801
TTL VSEW,CDE,2024,Gross,Budget,Feb,2145686088,0.3055,0,0.0245
TTL VSEW,CDE,2024,Gross,Budget,Mar,11860948892,5.5278,0,0.1353
TTL VSEW,CDE,2024,Gross,Budget,Apr,13683407216,1.1537,0,0.156
TTL VSEW,CDE,2024,Gross,Budget,May,8473275003,0.6192,0,0.0966
TTL VSEW,CDE,2024,Gross,Budget,Jun,7975981740,0.9413,0,0.091
TTL VSEW,CDE,2024,Gross,Budget,Jul,12591607195,1.5787,0,0.1436
TTL VSEW,CDE,2024,Gross,Budget,Aug,981922189,0.078,0,0.0112
TTL VSEW,CDE,2024,Gross,Budget,Sep,523465759,0.5331,0,0.006
TTL VSEW,CDE,2024,Gross,Budget,Oct,6166802600,11.7807,0,0.0703
TTL VSEW,CDE,2024,Gross,Budget,Nov,11166815610,1.8108,0,0.1273
TTL VSEW,CDE,2024,Gross,Budget,Dec,5093426755,0.4561,0,0.0581
TTL VSEW,CDE,2024,Gross,Forecast,Jan,13113495333,,6090570130,0.14
TTL VSEW,CDE,2024,Gross,Forecast,Feb,10095187352,0.7698,7949501264,0.1078
TTL VSEW,CDE,2024,Gross,Forecast,Mar,5095607835,0.5048,-6765341057,0.0544
TTL VSEW,CDE,2024,Gross,Forecast,Apr,2705564407,0.531,-10977842809,0.0289
TTL VSEW,CDE,2024,Gross,Forecast,May,5849340111,2.162,-2623934892,0.0625
TTL VSEW,CDE,2024,Gross,Forecast,Jun,5710934030,0.9763,-2265047710,0.061
TTL VSEW,CDE,2024,Gross,Forecast,Jul,1124669396,0.1969,-11466937799,0.012
TTL VSEW,CDE,2024,Gross,Forecast,Aug,12494691614,11.1097,11512769425,0.1334
TTL VSEW,CDE,2024,Gross,Forecast,Sep,16082036079,1.2871,15558570320,0.1717
TTL VSEW,CDE,2024,Gross,Forecast,Oct,13014329903,0.8092,6847527303,0.139
TTL VSEW,CDE,2024,Gross,Forecast,Nov,1453246399,0.1117,-9713569211,0.0155
TTL VSEW,CDE,2024,Gross,Forecast,Dec,6900922330,4.7486,1807495575,0.0737
TTL VSEW,CDE,2024,Net,Actual,Jan,7800897698,,7038899846,0.1291
TTL VSEW,CDE,2024,Net,Actual,Feb,5883350783,0.7542,-2591493011,0.0974
TTL VSEW,CDE,2024,Net,Actual,Mar,1268753089,0.2157,-8968206451,0.021
TTL VSEW,CDE,2024,Net,Actual,Apr,11290277524,8.8987,2609148356,0.1869
TTL VSEW,CDE,2024,Net,Actual,May,2120758345,0.1878,-1647366047,0.0351
TTL VSEW,CDE,2024,Net,Actual,Jun,1433667036,0.676,-6488819831,0.0237
TTL VSEW,CDE,2024,Net,Actual,Jul,760758904,0.5306,-7559978046,0.0126
TTL VSEW,CDE,2024,Net,Actual,Aug,100468815,0.1321,-2749371496,0.0017
TTL VSEW,CDE,2024,Net,Actual,Sep,12913688693,128.5343,-1470203395,0.2137
TTL VSEW,CDE,2024,Net,Actual,Oct,6260472551,0.4848,6170970590,0.1036
TTL VSEW,CDE,2024,Net,Actual,Nov,6131094917,0.9793,-1175628018,0.1015
TTL VSEW,CDE,2024,Net,Actual,Dec,4455673620,0.7267,-3314141503,0.0737
TTL VSEW,CDE,2024,Net,Budget,Jan,761997852,,0,0.0095
TTL VSEW,CDE,2024,Net,Budget,Feb,8474843794,11.1219,0,0.1052
TTL VSEW,CDE,2024,Net,Budget,Mar,10236959540,1.2079,0,0.1271
TTL VSEW,CDE,2024,Net,Budget,Apr,8681129168,0.848,0,0.1078
TTL VSEW,CDE,2024,Net,Budget,May,3768124392,0.4341,0,0.0468
TTL VSEW,CDE,2024,Net,Budget,Jun,7922486867,2.1025,0,0.0983
TTL VSEW,CDE,2024,Net,Budget,Jul,8320736950,1.0503,0,0.1033
TTL VSEW,CDE,2024,Net,Budget,Aug,2849840311,0.3425,0,0.0354
TTL VSEW,CDE,2024,Net,Budget,Sep,14383892088,5.0473,0,0.1785
TTL VSEW,CDE,2024,Net,Budget,Oct,89501961,0.0062,0,0.0011
TTL VSEW,CDE,2024,Net,Budget,Nov,7306722935,81.6376,0,0.0907
TTL VSEW,CDE,2024,Net,Budget,Dec,7769815123,1.0634,0,0.0964
TTL VSEW,CDE,2024,Net,Forecast,Jan,2183961780,,1421963928,0.0228
TTL VSEW,CDE,2024,Net,Forecast,Feb,9785516387,4.4806,1310672593,0.1021
TTL VSEW,CDE,2024,Net,Forecast,Mar,4041537340,0.413,-6195422200,0.0422
TTL VSEW,CDE,2024,Net,Forecast,Apr,4604379907,1.1393,-4076749261,0.048
TTL VSEW,CDE,2024,Net,Forecast,May,232688923,0.0505,-3535435469,0.0024
TTL VSEW,CDE,2024,Net,Forecast,Jun,12785950533,54.9487,4863463666,0.1334
TTL VSEW,CDE,2024,Net,Forecast,Jul,8240599061,0.6445,-80137889,0.086
TTL VSEW,CDE,2024,Net,Forecast,Aug,9506362427,1.1536,6656522116,0.0992
TTL VSEW,CDE,2024,Net,Forecast,Sep,13602829996,1.4309,-781062092,0.1419
TTL VSEW,CDE,2024,Net,Forecast,Oct,15440830948,1.1351,15351328987,0.1611
TTL VSEW,CDE,2024,Net,Forecast,Nov,11981817493,0.776,4675094558,0.125
TTL VSEW,CDE,2024,Net,Forecast,Dec,3422500330,0.2856,-4347314793,0.0357
TTL VSEW,CDE,2024,Op,Actual,Jan,3289186551,,138614547,0.0468
TTL VSEW,CDE,2024,Op,Actual,Feb,1724971609,0.5244,-5640449479,0.0245
TTL VSEW,CDE,2024,Op,Actual,Mar,11865294309,6.8785,5454098490,0.1688
TTL VSEW,CDE,2024,Op,Actual,Apr,5300515707,0.4467,-5453952690,0.0754
TTL VSEW,CDE,2024,Op,Actual,May,4387151374,0.8277,4153457448,0.0624
TTL VSEW,CDE,2024,Op,Actual,Jun,9861004733,2.2477,8074074196,0.1403
TTL VSEW,CDE,2024,Op,Actual,Jul,4472879118,0.4536,-8841086802,0.0636
TTL VSEW,CDE,2024,Op,Actual,Aug,8152104957,1.8226,-1387044524,0.116
TTL VSEW,CDE,2024,Op,Actual,Sep,3443821561,0.4224,-755604775,0.049
TTL VSEW,CDE,2024,Op,Actual,Oct,5983930080,1.7376,4409955116,0.0851
TTL VSEW,CDE,2024,Op,Actual,Nov,3783334756,0.6322,-5878741587,0.0538
TTL VSEW,CDE,2024,Op,Actual,Dec,8015366011,2.1186,1917630106,0.114
TTL VSEW,CDE,2024,Op,Budget,Jan,3150572004,,0,0.0425
TTL VSEW,CDE,2024,Op,Budget,Feb,7365421088,2.3378,0,0.0994
TTL VSEW,CDE,2024,Op,Budget,Mar,6411195819,0.8704,0,0.0865
TTL VSEW,CDE,2024,Op,Budget,Apr,10754468397,1.6775,0,0.1452
TTL VSEW,CDE,2024,Op,Budget,May,233693926,0.0217,0,0.0032
TTL VSEW,CDE,2024,Op,Budget,Jun,1786930537,7.6465,0,0.0241
TTL VSEW,CDE,2024,Op,Budget,Jul,13313965920,7.4507,0,0.1797
TTL VSEW,CDE,2024,Op,Budget,Aug,9539149481,0.7165,0,0.1288
TTL VSEW,CDE,2024,Op,Budget,Sep,4199426336,0.4402,0,0.0567
TTL VSEW,CDE,2024,Op,Budget,Oct,1573974964,0.3748,0,0.0212
TTL VSEW,CDE,2024,Op,Budget,Nov,9662076343,6.1386,0,0.1304
TTL VSEW,CDE,2024,Op,Budget,Dec,6097735905,0.6311,0,0.0823
TTL VSEW,CDE,2024,Op,Forecast,Jan,9181816918,,6031244914,0.1029
TTL VSEW,CDE,2024,Op,Forecast,Feb,1009717595,0.11,-6355703493,0.0113
TTL VSEW,CDE,2024,Op,Forecast,Mar,10881456725,10.7767,4470260906,0.1219
TTL VSEW,CDE,2024,Op,Forecast,Apr,11059397157,1.0164,304928760,0.1239
TTL VSEW,CDE,2024,Op,Forecast,May,154955972,0.014,-78737954,0.0017
TTL VSEW,CDE,2024,Op,Forecast,Jun,1632451271,10.5349,-154479266,0.0183
TTL VSEW,CDE,2024,Op,Forecast,Jul,8036868475,4.9232,-5277097445,0.0901
TTL VSEW,CDE,2024,Op,Forecast,Aug,13188348754,1.641,3649199273,0.1478
TTL VSEW,CDE,2024,Op,Forecast,Sep,13611738417,1.0321,9412312081,0.1525
TTL VSEW,CDE,2024,Op,Forecast,Oct,12487672459,0.9174,10913697495,0.1399
TTL VSEW,CDE,2024,Op,Forecast,Nov,2329135771,0.1865,-7332940572,0.0261
TTL VSEW,CDE,2024,Op,Forecast,Dec,5664151026,2.4319,-433584879,0.0635
TTL VSEW,CDE,2025,Gross,Actual,Jan,9365960779,,8401229574,0.131
TTL VSEW,CDE,2025,Gross,Actual,Feb,1233895751,0.1317,-11538840901,0.0173
TTL VSEW,CDE,2025,Gross,Actual,Mar,13670637013,11.0792,12995610145,0.1912
TTL VSEW,CDE,2025,Gross,Actual,Apr,3325898930,0.2433,-2134529520,0.0465
TTL VSEW,CDE,2025,Gross,Actual,May,5781819654,1.7384,-4081093806,0.0809
TTL VSEW,CDE,2025,Gross,Actual,Jun,13519380545,2.3383,268370979,0.1891
TTL VSEW,CDE,2025,Gross,Actual,Jul,7662354218,0.5668,6584378015,0.1072
TTL VSEW,CDE,2025,Gross,Actual,Aug,8924662600,1.1647,7724064648,0.1248
TTL VSEW,CDE,2025,Gross,Actual,Sep,671248712,0.0752,-2329240595,0.0094
TTL VSEW,CDE,2025,Gross,Actual,Oct,607845420,0.9055,-3525998554,0.0085
TTL VSEW,CDE,2025,Gross,Actual,Nov,2719671042,4.4743,-7944425013,0.038
TTL VSEW,CDE,2025,Gross,Actual,Dec,4013314172,1.4757,3390809545,0.0561
TTL VSEW,CDE,2025,Gross,Budget,Jan,964731205,,0,0.0151
TTL VSEW,CDE,2025,Gross,Budget,Feb,12772736652,13.2397,0,0.2006
TTL VSEW,CDE,2025,Gross,Budget,Mar,675026868,0.0528,0,0.0106
TTL VSEW,CDE,2025,Gross,Budget,Apr,5460428450,8.0892,0,0.0857
TTL VSEW,CDE,2025,Gross,Budget,May,9862913460,1.8063,0,0.1549
TTL VSEW,CDE,2025,Gross,Budget,Jun,13251009566,1.3435,0,0.2081
TTL VSEW,CDE,2025,Gross,Budget,Jul,1077976203,0.0814,0,0.0169
TTL VSEW,CDE,2025,Gross,Budget,Aug,1200597952,1.1138,0,0.0189
TTL VSEW,CDE,2025,Gross,Budget,Sep,3000489307,2.4992,0,0.0471
TTL VSEW,CDE,2025,Gross,Budget,Oct,4133843974,1.3777,0,0.0649
TTL VSEW,CDE,2025,Gross,Budget,Nov,10664096055,2.5797,0,0.1674
TTL VSEW,CDE,2025,Gross,Budget,Dec,622504627,0.0584,0,0.0098
TTL VSEW,CDE,2025,Gross,Forecast,Jan,729253083,,-235478122,0.0086
TTL VSEW,CDE,2025,Gross,Forecast,Feb,11505097304,15.7765,-1267639348,0.1363
TTL VSEW,CDE,2025,Gross,Forecast,Mar,7804678377,0.6784,7129651509,0.0925
TTL VSEW,CDE,2025,Gross,Forecast,Apr,5317052679,0.6813,-143375771,0.063
TTL VSEW,CDE,2025,Gross,Forecast,May,5112981259,0.9616,-4749932201,0.0606
TTL VSEW,CDE,2025,Gross,Forecast,Jun,14364115085,2.8093,1113105519,0.1702
TTL VSEW,CDE,2025,Gross,Forecast,Jul,12406844244,0.8637,11328868041,0.147
TTL VSEW,CDE,2025,Gross,Forecast,Aug,2893259692,0.2332,1692661740,0.0343
TTL VSEW,CDE,2025,Gross,Forecast,Sep,8148846234,2.8165,5148356927,0.0966
TTL VSEW,CDE,2025,Gross,Forecast,Oct,7765187407,0.9529,3631343433,0.092
TTL VSEW,CDE,2025,Gross,Forecast,Nov,4260723399,0.5487,-6403372656,0.0505
TTL VSEW,CDE,2025,Gross,Forecast,Dec,4087399173,0.9593,3464894546,0.0484
TTL VSEW,CDE,2025,Net,Actual,Jan,5874931733,,-8738783175,0.0732
TTL VSEW,CDE,2025,Net,Actual,Feb,1880677108,0.3201,-7957583508,0.0234
TTL VSEW,CDE,2025,Net,Actual,Mar,2618593266,1.3924,-7695731512,0.0326
TTL VSEW,CDE,2025,Net,Actual,Apr,4381622948,1.6733,-3053390502,0.0546
TTL VSEW,CDE,2025,Net,Actual,May,6679335924,1.5244,5352854028,0.0832
TTL VSEW,CDE,2025,Net,Actual,Jun,6267884630,0.9384,-6598772121,0.0781
TTL VSEW,CDE,2025,Net,Actual,Jul,13556649720,2.1629,308630416,0.1689
TTL VSEW,CDE,2025,Net,Actual,Aug,9907929563,0.7309,1138174984,0.1234
TTL VSEW,CDE,2025,Net,Actual,Sep,9309681138,0.9396,8101872573,0.116
TTL VSEW,CDE,2025,Net,Actual,Oct,268763029,0.0289,-21363203,0.0033
TTL VSEW,CDE,2025,Net,Actual,Nov,10409134714,38.7298,2453007532,0.1297
TTL VSEW,CDE,2025,Net,Actual,Dec,9127926061,0.8769,2976619298,0.1137
TTL VSEW,CDE,2025,Net,Budget,Jan,14613714908,,0,0.1554
TTL VSEW,CDE,2025,Net,Budget,Feb,9838260616,0.6732,0,0.1046
TTL VSEW,CDE,2025,Net,Budget,Mar,10314324778,1.0484,0,0.1097
TTL VSEW,CDE,2025,Net,Budget,Apr,7435013450,0.7208,0,0.0791
TTL VSEW,CDE,2025,Net,Budget,May,1326481896,0.1784,0,0.0141
TTL VSEW,CDE,2025,Net,Budget,Jun,12866656751,9.6998,0,0.1369
TTL VSEW,CDE,2025,Net,Budget,Jul,13248019304,1.0296,0,0.1409
TTL VSEW,CDE,2025,Net,Budget,Aug,8769754579,0.662,0,0.0933
TTL VSEW,CDE,2025,Net,Budget,Sep,1207808565,0.1377,0,0.0128
TTL VSEW,CDE,2025,Net,Budget,Oct,290126232,0.2402,0,0.0031
TTL VSEW,CDE,2025,Net,Budget,Nov,7956127182,27.423,0,0.0846
TTL VSEW,CDE,2025,Net,Budget,Dec,6151306763,0.7732,0,0.0654
TTL VSEW,CDE,2025,Net,Forecast,Jan,1296111070,,-13317603838,0.0165
TTL VSEW,CDE,2025,Net,Forecast,Feb,2546607669,1.9648,-7291652947,0.0324
TTL VSEW,CDE,2025,Net,Forecast,Mar,2440713073,0.9584,-7873611705,0.031
TTL VSEW,CDE,2025,Net,Forecast,Apr,9702198158,3.9751,2267184708,0.1233
TTL VSEW,CDE,2025,Net,Forecast,May,9711197260,1.0009,8384715364,0.1234
TTL VSEW,CDE,2025,Net,Forecast,Jun,10431580594,1.0742,-2435076157,0.1325
TTL VSEW,CDE,2025,Net,Forecast,Jul,6272713528,0.6013,-6975305776,0.0797
TTL VSEW,CDE,2025,Net,Forecast,Aug,12229381380,1.9496,3459626801,0.1554
TTL VSEW,CDE,2025,Net,Forecast,Sep,12016024661,0.9826,10808216096,0.1526
TTL VSEW,CDE,2025,Net,Forecast,Oct,2748717090,0.2288,2458590858,0.0349
TTL VSEW,CDE,2025,Net,Forecast,Nov,6648045693,2.4186,-1308081489,0.0845
TTL VSEW,CDE,2025,Net,Forecast,Dec,2674851001,0.4024,-3476455762,0.034
TTL VSEW,CDE,2025,Op,Actual,Jan,9972226365,,4204408321,0.1008
TTL VSEW,CDE,2025,Op,Actual,Feb,6802577951,0.6822,-2480677458,0.0688
TTL VSEW,CDE,2025,Op,Actual,Mar,10817888984,1.5903,4993619555,0.1094
TTL VSEW,CDE,2025,Op,Actual,Apr,11921467269,1.102,6854961584,0.1205
TTL VSEW,CDE,2025,Op,Actual,May,9419290373,0.7901,5739549001,0.0952
TTL VSEW,CDE,2025,Op,Actual,Jun,6664606321,0.7075,-1356266606,0.0674
TTL VSEW,CDE,2025,Op,Actual,Jul,8252223928,1.2382,5214233976,0.0834
TTL VSEW,CDE,2025,Op,Actual,Aug,7510056731,0.9101,-5065725171,0.0759
TTL VSEW,CDE,2025,Op,Actual,Sep,9421944766,1.2546,4301848083,0.0953
TTL VSEW,CDE,2025,Op,Actual,Oct,234380504,0.0249,-6108606911,0.0024
TTL VSEW,CDE,2025,Op,Actual,Nov,10166415144,43.3757,235670171,0.1028
TTL VSEW,CDE,2025,Op,Actual,Dec,7717089235,0.7591,978275853,0.078
TTL VSEW,CDE,2025,Op,Budget,Jan,5767818044,,0,0.0709
TTL VSEW,CDE,2025,Op,Budget,Feb,9283255409,1.6095,0,0.1141
TTL VSEW,CDE,2025,Op,Budget,Mar,5824269429,0.6274,0,0.0716
TTL VSEW,CDE,2025,Op,Budget,Apr,5066505685,0.8699,0,0.0623
TTL VSEW,CDE,2025,Op,Budget,May,3679741372,0.7263,0,0.0452
TTL VSEW,CDE,2025,Op,Budget,Jun,8020872927,2.1797,0,0.0985
TTL VSEW,CDE,2025,Op,Budget,Jul,3037989952,0.3788,0,0.0373
TTL VSEW,CDE,2025,Op,Budget,Aug,12575781902,4.1395,0,0.1545
TTL VSEW,CDE,2025,Op,Budget,Sep,5120096683,0.4071,0,0.0629
TTL VSEW,CDE,2025,Op,Budget,Oct,6342987415,1.2388,0,0.0779
TTL VSEW,CDE,2025,Op,Budget,Nov,9930744973,1.5656,0,0.122
TTL VSEW,CDE,2025,Op,Budget,Dec,6738813382,0.6786,0,0.0828
TTL VSEW,CDE,2025,Op,Forecast,Jan,5448709785,,-319108259,0.0537
TTL VSEW,CDE,2025,Op,Forecast,Feb,1784774229,0.3276,-7498481180,0.0176
TTL VSEW,CDE,2025,Op,Forecast,Mar,7317353957,4.0999,1493084528,0.0721
TTL VSEW,CDE,2025,Op,Forecast,Apr,11983810717,1.6377,6917305032,0.1182
TTL VSEW,CDE,2025,Op,Forecast,May,10121688476,0.8446,6441947104,0.0998
TTL VSEW,CDE,2025,Op,Forecast,Jun,5485759928,0.542,-2535112999,0.0541
TTL VSEW,CDE,2025,Op,Forecast,Jul,14411469396,2.6271,11373479444,0.1421
TTL VSEW,CDE,2025,Op,Forecast,Aug,13106473532,0.9094,530691630,0.1292
TTL VSEW,CDE,2025,Op,Forecast,Sep,2755752203,0.2103,-2364344480,0.0272
TTL VSEW,CDE,2025,Op,Forecast,Oct,13194132626,4.7879,6851145211,0.1301
TTL VSEW,CDE,2025,Op,Forecast,Nov,11759621344,0.8913,1828876371,0.1159
TTL VSEW,CDE,2025,Op,Forecast,Dec,4058804888,0.3451,-2680008494,0.04
TTL VSEW,PJ,2024,Gross,Actual,Jan,6502134573,,-7629743822,0.078
TTL VSEW,PJ,2024,Gross,Actual,Feb,6598898765,1.0149,-6238909885,0.0791
TTL VSEW,PJ,2024,Gross,Actual,Mar,10209189051,1.5471,1851673205,0.1224
TTL VSEW,PJ,2024,Gross,Actual,Apr,3038638299,0.2976,-8956002668,0.0364
TTL VSEW,PJ,2024,Gross,Actual,May,1344266533,0.4424,-6891861969,0.0161
TTL VSEW,PJ,2024,Gross,Actual,Jun,6482072739,4.822,-2269579920,0.0777
TTL VSEW,PJ,2024,Gross,Actual,Jul,10977656853,1.6935,2595815838,0.1316
TTL VSEW,PJ,2024,Gross,Actual,Aug,1833847432,0.1671,-147359829,0.022
TTL VSEW,PJ,2024,Gross,Actual,Sep,8239731147,4.4931,6355342033,0.0988
TTL VSEW,PJ,2024,Gross,Actual,Oct,11904435805,1.4448,5145366670,0.1427
TTL VSEW,PJ,2024,Gross,Actual,Nov,9701285089,0.8149,-98376623,0.1163
TTL VSEW,PJ,2024,Gross,Actual,Dec,6567617395,0.677,2906496006,0.0787
TTL VSEW,PJ,2024,Gross,Budget,Jan,14131878395,,0,0.146
TTL VSEW,PJ,2024,Gross,Budget,Feb,12837808650,0.9084,0,0.1327
TTL VSEW,PJ,2024,Gross,Budget,Mar,8357515846,0.651,0,0.0864
TTL VSEW,PJ,2024,Gross,Budget,Apr,11994640967,1.4352,0,0.1239
TTL VSEW,PJ,2024,Gross,Budget,May,8236128502,0.6867,0,0.0851
TTL VSEW,PJ,2024,Gross,Budget,Jun,8751652659,1.0626,0,0.0904
TTL VSEW,PJ,2024,Gross,Budget,Jul,8381841015,0.9577,0,0.0866
TTL VSEW,PJ,2024,Gross,Budget,Aug,1981207261,0.2364,0,0.0205
TTL VSEW,PJ,2024,Gross,Budget,Sep,1884389114,0.9511,0,0.0195
TTL VSEW,PJ,2024,Gross,Budget,Oct,6759069135,3.5869,0,0.0698
TTL VSEW,PJ,2024,Gross,Budget,Nov,9799661712,1.4499,0,0.1013
TTL VSEW,PJ,2024,Gross,Budget,Dec,3661121389,0.3736,0,0.0378
TTL VSEW,PJ,2024,Gross,Forecast,Jan,15632809832,,1500931437,0.2457
TTL VSEW,PJ,2024,Gross,Forecast,Feb,2129063239,0.1362,-10708745411,0.0335
TTL VSEW,PJ,2024,Gross,Forecast,Mar,3438031332,1.6148,-4919484514,0.054
TTL VSEW,PJ,2024,Gross,Forecast,Apr,6603455546,1.9207,-5391185421,0.1038
TTL VSEW,PJ,2024,Gross,Forecast,May,5484208520,0.8305,-2751919982,0.0862
TTL VSEW,PJ,2024,Gross,Forecast,Jun,727079113,0.1326,-8024573546,0.0114
TTL VSEW,PJ,2024,Gross,Forecast,Jul,4935982231,6.7888,-3445858784,0.0776
TTL VSEW,PJ,2024,Gross,Forecast,Aug,3666534139,0.7428,1685326878,0.0576
TTL VSEW,PJ,2024,Gross,Forecast,Sep,3813585773,1.0401,1929196659,0.0599
TTL VSEW,PJ,2024,Gross,Forecast,Oct,12167537261,3.1906,5408468126,0.1912
TTL VSEW,PJ,2024,Gross,Forecast,Nov,1795793780,0.1476,-8003867932,0.0282
TTL VSEW,PJ,2024,Gross,Forecast,Dec,3231615528,1.7995,-429505861,0.0508
TTL VSEW,PJ,2024,Net,Actual,Jan,6663649197,,-8267573963,0.0785
TTL VSEW,PJ,2024,Net,Actual,Feb,3205779835,0.4811,-3962186365,0.0378
TTL VSEW,PJ,2024,Net,Actual,Mar,5101670645,1.5914,-3603944905,0.0601
TTL VSEW,PJ,2024,Net,Actual,Apr,6522911400,1.2786,-3409823144,0.0769
TTL VSEW,PJ,2024,Net,Actual,May,5306237509,0.8135,-4509358914,0.0625
TTL VSEW,PJ,2024,Net,Actual,Jun,13169589622,2.4819,8870627597,0.1552
TTL VSEW,PJ,2024,Net,Actual,Jul,11034177147,0.8379,10740304878,0.13
TTL VSEW,PJ,2024,Net,Actual,Aug,10247273165,0.9287,7945983055,0.1207
TTL VSEW,PJ,2024,Net,Actual,Sep,4936632647,0.4818,-2554221502,0.0582
TTL VSEW,PJ,2024,Net,Actual,Oct,8841320590,1.791,1465854378,0.1042
TTL VSEW,PJ,2024,Net,Actual,Nov,7738482072,0.8753,-4345287786,0.0912
TTL VSEW,PJ,2024,Net,Actual,Dec,2097853360,0.2711,814253201,0.0247
TTL VSEW,PJ,2024,Net,Budget,Jan,14931223160,,0,0.1743
TTL VSEW,PJ,2024,Net,Budget,Feb,7167966200,0.4801,0,0.0837
TTL VSEW,PJ,2024,Net,Budget,Mar,8705615550,1.2145,0,0.1016
TTL VSEW,PJ,2024,Net,Budget,Apr,9932734544,1.141,0,0.1159
TTL VSEW,PJ,2024,Net,Budget,May,9815596423,0.9882,0,0.1146
TTL VSEW,PJ,2024,Net,Budget,Jun,4298962025,0.438,0,0.0502
TTL VSEW,PJ,2024,Net,Budget,Jul,293872269,0.0684,0,0.0034
TTL VSEW,PJ,2024,Net,Budget,Aug,2301290110,7.8309,0,0.0269
TTL VSEW,PJ,2024,Net,Budget,Sep,7490854149,3.2551,0,0.0874
TTL VSEW,PJ,2024,Net,Budget,Oct,7375466212,0.9846,0,0.0861
TTL VSEW,PJ,2024,Net,Budget,Nov,12083769858,1.6384,0,0.141
TTL VSEW,PJ,2024,Net,Budget,Dec,1283600159,0.1062,0,0.015
TTL VSEW,PJ,2024,Net,Forecast,Jan,15973186166,,1041963006,0.1758
TTL VSEW,PJ,2024,Net,Forecast,Feb,8736426461,0.5469,1568460261,0.0961
TTL VSEW,PJ,2024,Net,Forecast,Mar,6546104184,0.7493,-2159511366,0.072
TTL VSEW,PJ,2024,Net,Forecast,Apr,4248213489,0.649,-5684521055,0.0468
TTL VSEW,PJ,2024,Net,Forecast,May,8856950801,2.0849,-958645622,0.0975
TTL VSEW,PJ,2024,Net,Forecast,Jun,10429646160,1.1776,6130684135,0.1148
TTL VSEW,PJ,2024,Net,Forecast,Jul,3371623135,0.3233,3077750866,0.0371
TTL VSEW,PJ,2024,Net,Forecast,Aug,11322762995,3.3583,9021472885,0.1246
TTL VSEW,PJ,2024,Net,Forecast,Sep,3989746085,0.3524,-3501108064,0.0439
TTL VSEW,PJ,2024,Net,Forecast,Oct,6171570506,1.5469,-1203895706,0.0679
TTL VSEW,PJ,2024,Net,Forecast,Nov,6799532256,1.1018,-5284237602,0.0748
TTL VSEW,PJ,2024,Net,Forecast,Dec,4417904966,0.6497,3134304807,0.0486
TTL VSEW,PJ,2024,Op,Actual,Jan,17165745840,,13019689706,0.1687
TTL VSEW,PJ,2024,Op,Actual,Feb,4268661584,0.2487,-3813374954,0.0419
TTL VSEW,PJ,2024,Op,Actual,Mar,3763294412,0.8816,332017329,0.037
TTL VSEW,PJ,2024,Op,Actual,Apr,12222811581,3.2479,1986337175,0.1201
TTL VSEW,PJ,2024,Op,Actual,May,6162408905,0.5042,2821338431,0.0605
TTL VSEW,PJ,2024,Op,Actual,Jun,11638223777,1.8886,11093609506,0.1144
TTL VSEW,PJ,2024,Op,Actual,Jul,6285134365,0.54,-7495574049,0.0618
TTL VSEW,PJ,2024,Op,Actual,Aug,12315516795,1.9595,6118222148,0.121
TTL VSEW,PJ,2024,Op,Actual,Sep,12304425161,0.9991,10898724117,0.1209
TTL VSEW,PJ,2024,Op,Actual,Oct,7267664804,0.5907,60485132,0.0714
TTL VSEW,PJ,2024,Op,Actual,Nov,3037293129,0.4179,-5325155373,0.0298
TTL VSEW,PJ,2024,Op,Actual,Dec,5343608933,1.7593,5228173543,0.0525
TTL VSEW,PJ,2024,Op,Budget,Jan,4146056134,,0,0.062
TTL VSEW,PJ,2024,Op,Budget,Feb,8082036538,1.9493,0,0.1209
TTL VSEW,PJ,2024,Op,Budget,Mar,3431277083,0.4246,0,0.0513
TTL VSEW,PJ,2024,Op,Budget,Apr,10236474406,2.9833,0,0.1531
TTL VSEW,PJ,2024,Op,Budget,May,3341070474,0.3264,0,0.05
TTL VSEW,PJ,2024,Op,Budget,Jun,544614271,0.163,0,0.0081
TTL VSEW,PJ,2024,Op,Budget,Jul,13780708414,25.3036,0,0.2061
TTL VSEW,PJ,2024,Op,Budget,Aug,6197294647,0.4497,0,0.0927
TTL VSEW,PJ,2024,Op,Budget,Sep,1405701044,0.2268,0,0.021
TTL VSEW,PJ,2024,Op,Budget,Oct,7207179672,5.1271,0,0.1078
TTL VSEW,PJ,2024,Op,Budget,Nov,8362448502,1.1603,0,0.1251
TTL VSEW,PJ,2024,Op,Budget,Dec,115435390,0.0138,0,0.0017
TTL VSEW,PJ,2024,Op,Forecast,Jan,7015950760,,2869894626,0.1025
TTL VSEW,PJ,2024,Op,Forecast,Feb,77779052,0.0111,-8004257486,0.0011
TTL VSEW,PJ,2024,Op,Forecast,Mar,10822294399,139.1415,7391017316,0.1581
TTL VSEW,PJ,2024,Op,Forecast,Apr,6644420150,0.614,-3592054256,0.0971
TTL VSEW,PJ,2024,Op,Forecast,May,9299357505,1.3996,5958287031,0.1359
TTL VSEW,PJ,2024,Op,Forecast,Jun,606200575,0.0652,61586304,0.0089
TTL VSEW,PJ,2024,Op,Forecast,Jul,749019465,1.2356,-13031688949,0.0109
TTL VSEW,PJ,2024,Op,Forecast,Aug,2159473179,2.8831,-4037821468,0.0316
TTL VSEW,PJ,2024,Op,Forecast,Sep,6051996466,2.8025,4646295422,0.0884
TTL VSEW,PJ,2024,Op,Forecast,Oct,9303753153,1.5373,2096573481,0.1359
TTL VSEW,PJ,2024,Op,Forecast,Nov,11355829113,1.2206,2993380611,0.1659
TTL VSEW,PJ,2024,Op,Forecast,Dec,4349695542,0.383,4234260152,0.0636
TTL VSEW,PJ,2025,Gross,Actual,Jan,12646780000,,4101553895,0.1055
TTL VSEW,PJ,2025,Gross,Actual,Feb,9196870000,0.7272,6747394390,0.0768
TTL VSEW,PJ,2025,Gross,Actual,Mar,9421920000,1.0245,684205864,0.0786
TTL VSEW,PJ,2025,Gross,Actual,Apr,9744420000,1.0342,-3756269339,0.0813
TTL VSEW,PJ,2025,Gross,Actual,May,8089740000,0.8302,2539703999,0.0675
TTL VSEW,PJ,2025,Gross,Actual,Jun,9732970000,1.2031,3434059168,0.0812
TTL VSEW,PJ,2025,Gross,Actual,Jul,10808430000,1.1105,2663437730,0.0902
TTL VSEW,PJ,2025,Gross,Actual,Aug,10432220000,0.9652,5779343885,0.0871
TTL VSEW,PJ,2025,Gross,Actual,Sep,11565000000,1.1086,2616363601,0.0965
TTL VSEW,PJ,2025,Gross,Actual,Oct,11300000000,0.9771,-224788167,0.0943
TTL VSEW,PJ,2025,Gross,Actual,Nov,9454760000,0.8367,2235240906,0.0789
TTL VSEW,PJ,2025,Gross,Actual,Dec,7429610000,0.7858,2881373867,0.062
TTL VSEW,PJ,2025,Gross,Budget,Jan,8545226105,,0,0.0948
TTL VSEW,PJ,2025,Gross,Budget,Feb,2449475610,0.2866,0,0.0272
TTL VSEW,PJ,2025,Gross,Budget,Mar,8737714136,3.5672,0,0.097
TTL VSEW,PJ,2025,Gross,Budget,Apr,13500689339,1.5451,0,0.1498
TTL VSEW,PJ,2025,Gross,Budget,May,5550036001,0.4111,0,0.0616
TTL VSEW,PJ,2025,Gross,Budget,Jun,6298910832,1.1349,0,0.0699
TTL VSEW,PJ,2025,Gross,Budget,Jul,8144992270,1.2931,0,0.0904
TTL VSEW,PJ,2025,Gross,Budget,Aug,4652876115,0.5713,0,0.0516
TTL VSEW,PJ,2025,Gross,Budget,Sep,8948636399,1.9232,0,0.0993
TTL VSEW,PJ,2025,Gross,Budget,Oct,11524788167,1.2879,0,0.1279
TTL VSEW,PJ,2025,Gross,Budget,Nov,7219519094,0.6264,0,0.0801
TTL VSEW,PJ,2025,Gross,Budget,Dec,4548236133,0.63,0,0.0505
TTL VSEW,PJ,2025,Gross,Forecast,Jan,3413867115,,-5131358990,0.0304
TTL VSEW,PJ,2025,Gross,Forecast,Feb,12299235074,3.6027,9849759464,0.1097
TTL VSEW,PJ,2025,Gross,Forecast,Mar,12518184598,1.0178,3780470462,0.1116
TTL VSEW,PJ,2025,Gross,Forecast,Apr,10186643517,0.8137,-3314045822,0.0908
TTL VSEW,PJ,2025,Gross,Forecast,May,8960463287,0.8796,3410427286,0.0799
TTL VSEW,PJ,2025,Gross,Forecast,Jun,14082497344,1.5716,7783586512,0.1256
TTL VSEW,PJ,2025,Gross,Forecast,Jul,4880968449,0.3466,-3264023821,0.0435
TTL VSEW,PJ,2025,Gross,Forecast,Aug,9356733521,1.917,4703857406,0.0834
TTL VSEW,PJ,2025,Gross,Forecast,Sep,8769233161,0.9372,-179403238,0.0782
TTL VSEW,PJ,2025,Gross,Forecast,Oct,16267888192,1.8551,4743100025,0.1451
TTL VSEW,PJ,2025,Gross,Forecast,Nov,7032579652,0.4323,-186939442,0.0627
TTL VSEW,PJ,2025,Gross,Forecast,Dec,4362680112,0.6204,-185556021,0.0389
TTL VSEW,PJ,2025,Net,Actual,Jan,11757160000,,9957431232,0.1107
TTL VSEW,PJ,2025,Net,Actual,Feb,6730950000,0.5725,4828428109,0.0634
TTL VSEW,PJ,2025,Net,Actual,Mar,8531210000,1.2675,717246780,0.0803
TTL VSEW,PJ,2025,Net,Actual,Apr,8737300000,1.0242,1721044764,0.0823
TTL VSEW,PJ,2025,Net,Actual,May,7095950000,0.8121,-2107049727,0.0668
TTL VSEW,PJ,2025,Net,Actual,Jun,8980560000,1.2656,5010471802,0.0845
TTL VSEW,PJ,2025,Net,Actual,Jul,9883260000,1.1005,-15129509,0.093
TTL VSEW,PJ,2025,Net,Actual,Aug,9401670000,0.9513,7907469481,0.0885
TTL VSEW,PJ,2025,Net,Actual,Sep,10283150000,1.0938,7227972499,0.0968
TTL VSEW,PJ,2025,Net,Actual,Oct,10346470000,1.0062,-4826716636,0.0974
TTL VSEW,PJ,2025,Net,Actual,Nov,8195090000,0.7921,5050210445,0.0772
TTL VSEW,PJ,2025,Net,Actual,Dec,6276820000,0.7659,-2539945037,0.0591
TTL VSEW,PJ,2025,Net,Budget,Jan,1799728768,,0,0.0246
TTL VSEW,PJ,2025,Net,Budget,Feb,1902521891,1.0571,0,0.026
TTL VSEW,PJ,2025,Net,Budget,Mar,7813963220,4.1072,0,0.1066
TTL VSEW,PJ,2025,Net,Budget,Apr,7016255236,0.8979,0,0.0957
TTL VSEW,PJ,2025,Net,Budget,May,9202999727,1.3117,0,0.1256
TTL VSEW,PJ,2025,Net,Budget,Jun,3970088198,0.4314,0,0.0542
TTL VSEW,PJ,2025,Net,Budget,Jul,9898389509,2.4932,0,0.1351
TTL VSEW,PJ,2025,Net,Budget,Aug,1494200519,0.151,0,0.0204
TTL VSEW,PJ,2025,Net,Budget,Sep,3055177501,2.0447,0,0.0417
TTL VSEW,PJ,2025,Net,Budget,Oct,15173186636,4.9664,0,0.207
TTL VSEW,PJ,2025,Net,Budget,Nov,3144879555,0.2073,0,0.0429
TTL VSEW,PJ,2025,Net,Budget,Dec,8816765037,2.8035,0,0.1203
TTL VSEW,PJ,2025,Net,Forecast,Jan,10574436474,,8774707706,0.1385
TTL VSEW,PJ,2025,Net,Forecast,Feb,2191279378,0.2072,288757487,0.0287
TTL VSEW,PJ,2025,Net,Forecast,Mar,4467778906,2.0389,-3346184314,0.0585
TTL VSEW,PJ,2025,Net,Forecast,Apr,12389187231,2.773,5372931995,0.1623
TTL VSEW,PJ,2025,Net,Forecast,May,944957367,0.0763,-8258042360,0.0124
TTL VSEW,PJ,2025,Net,Forecast,Jun,7523823409,7.9621,3553735211,0.0986
TTL VSEW,PJ,2025,Net,Forecast,Jul,7701862791,1.0237,-2196526718,0.1009
TTL VSEW,PJ,2025,Net,Forecast,Aug,13846997200,1.7979,12352796681,0.1814
TTL VSEW,PJ,2025,Net,Forecast,Sep,5614361990,0.4055,2559184489,0.0736
TTL VSEW,PJ,2025,Net,Forecast,Oct,6856757199,1.2213,-8316429437,0.0898
TTL VSEW,PJ,2025,Net,Forecast,Nov,910527355,0.1328,-2234352200,0.0119
TTL VSEW,PJ,2025,Net,Forecast,Dec,3307817973,3.6329,-5508947064,0.0433
TTL VSEW,PJ,2025,Op,Actual,Jan,11757160000,,-2669645835,0.1107
TTL VSEW,PJ,2025,Op,Actual,Feb,6730950000,0.5725,4016722457,0.0634
TTL VSEW,PJ,2025,Op,Actual,Mar,8531210000,1.2675,-3549741350,0.0803
TTL VSEW,PJ,2025,Op,Actual,Apr,8737300000,1.0242,5804251249,0.0823
TTL VSEW,PJ,2025,Op,Actual,May,7095950000,0.8121,-1572702249,0.0668
TTL VSEW,PJ,2025,Op,Actual,Jun,8980560000,1.2656,228172181,0.0845
TTL VSEW,PJ,2025,Op,Actual,Jul,9883260000,1.1005,-730088635,0.093
TTL VSEW,PJ,2025,Op,Actual,Aug,9401670000,0.9513,8130148717,0.0885
TTL VSEW,PJ,2025,Op,Actual,Sep,10283150000,1.0938,-5080435902,0.0968
TTL VSEW,PJ,2025,Op,Actual,Oct,10346470000,1.0062,-4046842021,0.0974
TTL VSEW,PJ,2025,Op,Actual,Nov,8195090000,0.7921,-2531175760,0.0772
TTL VSEW,PJ,2025,Op,Actual,Dec,6276820000,0.7659,3864236235,0.0591
TTL VSEW,PJ,2025,Op,Budget,Jan,14426805835,,0,0.1382
TTL VSEW,PJ,2025,Op,Budget,Feb,2714227543,0.1881,0,0.026
TTL VSEW,PJ,2025,Op,Budget,Mar,12080951350,4.451,0,0.1158
TTL VSEW,PJ,2025,Op,Budget,Apr,2933048751,0.2428,0,0.0281
TTL VSEW,PJ,2025,Op,Budget,May,8668652249,2.9555,0,0.0831
TTL VSEW,PJ,2025,Op,Budget,Jun,8752387819,1.0097,0,0.0839
TTL VSEW,PJ,2025,Op,Budget,Jul,10613348635,1.2126,0,0.1017
TTL VSEW,PJ,2025,Op,Budget,Aug,1271521283,0.1198,0,0.0122
TTL VSEW,PJ,2025,Op,Budget,Sep,15363585902,12.0828,0,0.1472
TTL VSEW,PJ,2025,Op,Budget,Oct,14393312021,0.9368,0,0.1379
TTL VSEW,PJ,2025,Op,Budget,Nov,10726265760,0.7452,0,0.1028
TTL VSEW,PJ,2025,Op,Budget,Dec,2412583765,0.2249,0,0.0231
TTL VSEW,PJ,2025,Op,Forecast,Jan,14197300360,,-229505475,0.1671
TTL VSEW,PJ,2025,Op,Forecast,Feb,8073420448,0.5687,5359192905,0.095
TTL VSEW,PJ,2025,Op,Forecast,Mar,4599600735,0.5697,-7481350615,0.0541
TTL VSEW,PJ,2025,Op,Forecast,Apr,7587160885,1.6495,4654112134,0.0893
TTL VSEW,PJ,2025,Op,Forecast,May,5538692389,0.73,-3129959860,0.0652
TTL VSEW,PJ,2025,Op,Forecast,Jun,4518416196,0.8158,-4233971623,0.0532
TTL VSEW,PJ,2025,Op,Forecast,Jul,2840113332,0.6286,-7773235303,0.0334
TTL VSEW,PJ,2025,Op,Forecast,Aug,8279504216,2.9152,7007982933,0.0974
TTL VSEW,PJ,2025,Op,Forecast,Sep,15244529900,1.8412,-119056002,0.1794
TTL VSEW,PJ,2025,Op,Forecast,Oct,29941341,0.002,-14363370680,0.0004
TTL VSEW,PJ,2025,Op,Forecast,Nov,6706666843,223.9935,-4019598917,0.0789
TTL VSEW,PJ,2025,Op,Forecast,Dec,7371497610,1.0991,4958913845,0.0867
TTL VSI,CDE,2024,Gross,Actual,Jan,25933197855,,23978090348,0.1341
TTL VSI,CDE,2024,Gross,Actual,Feb,9004680323,0.3472,-4274949503,0.0465
TTL VSI,CDE,2024,Gross,Actual,Mar,6105730518,0.6781,-886837053,0.0316
TTL VSI,CDE,2024,Gross,Actual,Apr,21690768980,3.5525,14440177738,0.1121
TTL VSI,CDE,2024,Gross,Actual,May,12521876572,0.5773,2687918513,0.0647
TTL VSI,CDE,2024,Gross,Actual,Jun,31851516872,2.5437,9890973957,0.1646
TTL VSI,CDE,2024,Gross,Actual,Jul,17316121125,0.5437,7821339836,0.0895
TTL VSI,CDE,2024,Gross,Actual,Aug,10196822615,0.5889,8700028825,0.0527
TTL VSI,CDE,2024,Gross,Actual,Sep,1813263699,0.1778,-19997962487,0.0094
TTL VSI,CDE,2024,Gross,Actual,Oct,12418551916,6.8487,7013047478,0.0642
TTL VSI,CDE,2024,Gross,Actual,Nov,21359869433,1.72,3425744362,0.1104
TTL VSI,CDE,2024,Gross,Actual,Dec,23241899617,1.0881,2333718898,0.1201
TTL VSI,CDE,2024,Gross,Budget,Jan,1955107507,,0,0.0141
TTL VSI,CDE,2024,Gross,Budget,Feb,13279629826,6.7923,0,0.096
TTL VSI,CDE,2024,Gross,Budget,Mar,6992567571,0.5266,0,0.0506
TTL VSI,CDE,2024,Gross,Budget,Apr,7250591242,1.0369,0,0.0524
TTL VSI,CDE,2024,Gross,Budget,May,9833958059,1.3563,0,0.0711
TTL VSI,CDE,2024,Gross,Budget,Jun,21960542915,2.2331,0,0.1588
TTL VSI,CDE,2024,Gross,Budget,Jul,9494781289,0.4324,0,0.0686
TTL VSI,CDE,2024,Gross,Budget,Aug,1496793790,0.1576,0,0.0108
TTL VSI,CDE,2024,Gross,Budget,Sep,21811226186,14.572,0,0.1577
TTL VSI,CDE,2024,Gross,Budget,Oct,5405504438,0.2478,0,0.0391
TTL VSI,CDE,2024,Gross,Budget,Nov,17934125071,3.3178,0,0.1297
TTL VSI,CDE,2024,Gross,Budget,Dec,20908180719,1.1658,0,0.1512
TTL VSI,CDE,2024,Gross,Forecast,Jan,25107860583,,23152753076,0.1478
TTL VSI,CDE,2024,Gross,Forecast,Feb,9623283704,0.3833,-3656346122,0.0566
TTL VSI,CDE,2024,Gross,Forecast,Mar,18877096659,1.9616,11884529088,0.1111
TTL VSI,CDE,2024,Gross,Forecast,Apr,8452384893,0.4478,1201793651,0.0498
TTL VSI,CDE,2024,Gross,Forecast,May,9987771220,1.1817,153813161,0.0588
TTL VSI,CDE,2024,Gross,Forecast,Jun,27467706556,2.7501,5507163641,0.1617
TTL VSI,CDE,2024,Gross,Forecast,Jul,4728993761,0.1722,-4765787528,0.0278
TTL VSI,CDE,2024,Gross,Forecast,Aug,12574639080,2.6591,11077845290,0.074
TTL VSI,CDE,2024,Gross,Forecast,Sep,23926755088,1.9028,2115528902,0.1408
TTL VSI,CDE,2024,Gross,Forecast,Oct,719272688,0.0301,-4686231750,0.0042
TTL VSI,CDE,2024,Gross,Forecast,Nov,9576866250,13.3147,-8357258821,0.0564
TTL VSI,CDE,2024,Gross,Forecast,Dec,18839658036,1.9672,-2068522683,0.1109
TTL VSI,CDE,2024,Net,Actual,Jan,16982022659,,2669322352,0.1356
TTL VSI,CDE,2024,Net,Actual,Feb,14397490579,0.8478,489475629,0.1149
TTL VSI,CDE,2024,Net,Actual,Mar,2276265717,0.1581,-18298018209,0.0182
TTL VSI,CDE,2024,Net,Actual,Apr,15995137078,7.0269,12586866080,0.1277
TTL VSI,CDE,2024,Net,Actual,May,11409886106,0.7133,-6520084088,0.0911
TTL VSI,CDE,2024,Net,Actual,Jun,27847021292,2.4406,21877402641,0.2223
TTL VSI,CDE,2024,Net,Actual,Jul,489872972,0.0176,-14068767013,0.0039
TTL VSI,CDE,2024,Net,Actual,Aug,1847187898,3.7707,-3424677974,0.0147
TTL VSI,CDE,2024,Net,Actual,Sep,9618372019,5.207,6939760207,0.0768
TTL VSI,CDE,2024,Net,Actual,Oct,7610451617,0.7912,-2030297837,0.0608
TTL VSI,CDE,2024,Net,Actual,Nov,9379870601,1.2325,7721590950,0.0749
TTL VSI,CDE,2024,Net,Actual,Dec,7418513215,0.7909,7385230758,0.0592
TTL VSI,CDE,2024,Net,Budget,Jan,14312700307,,0,0.1302
TTL VSI,CDE,2024,Net,Budget,Feb,13908014950,0.9717,0,0.1265
TTL VSI,CDE,2024,Net,Budget,Mar,20574283926,1.4793,0,0.1871
TTL VSI,CDE,2024,Net,Budget,Apr,3408270998,0.1657,0,0.031
TTL VSI,CDE,2024,Net,Budget,May,17929970194,5.2607,0,0.1631
TTL VSI,CDE,2024,Net,Budget,Jun,5969618651,0.3329,0,0.0543
TTL VSI,CDE,2024,Net,Budget,Jul,14558639985,2.4388,0,0.1324
TTL VSI,CDE,2024,Net,Budget,Aug,5271865872,0.3621,0,0.048
TTL VSI,CDE,2024,Net,Budget,Sep,2678611812,0.5081,0,0.0244
TTL VSI,CDE,2024,Net,Budget,Oct,9640749454,3.5992,0,0.0877
TTL VSI,CDE,2024,Net,Budget,Nov,1658279651,0.172,0,0.0151
TTL VSI,CDE,2024,Net,Budget,Dec,33282457,0.0201,0,0.0003
TTL VSI,CDE,2024,Net,Forecast,Jan,14895868568,,583168261,0.1002
TTL VSI,CDE,2024,Net,Forecast,Feb,408439418,0.0274,-13499575532,0.0027
TTL VSI,CDE,2024,Net,Forecast,Mar,8878004898,21.7364,-11696279028,0.0597
TTL VSI,CDE,2024,Net,Forecast,Apr,22979442828,2.5884,19571171830,0.1546
TTL VSI,CDE,2024,Net,Forecast,May,16812911768,0.7317,-1117058426,0.1131
TTL VSI,CDE,2024,Net,Forecast,Jun,15497172800,0.9217,9527554149,0.1042
TTL VSI,CDE,2024,Net,Forecast,Jul,13393000602,0.8642,-1165639383,0.0901
TTL VSI,CDE,2024,Net,Forecast,Aug,2969298264,0.2217,-2302567608,0.02
TTL VSI,CDE,2024,Net,Forecast,Sep,20449243293,6.8869,17770631481,0.1375
TTL VSI,CDE,2024,Net,Forecast,Oct,7900062126,0.3863,-1740687328,0.0531
TTL VSI,CDE,2024,Net,Forecast,Nov,13030103248,1.6494,11371823597,0.0876
TTL VSI,CDE,2024,Net,Forecast,Dec,11457672491,0.8793,11424390034,0.0771
TTL VSI,CDE,2024,Op,Actual,Jan,10279074310,,-13041203521,0.0816
TTL VSI,CDE,2024,Op,Actual,Feb,6028803655,0.5865,48633239,0.0478
TTL VSI,CDE,2024,Op,Actual,Mar,8873285391,1.4718,-7222058358,0.0704
TTL VSI,CDE,2024,Op,Actual,Apr,19719611079,2.2224,13842653204,0.1565
TTL VSI,CDE,2024,Op,Actual,May,14403970171,0.7304,10275182136,0.1143
TTL VSI,CDE,2024,Op,Actual,Jun,29118445963,2.0216,6837342441,0.2311
TTL VSI,CDE,2024,Op,Actual,Jul,1472556745,0.0506,-3227782132,0.0117
TTL VSI,CDE,2024,Op,Actual,Aug,5005722371,3.3993,4275295086,0.0397
TTL VSI,CDE,2024,Op,Actual,Sep,4757602565,0.9504,-7216323281,0.0378
TTL VSI,CDE,2024,Op,Actual,Oct,6634252120,1.3945,-386433771,0.0526
TTL VSI,CDE,2024,Op,Actual,Nov,919439519,0.1386,-18197064160,0.0073
TTL VSI,CDE,2024,Op,Actual,Dec,18796351974,20.4433,-3835239239,0.1492
TTL VSI,CDE,2024,Op,Budget,Jan,23320277831,,0,0.1621
TTL VSI,CDE,2024,Op,Budget,Feb,5980170416,0.2564,0,0.0416
TTL VSI,CDE,2024,Op,Budget,Mar,16095343749,2.6915,0,0.1119
TTL VSI,CDE,2024,Op,Budget,Apr,5876957875,0.3651,0,0.0409
TTL VSI,CDE,2024,Op,Budget,May,4128788035,0.7025,0,0.0287
TTL VSI,CDE,2024,Op,Budget,Jun,22281103522,5.3965,0,0.1549
TTL VSI,CDE,2024,Op,Budget,Jul,4700338877,0.211,0,0.0327
TTL VSI,CDE,2024,Op,Budget,Aug,730427285,0.1554,0,0.0051
TTL VSI,CDE,2024,Op,Budget,Sep,11973925846,16.393,0,0.0832
TTL VSI,CDE,2024,Op,Budget,Oct,7020685891,0.5863,0,0.0488
TTL VSI,CDE,2024,Op,Budget,Nov,19116503679,2.7229,0,0.1329
TTL VSI,CDE,2024,Op,Budget,Dec,22631591213,1.1839,0,0.1573
TTL VSI,CDE,2024,Op,Forecast,Jan,13322896529,,-9997381302,0.1143
TTL VSI,CDE,2024,Op,Forecast,Feb,1790425438,0.1344,-4189744978,0.0154
TTL VSI,CDE,2024,Op,Forecast,Mar,27353490350,15.2776,11258146601,0.2348
TTL VSI,CDE,2024,Op,Forecast,Apr,907810235,0.0332,-4969147640,0.0078
TTL VSI,CDE,2024,Op,Forecast,May,14941889432,16.4593,10813101397,0.1282
TTL VSI,CDE,2024,Op,Forecast,Jun,12244187068,0.8195,-10036916454,0.1051
TTL VSI,CDE,2024,Op,Forecast,Jul,3922787077,0.3204,-777551800,0.0337
TTL VSI,CDE,2024,Op,Forecast,Aug,13416658977,3.4202,12686231692,0.1152
TTL VSI,CDE,2024,Op,Forecast,Sep,6582617696,0.4906,-5391308150,0.0565
TTL VSI,CDE,2024,Op,Forecast,Oct,1891920269,0.2874,-5128765622,0.0162
TTL VSI,CDE,2024,Op,Forecast,Nov,2167646082,1.1457,-16948857597,0.0186
TTL VSI,CDE,2024,Op,Forecast,Dec,17967892995,8.2891,-4663698218,0.1542
TTL VSI,CDE,2025,Gross,Actual,Jan,4869514109,,3920941270,0.0303
TTL VSI,CDE,2025,Gross,Actual,Feb,8839783553,1.8153,-10482047281,0.055
TTL VSI,CDE,2025,Gross,Actual,Mar,26874463666,3.0402,4463029906,0.1671
TTL VSI,CDE,2025,Gross,Actual,Apr,24787548854,0.9223,17867249069,0.1541
TTL VSI,CDE,2025,Gross,Actual,May,14146627594,0.5707,2002453851,0.088
TTL VSI,CDE,2025,Gross,Actual,Jun,28796003320,2.0355,13614083111,0.1791
TTL VSI,CDE,2025,Gross,Actual,Jul,12357694194,0.4291,-4148112366,0.0768
TTL VSI,CDE,2025,Gross,Actual,Aug,1254663050,0.1015,-14402291032,0.0078
TTL VSI,CDE,2025,Gross,Actual,Sep,14944277365,11.911,-7779664258,0.0929
TTL VSI,CDE,2025,Gross,Actual,Oct,6578751975,0.4402,-1180542863,0.0409
TTL VSI,CDE,2025,Gross,Actual,Nov,3216097896,0.4889,-16721499005,0.02
TTL VSI,CDE,2025,Gross,Actual,Dec,14149684351,4.3996,-4193665165,0.088
TTL VSI,CDE,2025,Gross,Budget,Jan,948572839,,0,0.0053
TTL VSI,CDE,2025,Gross,Budget,Feb,19321830834,20.3694,0,0.1086
TTL VSI,CDE,2025,Gross,Budget,Mar,22411433760,1.1599,0,0.126
TTL VSI,CDE,2025,Gross,Budget,Apr,6920299785,0.3088,0,0.0389
TTL VSI,CDE,2025,Gross,Budget,May,12144173743,1.7549,0,0.0683
TTL VSI,CDE,2025,Gross,Budget,Jun,15181920209,1.2501,0,0.0854
TTL VSI,CDE,2025,Gross,Budget,Jul,16505806560,1.0872,0,0.0928
TTL VSI,CDE,2025,Gross,Budget,Aug,15656954082,0.9486,0,0.088
TTL VSI,CDE,2025,Gross,Budget,Sep,22723941623,1.4514,0,0.1278
TTL VSI,CDE,2025,Gross,Budget,Oct,7759294838,0.3415,0,0.0436
TTL VSI,CDE,2025,Gross,Budget,Nov,19937596901,2.5695,0,0.1121
TTL VSI,CDE,2025,Gross,Budget,Dec,18343349516,0.92,0,0.1031
TTL VSI,CDE,2025,Gross,Forecast,Jan,9910980069,,8962407230,0.0878
TTL VSI,CDE,2025,Gross,Forecast,Feb,9360431314,0.9445,-9961399520,0.0829
TTL VSI,CDE,2025,Gross,Forecast,Mar,21896790828,2.3393,-514642932,0.1939
TTL VSI,CDE,2025,Gross,Forecast,Apr,3925600882,0.1793,-2994698903,0.0348
TTL VSI,CDE,2025,Gross,Forecast,May,16150516424,4.1142,4006342681,0.143
TTL VSI,CDE,2025,Gross,Forecast,Jun,1712175218,0.106,-13469744991,0.0152
TTL VSI,CDE,2025,Gross,Forecast,Jul,8592251644,5.0183,-7913554916,0.0761
TTL VSI,CDE,2025,Gross,Forecast,Aug,3083039917,0.3588,-12573914165,0.0273
TTL VSI,CDE,2025,Gross,Forecast,Sep,2195789853,0.7122,-20528151770,0.0194
TTL VSI,CDE,2025,Gross,Forecast,Oct,788889401,0.3593,-6970405437,0.007
TTL VSI,CDE,2025,Gross,Forecast,Nov,20440316164,25.9102,502719263,0.181
TTL VSI,CDE,2025,Gross,Forecast,Dec,14868433652,0.7274,-3474915864,0.1317
TTL VSI,CDE,2025,Net,Actual,Jan,15261280658,,-2377468494,0.1413
TTL VSI,CDE,2025,Net,Actual,Feb,14494791923,0.9498,14078338217,0.1342
TTL VSI,CDE,2025,Net,Actual,Mar,15749670273,1.0866,-5257769143,0.1459
TTL VSI,CDE,2025,Net,Actual,Apr,9340571168,0.5931,-855589407,0.0865
TTL VSI,CDE,2025,Net,Actual,May,4376327554,0.4685,4154967655,0.0405
TTL VSI,CDE,2025,Net,Actual,Jun,876545087,0.2003,-14530541653,0.0081
TTL VSI,CDE,2025,Net,Actual,Jul,339524956,0.3873,-13556166561,0.0031
TTL VSI,CDE,2025,Net,Actual,Aug,7483035214,22.0397,-5667164189,0.0693
TTL VSI,CDE,2025,Net,Actual,Sep,22495251834,3.0062,21800719895,0.2083
TTL VSI,CDE,2025,Net,Actual,Oct,2293025280,0.1019,-5802507840,0.0212
TTL VSI,CDE,2025,Net,Actual,Nov,12106236321,5.2796,-6089934014,0.1121
TTL VSI,CDE,2025,Net,Actual,Dec,3156217206,0.2607,-16428652296,0.0292
TTL VSI,CDE,2025,Net,Budget,Jan,17638749152,,0,0.1274
TTL VSI,CDE,2025,Net,Budget,Feb,416453706,0.0236,0,0.003
TTL VSI,CDE,2025,Net,Budget,Mar,21007439416,50.4436,0,0.1517
TTL VSI,CDE,2025,Net,Budget,Apr,10196160575,0.4854,0,0.0736
TTL VSI,CDE,2025,Net,Budget,May,221359899,0.0217,0,0.0016
TTL VSI,CDE,2025,Net,Budget,Jun,15407086740,69.602,0,0.1112
TTL VSI,CDE,2025,Net,Budget,Jul,13895691517,0.9019,0,0.1003
TTL VSI,CDE,2025,Net,Budget,Aug,13150199403,0.9464,0,0.0949
TTL VSI,CDE,2025,Net,Budget,Sep,694531939,0.0528,0,0.005
TTL VSI,CDE,2025,Net,Budget,Oct,8095533120,11.6561,0,0.0584
TTL VSI,CDE,2025,Net,Budget,Nov,18196170335,2.2477,0,0.1314
TTL VSI,CDE,2025,Net,Budget,Dec,19584869502,1.0763,0,0.1414
TTL VSI,CDE,2025,Net,Forecast,Jan,22954111367,,5315362215,0.2232
TTL VSI,CDE,2025,Net,Forecast,Feb,12007326225,0.5231,11590872519,0.1167
TTL VSI,CDE,2025,Net,Forecast,Mar,2283849407,0.1902,-18723590009,0.0222
TTL VSI,CDE,2025,Net,Forecast,Apr,8264101057,3.6185,-1932059518,0.0803
TTL VSI,CDE,2025,Net,Forecast,May,7095728419,0.8586,6874368520,0.069
TTL VSI,CDE,2025,Net,Forecast,Jun,8444375729,1.1901,-6962711011,0.0821
TTL VSI,CDE,2025,Net,Forecast,Jul,2112502359,0.2502,-11783189158,0.0205
TTL VSI,CDE,2025,Net,Forecast,Aug,4796872498,2.2707,-8353326905,0.0466
TTL VSI,CDE,2025,Net,Forecast,Sep,4433486085,0.9242,3738954146,0.0431
TTL VSI,CDE,2025,Net,Forecast,Oct,4436211820,1.0006,-3659321300,0.0431
TTL VSI,CDE,2025,Net,Forecast,Nov,21528489003,4.8529,3332318668,0.2093
TTL VSI,CDE,2025,Net,Forecast,Dec,4495972346,0.2088,-15088897156,0.0437
TTL VSI,CDE,2025,Op,Actual,Jan,16637873266,,-2333924831,0.1158
TTL VSI,CDE,2025,Op,Actual,Feb,5644471665,0.3393,-947185295,0.0393
TTL VSI,CDE,2025,Op,Actual,Mar,173827756,0.0308,-27533728386,0.0012
TTL VSI,CDE,2025,Op,Actual,Apr,24139027707,138.8675,18601478776,0.168
TTL VSI,CDE,2025,Op,Actual,May,11684929588,0.4841,-5850761226,0.0813
TTL VSI,CDE,2025,Op,Actual,Jun,14354653332,1.2285,3659320945,0.0999
TTL VSI,CDE,2025,Op,Actual,Jul,10215043607,0.7116,-5613051816,0.0711
TTL VSI,CDE,2025,Op,Actual,Aug,5610370340,0.5492,5072207518,0.0391
TTL VSI,CDE,2025,Op,Actual,Sep,8066081906,1.4377,-4112061706,0.0562
TTL VSI,CDE,2025,Op,Actual,Oct,10934667146,1.3556,7329540746,0.0761
TTL VSI,CDE,2025,Op,Actual,Nov,13652342615,1.2485,4328372522,0.095
TTL VSI,CDE,2025,Op,Actual,Dec,22530272614,1.6503,12626959315,0.1568
TTL VSI,CDE,2025,Op,Budget,Jan,18971798097,,0,0.1371
TTL VSI,CDE,2025,Op,Budget,Feb,6591656960,0.3474,0,0.0476
TTL VSI,CDE,2025,Op,Budget,Mar,27707556142,4.2034,0,0.2002
TTL VSI,CDE,2025,Op,Budget,Apr,5537548931,0.1999,0,0.04
TTL VSI,CDE,2025,Op,Budget,May,17535690814,3.1667,0,0.1267
TTL VSI,CDE,2025,Op,Budget,Jun,10695332387,0.6099,0,0.0773
TTL VSI,CDE,2025,Op,Budget,Jul,15828095423,1.4799,0,0.1144
TTL VSI,CDE,2025,Op,Budget,Aug,538162822,0.034,0,0.0039
TTL VSI,CDE,2025,Op,Budget,Sep,12178143612,22.6291,0,0.088
TTL VSI,CDE,2025,Op,Budget,Oct,3605126400,0.296,0,0.026
TTL VSI,CDE,2025,Op,Budget,Nov,9323970093,2.5863,0,0.0674
TTL VSI,CDE,2025,Op,Budget,Dec,9903313299,1.0621,0,0.0715
TTL VSI,CDE,2025,Op,Forecast,Jan,22309888418,,3338090321,0.1487
TTL VSI,CDE,2025,Op,Forecast,Feb,15171416716,0.68,8579759756,0.1011
TTL VSI,CDE,2025,Op,Forecast,Mar,15133085443,0.9975,-12574470699,0.1009
TTL VSI,CDE,2025,Op,Forecast,Apr,2312898320,0.1528,-3224650611,0.0154
TTL VSI,CDE,2025,Op,Forecast,May,831648412,0.3596,-16704042402,0.0055
TTL VSI,CDE,2025,Op,Forecast,Jun,23487178821,28.2417,12791846434,0.1565
TTL VSI,CDE,2025,Op,Forecast,Jul,10782722512,0.4591,-5045372911,0.0719
TTL VSI,CDE,2025,Op,Forecast,Aug,16957555800,1.5727,16419392978,0.113
TTL VSI,CDE,2025,Op,Forecast,Sep,22557908663,1.3303,10379765051,0.1503
TTL VSI,CDE,2025,Op,Forecast,Oct,3168977523,0.1405,-436148877,0.0211
TTL VSI,CDE,2025,Op,Forecast,Nov,11013464576,3.4754,1689494483,0.0734
TTL VSI,CDE,2025,Op,Forecast,Dec,6322280858,0.5741,-3581032441,0.0421
TTL VSI,PJ,2024,Gross,Actual,Jan,17699656411,,-7832253193,0.1448
TTL VSI,PJ,2024,Gross,Actual,Feb,6579314231,0.3717,-10168833554,0.0538
TTL VSI,PJ,2024,Gross,Actual,Mar,22836700243,3.471,-3778993493,0.1868
TTL VSI,PJ,2024,Gross,Actual,Apr,6980235146,0.3057,-12194821481,0.0571
TTL VSI,PJ,2024,Gross,Actual,May,6768463981,0.9697,5619831572,0.0554
TTL VSI,PJ,2024,Gross,Actual,Jun,12583783223,1.8592,-19610498515,0.1029
TTL VSI,PJ,2024,Gross,Actual,Jul,14079926644,1.1189,7838994461,0.1152
TTL VSI,PJ,2024,Gross,Actual,Aug,13858687983,0.9843,5815999511,0.1134
TTL VSI,PJ,2024,Gross,Actual,Sep,169517987,0.0122,-22961439629,0.0014
TTL VSI,PJ,2024,Gross,Actual,Oct,7045258178,41.5605,-3216767632,0.0576
TTL VSI,PJ,2024,Gross,Actual,Nov,3690191797,0.5238,-10155368434,0.0302
TTL VSI,PJ,2024,Gross,Actual,Dec,9956694178,2.6982,4044257125,0.0814
TTL VSI,PJ,2024,Gross,Budget,Jan,25531909604,,0,0.1352
TTL VSI,PJ,2024,Gross,Budget,Feb,16748147785,0.656,0,0.0887
TTL VSI,PJ,2024,Gross,Budget,Mar,26615693736,1.5892,0,0.1409
TTL VSI,PJ,2024,Gross,Budget,Apr,19175056627,0.7204,0,0.1015
TTL VSI,PJ,2024,Gross,Budget,May,1148632409,0.0599,0,0.0061
TTL VSI,PJ,2024,Gross,Budget,Jun,32194281738,28.0284,0,0.1705
TTL VSI,PJ,2024,Gross,Budget,Jul,6240932183,0.1939,0,0.033
TTL VSI,PJ,2024,Gross,Budget,Aug,8042688472,1.2887,0,0.0426
TTL VSI,PJ,2024,Gross,Budget,Sep,23130957616,2.876,0,0.1225
TTL VSI,PJ,2024,Gross,Budget,Oct,10262025810,0.4436,0,0.0543
TTL VSI,PJ,2024,Gross,Budget,Nov,13845560231,1.3492,0,0.0733
TTL VSI,PJ,2024,Gross,Budget,Dec,5912437053,0.427,0,0.0313
TTL VSI,PJ,2024,Gross,Forecast,Jan,21846875857,,-3685033747,0.175
TTL VSI,PJ,2024,Gross,Forecast,Feb,6337863515,0.2901,-10410284270,0.0508
TTL VSI,PJ,2024,Gross,Forecast,Mar,14613393910,2.3057,-12002299826,0.117
TTL VSI,PJ,2024,Gross,Forecast,Apr,21443928418,1.4674,2268871791,0.1718
TTL VSI,PJ,2024,Gross,Forecast,May,18674381244,0.8708,17525748835,0.1496
TTL VSI,PJ,2024,Gross,Forecast,Jun,5415719677,0.29,-26778562061,0.0434
TTL VSI,PJ,2024,Gross,Forecast,Jul,8983484446,1.6588,2742552263,0.072
TTL VSI,PJ,2024,Gross,Forecast,Aug,12540784874,1.396,4498096402,0.1004
TTL VSI,PJ,2024,Gross,Forecast,Sep,2189058081,0.1746,-20941899535,0.0175
TTL VSI,PJ,2024,Gross,Forecast,Oct,6131141491,2.8008,-4130884319,0.0491
TTL VSI,PJ,2024,Gross,Forecast,Nov,2830830394,0.4617,-11014729837,0.0227
TTL VSI,PJ,2024,Gross,Forecast,Dec,3843769673,1.3578,-2068667380,0.0308
TTL VSI,PJ,2024,Net,Actual,Jan,10920766715,,-3307480376,0.0911
TTL VSI,PJ,2024,Net,Actual,Feb,2348882401,0.2151,-719371160,0.0196
TTL VSI,PJ,2024,Net,Actual,Mar,1690448176,0.7197,-24103270649,0.0141
TTL VSI,PJ,2024,Net,Actual,Apr,17632011186,10.4304,14866182381,0.1471
TTL VSI,PJ,2024,Net,Actual,May,11444034047,0.649,-5406259605,0.0955
TTL VSI,PJ,2024,Net,Actual,Jun,18309389905,1.5999,1603679868,0.1528
TTL VSI,PJ,2024,Net,Actual,Jul,1963175254,0.1072,-4439005502,0.0164
TTL VSI,PJ,2024,Net,Actual,Aug,19103079582,9.7307,9621331402,0.1594
TTL VSI,PJ,2024,Net,Actual,Sep,12414001723,0.6498,3252677886,0.1036
TTL VSI,PJ,2024,Net,Actual,Oct,9067029680,0.7304,-1168103660,0.0757
TTL VSI,PJ,2024,Net,Actual,Nov,14494820403,1.5986,-2877239162,0.121
TTL VSI,PJ,2024,Net,Actual,Dec,442437033,0.0305,-23226269049,0.0037
TTL VSI,PJ,2024,Net,Budget,Jan,14228247091,,0,0.0914
TTL VSI,PJ,2024,Net,Budget,Feb,3068253561,0.2156,0,0.0197
TTL VSI,PJ,2024,Net,Budget,Mar,25793718825,8.4066,0,0.1656
TTL VSI,PJ,2024,Net,Budget,Apr,2765828805,0.1072,0,0.0178
TTL VSI,PJ,2024,Net,Budget,May,16850293652,6.0923,0,0.1082
TTL VSI,PJ,2024,Net,Budget,Jun,16705710037,0.9914,0,0.1073
TTL VSI,PJ,2024,Net,Budget,Jul,6402180756,0.3832,0,0.0411
TTL VSI,PJ,2024,Net,Budget,Aug,9481748180,1.481,0,0.0609
TTL VSI,PJ,2024,Net,Budget,Sep,9161323837,0.9662,0,0.0588
TTL VSI,PJ,2024,Net,Budget,Oct,10235133340,1.1172,0,0.0657
TTL VSI,PJ,2024,Net,Budget,Nov,17372059565,1.6973,0,0.1116
TTL VSI,PJ,2024,Net,Budget,Dec,23668706082,1.3625,0,0.152
TTL VSI,PJ,2024,Net,Forecast,Jan,26863138788,,12634891697,0.2399
TTL VSI,PJ,2024,Net,Forecast,Feb,872363842,0.0325,-2195889719,0.0078
TTL VSI,PJ,2024,Net,Forecast,Mar,15951669231,18.2856,-9842049594,0.1424
TTL VSI,PJ,2024,Net,Forecast,Apr,5739075792,0.3598,2973246987,0.0512
TTL VSI,PJ,2024,Net,Forecast,May,18966327809,3.3048,2116034157,0.1694
TTL VSI,PJ,2024,Net,Forecast,Jun,3051845635,0.1609,-13653864402,0.0273
TTL VSI,PJ,2024,Net,Forecast,Jul,788941881,0.2585,-5613238875,0.007
TTL VSI,PJ,2024,Net,Forecast,Aug,486909013,0.6172,-8994839167,0.0043
TTL VSI,PJ,2024,Net,Forecast,Sep,227301651,0.4668,-8934022186,0.002
TTL VSI,PJ,2024,Net,Forecast,Oct,8962659840,39.4307,-1272473500,0.08
TTL VSI,PJ,2024,Net,Forecast,Nov,5408800971,0.6035,-11963258594,0.0483
TTL VSI,PJ,2024,Net,Forecast,Dec,24667172841,4.5606,998466759,0.2203
TTL VSI,PJ,2024,Op,Actual,Jan,25651320010,,25415000204,0.1535
TTL VSI,PJ,2024,Op,Actual,Feb,10005701463,0.3901,4010980457,0.0599
TTL VSI,PJ,2024,Op,Actual,Mar,6698676027,0.6695,2206755715,0.0401
TTL VSI,PJ,2024,Op,Actual,Apr,20375336146,3.0417,11537273850,0.122
TTL VSI,PJ,2024,Op,Actual,May,9614226867,0.4719,-9266133290,0.0575
TTL VSI,PJ,2024,Op,Actual,Jun,30650507634,3.188,-1297436072,0.1835
TTL VSI,PJ,2024,Op,Actual,Jul,13596403762,0.4436,1786053581,0.0814
TTL VSI,PJ,2024,Op,Actual,Aug,12967094119,0.9537,6958077219,0.0776
TTL VSI,PJ,2024,Op,Actual,Sep,3421034379,0.2638,-5129597430,0.0205
TTL VSI,PJ,2024,Op,Actual,Oct,3288294774,0.9612,-5356994159,0.0197
TTL VSI,PJ,2024,Op,Actual,Nov,12356924104,3.7579,4005606527,0.074
TTL VSI,PJ,2024,Op,Actual,Dec,18442000330,1.4924,16093529944,0.1104
TTL VSI,PJ,2024,Op,Budget,Jan,236319806,,0,0.002
TTL VSI,PJ,2024,Op,Budget,Feb,5994721006,25.367,0,0.0516
TTL VSI,PJ,2024,Op,Budget,Mar,4491920312,0.7493,0,0.0387
TTL VSI,PJ,2024,Op,Budget,Apr,8838062296,1.9675,0,0.0761
TTL VSI,PJ,2024,Op,Budget,May,18880360157,2.1363,0,0.1626
TTL VSI,PJ,2024,Op,Budget,Jun,31947943706,1.6921,0,0.2752
TTL VSI,PJ,2024,Op,Budget,Jul,11810350181,0.3697,0,0.1017
TTL VSI,PJ,2024,Op,Budget,Aug,6009016900,0.5088,0,0.0518
TTL VSI,PJ,2024,Op,Budget,Sep,8550631809,1.423,0,0.0736
TTL VSI,PJ,2024,Op,Budget,Oct,8645288933,1.0111,0,0.0745
TTL VSI,PJ,2024,Op,Budget,Nov,8351317577,0.966,0,0.0719
TTL VSI,PJ,2024,Op,Budget,Dec,2348470386,0.2812,0,0.0202
TTL VSI,PJ,2024,Op,Forecast,Jan,10758525421,,10522205615,0.0651
TTL VSI,PJ,2024,Op,Forecast,Feb,14395704486,1.3381,8400983480,0.0871
TTL VSI,PJ,2024,Op,Forecast,Mar,4643945300,0.3226,152024988,0.0281
TTL VSI,PJ,2024,Op,Forecast,Apr,21391672566,4.6064,12553610270,0.1294
TTL VSI,PJ,2024,Op,Forecast,May,13563511484,0.6341,-5316848673,0.0821
TTL VSI,PJ,2024,Op,Forecast,Jun,25309525335,1.866,-6638418371,0.1531
TTL VSI,PJ,2024,Op,Forecast,Jul,14463361173,0.5715,2653010992,0.0875
TTL VSI,PJ,2024,Op,Forecast,Aug,14962076539,1.0345,8953059639,0.0905
TTL VSI,PJ,2024,Op,Forecast,Sep,6443111917,0.4306,-2107519892,0.039
TTL VSI,PJ,2024,Op,Forecast,Oct,10588524808,1.6434,1943235875,0.0641
TTL VSI,PJ,2024,Op,Forecast,Nov,3628201761,0.3427,-4723115816,0.022
TTL VSI,PJ,2024,Op,Forecast,Dec,25130521032,6.9264,22782050646,0.152
TTL VSI,PJ,2025,Gross,Actual,Jan,19962630000,,217888413,0.1049
TTL VSI,PJ,2025,Gross,Actual,Feb,13064900000,0.6545,-6286087879,0.0686
TTL VSI,PJ,2025,Gross,Actual,Mar,19835380000,1.5182,4141713869,0.1042
TTL VSI,PJ,2025,Gross,Actual,Apr,17006630000,0.8574,11587526599,0.0893
TTL VSI,PJ,2025,Gross,Actual,May,13750660000,0.8085,1386446699,0.0722
TTL VSI,PJ,2025,Gross,Actual,Jun,22631785700,1.6459,-8875548409,0.1189
TTL VSI,PJ,2025,Gross,Actual,Jul,11628220000,0.5138,-2797327757,0.0611
TTL VSI,PJ,2025,Gross,Actual,Aug,13132840000,1.1294,-5656171977,0.069
TTL VSI,PJ,2025,Gross,Actual,Sep,16077292000,1.2242,10657012298,0.0844
TTL VSI,PJ,2025,Gross,Actual,Oct,8719597000,0.5424,-2664762096,0.0458
TTL VSI,PJ,2025,Gross,Actual,Nov,16469315600,1.8888,-1691988932,0.0865
TTL VSI,PJ,2025,Gross,Actual,Dec,18104173000,1.0993,14116682172,0.0951
TTL VSI,PJ,2025,Gross,Budget,Jan,19744741587,,0,0.112
TTL VSI,PJ,2025,Gross,Budget,Feb,19350987879,0.9801,0,0.1098
TTL VSI,PJ,2025,Gross,Budget,Mar,15693666131,0.811,0,0.089
TTL VSI,PJ,2025,Gross,Budget,Apr,5419103401,0.3453,0,0.0307
TTL VSI,PJ,2025,Gross,Budget,May,12364213301,2.2816,0,0.0702
TTL VSI,PJ,2025,Gross,Budget,Jun,31507334109,2.5483,0,0.1788
TTL VSI,PJ,2025,Gross,Budget,Jul,14425547757,0.4578,0,0.0818
TTL VSI,PJ,2025,Gross,Budget,Aug,18789011977,1.3025,0,0.1066
TTL VSI,PJ,2025,Gross,Budget,Sep,5420279702,0.2885,0,0.0308
TTL VSI,PJ,2025,Gross,Budget,Oct,11384359096,2.1003,0,0.0646
TTL VSI,PJ,2025,Gross,Budget,Nov,18161304532,1.5953,0,0.103
TTL VSI,PJ,2025,Gross,Budget,Dec,3987490828,0.2196,0,0.0226
TTL VSI,PJ,2025,Gross,Forecast,Jan,8093926663,,-11650814924,0.0539
TTL VSI,PJ,2025,Gross,Forecast,Feb,2016569280,0.2491,-17334418599,0.0134
TTL VSI,PJ,2025,Gross,Forecast,Mar,27668298291,13.7205,11974632160,0.1843
TTL VSI,PJ,2025,Gross,Forecast,Apr,1535296768,0.0555,-3883806633,0.0102
TTL VSI,PJ,2025,Gross,Forecast,May,11362442847,7.4008,-1001770454,0.0757
TTL VSI,PJ,2025,Gross,Forecast,Jun,26489100824,2.3313,-5018233285,0.1764
TTL VSI,PJ,2025,Gross,Forecast,Jul,1399132768,0.0528,-13026414989,0.0093
TTL VSI,PJ,2025,Gross,Forecast,Aug,13538949589,9.6767,-5250062388,0.0902
TTL VSI,PJ,2025,Gross,Forecast,Sep,18067624715,1.3345,12647345013,0.1203
TTL VSI,PJ,2025,Gross,Forecast,Oct,1276114106,0.0706,-10108244990,0.0085
TTL VSI,PJ,2025,Gross,Forecast,Nov,15833613003,12.4077,-2327691529,0.1055
TTL VSI,PJ,2025,Gross,Forecast,Dec,22867120398,1.4442,18879629570,0.1523
TTL VSI,PJ,2025,Net,Actual,Jan,19422250000,,-8927591410,0.1063
TTL VSI,PJ,2025,Net,Actual,Feb,10997470000,0.5662,-963269387,0.0602
TTL VSI,PJ,2025,Net,Actual,Mar,19235181400,1.7491,16453052616,0.1053
TTL VSI,PJ,2025,Net,Actual,Apr,16514990000,0.8586,7744490880,0.0904
TTL VSI,PJ,2025,Net,Actual,May,13257890000,0.8028,701112328,0.0725
TTL VSI,PJ,2025,Net,Actual,Jun,21943605800,1.6551,19064698411,0.1201
TTL VSI,PJ,2025,Net,Actual,Jul,11362710100,0.5178,1330414495,0.0622
TTL VSI,PJ,2025,Net,Actual,Aug,12895890000,1.1349,10133267552,0.0706
TTL VSI,PJ,2025,Net,Actual,Sep,15447204800,1.1978,-93069540,0.0845
TTL VSI,PJ,2025,Net,Actual,Oct,8443859300,0.5466,-53717045,0.0462
TTL VSI,PJ,2025,Net,Actual,Nov,15925935900,1.8861,6779820399,0.0871
TTL VSI,PJ,2025,Net,Actual,Dec,17295602900,1.086,-5393248427,0.0946
TTL VSI,PJ,2025,Net,Budget,Jan,28349841410,,0,0.2085
TTL VSI,PJ,2025,Net,Budget,Feb,11960739387,0.4219,0,0.088
TTL VSI,PJ,2025,Net,Budget,Mar,2782128784,0.2326,0,0.0205
TTL VSI,PJ,2025,Net,Budget,Apr,8770499120,3.1524,0,0.0645
TTL VSI,PJ,2025,Net,Budget,May,12556777672,1.4317,0,0.0924
TTL VSI,PJ,2025,Net,Budget,Jun,2878907389,0.2293,0,0.0212
TTL VSI,PJ,2025,Net,Budget,Jul,10032295605,3.4848,0,0.0738
TTL VSI,PJ,2025,Net,Budget,Aug,2762622448,0.2754,0,0.0203
TTL VSI,PJ,2025,Net,Budget,Sep,15540274340,5.6252,0,0.1143
TTL VSI,PJ,2025,Net,Budget,Oct,8497576345,0.5468,0,0.0625
TTL VSI,PJ,2025,Net,Budget,Nov,9146115501,1.0763,0,0.0673
TTL VSI,PJ,2025,Net,Budget,Dec,22688851327,2.4807,0,0.1669
TTL VSI,PJ,2025,Net,Forecast,Jan,9882645128,,-18467196282,0.0938
TTL VSI,PJ,2025,Net,Forecast,Feb,205162635,0.0208,-11755576752,0.0019
TTL VSI,PJ,2025,Net,Forecast,Mar,14527470813,70.8095,11745342029,0.1379
TTL VSI,PJ,2025,Net,Forecast,Apr,18176099877,1.2512,9405600757,0.1725
TTL VSI,PJ,2025,Net,Forecast,May,6364527283,0.3502,-6192250389,0.0604
TTL VSI,PJ,2025,Net,Forecast,Jun,10978353528,1.7249,8099446139,0.1042
TTL VSI,PJ,2025,Net,Forecast,Jul,5448641494,0.4963,-4583654111,0.0517
TTL VSI,PJ,2025,Net,Forecast,Aug,1502134815,0.2757,-1260487633,0.0143
TTL VSI,PJ,2025,Net,Forecast,Sep,12390133667,8.2483,-3150140673,0.1176
TTL VSI,PJ,2025,Net,Forecast,Oct,11610714860,0.9371,3113138515,0.1102
TTL VSI,PJ,2025,Net,Forecast,Nov,13170153544,1.1343,4024038043,0.125
TTL VSI,PJ,2025,Net,Forecast,Dec,1092746562,0.083,-21596104765,0.0104
TTL VSI,PJ,2025,Op,Actual,Jan,19422250000,,11983442427,0.1063
TTL VSI,PJ,2025,Op,Actual,Feb,10997470000,0.5662,4772299503,0.0602
TTL VSI,PJ,2025,Op,Actual,Mar,19235181400,1.7491,118169500,0.1053
TTL VSI,PJ,2025,Op,Actual,Apr,16514990000,0.8586,16388688553,0.0904
TTL VSI,PJ,2025,Op,Actual,May,13257890000,0.8028,1227524642,0.0725
TTL VSI,PJ,2025,Op,Actual,Jun,21943605800,1.6551,6325652158,0.1201
TTL VSI,PJ,2025,Op,Actual,Jul,11362710100,0.5178,9026774573,0.0622
TTL VSI,PJ,2025,Op,Actual,Aug,12895890000,1.1349,-3078867019,0.0706
TTL VSI,PJ,2025,Op,Actual,Sep,15447204800,1.1978,-1243036665,0.0845
TTL VSI,PJ,2025,Op,Actual,Oct,8443859300,0.5466,5501600596,0.0462
TTL VSI,PJ,2025,Op,Actual,Nov,15925935900,1.8861,13162319544,0.0871
TTL VSI,PJ,2025,Op,Actual,Dec,17295602900,1.086,-5034631148,0.0946
TTL VSI,PJ,2025,Op,Budget,Jan,7438807573,,0,0.0602
TTL VSI,PJ,2025,Op,Budget,Feb,6225170497,0.8369,0,0.0504
TTL VSI,PJ,2025,Op,Budget,Mar,19117011900,3.0709,0,0.1547
TTL VSI,PJ,2025,Op,Budget,Apr,126301447,0.0066,0,0.001
TTL VSI,PJ,2025,Op,Budget,May,12030365358,95.2512,0,0.0973
TTL VSI,PJ,2025,Op,Budget,Jun,15617953642,1.2982,0,0.1264
TTL VSI,PJ,2025,Op,Budget,Jul,2335935527,0.1496,0,0.0189
TTL VSI,PJ,2025,Op,Budget,Aug,15974757019,6.8387,0,0.1293
TTL VSI,PJ,2025,Op,Budget,Sep,16690241465,1.0448,0,0.135
TTL VSI,PJ,2025,Op,Budget,Oct,2942258704,0.1763,0,0.0238
TTL VSI,PJ,2025,Op,Budget,Nov,2763616356,0.9393,0,0.0224
TTL VSI,PJ,2025,Op,Budget,Dec,22330234048,8.0801,0,0.1807
TTL VSI,PJ,2025,Op,Forecast,Jan,24200515493,,16761707920,0.1837
TTL VSI,PJ,2025,Op,Forecast,Feb,786927797,0.0325,-5438242700,0.006
TTL VSI,PJ,2025,Op,Forecast,Mar,23533948754,29.9061,4416936854,0.1786
TTL VSI,PJ,2025,Op,Forecast,Apr,1307933936,0.0556,1181632489,0.0099
TTL VSI,PJ,2025,Op,Forecast,May,12372550689,9.4596,342185331,0.0939
TTL VSI,PJ,2025,Op,Forecast,Jun,26166047091,2.1148,10548093449,0.1986
TTL VSI,PJ,2025,Op,Forecast,Jul,2515794953,0.0961,179859426,0.0191
TTL VSI,PJ,2025,Op,Forecast,Aug,12981406289,5.16,-2993350730,0.0985
TTL VSI,PJ,2025,Op,Forecast,Sep,4406676675,0.3395,-12283564790,0.0335
TTL VSI,PJ,2025,Op,Forecast,Oct,1407156816,0.3193,-1535101888,0.0107
TTL VSI,PJ,2025,Op,Forecast,Nov,20537848848,14.5953,17774232492,0.1559
TTL VSI,PJ,2025,Op,Forecast,Dec,1515925240,0.0738,-20814308808,0.0115
TW,CDE,2024,Gross,Actual,Jan,267053943,,-1534816706,0.0092
TW,CDE,2024,Gross,Actual,Jan,2120441902,7.9401,318571253,0.0732
TW,CDE,2024,Gross,Actual,Feb,1254581183,0.5917,-1439910921,0.0433
TW,CDE,2024,Gross,Actual,Feb,273458677,0.218,-2421033427,0.0094
TW,CDE,2024,Gross,Actual,Mar,2508306013,9.1725,-4096468310,0.0866
TW,CDE,2024,Gross,Actual,Mar,3056851793,1.2187,-3547922530,0.1055
TW,CDE,2024,Gross,Actual,Apr,1561752640,0.5109,-1778313672,0.0539
TW,CDE,2024,Gross,Actual,Apr,1227784360,0.7862,-2112281952,0.0424
TW,CDE,2024,Gross,Actual,May,388762973,0.3166,-2407279042,0.0134
TW,CDE,2024,Gross,Actual,May,927400507,2.3855,-1868641508,0.032
TW,CDE,2024,Gross,Actual,Jun,858177711,0.9254,-187984642,0.0296
TW,CDE,2024,Gross,Actual,Jun,1395463171,1.6261,349300818,0.0482
TW,CDE,2024,Gross,Actual,Jul,1448657030,1.0381,-1978613468,0.05
TW,CDE,2024,Gross,Actual,Jul,1277194049,0.8816,-2150076449,0.0441
TW,CDE,2024,Gross,Actual,Aug,566185976,0.4433,-723325284,0.0195
TW,CDE,2024,Gross,Actual,Aug,2418052792,4.2708,1128541532,0.0835
TW,CDE,2024,Gross,Actual,Sep,234160099,0.0968,-1264842096,0.0081
TW,CDE,2024,Gross,Actual,Sep,1084495733,4.6314,-414506462,0.0374
TW,CDE,2024,Gross,Actual,Oct,197163951,0.1818,-2581696246,0.0068
TW,CDE,2024,Gross,Actual,Oct,1938702215,9.8329,-840157982,0.0669
TW,CDE,2024,Gross,Actual,Nov,1354842930,0.6988,-1164027449,0.0468
TW,CDE,2024,Gross,Actual,Nov,377429052,0.2786,-2141441327,0.013
TW,CDE,2024,Gross,Actual,Dec,2057151190,5.4504,-90649252,0.071
TW,CDE,2024,Gross,Actual,Dec,167971578,0.0817,-1979828864,0.0058
TW,CDE,2024,Gross,Budget,Jan,1074726935,,-727143714,0.0336
TW,CDE,2024,Gross,Budget,Jan,727143714,0.6766,-1074726935,0.0228
TW,CDE,2024,Gross,Budget,Feb,2233556228,3.0717,-460935876,0.0699
TW,CDE,2024,Gross,Budget,Feb,460935876,0.2064,-2233556228,0.0144
TW,CDE,2024,Gross,Budget,Mar,3427458109,7.4359,-3177316214,0.1073
TW,CDE,2024,Gross,Budget,Mar,3177316214,0.927,-3427458109,0.0995
TW,CDE,2024,Gross,Budget,Apr,1210281941,0.3809,-2129784371,0.0379
TW,CDE,2024,Gross,Budget,Apr,2129784371,1.7597,-1210281941,0.0667
TW,CDE,2024,Gross,Budget,May,185725850,0.0872,-2610316165,0.0058
TW,CDE,2024,Gross,Budget,May,2610316165,14.0547,-185725850,0.0817
TW,CDE,2024,Gross,Budget,Jun,475829260,0.1823,-570333093,0.0149
TW,CDE,2024,Gross,Budget,Jun,570333093,1.1986,-475829260,0.0179
TW,CDE,2024,Gross,Budget,Jul,2180831874,3.8238,-1246438624,0.0683
TW,CDE,2024,Gross,Budget,Jul,1246438624,0.5715,-2180831874,0.039
TW,CDE,2024,Gross,Budget,Aug,80232858,0.0644,-1209278402,0.0025
TW,CDE,2024,Gross,Budget,Aug,1209278402,15.0721,-80232858,0.0379
TW,CDE,2024,Gross,Budget,Sep,668880061,0.5531,-830122134,0.0209
TW,CDE,2024,Gross,Budget,Sep,830122134,1.2411,-668880061,0.026
TW,CDE,2024,Gross,Budget,Oct,765026122,0.9216,-2013834075,0.0239
TW,CDE,2024,Gross,Budget,Oct,2013834075,2.6324,-765026122,0.063
TW,CDE,2024,Gross,Budget,Nov,1579142677,0.7841,-939727702,0.0494
TW,CDE,2024,Gross,Budget,Nov,939727702,0.5951,-1579142677,0.0294
TW,CDE,2024,Gross,Budget,Dec,731235491,0.7781,-1416564951,0.0229
TW,CDE,2024,Gross,Budget,Dec,1416564951,1.9372,-731235491,0.0443
TW,CDE,2024,Gross,Forecast,Jan,2275163464,,473292815,0.0718
TW,CDE,2024,Gross,Forecast,Jan,2220792421,0.9761,418921772,0.0701
TW,CDE,2024,Gross,Forecast,Feb,346557336,0.1561,-2347934768,0.0109
TW,CDE,2024,Gross,Forecast,Feb,19821485,0.0572,-2674670619,0.0006
TW,CDE,2024,Gross,Forecast,Mar,1059568831,53.4556,-5545205492,0.0334
TW,CDE,2024,Gross,Forecast,Mar,3043687638,2.8726,-3561086685,0.096
TW,CDE,2024,Gross,Forecast,Apr,723817270,0.2378,-2616249042,0.0228
TW,CDE,2024,Gross,Forecast,Apr,1926753551,2.6619,-1413312761,0.0608
TW,CDE,2024,Gross,Forecast,May,508109660,0.2637,-2287932355,0.016
TW,CDE,2024,Gross,Forecast,May,1827036848,3.5958,-969005167,0.0576
TW,CDE,2024,Gross,Forecast,Jun,438846076,0.2402,-607316277,0.0138
TW,CDE,2024,Gross,Forecast,Jun,1874044121,4.2704,827881768,0.0591
TW,CDE,2024,Gross,Forecast,Jul,182863759,0.0976,-3244406739,0.0058
TW,CDE,2024,Gross,Forecast,Jul,1954283731,10.6871,-1472986767,0.0617
TW,CDE,2024,Gross,Forecast,Aug,1768068883,0.9047,478557623,0.0558
TW,CDE,2024,Gross,Forecast,Aug,592615011,0.3352,-696896249,0.0187
TW,CDE,2024,Gross,Forecast,Sep,663772023,1.1201,-835230172,0.0209
TW,CDE,2024,Gross,Forecast,Sep,761608856,1.1474,-737393339,0.024
TW,CDE,2024,Gross,Forecast,Oct,1955924843,2.5681,-822935354,0.0617
TW,CDE,2024,Gross,Forecast,Oct,1260330834,0.6444,-1518529363,0.0398
TW,CDE,2024,Gross,Forecast,Nov,1063277712,0.8436,-1455592667,0.0335
TW,CDE,2024,Gross,Forecast,Nov,2302911018,2.1659,-215959361,0.0727
TW,CDE,2024,Gross,Forecast,Dec,1382579869,0.6004,-765220573,0.0436
TW,CDE,2024,Gross,Forecast,Dec,1545108097,1.1176,-602692345,0.0487
TW,CDE,2024,Net,Actual,Jan,1659128877,,-3161713994,0.0492
TW,CDE,2024,Net,Actual,Jan,164877080,0.0994,-4655965791,0.0049
TW,CDE,2024,Net,Actual,Feb,1836272004,11.1372,-894029992,0.0545
TW,CDE,2024,Net,Actual,Feb,99095017,0.054,-2631206979,0.0029
TW,CDE,2024,Net,Actual,Mar,3118810389,31.4729,-3768487462,0.0925
TW,CDE,2024,Net,Actual,Mar,1869119860,0.5993,-5018177991,0.0554
TW,CDE,2024,Net,Actual,Apr,1036220025,0.5544,-3001209877,0.0307
TW,CDE,2024,Net,Actual,Apr,456650444,0.4407,-3580779458,0.0135
TW,CDE,2024,Net,Actual,May,1744925040,3.8211,-976913122,0.0518
TW,CDE,2024,Net,Actual,May,2252191874,1.2907,-469646288,0.0668
TW,CDE,2024,Net,Actual,Jun,957948214,0.4253,-2189043627,0.0284
TW,CDE,2024,Net,Actual,Jun,816286852,0.8521,-2330704989,0.0242
TW,CDE,2024,Net,Actual,Jul,80776240,0.099,-3651459721,0.0024
TW,CDE,2024,Net,Actual,Jul,1938878804,24.0031,-1793357157,0.0575
TW,CDE,2024,Net,Actual,Aug,1763697430,0.9096,-573859718,0.0523
TW,CDE,2024,Net,Actual,Aug,1237211524,0.7015,-1100345624,0.0367
TW,CDE,2024,Net,Actual,Sep,474259495,0.3833,-707176317,0.0141
TW,CDE,2024,Net,Actual,Sep,1374090528,2.8973,192654716,0.0408
TW,CDE,2024,Net,Actual,Oct,1791145397,1.3035,-18665952,0.0531
TW,CDE,2024,Net,Actual,Oct,1391406296,0.7768,-418405053,0.0413
TW,CDE,2024,Net,Actual,Nov,4673821150,3.3591,-83870643,0.1387
TW,CDE,2024,Net,Actual,Nov,459081655,0.0982,-4298610138,0.0136
TW,CDE,2024,Net,Actual,Dec,690658089,1.5044,-2431901432,0.0205
TW,CDE,2024,Net,Actual,Dec,1822017480,2.6381,-1300542041,0.0541
TW,CDE,2024,Net,Budget,Jan,2416879505,,-2403963366,0.0585
TW,CDE,2024,Net,Budget,Jan,2403963366,0.9947,-2416879505,0.0582
TW,CDE,2024,Net,Budget,Feb,2167804376,0.9018,-562497620,0.0525
TW,CDE,2024,Net,Budget,Feb,562497620,0.2595,-2167804376,0.0136
TW,CDE,2024,Net,Budget,Mar,3136121159,5.5754,-3751176692,0.076
TW,CDE,2024,Net,Budget,Mar,3751176692,1.1961,-3136121159,0.0909
TW,CDE,2024,Net,Budget,Apr,1807642307,0.4819,-2229787595,0.0438
TW,CDE,2024,Net,Budget,Apr,2229787595,1.2335,-1807642307,0.054
TW,CDE,2024,Net,Budget,May,1853783213,0.8314,-868054949,0.0449
TW,CDE,2024,Net,Budget,May,868054949,0.4683,-1853783213,0.021
TW,CDE,2024,Net,Budget,Jun,1477620248,1.7022,-1669371593,0.0358
TW,CDE,2024,Net,Budget,Jun,1669371593,1.1298,-1477620248,0.0404
TW,CDE,2024,Net,Budget,Jul,1663800794,0.9967,-2068435167,0.0403
TW,CDE,2024,Net,Budget,Jul,2068435167,1.2432,-1663800794,0.0501
TW,CDE,2024,Net,Budget,Aug,1579770975,0.7638,-757786173,0.0383
TW,CDE,2024,Net,Budget,Aug,757786173,0.4797,-1579770975,0.0184
TW,CDE,2024,Net,Budget,Sep,262229166,0.346,-919206646,0.0064
TW,CDE,2024,Net,Budget,Sep,919206646,3.5054,-262229166,0.0223
TW,CDE,2024,Net,Budget,Oct,740999680,0.8061,-1068811669,0.0179
TW,CDE,2024,Net,Budget,Oct,1068811669,1.4424,-740999680,0.0259
TW,CDE,2024,Net,Budget,Nov,865077321,0.8094,-3892614472,0.021
TW,CDE,2024,Net,Budget,Nov,3892614472,4.4997,-865077321,0.0943
TW,CDE,2024,Net,Budget,Dec,1359489731,0.3492,-1763069790,0.0329
TW,CDE,2024,Net,Budget,Dec,1763069790,1.2969,-1359489731,0.0427
TW,CDE,2024,Net,Forecast,Jan,1067580579,,-3753262292,0.0348
TW,CDE,2024,Net,Forecast,Jan,167923578,0.1573,-4652919293,0.0055
TW,CDE,2024,Net,Forecast,Feb,97931400,0.5832,-2632370596,0.0032
TW,CDE,2024,Net,Forecast,Feb,158813714,1.6217,-2571488282,0.0052
TW,CDE,2024,Net,Forecast,Mar,3446381938,21.7008,-3440915913,0.1122
TW,CDE,2024,Net,Forecast,Mar,1455083760,0.4222,-5432214091,0.0474
TW,CDE,2024,Net,Forecast,Apr,1365820898,0.9387,-2671609004,0.0445
TW,CDE,2024,Net,Forecast,Apr,114580925,0.0839,-3922848977,0.0037
TW,CDE,2024,Net,Forecast,May,2181298278,19.0372,-540539884,0.071
TW,CDE,2024,Net,Forecast,May,2543126073,1.1659,-178712089,0.0828
TW,CDE,2024,Net,Forecast,Jun,438405300,0.1724,-2708586541,0.0143
TW,CDE,2024,Net,Forecast,Jun,1881395950,4.2915,-1265595891,0.0613
TW,CDE,2024,Net,Forecast,Jul,1066447892,0.5668,-2665788069,0.0347
TW,CDE,2024,Net,Forecast,Jul,293451952,0.2752,-3438784009,0.0096
TW,CDE,2024,Net,Forecast,Aug,1459231459,4.9726,-878325689,0.0475
TW,CDE,2024,Net,Forecast,Aug,1989451575,1.3634,-348105573,0.0648
TW,CDE,2024,Net,Forecast,Sep,117390106,0.059,-1064045706,0.0038
TW,CDE,2024,Net,Forecast,Sep,767888906,6.5413,-413546906,0.025
TW,CDE,2024,Net,Forecast,Oct,1352239408,1.761,-457571941,0.044
TW,CDE,2024,Net,Forecast,Oct,941969295,0.6966,-867842054,0.0307
TW,CDE,2024,Net,Forecast,Nov,832308998,0.8836,-3925382795,0.0271
TW,CDE,2024,Net,Forecast,Nov,4530975046,5.4439,-226716747,0.1475
TW,CDE,2024,Net,Forecast,Dec,1689791401,0.3729,-1432768120,0.055
TW,CDE,2024,Net,Forecast,Dec,751252586,0.4446,-2371306935,0.0245
TW,CDE,2024,Op,Actual,Jan,1574957137,,-2391313390,0.044
TW,CDE,2024,Op,Actual,Jan,1129266606,0.717,-2837003921,0.0315
TW,CDE,2024,Op,Actual,Feb,1086796104,0.9624,349827785,0.0304
TW,CDE,2024,Op,Actual,Feb,2202240627,2.0264,1465272308,0.0615
TW,CDE,2024,Op,Actual,Mar,3322875982,1.5089,-1274478129,0.0928
TW,CDE,2024,Op,Actual,Mar,149150539,0.0449,-4448203572,0.0042
TW,CDE,2024,Op,Actual,Apr,968125815,6.4909,-699625948,0.027
TW,CDE,2024,Op,Actual,Apr,1171489038,1.2101,-496262725,0.0327
TW,CDE,2024,Op,Actual,May,2711022726,2.3142,-1932850991,0.0757
TW,CDE,2024,Op,Actual,May,2146236115,0.7917,-2497637602,0.06
TW,CDE,2024,Op,Actual,Jun,525009633,0.2446,-2581442917,0.0147
TW,CDE,2024,Op,Actual,Jun,2329420013,4.4369,-777032537,0.0651
TW,CDE,2024,Op,Actual,Jul,1888211938,0.8106,93529659,0.0527
TW,CDE,2024,Op,Actual,Jul,2092197063,1.108,297514784,0.0584
TW,CDE,2024,Op,Actual,Aug,2375832289,1.1356,-987327332,0.0664
TW,CDE,2024,Op,Actual,Aug,831792280,0.3501,-2531367341,0.0232
TW,CDE,2024,Op,Actual,Sep,1069986127,1.2864,729298891,0.0299
TW,CDE,2024,Op,Actual,Sep,285778650,0.2671,-54908586,0.008
TW,CDE,2024,Op,Actual,Oct,762810488,2.6692,-1472015398,0.0213
TW,CDE,2024,Op,Actual,Oct,725824138,0.9515,-1509001748,0.0203
TW,CDE,2024,Op,Actual,Nov,676021099,0.9314,-5616728076,0.0189
TW,CDE,2024,Op,Actual,Nov,3138258241,4.6422,-3154490934,0.0877
TW,CDE,2024,Op,Actual,Dec,739631638,0.2357,-767702470,0.0207
TW,CDE,2024,Op,Actual,Dec,1896911457,2.5647,389577349,0.053
TW,CDE,2024,Op,Budget,Jan,2449029851,,-1517240676,0.0715
TW,CDE,2024,Op,Budget,Jan,1517240676,0.6195,-2449029851,0.0443
TW,CDE,2024,Op,Budget,Feb,540933664,0.3565,-196034655,0.0158
TW,CDE,2024,Op,Budget,Feb,196034655,0.3624,-540933664,0.0057
TW,CDE,2024,Op,Budget,Mar,2119201599,10.8103,-2478152512,0.0619
TW,CDE,2024,Op,Budget,Mar,2478152512,1.1694,-2119201599,0.0724
TW,CDE,2024,Op,Budget,Apr,722065487,0.2914,-945686276,0.0211
TW,CDE,2024,Op,Budget,Apr,945686276,1.3097,-722065487,0.0276
TW,CDE,2024,Op,Budget,May,2220028676,2.3475,-2423845041,0.0648
TW,CDE,2024,Op,Budget,May,2423845041,1.0918,-2220028676,0.0708
TW,CDE,2024,Op,Budget,Jun,1035338146,0.4271,-2071114404,0.0302
TW,CDE,2024,Op,Budget,Jun,2071114404,2.0004,-1035338146,0.0605
TW,CDE,2024,Op,Budget,Jul,1707273281,0.8243,-87408998,0.0498
TW,CDE,2024,Op,Budget,Jul,87408998,0.0512,-1707273281,0.0026
TW,CDE,2024,Op,Budget,Aug,633827395,7.2513,-2729332226,0.0185
TW,CDE,2024,Op,Budget,Aug,2729332226,4.3061,-633827395,0.0797
TW,CDE,2024,Op,Budget,Sep,277938649,0.1018,-62748587,0.0081
TW,CDE,2024,Op,Budget,Sep,62748587,0.2258,-277938649,0.0018
TW,CDE,2024,Op,Budget,Oct,2073533564,33.0451,-161292322,0.0605
TW,CDE,2024,Op,Budget,Oct,161292322,0.0778,-2073533564,0.0047
TW,CDE,2024,Op,Budget,Nov,2982951577,18.4941,-3309797598,0.0871
TW,CDE,2024,Op,Budget,Nov,3309797598,1.1096,-2982951577,0.0966
TW,CDE,2024,Op,Budget,Dec,846996373,0.2559,-660337735,0.0247
TW,CDE,2024,Op,Budget,Dec,660337735,0.7796,-846996373,0.0193
TW,CDE,2024,Op,Forecast,Jan,857531192,,-3108739335,0.0238
TW,CDE,2024,Op,Forecast,Jan,1512545532,1.7638,-2453724995,0.0421
TW,CDE,2024,Op,Forecast,Feb,896041883,0.5924,159073564,0.0249
TW,CDE,2024,Op,Forecast,Feb,1590002913,1.7745,853034594,0.0442
TW,CDE,2024,Op,Forecast,Mar,2448743646,1.5401,-2148610465,0.0681
TW,CDE,2024,Op,Forecast,Mar,3063491239,1.251,-1533862872,0.0852
TW,CDE,2024,Op,Forecast,Apr,2247982899,0.7338,580231136,0.0625
TW,CDE,2024,Op,Forecast,Apr,1473719898,0.6556,-194031865,0.041
TW,CDE,2024,Op,Forecast,May,2413831950,1.6379,-2230041767,0.0671
TW,CDE,2024,Op,Forecast,May,318301102,0.1319,-4325572615,0.0089
TW,CDE,2024,Op,Forecast,Jun,400587311,1.2585,-2705865239,0.0111
TW,CDE,2024,Op,Forecast,Jun,2144827669,5.3542,-961624881,0.0596
TW,CDE,2024,Op,Forecast,Jul,985573476,0.4595,-809108803,0.0274
TW,CDE,2024,Op,Forecast,Jul,340059894,0.345,-1454622385,0.0095
TW,CDE,2024,Op,Forecast,Aug,1809140767,5.3201,-1554018854,0.0503
TW,CDE,2024,Op,Forecast,Aug,1740876593,0.9623,-1622283028,0.0484
TW,CDE,2024,Op,Forecast,Sep,838056756,0.4814,497369520,0.0233
TW,CDE,2024,Op,Forecast,Sep,11935705,0.0142,-328751531,0.0003
TW,CDE,2024,Op,Forecast,Oct,2331851255,195.3677,97025369,0.0648
TW,CDE,2024,Op,Forecast,Oct,1352124887,0.5799,-882700999,0.0376
TW,CDE,2024,Op,Forecast,Nov,192191874,0.1421,-6100557301,0.0053
TW,CDE,2024,Op,Forecast,Nov,4217220415,21.9428,-2075528760,0.1173
TW,CDE,2024,Op,Forecast,Dec,1217244110,0.2886,-290089998,0.0338
TW,CDE,2024,Op,Forecast,Dec,1559814689,1.2814,52480581,0.0434
TW,CDE,2025,Gross,Actual,Jan,1103477174,,-2648737025,0.0427
TW,CDE,2025,Gross,Actual,Jan,2132290078,1.9323,-1619924121,0.0825
TW,CDE,2025,Gross,Actual,Feb,1140967257,0.5351,-1051553405,0.0441
TW,CDE,2025,Gross,Actual,Feb,1618456692,1.4185,-574063970,0.0626
TW,CDE,2025,Gross,Actual,Mar,2479689652,1.5321,1355861108,0.0959
TW,CDE,2025,Gross,Actual,Mar,1503959848,0.6065,380131304,0.0582
TW,CDE,2025,Gross,Actual,Apr,1057799528,0.7033,-2987765327,0.0409
TW,CDE,2025,Gross,Actual,Apr,1046425745,0.9892,-2999139110,0.0405
TW,CDE,2025,Gross,Actual,May,1885418393,1.8018,1415851031,0.0729
TW,CDE,2025,Gross,Actual,May,926572350,0.4914,457004988,0.0358
TW,CDE,2025,Gross,Actual,Jun,1622685051,1.7513,-1001557028,0.0628
TW,CDE,2025,Gross,Actual,Jun,430658966,0.2654,-2193583113,0.0167
TW,CDE,2025,Gross,Actual,Jul,141978531,0.3297,-2309979028,0.0055
TW,CDE,2025,Gross,Actual,Jul,1394378178,9.821,-1057579381,0.0539
TW,CDE,2025,Gross,Actual,Aug,1352833529,0.9702,-3188883173,0.0523
TW,CDE,2025,Gross,Actual,Aug,1601801137,1.184,-2939915565,0.0619
TW,CDE,2025,Gross,Actual,Sep,843823627,0.5268,-436269914,0.0326
TW,CDE,2025,Gross,Actual,Sep,400715984,0.4749,-879377557,0.0155
TW,CDE,2025,Gross,Actual,Oct,723737212,1.8061,-1324367414,0.028
TW,CDE,2025,Gross,Actual,Oct,437142402,0.604,-1610962224,0.0169
TW,CDE,2025,Gross,Actual,Nov,62014177,0.1419,-3516178754,0.0024
TW,CDE,2025,Gross,Actual,Nov,322646555,5.2028,-3255546376,0.0125
TW,CDE,2025,Gross,Actual,Dec,1065493154,3.3024,-560269147,0.0412
TW,CDE,2025,Gross,Actual,Dec,562814718,0.5282,-1062947583,0.0218
TW,CDE,2025,Gross,Budget,Jan,1585007485,,-2167206714,0.0533
TW,CDE,2025,Gross,Budget,Jan,2167206714,1.3673,-1585007485,0.0729
TW,CDE,2025,Gross,Budget,Feb,1409683064,0.6505,-782837598,0.0474
TW,CDE,2025,Gross,Budget,Feb,782837598,0.5553,-1409683064,0.0263
TW,CDE,2025,Gross,Budget,Mar,254556340,0.3252,-869272204,0.0086
TW,CDE,2025,Gross,Budget,Mar,869272204,3.4149,-254556340,0.0292
TW,CDE,2025,Gross,Budget,Apr,1800924332,2.0718,-2244640523,0.0606
TW,CDE,2025,Gross,Budget,Apr,2244640523,1.2464,-1800924332,0.0755
TW,CDE,2025,Gross,Budget,May,305041664,0.1359,-164525698,0.0103
TW,CDE,2025,Gross,Budget,May,164525698,0.5394,-305041664,0.0055
TW,CDE,2025,Gross,Budget,Jun,820390102,4.9864,-1803851977,0.0276
TW,CDE,2025,Gross,Budget,Jun,1803851977,2.1988,-820390102,0.0607
TW,CDE,2025,Gross,Budget,Jul,531643206,0.2947,-1920314353,0.0179
TW,CDE,2025,Gross,Budget,Jul,1920314353,3.612,-531643206,0.0646
TW,CDE,2025,Gross,Budget,Aug,2139891100,1.1143,-2401825602,0.072
TW,CDE,2025,Gross,Budget,Aug,2401825602,1.1224,-2139891100,0.0808
TW,CDE,2025,Gross,Budget,Sep,111038861,0.0462,-1169054680,0.0037
TW,CDE,2025,Gross,Budget,Sep,1169054680,10.5283,-111038861,0.0393
TW,CDE,2025,Gross,Budget,Oct,1102334027,0.9429,-945770599,0.0371
TW,CDE,2025,Gross,Budget,Oct,945770599,0.858,-1102334027,0.0318
TW,CDE,2025,Gross,Budget,Nov,2028567130,2.1449,-1549625801,0.0682
TW,CDE,2025,Gross,Budget,Nov,1549625801,0.7639,-2028567130,0.0521
TW,CDE,2025,Gross,Budget,Dec,1223349844,0.7894,-402412457,0.0411
TW,CDE,2025,Gross,Budget,Dec,402412457,0.3289,-1223349844,0.0135
TW,CDE,2025,Gross,Forecast,Jan,2606644183,,-1145570016,0.0895
TW,CDE,2025,Gross,Forecast,Jan,2299974917,0.8824,-1452239282,0.079
TW,CDE,2025,Gross,Forecast,Feb,990469254,0.4306,-1202051408,0.034
TW,CDE,2025,Gross,Forecast,Feb,46224707,0.0467,-2146295955,0.0016
TW,CDE,2025,Gross,Forecast,Mar,2945538302,63.7222,1821709758,0.1012
TW,CDE,2025,Gross,Forecast,Mar,274157704,0.0931,-849670840,0.0094
TW,CDE,2025,Gross,Forecast,Apr,578360309,2.1096,-3467204546,0.0199
TW,CDE,2025,Gross,Forecast,Apr,1824320279,3.1543,-2221244576,0.0627
TW,CDE,2025,Gross,Forecast,May,1402587444,0.7688,933020082,0.0482
TW,CDE,2025,Gross,Forecast,May,1701092468,1.2128,1231525106,0.0584
TW,CDE,2025,Gross,Forecast,Jun,1105936369,0.6501,-1518305710,0.038
TW,CDE,2025,Gross,Forecast,Jun,599505347,0.5421,-2024736732,0.0206
TW,CDE,2025,Gross,Forecast,Jul,1912891658,3.1908,-539065901,0.0657
TW,CDE,2025,Gross,Forecast,Jul,1109240966,0.5799,-1342716593,0.0381
TW,CDE,2025,Gross,Forecast,Aug,1033507438,0.9317,-3508209264,0.0355
TW,CDE,2025,Gross,Forecast,Aug,1249750345,1.2092,-3291966357,0.0429
TW,CDE,2025,Gross,Forecast,Sep,825884843,0.6608,-454208698,0.0284
TW,CDE,2025,Gross,Forecast,Sep,450800502,0.5458,-829293039,0.0155
TW,CDE,2025,Gross,Forecast,Oct,1925750207,4.2718,-122354419,0.0661
TW,CDE,2025,Gross,Forecast,Oct,1676218030,0.8704,-371886596,0.0576
TW,CDE,2025,Gross,Forecast,Nov,791351938,0.4721,-2786840993,0.0272
TW,CDE,2025,Gross,Forecast,Nov,1061067505,1.3408,-2517125426,0.0364
TW,CDE,2025,Gross,Forecast,Dec,376622318,0.3549,-1249139983,0.0129
TW,CDE,2025,Gross,Forecast,Dec,328010846,0.8709,-1297751455,0.0113
TW,CDE,2025,Net,Actual,Jan,419818771,,-4479911725,0.0152
TW,CDE,2025,Net,Actual,Jan,512097839,1.2198,-4387632657,0.0185
TW,CDE,2025,Net,Actual,Feb,1771239032,3.4588,-283130257,0.0639
TW,CDE,2025,Net,Actual,Feb,1072444481,0.6055,-981924808,0.0387
TW,CDE,2025,Net,Actual,Mar,1129516192,1.0532,-1125318605,0.0408
TW,CDE,2025,Net,Actual,Mar,2652218777,2.3481,397383980,0.0957
TW,CDE,2025,Net,Actual,Apr,1888338426,0.712,-59921946,0.0682
TW,CDE,2025,Net,Actual,Apr,586648210,0.3107,-1361612162,0.0212
TW,CDE,2025,Net,Actual,May,976153721,1.664,-1253116938,0.0352
TW,CDE,2025,Net,Actual,May,225392598,0.2309,-2003878061,0.0081
TW,CDE,2025,Net,Actual,Jun,1450047514,6.4334,-276139964,0.0523
TW,CDE,2025,Net,Actual,Jun,1517916574,1.0468,-208270904,0.0548
TW,CDE,2025,Net,Actual,Jul,1674162759,1.1029,-45540033,0.0604
TW,CDE,2025,Net,Actual,Jul,805245310,0.481,-914457482,0.0291
TW,CDE,2025,Net,Actual,Aug,715939091,0.8891,-560990271,0.0258
TW,CDE,2025,Net,Actual,Aug,782385623,1.0928,-494543739,0.0282
TW,CDE,2025,Net,Actual,Sep,882740885,1.1283,-1386896911,0.0319
TW,CDE,2025,Net,Actual,Sep,655179800,0.7422,-1614457996,0.0237
TW,CDE,2025,Net,Actual,Oct,1140577466,1.7409,-1463640645,0.0412
TW,CDE,2025,Net,Actual,Oct,182075548,0.1596,-2422142563,0.0066
TW,CDE,2025,Net,Actual,Nov,1707925134,9.3803,86210279,0.0617
TW,CDE,2025,Net,Actual,Nov,2986137046,1.7484,1364422191,0.1078
TW,CDE,2025,Net,Actual,Dec,1463416692,0.4901,-16807777,0.0528
TW,CDE,2025,Net,Actual,Dec,502831421,0.3436,-977393048,0.0182
TW,CDE,2025,Net,Budget,Jan,2975127475,,-1924603021,0.1141
TW,CDE,2025,Net,Budget,Jan,1924603021,0.6469,-2975127475,0.0738
TW,CDE,2025,Net,Budget,Feb,629939628,0.3273,-1424429661,0.0241
TW,CDE,2025,Net,Budget,Feb,1424429661,2.2612,-629939628,0.0546
TW,CDE,2025,Net,Budget,Mar,1582917088,1.1113,-671917709,0.0607
TW,CDE,2025,Net,Budget,Mar,671917709,0.4245,-1582917088,0.0258
TW,CDE,2025,Net,Budget,Apr,287106114,0.4273,-1661154258,0.011
TW,CDE,2025,Net,Budget,Apr,1661154258,5.7859,-287106114,0.0637
TW,CDE,2025,Net,Budget,May,946955582,0.5701,-1282315077,0.0363
TW,CDE,2025,Net,Budget,May,1282315077,1.3541,-946955582,0.0492
TW,CDE,2025,Net,Budget,Jun,1262523137,0.9846,-463664341,0.0484
TW,CDE,2025,Net,Budget,Jun,463664341,0.3673,-1262523137,0.0178
TW,CDE,2025,Net,Budget,Jul,829076034,1.7881,-890626758,0.0318
TW,CDE,2025,Net,Budget,Jul,890626758,1.0742,-829076034,0.0341
TW,CDE,2025,Net,Budget,Aug,290098652,0.3257,-986830710,0.0111
TW,CDE,2025,Net,Budget,Aug,986830710,3.4017,-290098652,0.0378
TW,CDE,2025,Net,Budget,Sep,1404132372,1.4229,-865505424,0.0538
TW,CDE,2025,Net,Budget,Sep,865505424,0.6164,-1404132372,0.0332
TW,CDE,2025,Net,Budget,Oct,1553399755,1.7948,-1050818356,0.0596
TW,CDE,2025,Net,Budget,Oct,1050818356,0.6765,-1553399755,0.0403
TW,CDE,2025,Net,Budget,Nov,922747436,0.8781,-698967419,0.0354
TW,CDE,2025,Net,Budget,Nov,698967419,0.7575,-922747436,0.0268
TW,CDE,2025,Net,Budget,Dec,268427597,0.384,-1211796872,0.0103
TW,CDE,2025,Net,Budget,Dec,1211796872,4.5144,-268427597,0.0465
TW,CDE,2025,Net,Forecast,Jan,235294725,,-4664435771,0.0072
TW,CDE,2025,Net,Forecast,Jan,218442689,0.9284,-4681287807,0.0067
TW,CDE,2025,Net,Forecast,Feb,738687312,3.3816,-1315681977,0.0225
TW,CDE,2025,Net,Forecast,Feb,1739539320,2.3549,-314829969,0.053
TW,CDE,2025,Net,Forecast,Mar,984520930,0.566,-1270313867,0.03
TW,CDE,2025,Net,Forecast,Mar,2128917062,2.1624,-125917735,0.0649
TW,CDE,2025,Net,Forecast,Apr,462514375,0.2173,-1485745997,0.0141
TW,CDE,2025,Net,Forecast,Apr,1213550257,2.6238,-734710115,0.037
TW,CDE,2025,Net,Forecast,May,1026535684,0.8459,-1202734975,0.0313
TW,CDE,2025,Net,Forecast,May,2710908162,2.6408,481637503,0.0826
TW,CDE,2025,Net,Forecast,Jun,1366465576,0.5041,-359721902,0.0416
TW,CDE,2025,Net,Forecast,Jun,2062193642,1.5091,336006164,0.0628
TW,CDE,2025,Net,Forecast,Jul,2172062914,1.0533,452360122,0.0662
TW,CDE,2025,Net,Forecast,Jul,1968789021,0.9064,249086229,0.06
TW,CDE,2025,Net,Forecast,Aug,633427569,0.3217,-643501793,0.0193
TW,CDE,2025,Net,Forecast,Aug,583960993,0.9219,-692968369,0.0178
TW,CDE,2025,Net,Forecast,Sep,301588492,0.5165,-1968049304,0.0092
TW,CDE,2025,Net,Forecast,Sep,1455155387,4.825,-814482409,0.0443
TW,CDE,2025,Net,Forecast,Oct,1407503145,0.9673,-1196714966,0.0429
TW,CDE,2025,Net,Forecast,Oct,1038317111,0.7377,-1565901000,0.0316
TW,CDE,2025,Net,Forecast,Nov,4354793153,4.1941,2733078298,0.1327
TW,CDE,2025,Net,Forecast,Nov,1969680593,0.4523,347965738,0.06
TW,CDE,2025,Net,Forecast,Dec,1521332225,0.7724,41107756,0.0463
TW,CDE,2025,Net,Forecast,Dec,532881394,0.3503,-947343075,0.0162
TW,CDE,2025,Op,Actual,Jan,2659604380,,318577773,0.086
TW,CDE,2025,Op,Actual,Jan,1019521215,0.3833,-1321505392,0.033
TW,CDE,2025,Op,Actual,Feb,482107562,0.4729,-1997790982,0.0156
TW,CDE,2025,Op,Actual,Feb,2094955213,4.3454,-384943331,0.0678
TW,CDE,2025,Op,Actual,Mar,1825146865,0.8712,-1461172039,0.059
TW,CDE,2025,Op,Actual,Mar,1744361872,0.9557,-1541957032,0.0564
TW,CDE,2025,Op,Actual,Apr,781901073,0.4482,522256287,0.0253
TW,CDE,2025,Op,Actual,Apr,264460965,0.3382,4816179,0.0086
TW,CDE,2025,Op,Actual,May,1777799583,6.7224,-2140807130,0.0575
TW,CDE,2025,Op,Actual,May,2521288928,1.4182,-1397317785,0.0816
TW,CDE,2025,Op,Actual,Jun,652107331,0.2586,-349062826,0.0211
TW,CDE,2025,Op,Actual,Jun,263546345,0.4041,-737623812,0.0085
TW,CDE,2025,Op,Actual,Jul,821393591,3.1167,-396112362,0.0266
TW,CDE,2025,Op,Actual,Jul,1903815651,2.3178,686309698,0.0616
TW,CDE,2025,Op,Actual,Aug,1176484483,0.618,-1477594573,0.0381
TW,CDE,2025,Op,Actual,Aug,1861785223,1.5825,-792293833,0.0602
TW,CDE,2025,Op,Actual,Sep,544728547,0.2926,-262575403,0.0176
TW,CDE,2025,Op,Actual,Sep,1553454065,2.8518,746150115,0.0503
TW,CDE,2025,Op,Actual,Oct,2147359799,1.3823,-503133433,0.0695
TW,CDE,2025,Op,Actual,Oct,391940315,0.1825,-2258552917,0.0127
TW,CDE,2025,Op,Actual,Nov,1542111138,3.9346,-6494581429,0.0499
TW,CDE,2025,Op,Actual,Nov,608937752,0.3949,-7427754815,0.0197
TW,CDE,2025,Op,Actual,Dec,839112403,1.378,-1095389543,0.0271
TW,CDE,2025,Op,Actual,Dec,1435735537,1.711,-498766409,0.0464
TW,CDE,2025,Op,Budget,Jan,872725816,,-1468300791,0.0285
TW,CDE,2025,Op,Budget,Jan,1468300791,1.6824,-872725816,0.048
TW,CDE,2025,Op,Budget,Feb,2159327400,1.4706,-320571144,0.0706
TW,CDE,2025,Op,Budget,Feb,320571144,0.1485,-2159327400,0.0105
TW,CDE,2025,Op,Budget,Mar,783769461,2.4449,-2502549443,0.0256
TW,CDE,2025,Op,Budget,Mar,2502549443,3.193,-783769461,0.0818
TW,CDE,2025,Op,Budget,Apr,86017812,0.0344,-173626974,0.0028
TW,CDE,2025,Op,Budget,Apr,173626974,2.0185,-86017812,0.0057
TW,CDE,2025,Op,Budget,May,1780435886,10.2544,-2138170827,0.0582
TW,CDE,2025,Op,Budget,May,2138170827,1.2009,-1780435886,0.0699
TW,CDE,2025,Op,Budget,Jun,36619433,0.0171,-964550724,0.0012
TW,CDE,2025,Op,Budget,Jun,964550724,26.3399,-36619433,0.0315
TW,CDE,2025,Op,Budget,Jul,982710592,1.0188,-234795361,0.0321
TW,CDE,2025,Op,Budget,Jul,234795361,0.2389,-982710592,0.0077
TW,CDE,2025,Op,Budget,Aug,356964354,1.5203,-2297114702,0.0117
TW,CDE,2025,Op,Budget,Aug,2297114702,6.4351,-356964354,0.0751
TW,CDE,2025,Op,Budget,Sep,107885201,0.047,-699418749,0.0035
TW,CDE,2025,Op,Budget,Sep,699418749,6.483,-107885201,0.0229
TW,CDE,2025,Op,Budget,Oct,414296439,0.5923,-2236196793,0.0135
TW,CDE,2025,Op,Budget,Oct,2236196793,5.3976,-414296439,0.0731
TW,CDE,2025,Op,Budget,Nov,4453587347,1.9916,-3583105220,0.1456
TW,CDE,2025,Op,Budget,Nov,3583105220,0.8045,-4453587347,0.1171
TW,CDE,2025,Op,Budget,Dec,1224203653,0.3417,-710298293,0.04
TW,CDE,2025,Op,Budget,Dec,710298293,0.5802,-1224203653,0.0232
TW,CDE,2025,Op,Forecast,Jan,2282232432,,-58794175,0.0879
TW,CDE,2025,Op,Forecast,Jan,720715726,0.3158,-1620310881,0.0277
TW,CDE,2025,Op,Forecast,Feb,1538903561,2.1352,-940994983,0.0592
TW,CDE,2025,Op,Forecast,Feb,526207490,0.3419,-1953691054,0.0203
TW,CDE,2025,Op,Forecast,Mar,1072388974,2.038,-2213929930,0.0413
TW,CDE,2025,Op,Forecast,Mar,848412954,0.7911,-2437905950,0.0327
TW,CDE,2025,Op,Forecast,Apr,1152541221,1.3585,892896435,0.0444
TW,CDE,2025,Op,Forecast,Apr,1559978318,1.3535,1300333532,0.0601
TW,CDE,2025,Op,Forecast,May,56217354,0.036,-3862389359,0.0022
TW,CDE,2025,Op,Forecast,May,739263730,13.1501,-3179342983,0.0285
TW,CDE,2025,Op,Forecast,Jun,281564866,0.3809,-719605291,0.0108
TW,CDE,2025,Op,Forecast,Jun,1869401403,6.6393,868231246,0.072
TW,CDE,2025,Op,Forecast,Jul,536188541,0.2868,-681317412,0.0206
TW,CDE,2025,Op,Forecast,Jul,957210237,1.7852,-260295716,0.0368
TW,CDE,2025,Op,Forecast,Aug,2039351789,2.1305,-614727267,0.0785
TW,CDE,2025,Op,Forecast,Aug,2432532836,1.1928,-221546220,0.0936
TW,CDE,2025,Op,Forecast,Sep,148280477,0.061,-659023473,0.0057
TW,CDE,2025,Op,Forecast,Sep,1239061685,8.3562,431757735,0.0477
TW,CDE,2025,Op,Forecast,Oct,778695765,0.6285,-1871797467,0.03
TW,CDE,2025,Op,Forecast,Oct,881504113,1.132,-1768989119,0.0339
TW,CDE,2025,Op,Forecast,Nov,2912538219,3.3041,-5124154348,0.1121
TW,CDE,2025,Op,Forecast,Nov,42426882,0.0146,-7994265685,0.0016
TW,CDE,2025,Op,Forecast,Dec,26451842,0.6235,-1908050104,0.001
TW,CDE,2025,Op,Forecast,Dec,1334001420,50.4313,-600500526,0.0514
TW,PJ,2024,Gross,Actual,Jan,2143331888,,-4444142,0.0604
TW,PJ,2024,Gross,Actual,Jan,2444182997,1.1404,296406967,0.0689
TW,PJ,2024,Gross,Actual,Feb,1806699311,0.7392,-902073315,0.0509
TW,PJ,2024,Gross,Actual,Feb,2238315795,1.2389,-470456831,0.0631
TW,PJ,2024,Gross,Actual,Mar,3442753925,1.5381,914649081,0.097
TW,PJ,2024,Gross,Actual,Mar,1334611676,0.3877,-1193493168,0.0376
TW,PJ,2024,Gross,Actual,Apr,455911405,0.3416,-455129301,0.0128
TW,PJ,2024,Gross,Actual,Apr,815844929,1.7895,-95195777,0.023
TW,PJ,2024,Gross,Actual,May,1543189643,1.8915,-819131481,0.0435
TW,PJ,2024,Gross,Actual,May,671819119,0.4353,-1690502005,0.0189
TW,PJ,2024,Gross,Actual,Jun,1137668088,1.6934,-1115667975,0.0321
TW,PJ,2024,Gross,Actual,Jun,2245217833,1.9735,-8118230,0.0633
TW,PJ,2024,Gross,Actual,Jul,245274576,0.1092,-635064417,0.0069
TW,PJ,2024,Gross,Actual,Jul,549442904,2.2401,-330896089,0.0155
TW,PJ,2024,Gross,Actual,Aug,1787701612,3.2537,-1591889407,0.0504
TW,PJ,2024,Gross,Actual,Aug,2662440157,1.4893,-717150862,0.075
TW,PJ,2024,Gross,Actual,Sep,1059447555,0.3979,-1525968776,0.0299
TW,PJ,2024,Gross,Actual,Sep,38836650,0.0367,-2546579681,0.0011
TW,PJ,2024,Gross,Actual,Oct,1258234476,32.3981,-517575219,0.0355
TW,PJ,2024,Gross,Actual,Oct,2002987081,1.5919,227177386,0.0564
TW,PJ,2024,Gross,Actual,Nov,1241699581,0.6199,-399513560,0.035
TW,PJ,2024,Gross,Actual,Nov,2264309728,1.8236,623096587,0.0638
TW,PJ,2024,Gross,Actual,Dec,1127655498,0.498,-2609475835,0.0318
TW,PJ,2024,Gross,Actual,Dec,971666705,0.8617,-2765464628,0.0274
TW,PJ,2024,Gross,Budget,Jan,1110246339,,-1037529691,0.0413
TW,PJ,2024,Gross,Budget,Jan,1037529691,0.9345,-1110246339,0.0386
TW,PJ,2024,Gross,Budget,Feb,824475178,0.7947,-1884297448,0.0306
TW,PJ,2024,Gross,Budget,Feb,1884297448,2.2855,-824475178,0.07
TW,PJ,2024,Gross,Budget,Mar,1408954952,0.7477,-1119149892,0.0524
TW,PJ,2024,Gross,Budget,Mar,1119149892,0.7943,-1408954952,0.0416
TW,PJ,2024,Gross,Budget,Apr,23653185,0.0211,-887387521,0.0009
TW,PJ,2024,Gross,Budget,Apr,887387521,37.5166,-23653185,0.033
TW,PJ,2024,Gross,Budget,May,1266450944,1.4272,-1095870180,0.0471
TW,PJ,2024,Gross,Budget,May,1095870180,0.8653,-1266450944,0.0407
TW,PJ,2024,Gross,Budget,Jun,480665324,0.4386,-1772670739,0.0179
TW,PJ,2024,Gross,Budget,Jun,1772670739,3.688,-480665324,0.0659
TW,PJ,2024,Gross,Budget,Jul,452005376,0.255,-428333617,0.0168
TW,PJ,2024,Gross,Budget,Jul,428333617,0.9476,-452005376,0.0159
TW,PJ,2024,Gross,Budget,Aug,1849378973,4.3176,-1530212046,0.0687
TW,PJ,2024,Gross,Budget,Aug,1530212046,0.8274,-1849378973,0.0569
TW,PJ,2024,Gross,Budget,Sep,1160542232,0.7584,-1424874099,0.0431
TW,PJ,2024,Gross,Budget,Sep,1424874099,1.2278,-1160542232,0.0529
TW,PJ,2024,Gross,Budget,Oct,572204179,0.4016,-1203605516,0.0213
TW,PJ,2024,Gross,Budget,Oct,1203605516,2.1035,-572204179,0.0447
TW,PJ,2024,Gross,Budget,Nov,1357148956,1.1276,-284064185,0.0504
TW,PJ,2024,Gross,Budget,Nov,284064185,0.2093,-1357148956,0.0106
TW,PJ,2024,Gross,Budget,Dec,1737365466,6.1161,-1999765867,0.0646
TW,PJ,2024,Gross,Budget,Dec,1999765867,1.151,-1737365466,0.0743
TW,PJ,2024,Gross,Forecast,Jan,2445517824,,297741794,0.0779
TW,PJ,2024,Gross,Forecast,Jan,719861847,0.2944,-1427914183,0.0229
TW,PJ,2024,Gross,Forecast,Feb,1355590970,1.8831,-1353181656,0.0432
TW,PJ,2024,Gross,Forecast,Feb,1614780393,1.1912,-1093992233,0.0515
TW,PJ,2024,Gross,Forecast,Mar,1605734910,0.9944,-922369934,0.0512
TW,PJ,2024,Gross,Forecast,Mar,2288792264,1.4254,-239312580,0.0729
TW,PJ,2024,Gross,Forecast,Apr,879943679,0.3845,-31097027,0.028
TW,PJ,2024,Gross,Forecast,Apr,71092441,0.0808,-839948265,0.0023
TW,PJ,2024,Gross,Forecast,May,1280900742,18.0174,-1081420382,0.0408
TW,PJ,2024,Gross,Forecast,May,1751184655,1.3672,-611136469,0.0558
TW,PJ,2024,Gross,Forecast,Jun,188846188,0.1078,-2064489875,0.006
TW,PJ,2024,Gross,Forecast,Jun,1108265244,5.8686,-1145070819,0.0353
TW,PJ,2024,Gross,Forecast,Jul,1460927917,1.3182,580588924,0.0466
TW,PJ,2024,Gross,Forecast,Jul,2179452986,1.4918,1299113993,0.0695
TW,PJ,2024,Gross,Forecast,Aug,1506817175,0.6914,-1872773844,0.048
TW,PJ,2024,Gross,Forecast,Aug,33097088,0.022,-3346493931,0.0011
TW,PJ,2024,Gross,Forecast,Sep,981174378,29.6453,-1604241953,0.0313
TW,PJ,2024,Gross,Forecast,Sep,1081009790,1.1018,-1504406541,0.0344
TW,PJ,2024,Gross,Forecast,Oct,1568715006,1.4512,-207094689,0.05
TW,PJ,2024,Gross,Forecast,Oct,1008989675,0.6432,-766820020,0.0322
TW,PJ,2024,Gross,Forecast,Nov,696851240,0.6906,-944361901,0.0222
TW,PJ,2024,Gross,Forecast,Nov,1991858396,2.8584,350645255,0.0635
TW,PJ,2024,Gross,Forecast,Dec,1671944034,0.8394,-2065187299,0.0533
TW,PJ,2024,Gross,Forecast,Dec,1888353328,1.1294,-1848778005,0.0602
TW,PJ,2024,Net,Actual,Jan,273526334,,-3215446691,0.0088
TW,PJ,2024,Net,Actual,Jan,2992758977,10.9414,-496214048,0.0968
TW,PJ,2024,Net,Actual,Feb,1006818209,0.3364,433747515,0.0326
TW,PJ,2024,Net,Actual,Feb,1944122149,1.931,1371051455,0.0629
TW,PJ,2024,Net,Actual,Mar,1833066454,0.9429,-2287454692,0.0593
TW,PJ,2024,Net,Actual,Mar,367424557,0.2004,-3753096589,0.0119
TW,PJ,2024,Net,Actual,Apr,1222937027,3.3284,-115775279,0.0395
TW,PJ,2024,Net,Actual,Apr,1079001633,0.8823,-259710673,0.0349
TW,PJ,2024,Net,Actual,May,37546936,0.0348,-2575422599,0.0012
TW,PJ,2024,Net,Actual,May,1663707039,44.3101,-949262496,0.0538
TW,PJ,2024,Net,Actual,Jun,978528806,0.5882,-3831198865,0.0316
TW,PJ,2024,Net,Actual,Jun,1981016381,2.0245,-2828711290,0.0641
TW,PJ,2024,Net,Actual,Jul,2101032766,1.0606,1970367248,0.0679
TW,PJ,2024,Net,Actual,Jul,1631392861,0.7765,1500727343,0.0527
TW,PJ,2024,Net,Actual,Aug,513959360,0.315,-1176594491,0.0166
TW,PJ,2024,Net,Actual,Aug,1866532791,3.6317,175978940,0.0604
TW,PJ,2024,Net,Actual,Sep,30120338,0.0161,-1493796170,0.001
TW,PJ,2024,Net,Actual,Sep,465592869,15.4578,-1058323639,0.0151
TW,PJ,2024,Net,Actual,Oct,2320806358,4.9846,-1623518542,0.075
TW,PJ,2024,Net,Actual,Oct,2226751714,0.9595,-1717573186,0.072
TW,PJ,2024,Net,Actual,Nov,629795431,0.2828,-5753546985,0.0204
TW,PJ,2024,Net,Actual,Nov,3567845678,5.6651,-2815496738,0.1154
TW,PJ,2024,Net,Actual,Dec,143080699,0.0401,-1937780451,0.0046
TW,PJ,2024,Net,Actual,Dec,50280833,0.3514,-2030580317,0.0016
TW,PJ,2024,Net,Budget,Jan,2985488217,,-503484808,0.0913
TW,PJ,2024,Net,Budget,Jan,503484808,0.1686,-2985488217,0.0154
TW,PJ,2024,Net,Budget,Feb,513053000,1.019,-60017694,0.0157
TW,PJ,2024,Net,Budget,Feb,60017694,0.117,-513053000,0.0018
TW,PJ,2024,Net,Budget,Mar,2137572228,35.6157,-1982948918,0.0654
TW,PJ,2024,Net,Budget,Mar,1982948918,0.9277,-2137572228,0.0606
TW,PJ,2024,Net,Budget,Apr,1025659140,0.5172,-313053166,0.0314
TW,PJ,2024,Net,Budget,Apr,313053166,0.3052,-1025659140,0.0096
TW,PJ,2024,Net,Budget,May,2196958727,7.0178,-416010808,0.0672
TW,PJ,2024,Net,Budget,May,416010808,0.1894,-2196958727,0.0127
TW,PJ,2024,Net,Budget,Jun,2294283696,5.515,-2515443975,0.0702
TW,PJ,2024,Net,Budget,Jun,2515443975,1.0964,-2294283696,0.0769
TW,PJ,2024,Net,Budget,Jul,13245404,0.0053,-117420114,0.0004
TW,PJ,2024,Net,Budget,Jul,117420114,8.865,-13245404,0.0036
TW,PJ,2024,Net,Budget,Aug,92853420,0.7908,-1597700431,0.0028
TW,PJ,2024,Net,Budget,Aug,1597700431,17.2067,-92853420,0.0489
TW,PJ,2024,Net,Budget,Sep,1339685860,0.8385,-184230648,0.041
TW,PJ,2024,Net,Budget,Sep,184230648,0.1375,-1339685860,0.0056
TW,PJ,2024,Net,Budget,Oct,2096353260,11.379,-1847971640,0.0641
TW,PJ,2024,Net,Budget,Oct,1847971640,0.8815,-2096353260,0.0565
TW,PJ,2024,Net,Budget,Nov,2838883536,1.5362,-3544458880,0.0868
TW,PJ,2024,Net,Budget,Nov,3544458880,1.2485,-2838883536,0.1084
TW,PJ,2024,Net,Budget,Dec,546246478,0.1541,-1534614672,0.0167
TW,PJ,2024,Net,Budget,Dec,1534614672,2.8094,-546246478,0.0469
TW,PJ,2024,Net,Forecast,Jan,2568726480,,-920246545,0.0735
TW,PJ,2024,Net,Forecast,Jan,139068724,0.0541,-3349904301,0.004
TW,PJ,2024,Net,Forecast,Feb,1822395907,13.1043,1249325213,0.0522
TW,PJ,2024,Net,Forecast,Feb,1290441045,0.7081,717370351,0.0369
TW,PJ,2024,Net,Forecast,Mar,3746446615,2.9032,-374074531,0.1073
TW,PJ,2024,Net,Forecast,Mar,455931769,0.1217,-3664589377,0.0131
TW,PJ,2024,Net,Forecast,Apr,1164978706,2.5552,-173733600,0.0334
TW,PJ,2024,Net,Forecast,Apr,1109226957,0.9521,-229485349,0.0318
TW,PJ,2024,Net,Forecast,May,31649914,0.0285,-2581319621,0.0009
TW,PJ,2024,Net,Forecast,May,2550641994,80.5892,-62327541,0.073
TW,PJ,2024,Net,Forecast,Jun,541038786,0.2121,-4268688885,0.0155
TW,PJ,2024,Net,Forecast,Jun,1110100655,2.0518,-3699627016,0.0318
TW,PJ,2024,Net,Forecast,Jul,1265775073,1.1402,1135109555,0.0362
TW,PJ,2024,Net,Forecast,Jul,1464373890,1.1569,1333708372,0.0419
TW,PJ,2024,Net,Forecast,Aug,1724666333,1.1777,34112482,0.0494
TW,PJ,2024,Net,Forecast,Aug,1812022576,1.0507,121468725,0.0519
TW,PJ,2024,Net,Forecast,Sep,936373507,0.5168,-587543001,0.0268
TW,PJ,2024,Net,Forecast,Sep,515228236,0.5502,-1008688272,0.0148
TW,PJ,2024,Net,Forecast,Oct,593188794,1.1513,-3351136106,0.017
TW,PJ,2024,Net,Forecast,Oct,2424345193,4.087,-1519979707,0.0694
TW,PJ,2024,Net,Forecast,Nov,1204959049,0.497,-5178383367,0.0345
TW,PJ,2024,Net,Forecast,Nov,4013664281,3.331,-2369678135,0.1149
TW,PJ,2024,Net,Forecast,Dec,1287189605,0.3207,-793671545,0.0369
TW,PJ,2024,Net,Forecast,Dec,1153006244,0.8958,-927854906,0.033
TW,PJ,2024,Op,Actual,Jan,722665506,,-2019772914,0.0199
TW,PJ,2024,Op,Actual,Jan,452405393,0.626,-2290033027,0.0124
TW,PJ,2024,Op,Actual,Feb,153020470,0.3382,-673411426,0.0042
TW,PJ,2024,Op,Actual,Feb,1086725299,7.1018,260293403,0.0299
TW,PJ,2024,Op,Actual,Mar,1213528331,1.1167,-3605143142,0.0334
TW,PJ,2024,Op,Actual,Mar,1613709289,1.3298,-3204962184,0.0444
TW,PJ,2024,Op,Actual,Apr,272413447,0.1688,-2076245005,0.0075
TW,PJ,2024,Op,Actual,Apr,1731475597,6.3561,-617182855,0.0476
TW,PJ,2024,Op,Actual,May,2682235355,1.5491,140012660,0.0738
TW,PJ,2024,Op,Actual,May,2233468234,0.8327,-308754461,0.0614
TW,PJ,2024,Op,Actual,Jun,1342830548,0.6012,434580459,0.0369
TW,PJ,2024,Op,Actual,Jun,1290428349,0.961,382178260,0.0355
TW,PJ,2024,Op,Actual,Jul,1697000822,1.3151,-1462248656,0.0467
TW,PJ,2024,Op,Actual,Jul,1440422350,0.8488,-1718827128,0.0396
TW,PJ,2024,Op,Actual,Aug,2539063332,1.7627,-180920866,0.0699
TW,PJ,2024,Op,Actual,Aug,1950843232,0.7683,-769140966,0.0537
TW,PJ,2024,Op,Actual,Sep,1343437605,0.6886,-391866214,0.037
TW,PJ,2024,Op,Actual,Sep,341144939,0.2539,-1394158880,0.0094
TW,PJ,2024,Op,Actual,Oct,971703268,2.8484,-2750603880,0.0267
TW,PJ,2024,Op,Actual,Oct,1615500333,1.6625,-2106806815,0.0444
TW,PJ,2024,Op,Actual,Nov,3254947316,2.0148,573696813,0.0895
TW,PJ,2024,Op,Actual,Nov,4337711397,1.3327,1656460894,0.1193
TW,PJ,2024,Op,Actual,Dec,1016801596,0.2344,675477712,0.028
TW,PJ,2024,Op,Actual,Dec,1045978960,1.0287,704655076,0.0288
TW,PJ,2024,Op,Budget,Jan,2716414677,,-26023743,0.0952
TW,PJ,2024,Op,Budget,Jan,26023743,0.0096,-2716414677,0.0009
TW,PJ,2024,Op,Budget,Feb,723108903,27.7865,-103322993,0.0253
TW,PJ,2024,Op,Budget,Feb,103322993,0.1429,-723108903,0.0036
TW,PJ,2024,Op,Budget,Mar,1440119665,13.938,-3378551808,0.0504
TW,PJ,2024,Op,Budget,Mar,3378551808,2.346,-1440119665,0.1184
TW,PJ,2024,Op,Budget,Apr,1468134974,0.4345,-880523478,0.0514
TW,PJ,2024,Op,Budget,Apr,880523478,0.5998,-1468134974,0.0308
TW,PJ,2024,Op,Budget,May,1765125269,2.0046,-777097426,0.0618
TW,PJ,2024,Op,Budget,May,777097426,0.4403,-1765125269,0.0272
TW,PJ,2024,Op,Budget,Jun,424406576,0.5461,-483843513,0.0149
TW,PJ,2024,Op,Budget,Jun,483843513,1.14,-424406576,0.0169
TW,PJ,2024,Op,Budget,Jul,1014144522,2.096,-2145104956,0.0355
TW,PJ,2024,Op,Budget,Jul,2145104956,2.1152,-1014144522,0.0751
TW,PJ,2024,Op,Budget,Aug,1032706403,0.4814,-1687277795,0.0362
TW,PJ,2024,Op,Budget,Aug,1687277795,1.6338,-1032706403,0.0591
TW,PJ,2024,Op,Budget,Sep,1117538505,0.6623,-617765314,0.0391
TW,PJ,2024,Op,Budget,Sep,617765314,0.5528,-1117538505,0.0216
TW,PJ,2024,Op,Budget,Oct,1572555880,2.5456,-2149751268,0.0551
TW,PJ,2024,Op,Budget,Oct,2149751268,1.367,-1572555880,0.0753
TW,PJ,2024,Op,Budget,Nov,1812390260,0.8431,-868860243,0.0635
TW,PJ,2024,Op,Budget,Nov,868860243,0.4794,-1812390260,0.0304
TW,PJ,2024,Op,Budget,Dec,300995029,0.3464,-40328855,0.0105
TW,PJ,2024,Op,Budget,Dec,40328855,0.134,-300995029,0.0014
TW,PJ,2024,Op,Forecast,Jan,2537808645,,-204629775,0.0733
TW,PJ,2024,Op,Forecast,Jan,2157955879,0.8503,-584482541,0.0623
TW,PJ,2024,Op,Forecast,Feb,1844403101,0.8547,1017971205,0.0533
TW,PJ,2024,Op,Forecast,Feb,1483630321,0.8044,657198425,0.0429
TW,PJ,2024,Op,Forecast,Mar,3538855789,2.3853,-1279815684,0.1022
TW,PJ,2024,Op,Forecast,Mar,1547553294,0.4373,-3271118179,0.0447
TW,PJ,2024,Op,Forecast,Apr,891172747,0.5759,-1457485705,0.0257
TW,PJ,2024,Op,Forecast,Apr,580857753,0.6518,-1767800699,0.0168
TW,PJ,2024,Op,Forecast,May,2285458089,3.9346,-256764606,0.066
TW,PJ,2024,Op,Forecast,May,2318688572,1.0145,-223534123,0.067
TW,PJ,2024,Op,Forecast,Jun,1179219732,0.5086,270969643,0.0341
TW,PJ,2024,Op,Forecast,Jun,883630057,0.7493,-24620032,0.0255
TW,PJ,2024,Op,Forecast,Jul,481095585,0.5445,-2678153893,0.0139
TW,PJ,2024,Op,Forecast,Jul,2065355354,4.293,-1093894124,0.0597
TW,PJ,2024,Op,Forecast,Aug,217695875,0.1054,-2502288323,0.0063
TW,PJ,2024,Op,Forecast,Aug,1062933995,4.8827,-1657050203,0.0307
TW,PJ,2024,Op,Forecast,Sep,46490322,0.0437,-1688813497,0.0013
TW,PJ,2024,Op,Forecast,Sep,1511484604,32.5118,-223819215,0.0437
TW,PJ,2024,Op,Forecast,Oct,580728474,0.3842,-3141578674,0.0168
TW,PJ,2024,Op,Forecast,Oct,1267985123,2.1834,-2454322025,0.0366
TW,PJ,2024,Op,Forecast,Nov,2030379364,1.6013,-650871139,0.0587
TW,PJ,2024,Op,Forecast,Nov,1644715142,0.8101,-1036535361,0.0475
TW,PJ,2024,Op,Forecast,Dec,926436390,0.5633,585112506,0.0268
TW,PJ,2024,Op,Forecast,Dec,1530921313,1.6525,1189597429,0.0442
TW,PJ,2025,Gross,Actual,Jan,2017090000,,-965053879,0.0505
TW,PJ,2025,Gross,Actual,Jan,2017090000,1.0,-965053879,0.0505
TW,PJ,2025,Gross,Actual,Feb,1495300000,0.7413,-630993626,0.0374
TW,PJ,2025,Gross,Actual,Feb,1495300000,1.0,-630993626,0.0374
TW,PJ,2025,Gross,Actual,Mar,2503970000,1.6746,-3244208613,0.0626
TW,PJ,2025,Gross,Actual,Mar,2503970000,1.0,-3244208613,0.0626
TW,PJ,2025,Gross,Actual,Apr,1522730000,0.6081,-1395919608,0.0381
TW,PJ,2025,Gross,Actual,Apr,1522730000,1.0,-1395919608,0.0381
TW,PJ,2025,Gross,Actual,May,1817100000,1.1933,471851756,0.0455
TW,PJ,2025,Gross,Actual,May,1817100000,1.0,471851756,0.0455
TW,PJ,2025,Gross,Actual,Jun,1691000000,0.9306,-1783832431,0.0423
TW,PJ,2025,Gross,Actual,Jun,1691000000,1.0,-1783832431,0.0423
TW,PJ,2025,Gross,Actual,Jul,1476525500,0.8732,-247790535,0.0369
TW,PJ,2025,Gross,Actual,Jul,1476525500,1.0,-247790535,0.0369
TW,PJ,2025,Gross,Actual,Aug,1830047500,1.2394,1052769318,0.0458
TW,PJ,2025,Gross,Actual,Aug,1830047500,1.0,1052769318,0.0458
TW,PJ,2025,Gross,Actual,Sep,1043159000,0.57,993526626,0.0261
TW,PJ,2025,Gross,Actual,Sep,1043159000,1.0,993526626,0.0261
TW,PJ,2025,Gross,Actual,Oct,1640910000,1.573,1040300918,0.041
TW,PJ,2025,Gross,Actual,Oct,1640910000,1.0,1040300918,0.041
TW,PJ,2025,Gross,Actual,Nov,1548633500,0.9438,-964914029,0.0387
TW,PJ,2025,Gross,Actual,Nov,1548633500,1.0,-964914029,0.0387
TW,PJ,2025,Gross,Actual,Dec,1400603700,0.9044,-1019320006,0.035
TW,PJ,2025,Gross,Actual,Dec,1400603700,1.0,-1019320006,0.035
TW,PJ,2025,Gross,Budget,Jan,323450094,,-2658693785,0.0121
TW,PJ,2025,Gross,Budget,Jan,2658693785,8.2198,-323450094,0.0996
TW,PJ,2025,Gross,Budget,Feb,1846446543,0.6945,-279847083,0.0692
TW,PJ,2025,Gross,Budget,Feb,279847083,0.1516,-1846446543,0.0105
TW,PJ,2025,Gross,Budget,Mar,2071211688,7.4012,-3676966925,0.0776
TW,PJ,2025,Gross,Budget,Mar,3676966925,1.7753,-2071211688,0.1378
TW,PJ,2025,Gross,Budget,Apr,1918892333,0.5219,-999757275,0.0719
TW,PJ,2025,Gross,Budget,Apr,999757275,0.521,-1918892333,0.0375
TW,PJ,2025,Gross,Budget,May,424275263,0.4244,-920972981,0.0159
TW,PJ,2025,Gross,Budget,May,920972981,2.1707,-424275263,0.0345
TW,PJ,2025,Gross,Budget,Jun,1691045487,1.8362,-1783786944,0.0634
TW,PJ,2025,Gross,Budget,Jun,1783786944,1.0548,-1691045487,0.0669
TW,PJ,2025,Gross,Budget,Jul,1018706465,0.5711,-705609570,0.0382
TW,PJ,2025,Gross,Budget,Jul,705609570,0.6927,-1018706465,0.0264
TW,PJ,2025,Gross,Budget,Aug,343730642,0.4871,-433547540,0.0129
TW,PJ,2025,Gross,Budget,Aug,433547540,1.2613,-343730642,0.0162
TW,PJ,2025,Gross,Budget,Sep,15694550,0.0362,-33937824,0.0006
TW,PJ,2025,Gross,Budget,Sep,33937824,2.1624,-15694550,0.0013
TW,PJ,2025,Gross,Budget,Oct,111239377,3.2777,-489369705,0.0042
TW,PJ,2025,Gross,Budget,Oct,489369705,4.3992,-111239377,0.0183
TW,PJ,2025,Gross,Budget,Nov,2307130926,4.7145,-206416603,0.0865
TW,PJ,2025,Gross,Budget,Nov,206416603,0.0895,-2307130926,0.0077
TW,PJ,2025,Gross,Budget,Dec,1283486102,6.2179,-1136437604,0.0481
TW,PJ,2025,Gross,Budget,Dec,1136437604,0.8854,-1283486102,0.0426
TW,PJ,2025,Gross,Forecast,Jan,2620956336,,-361187543,0.0858
TW,PJ,2025,Gross,Forecast,Jan,1025277589,0.3912,-1956866290,0.0336
TW,PJ,2025,Gross,Forecast,Feb,745369897,0.727,-1380923729,0.0244
TW,PJ,2025,Gross,Forecast,Feb,525704378,0.7053,-1600589248,0.0172
TW,PJ,2025,Gross,Forecast,Mar,716343325,1.3626,-5031835288,0.0234
TW,PJ,2025,Gross,Forecast,Mar,2734142345,3.8168,-3014036268,0.0895
TW,PJ,2025,Gross,Forecast,Apr,552762934,0.2022,-2365886674,0.0181
TW,PJ,2025,Gross,Forecast,Apr,57299082,0.1037,-2861350526,0.0019
TW,PJ,2025,Gross,Forecast,May,1904638611,33.2403,559390367,0.0623
TW,PJ,2025,Gross,Forecast,May,2139611571,1.1234,794363327,0.07
TW,PJ,2025,Gross,Forecast,Jun,1658033579,0.7749,-1816798852,0.0543
TW,PJ,2025,Gross,Forecast,Jun,310575205,0.1873,-3164257226,0.0102
TW,PJ,2025,Gross,Forecast,Jul,1612658403,5.1925,-111657632,0.0528
TW,PJ,2025,Gross,Forecast,Jul,691501977,0.4288,-1032814058,0.0226
TW,PJ,2025,Gross,Forecast,Aug,2353358982,3.4033,1576080800,0.077
TW,PJ,2025,Gross,Forecast,Aug,2317858546,0.9849,1540580364,0.0759
TW,PJ,2025,Gross,Forecast,Sep,906813743,0.3912,857181369,0.0297
TW,PJ,2025,Gross,Forecast,Sep,1102476539,1.2158,1052844165,0.0361
TW,PJ,2025,Gross,Forecast,Oct,1818844315,1.6498,1218235233,0.0595
TW,PJ,2025,Gross,Forecast,Oct,243765982,0.134,-356843100,0.008
TW,PJ,2025,Gross,Forecast,Nov,520038459,2.1334,-1993509070,0.017
TW,PJ,2025,Gross,Forecast,Nov,2179434004,4.1909,-334113525,0.0713
TW,PJ,2025,Gross,Forecast,Dec,1777397213,0.8155,-642526493,0.0582
TW,PJ,2025,Gross,Forecast,Dec,40509403,0.0228,-2379414303,0.0013
TW,PJ,2025,Net,Actual,Jan,2004980000,,-1580947173,0.0464
TW,PJ,2025,Net,Actual,Jan,2004980000,1.0,-1580947173,0.0464
TW,PJ,2025,Net,Actual,Feb,1486330000,0.7413,-1821710984,0.0344
TW,PJ,2025,Net,Actual,Feb,1486330000,1.0,-1821710984,0.0344
TW,PJ,2025,Net,Actual,Mar,2524960000,1.6988,-87112468,0.0585
TW,PJ,2025,Net,Actual,Mar,2524960000,1.0,-87112468,0.0585
TW,PJ,2025,Net,Actual,Apr,1522730000,0.6031,-772051568,0.0353
TW,PJ,2025,Net,Actual,Apr,1522730000,1.0,-772051568,0.0353
TW,PJ,2025,Net,Actual,May,1817100000,1.1933,308165195,0.0421
TW,PJ,2025,Net,Actual,May,1817100000,1.0,308165195,0.0421
TW,PJ,2025,Net,Actual,Jun,1690996300,0.9306,-2387867595,0.0392
TW,PJ,2025,Net,Actual,Jun,1690996300,1.0,-2387867595,0.0392
TW,PJ,2025,Net,Actual,Jul,1476525500,0.8732,-1215958744,0.0342
TW,PJ,2025,Net,Actual,Jul,1476525500,1.0,-1215958744,0.0342
TW,PJ,2025,Net,Actual,Aug,1830047500,1.2394,-1195471643,0.0424
TW,PJ,2025,Net,Actual,Aug,1830047500,1.0,-1195471643,0.0424
TW,PJ,2025,Net,Actual,Sep,1043159000,0.57,-1451491506,0.0242
TW,PJ,2025,Net,Actual,Sep,1043159000,1.0,-1451491506,0.0242
TW,PJ,2025,Net,Actual,Oct,1640910000,1.573,1067950503,0.038
TW,PJ,2025,Net,Actual,Oct,1640910000,1.0,1067950503,0.038
TW,PJ,2025,Net,Actual,Nov,3157280000,1.9241,-187712024,0.0731
TW,PJ,2025,Net,Actual,Nov,3157280000,1.0,-187712024,0.0731
TW,PJ,2025,Net,Actual,Dec,1400603700,0.4436,-927099323,0.0324
TW,PJ,2025,Net,Actual,Dec,1400603700,1.0,-927099323,0.0324
TW,PJ,2025,Net,Budget,Jan,1710756016,,-1875171157,0.0537
TW,PJ,2025,Net,Budget,Jan,1875171157,1.0961,-1710756016,0.0589
TW,PJ,2025,Net,Budget,Feb,1082195668,0.5771,-2225845316,0.034
TW,PJ,2025,Net,Budget,Feb,2225845316,2.0568,-1082195668,0.0699
TW,PJ,2025,Net,Budget,Mar,2145679999,0.964,-466392469,0.0674
TW,PJ,2025,Net,Budget,Mar,466392469,0.2174,-2145679999,0.0146
TW,PJ,2025,Net,Budget,Apr,1029875230,2.2082,-1264906338,0.0323
TW,PJ,2025,Net,Budget,Apr,1264906338,1.2282,-1029875230,0.0397
TW,PJ,2025,Net,Budget,May,762282597,0.6026,-746652208,0.0239
TW,PJ,2025,Net,Budget,May,746652208,0.9795,-762282597,0.0234
TW,PJ,2025,Net,Budget,Jun,1993805000,2.6703,-2085058895,0.0626
TW,PJ,2025,Net,Budget,Jun,2085058895,1.0458,-1993805000,0.0655
TW,PJ,2025,Net,Budget,Jul,2168257507,1.0399,-524226737,0.0681
TW,PJ,2025,Net,Budget,Jul,524226737,0.2418,-2168257507,0.0165
TW,PJ,2025,Net,Budget,Aug,1201177247,2.2913,-1824341896,0.0377
TW,PJ,2025,Net,Budget,Aug,1824341896,1.5188,-1201177247,0.0573
TW,PJ,2025,Net,Budget,Sep,1155106737,0.6332,-1339543769,0.0363
TW,PJ,2025,Net,Budget,Sep,1339543769,1.1597,-1155106737,0.0421
TW,PJ,2025,Net,Budget,Oct,299434136,0.2235,-273525361,0.0094
TW,PJ,2025,Net,Budget,Oct,273525361,0.9135,-299434136,0.0086
TW,PJ,2025,Net,Budget,Nov,3025171860,11.0599,-319820164,0.095
TW,PJ,2025,Net,Budget,Nov,319820164,0.1057,-3025171860,0.01
TW,PJ,2025,Net,Budget,Dec,1518097221,4.7467,-809605802,0.0477
TW,PJ,2025,Net,Budget,Dec,809605802,0.5333,-1518097221,0.0254
TW,PJ,2025,Net,Forecast,Jan,2896533177,,-689393996,0.088
TW,PJ,2025,Net,Forecast,Jan,2527980312,0.8728,-1057946861,0.0768
TW,PJ,2025,Net,Forecast,Feb,579491330,0.2292,-2728549654,0.0176
TW,PJ,2025,Net,Forecast,Feb,199479543,0.3442,-3108561441,0.0061
TW,PJ,2025,Net,Forecast,Mar,2350661044,11.784,-261411424,0.0714
TW,PJ,2025,Net,Forecast,Mar,76145161,0.0324,-2535927307,0.0023
TW,PJ,2025,Net,Forecast,Apr,352852109,4.6339,-1941929459,0.0107
TW,PJ,2025,Net,Forecast,Apr,1240547607,3.5158,-1054233961,0.0377
TW,PJ,2025,Net,Forecast,May,1900805572,1.5322,391870767,0.0577
TW,PJ,2025,Net,Forecast,May,1307203499,0.6877,-201731306,0.0397
TW,PJ,2025,Net,Forecast,Jun,1825163205,1.3962,-2253700690,0.0554
TW,PJ,2025,Net,Forecast,Jun,2322465020,1.2725,-1756398875,0.0705
TW,PJ,2025,Net,Forecast,Jul,1897455333,0.817,-795028911,0.0576
TW,PJ,2025,Net,Forecast,Jul,1263558656,0.6659,-1428925588,0.0384
TW,PJ,2025,Net,Forecast,Aug,1098043926,0.869,-1927475217,0.0333
TW,PJ,2025,Net,Forecast,Aug,328225152,0.2989,-2697293991,0.01
TW,PJ,2025,Net,Forecast,Sep,1066088860,3.248,-1428561646,0.0324
TW,PJ,2025,Net,Forecast,Sep,1510559600,1.4169,-984090906,0.0459
TW,PJ,2025,Net,Forecast,Oct,1954700823,1.294,1381741326,0.0594
TW,PJ,2025,Net,Forecast,Oct,1241599672,0.6352,668640175,0.0377
TW,PJ,2025,Net,Forecast,Nov,1548145014,1.2469,-1796847010,0.047
TW,PJ,2025,Net,Forecast,Nov,882232225,0.5699,-2462759799,0.0268
TW,PJ,2025,Net,Forecast,Dec,1436936741,1.6288,-890766282,0.0436
TW,PJ,2025,Net,Forecast,Dec,1125003914,0.7829,-1202699109,0.0342
TW,PJ,2025,Op,Actual,Jan,2004980000,,-1384576164,0.0464
TW,PJ,2025,Op,Actual,Jan,2004980000,1.0,-1384576164,0.0464
TW,PJ,2025,Op,Actual,Feb,1486330000,0.7413,-1019746257,0.0344
TW,PJ,2025,Op,Actual,Feb,1486330000,1.0,-1019746257,0.0344
TW,PJ,2025,Op,Actual,Mar,2524960000,1.6988,-1927021160,0.0585
TW,PJ,2025,Op,Actual,Mar,2524960000,1.0,-1927021160,0.0585
TW,PJ,2025,Op,Actual,Apr,1522730000,0.6031,-1283871311,0.0353
TW,PJ,2025,Op,Actual,Apr,1522730000,1.0,-1283871311,0.0353
TW,PJ,2025,Op,Actual,May,1817100000,1.1933,-1802628046,0.0421
TW,PJ,2025,Op,Actual,May,1817100000,1.0,-1802628046,0.0421
TW,PJ,2025,Op,Actual,Jun,1690996300,0.9306,-1065485573,0.0392
TW,PJ,2025,Op,Actual,Jun,1690996300,1.0,-1065485573,0.0392
TW,PJ,2025,Op,Actual,Jul,1476525500,0.8732,-258424834,0.0342
TW,PJ,2025,Op,Actual,Jul,1476525500,1.0,-258424834,0.0342
TW,PJ,2025,Op,Actual,Aug,1830047500,1.2394,-779688124,0.0424
TW,PJ,2025,Op,Actual,Aug,1830047500,1.0,-779688124,0.0424
TW,PJ,2025,Op,Actual,Sep,1043159000,0.57,-522845946,0.0242
TW,PJ,2025,Op,Actual,Sep,1043159000,1.0,-522845946,0.0242
TW,PJ,2025,Op,Actual,Oct,1640910000,1.573,-109311097,0.038
TW,PJ,2025,Op,Actual,Oct,1640910000,1.0,-109311097,0.038
TW,PJ,2025,Op,Actual,Nov,3157280000,1.9241,-2491380049,0.0731
TW,PJ,2025,Op,Actual,Nov,3157280000,1.0,-2491380049,0.0731
TW,PJ,2025,Op,Actual,Dec,1400603700,0.4436,223031412,0.0324
TW,PJ,2025,Op,Actual,Dec,1400603700,1.0,223031412,0.0324
TW,PJ,2025,Op,Budget,Jan,1441209041,,-1948347123,0.0424
TW,PJ,2025,Op,Budget,Jan,1948347123,1.3519,-1441209041,0.0573
TW,PJ,2025,Op,Budget,Feb,2013938858,1.0337,-492137399,0.0592
TW,PJ,2025,Op,Budget,Feb,492137399,0.2444,-2013938858,0.0145
TW,PJ,2025,Op,Budget,Mar,2968941086,6.0327,-1483040074,0.0873
TW,PJ,2025,Op,Budget,Mar,1483040074,0.4995,-2968941086,0.0436
TW,PJ,2025,Op,Budget,Apr,2103353847,1.4183,-703247464,0.0618
TW,PJ,2025,Op,Budget,Apr,703247464,0.3343,-2103353847,0.0207
TW,PJ,2025,Op,Budget,May,1955254931,2.7803,-1664473115,0.0575
TW,PJ,2025,Op,Budget,May,1664473115,0.8513,-1955254931,0.0489
TW,PJ,2025,Op,Budget,Jun,716298525,0.4303,-2040183348,0.0211
TW,PJ,2025,Op,Budget,Jun,2040183348,2.8482,-716298525,0.06
TW,PJ,2025,Op,Budget,Jul,814050956,0.399,-920899378,0.0239
TW,PJ,2025,Op,Budget,Jul,920899378,1.1313,-814050956,0.0271
TW,PJ,2025,Op,Budget,Aug,297690937,0.3233,-2312044687,0.0088
TW,PJ,2025,Op,Budget,Aug,2312044687,7.7666,-297690937,0.068
TW,PJ,2025,Op,Budget,Sep,792178872,0.3426,-773826074,0.0233
TW,PJ,2025,Op,Budget,Sep,773826074,0.9768,-792178872,0.0227
TW,PJ,2025,Op,Budget,Oct,674592924,0.8718,-1075628173,0.0198
TW,PJ,2025,Op,Budget,Oct,1075628173,1.5945,-674592924,0.0316
TW,PJ,2025,Op,Budget,Nov,4618841891,4.2941,-1029818158,0.1358
TW,PJ,2025,Op,Budget,Nov,1029818158,0.223,-4618841891,0.0303
TW,PJ,2025,Op,Budget,Dec,679521301,0.6598,-498050987,0.02
TW,PJ,2025,Op,Budget,Dec,498050987,0.7329,-679521301,0.0146
TW,PJ,2025,Op,Forecast,Jan,2484803173,,-904752991,0.0759
TW,PJ,2025,Op,Forecast,Jan,1106185321,0.4452,-2283370843,0.0338
TW,PJ,2025,Op,Forecast,Feb,651852054,0.5893,-1854224203,0.0199
TW,PJ,2025,Op,Forecast,Feb,1529093695,2.3458,-976982562,0.0467
TW,PJ,2025,Op,Forecast,Mar,1197518213,0.7832,-3254462947,0.0366
TW,PJ,2025,Op,Forecast,Mar,3026584847,2.5274,-1425396313,0.0924
TW,PJ,2025,Op,Forecast,Apr,2090162295,0.6906,-716439016,0.0638
TW,PJ,2025,Op,Forecast,Apr,1056622954,0.5055,-1749978357,0.0323
TW,PJ,2025,Op,Forecast,May,898138502,0.85,-2721589544,0.0274
TW,PJ,2025,Op,Forecast,May,1832979592,2.0409,-1786748454,0.056
TW,PJ,2025,Op,Forecast,Jun,2248001483,1.2264,-508480390,0.0687
TW,PJ,2025,Op,Forecast,Jun,2435887134,1.0836,-320594739,0.0744
TW,PJ,2025,Op,Forecast,Jul,1922597168,0.7893,187646834,0.0587
TW,PJ,2025,Op,Forecast,Jul,627190344,0.3262,-1107759990,0.0192
TW,PJ,2025,Op,Forecast,Aug,856681311,1.3659,-1753054313,0.0262
TW,PJ,2025,Op,Forecast,Aug,1487865493,1.7368,-1121870131,0.0454
TW,PJ,2025,Op,Forecast,Sep,819437871,0.5507,-746567075,0.025
TW,PJ,2025,Op,Forecast,Sep,353836570,0.4318,-1212168376,0.0108
TW,PJ,2025,Op,Forecast,Oct,677136780,1.9137,-1073084317,0.0207
TW,PJ,2025,Op,Forecast,Oct,1622306181,2.3958,-127914916,0.0495
TW,PJ,2025,Op,Forecast,Nov,1762665245,1.0865,-3885994804,0.0538
TW,PJ,2025,Op,Forecast,Nov,269117697,0.1527,-5379542352,0.0082
TW,PJ,2025,Op,Forecast,Dec,1011896548,3.7601,-165675740,0.0309
TW,PJ,2025,Op,Forecast,Dec,773809141,0.7647,-403763147,0.0236
UK,CDE,2024,Gross,Actual,Jan,12401511,,-1368149414,0.0017
UK,CDE,2024,Gross,Actual,Feb,961281871,77.5133,-621950265,0.1325
UK,CDE,2024,Gross,Actual,Mar,328425795,0.3417,-1912311130,0.0453
UK,CDE,2024,Gross,Actual,Apr,360858735,1.0988,-214333515,0.0497
UK,CDE,2024,Gross,Actual,May,1747822298,4.8435,1012206220,0.2409
UK,CDE,2024,Gross,Actual,Jun,621120285,0.3554,-401021246,0.0856
UK,CDE,2024,Gross,Actual,Jul,1056693133,1.7013,271612374,0.1456
UK,CDE,2024,Gross,Actual,Aug,979177021,0.9266,-616759054,0.1349
UK,CDE,2024,Gross,Actual,Sep,312696892,0.3193,-1566202158,0.0431
UK,CDE,2024,Gross,Actual,Oct,619948322,1.9826,-815535404,0.0854
UK,CDE,2024,Gross,Actual,Nov,210014878,0.3388,-1038231986,0.0289
UK,CDE,2024,Gross,Actual,Dec,45509338,0.2167,-57406617,0.0063
UK,CDE,2024,Gross,Budget,Jan,1380550925,,0,0.0947
UK,CDE,2024,Gross,Budget,Feb,1583232136,1.1468,0,0.1086
UK,CDE,2024,Gross,Budget,Mar,2240736925,1.4153,0,0.1536
UK,CDE,2024,Gross,Budget,Apr,575192250,0.2567,0,0.0394
UK,CDE,2024,Gross,Budget,May,735616078,1.2789,0,0.0504
UK,CDE,2024,Gross,Budget,Jun,1022141531,1.3895,0,0.0701
UK,CDE,2024,Gross,Budget,Jul,785080759,0.7681,0,0.0538
UK,CDE,2024,Gross,Budget,Aug,1595936075,2.0328,0,0.1094
UK,CDE,2024,Gross,Budget,Sep,1878899050,1.1773,0,0.1288
UK,CDE,2024,Gross,Budget,Oct,1435483726,0.764,0,0.0984
UK,CDE,2024,Gross,Budget,Nov,1248246864,0.8696,0,0.0856
UK,CDE,2024,Gross,Budget,Dec,102915955,0.0824,0,0.0071
UK,CDE,2024,Gross,Forecast,Jan,2163168438,,782617513,0.1649
UK,CDE,2024,Gross,Forecast,Feb,1261196637,0.583,-322035499,0.0962
UK,CDE,2024,Gross,Forecast,Mar,1683936960,1.3352,-556799965,0.1284
UK,CDE,2024,Gross,Forecast,Apr,1532749446,0.9102,957557196,0.1169
UK,CDE,2024,Gross,Forecast,May,154093503,0.1005,-581522575,0.0117
UK,CDE,2024,Gross,Forecast,Jun,1225587216,7.9535,203445685,0.0934
UK,CDE,2024,Gross,Forecast,Jul,1053237230,0.8594,268156471,0.0803
UK,CDE,2024,Gross,Forecast,Aug,311224581,0.2955,-1284711494,0.0237
UK,CDE,2024,Gross,Forecast,Sep,531400073,1.7074,-1347498977,0.0405
UK,CDE,2024,Gross,Forecast,Oct,2072564208,3.9002,637080482,0.158
UK,CDE,2024,Gross,Forecast,Nov,1066060418,0.5144,-182186446,0.0813
UK,CDE,2024,Gross,Forecast,Dec,60309562,0.0566,-42606393,0.0046
UK,CDE,2024,Net,Actual,Jan,1698011236,,801736830,0.1325
UK,CDE,2024,Net,Actual,Feb,2751870645,1.6206,745402959,0.2147
UK,CDE,2024,Net,Actual,Mar,1027701951,0.3735,-356763422,0.0802
UK,CDE,2024,Net,Actual,Apr,444747138,0.4328,-848748480,0.0347
UK,CDE,2024,Net,Actual,May,789675030,1.7756,444355624,0.0616
UK,CDE,2024,Net,Actual,Jun,1304669608,1.6522,856727159,0.1018
UK,CDE,2024,Net,Actual,Jul,450837838,0.3456,-276350999,0.0352
UK,CDE,2024,Net,Actual,Aug,150911819,0.3347,-94363043,0.0118
UK,CDE,2024,Net,Actual,Sep,1703701745,11.2894,306701734,0.1329
UK,CDE,2024,Net,Actual,Oct,1659167829,0.9739,752642787,0.1294
UK,CDE,2024,Net,Actual,Nov,780926098,0.4707,364767107,0.0609
UK,CDE,2024,Net,Actual,Dec,55574873,0.0712,7468800,0.0043
UK,CDE,2024,Net,Budget,Jan,896274406,,0,0.0886
UK,CDE,2024,Net,Budget,Feb,2006467686,2.2387,0,0.1984
UK,CDE,2024,Net,Budget,Mar,1384465373,0.69,0,0.1369
UK,CDE,2024,Net,Budget,Apr,1293495618,0.9343,0,0.1279
UK,CDE,2024,Net,Budget,May,345319406,0.267,0,0.0341
UK,CDE,2024,Net,Budget,Jun,447942449,1.2972,0,0.0443
UK,CDE,2024,Net,Budget,Jul,727188837,1.6234,0,0.0719
UK,CDE,2024,Net,Budget,Aug,245274862,0.3373,0,0.0243
UK,CDE,2024,Net,Budget,Sep,1397000011,5.6957,0,0.1381
UK,CDE,2024,Net,Budget,Oct,906525042,0.6489,0,0.0896
UK,CDE,2024,Net,Budget,Nov,416158991,0.4591,0,0.0411
UK,CDE,2024,Net,Budget,Dec,48106073,0.1156,0,0.0048
UK,CDE,2024,Net,Forecast,Jan,434691382,,-461583024,0.0416
UK,CDE,2024,Net,Forecast,Feb,2605484337,5.9939,599016651,0.2495
UK,CDE,2024,Net,Forecast,Mar,1560580901,0.599,176115528,0.1495
UK,CDE,2024,Net,Forecast,Apr,881934636,0.5651,-411560982,0.0845
UK,CDE,2024,Net,Forecast,May,1173605574,1.3307,828286168,0.1124
UK,CDE,2024,Net,Forecast,Jun,1235831052,1.053,787888603,0.1184
UK,CDE,2024,Net,Forecast,Jul,1814453204,1.4682,1087264367,0.1738
UK,CDE,2024,Net,Forecast,Aug,5725906,0.0032,-239548956,0.0005
UK,CDE,2024,Net,Forecast,Sep,45738192,7.9879,-1351261819,0.0044
UK,CDE,2024,Net,Forecast,Oct,16481080,0.3603,-890043962,0.0016
UK,CDE,2024,Net,Forecast,Nov,646500065,39.2268,230341074,0.0619
UK,CDE,2024,Net,Forecast,Dec,20658869,0.032,-27447204,0.002
UK,CDE,2024,Op,Actual,Jan,549353037,,-1520325147,0.0567
UK,CDE,2024,Op,Actual,Feb,948127166,1.7259,95695490,0.0979
UK,CDE,2024,Op,Actual,Mar,869676902,0.9173,-897177481,0.0898
UK,CDE,2024,Op,Actual,Apr,1344763129,1.5463,-492199739,0.1388
UK,CDE,2024,Op,Actual,May,1067392136,0.7937,-726777442,0.1102
UK,CDE,2024,Op,Actual,Jun,1458614532,1.3665,1216438838,0.1506
UK,CDE,2024,Op,Actual,Jul,1083863839,0.7431,663274874,0.1119
UK,CDE,2024,Op,Actual,Aug,29952318,0.0276,-401490634,0.0031
UK,CDE,2024,Op,Actual,Sep,298871937,9.9783,-52917957,0.0309
UK,CDE,2024,Op,Actual,Oct,1367890425,4.5768,940452851,0.1412
UK,CDE,2024,Op,Actual,Nov,575646357,0.4208,22428565,0.0594
UK,CDE,2024,Op,Actual,Dec,93127094,0.1618,62761991,0.0096
UK,CDE,2024,Op,Budget,Jan,2069678184,,0,0.192
UK,CDE,2024,Op,Budget,Feb,852431676,0.4119,0,0.0791
UK,CDE,2024,Op,Budget,Mar,1766854383,2.0727,0,0.1639
UK,CDE,2024,Op,Budget,Apr,1836962868,1.0397,0,0.1705
UK,CDE,2024,Op,Budget,May,1794169578,0.9767,0,0.1665
UK,CDE,2024,Op,Budget,Jun,242175694,0.135,0,0.0225
UK,CDE,2024,Op,Budget,Jul,420588965,1.7367,0,0.039
UK,CDE,2024,Op,Budget,Aug,431442952,1.0258,0,0.04
UK,CDE,2024,Op,Budget,Sep,351789894,0.8154,0,0.0326
UK,CDE,2024,Op,Budget,Oct,427437574,1.215,0,0.0397
UK,CDE,2024,Op,Budget,Nov,553217792,1.2943,0,0.0513
UK,CDE,2024,Op,Budget,Dec,30365103,0.0549,0,0.0028
UK,CDE,2024,Op,Forecast,Jan,1865824846,,-203853338,0.1905
UK,CDE,2024,Op,Forecast,Feb,2463861654,1.3205,1611429978,0.2515
UK,CDE,2024,Op,Forecast,Mar,1846114462,0.7493,79260079,0.1884
UK,CDE,2024,Op,Forecast,Apr,860972173,0.4664,-975990695,0.0879
UK,CDE,2024,Op,Forecast,May,372468771,0.4326,-1421700807,0.038
UK,CDE,2024,Op,Forecast,Jun,466375732,1.2521,224200038,0.0476
UK,CDE,2024,Op,Forecast,Jul,694118929,1.4883,273529964,0.0709
UK,CDE,2024,Op,Forecast,Aug,307907627,0.4436,-123535325,0.0314
UK,CDE,2024,Op,Forecast,Sep,669621371,2.1747,317831477,0.0684
UK,CDE,2024,Op,Forecast,Oct,55686010,0.0832,-371751564,0.0057
UK,CDE,2024,Op,Forecast,Nov,146996768,2.6397,-406221024,0.015
UK,CDE,2024,Op,Forecast,Dec,46852446,0.3187,16487343,0.0048
UK,CDE,2025,Gross,Actual,Jan,1650550584,,313768229,0.112
UK,CDE,2025,Gross,Actual,Feb,803631569,0.4869,-1424577364,0.0546
UK,CDE,2025,Gross,Actual,Mar,2659446869,3.3093,2012523609,0.1805
UK,CDE,2025,Gross,Actual,Apr,91474331,0.0344,-467452101,0.0062
UK,CDE,2025,Gross,Actual,May,1831271526,20.0195,-198737355,0.1243
UK,CDE,2025,Gross,Actual,Jun,1573503181,0.8592,-145997934,0.1068
UK,CDE,2025,Gross,Actual,Jul,2209102868,1.4039,1640286398,0.15
UK,CDE,2025,Gross,Actual,Aug,154132979,0.0698,-628526818,0.0105
UK,CDE,2025,Gross,Actual,Sep,1899392645,12.3231,947323916,0.1289
UK,CDE,2025,Gross,Actual,Oct,1022920276,0.5386,724483338,0.0694
UK,CDE,2025,Gross,Actual,Nov,791855982,0.7741,482360506,0.0538
UK,CDE,2025,Gross,Actual,Dec,44708938,0.0565,-48667026,0.003
UK,CDE,2025,Gross,Budget,Jan,1336782355,,0,0.116
UK,CDE,2025,Gross,Budget,Feb,2228208933,1.6668,0,0.1933
UK,CDE,2025,Gross,Budget,Mar,646923260,0.2903,0,0.0561
UK,CDE,2025,Gross,Budget,Apr,558926432,0.864,0,0.0485
UK,CDE,2025,Gross,Budget,May,2030008881,3.632,0,0.1761
UK,CDE,2025,Gross,Budget,Jun,1719501115,0.847,0,0.1492
UK,CDE,2025,Gross,Budget,Jul,568816470,0.3308,0,0.0494
UK,CDE,2025,Gross,Budget,Aug,782659797,1.3759,0,0.0679
UK,CDE,2025,Gross,Budget,Sep,952068729,1.2165,0,0.0826
UK,CDE,2025,Gross,Budget,Oct,298436938,0.3135,0,0.0259
UK,CDE,2025,Gross,Budget,Nov,309495476,1.0371,0,0.0269
UK,CDE,2025,Gross,Budget,Dec,93375964,0.3017,0,0.0081
UK,CDE,2025,Gross,Forecast,Jan,1484909931,,148127576,0.1368
UK,CDE,2025,Gross,Forecast,Feb,1560681535,1.051,-667527398,0.1438
UK,CDE,2025,Gross,Forecast,Mar,2553930317,1.6364,1907007057,0.2354
UK,CDE,2025,Gross,Forecast,Apr,104477081,0.0409,-454449351,0.0096
UK,CDE,2025,Gross,Forecast,May,1048327334,10.034,-981681547,0.0966
UK,CDE,2025,Gross,Forecast,Jun,501579645,0.4785,-1217921470,0.0462
UK,CDE,2025,Gross,Forecast,Jul,348066228,0.6939,-220750242,0.0321
UK,CDE,2025,Gross,Forecast,Aug,1456287018,4.1839,673627221,0.1342
UK,CDE,2025,Gross,Forecast,Sep,486745577,0.3342,-465323152,0.0449
UK,CDE,2025,Gross,Forecast,Oct,1167149101,2.3979,868712163,0.1076
UK,CDE,2025,Gross,Forecast,Nov,78283583,0.0671,-231211893,0.0072
UK,CDE,2025,Gross,Forecast,Dec,60565512,0.7737,-32810452,0.0056
UK,CDE,2025,Net,Actual,Jan,992263513,,476780713,0.3141
UK,CDE,2025,Net,Actual,Feb,90217269,0.0909,-10739869,0.0286
UK,CDE,2025,Net,Actual,Mar,162834138,1.8049,-1823071841,0.0515
UK,CDE,2025,Net,Actual,Apr,372341313,2.2866,-927224358,0.1179
UK,CDE,2025,Net,Actual,May,151951084,0.4081,-1443549361,0.0481
UK,CDE,2025,Net,Actual,Jun,265244417,1.7456,-274087271,0.084
UK,CDE,2025,Net,Actual,Jul,55729437,0.2101,-746505395,0.0176
UK,CDE,2025,Net,Actual,Aug,482915230,8.6654,195068984,0.1529
UK,CDE,2025,Net,Actual,Sep,23045896,0.0477,-271121520,0.0073
UK,CDE,2025,Net,Actual,Oct,209681431,9.0984,-777066878,0.0664
UK,CDE,2025,Net,Actual,Nov,350835517,1.6732,278217429,0.111
UK,CDE,2025,Net,Actual,Dec,2199222,0.0063,-44175162,0.0007
UK,CDE,2025,Net,Budget,Jan,515482800,,0,0.0605
UK,CDE,2025,Net,Budget,Feb,100957138,0.1958,0,0.0118
UK,CDE,2025,Net,Budget,Mar,1985905979,19.6708,0,0.2329
UK,CDE,2025,Net,Budget,Apr,1299565671,0.6544,0,0.1524
UK,CDE,2025,Net,Budget,May,1595500445,1.2277,0,0.1871
UK,CDE,2025,Net,Budget,Jun,539331688,0.338,0,0.0633
UK,CDE,2025,Net,Budget,Jul,802234832,1.4875,0,0.0941
UK,CDE,2025,Net,Budget,Aug,287846246,0.3588,0,0.0338
UK,CDE,2025,Net,Budget,Sep,294167416,1.022,0,0.0345
UK,CDE,2025,Net,Budget,Oct,986748309,3.3544,0,0.1157
UK,CDE,2025,Net,Budget,Nov,72618088,0.0736,0,0.0085
UK,CDE,2025,Net,Budget,Dec,46374384,0.6386,0,0.0054
UK,CDE,2025,Net,Forecast,Jan,674370349,,158887549,0.0704
UK,CDE,2025,Net,Forecast,Feb,1449368731,2.1492,1348411593,0.1514
UK,CDE,2025,Net,Forecast,Mar,1965310991,1.356,-20594988,0.2052
UK,CDE,2025,Net,Forecast,Apr,368265809,0.1874,-931299862,0.0385
UK,CDE,2025,Net,Forecast,May,221970792,0.6027,-1373529653,0.0232
UK,CDE,2025,Net,Forecast,Jun,836159431,3.767,296827743,0.0873
UK,CDE,2025,Net,Forecast,Jul,1097252019,1.3123,295017187,0.1146
UK,CDE,2025,Net,Forecast,Aug,910547019,0.8298,622700773,0.0951
UK,CDE,2025,Net,Forecast,Sep,980908305,1.0773,686740889,0.1024
UK,CDE,2025,Net,Forecast,Oct,166483370,0.1697,-820264939,0.0174
UK,CDE,2025,Net,Forecast,Nov,867332314,5.2097,794714226,0.0906
UK,CDE,2025,Net,Forecast,Dec,37643660,0.0434,-8730724,0.0039
UK,CDE,2025,Op,Actual,Jan,1293241591,,-833980118,0.0958
UK,CDE,2025,Op,Actual,Feb,1894007884,1.4645,-725606030,0.1403
UK,CDE,2025,Op,Actual,Mar,2372283446,1.2525,148494153,0.1758
UK,CDE,2025,Op,Actual,Apr,1216775772,0.5129,482406813,0.0902
UK,CDE,2025,Op,Actual,May,254656471,0.2093,-90271064,0.0189
UK,CDE,2025,Op,Actual,Jun,1336920063,5.2499,367070266,0.0991
UK,CDE,2025,Op,Actual,Jul,672868817,0.5033,-35129532,0.0499
UK,CDE,2025,Op,Actual,Aug,877448234,1.304,655191777,0.065
UK,CDE,2025,Op,Actual,Sep,1247813646,1.4221,83664686,0.0925
UK,CDE,2025,Op,Actual,Oct,2030651417,1.6274,126930549,0.1505
UK,CDE,2025,Op,Actual,Nov,224976500,0.1108,-480736415,0.0167
UK,CDE,2025,Op,Actual,Dec,73869167,0.3283,50931260,0.0055
UK,CDE,2025,Op,Budget,Jan,2127221709,,0,0.1547
UK,CDE,2025,Op,Budget,Feb,2619613914,1.2315,0,0.1906
UK,CDE,2025,Op,Budget,Mar,2223789293,0.8489,0,0.1618
UK,CDE,2025,Op,Budget,Apr,734368959,0.3302,0,0.0534
UK,CDE,2025,Op,Budget,May,344927535,0.4697,0,0.0251
UK,CDE,2025,Op,Budget,Jun,969849797,2.8117,0,0.0706
UK,CDE,2025,Op,Budget,Jul,707998349,0.73,0,0.0515
UK,CDE,2025,Op,Budget,Aug,222256457,0.3139,0,0.0162
UK,CDE,2025,Op,Budget,Sep,1164148960,5.2379,0,0.0847
UK,CDE,2025,Op,Budget,Oct,1903720868,1.6353,0,0.1385
UK,CDE,2025,Op,Budget,Nov,705712915,0.3707,0,0.0513
UK,CDE,2025,Op,Budget,Dec,22937907,0.0325,0,0.0017
UK,CDE,2025,Op,Forecast,Jan,1064697589,,-1062524120,0.1136
UK,CDE,2025,Op,Forecast,Feb,1769427609,1.6619,-850186305,0.1887
UK,CDE,2025,Op,Forecast,Mar,1590355240,0.8988,-633434053,0.1696
UK,CDE,2025,Op,Forecast,Apr,256453000,0.1613,-477915959,0.0274
UK,CDE,2025,Op,Forecast,May,445990486,1.7391,101062951,0.0476
UK,CDE,2025,Op,Forecast,Jun,257775712,0.578,-712074085,0.0275
UK,CDE,2025,Op,Forecast,Jul,1132440635,4.3931,424442286,0.1208
UK,CDE,2025,Op,Forecast,Aug,695954360,0.6146,473697903,0.0742
UK,CDE,2025,Op,Forecast,Sep,280803729,0.4035,-883345231,0.03
UK,CDE,2025,Op,Forecast,Oct,1441633257,5.134,-462087611,0.1538
UK,CDE,2025,Op,Forecast,Nov,324332820,0.225,-381380095,0.0346
UK,CDE,2025,Op,Forecast,Dec,115152688,0.355,92214781,0.0123
UK,PJ,2024,Gross,Actual,Jan,2604188570,,-505523410,0.1774
UK,PJ,2024,Gross,Actual,Feb,2291860263,0.8801,981934420,0.1561
UK,PJ,2024,Gross,Actual,Mar,881915208,0.3848,401617490,0.0601
UK,PJ,2024,Gross,Actual,Apr,2429594118,2.7549,2119612307,0.1655
UK,PJ,2024,Gross,Actual,May,162698044,0.067,-500811629,0.0111
UK,PJ,2024,Gross,Actual,Jun,1512301771,9.2951,197139792,0.103
UK,PJ,2024,Gross,Actual,Jul,2073298189,1.371,-198167771,0.1412
UK,PJ,2024,Gross,Actual,Aug,1094656743,0.528,913392147,0.0746
UK,PJ,2024,Gross,Actual,Sep,283252554,0.2588,-1234088572,0.0193
UK,PJ,2024,Gross,Actual,Oct,42137996,0.1488,22135574,0.0029
UK,PJ,2024,Gross,Actual,Nov,1284368564,30.4801,185796207,0.0875
UK,PJ,2024,Gross,Actual,Dec,22481456,0.0175,-80596127,0.0015
UK,PJ,2024,Gross,Budget,Jan,3109711980,,0,0.2512
UK,PJ,2024,Gross,Budget,Feb,1309925843,0.4212,0,0.1058
UK,PJ,2024,Gross,Budget,Mar,480297718,0.3667,0,0.0388
UK,PJ,2024,Gross,Budget,Apr,309981811,0.6454,0,0.025
UK,PJ,2024,Gross,Budget,May,663509673,2.1405,0,0.0536
UK,PJ,2024,Gross,Budget,Jun,1315161979,1.9821,0,0.1062
UK,PJ,2024,Gross,Budget,Jul,2271465960,1.7271,0,0.1835
UK,PJ,2024,Gross,Budget,Aug,181264596,0.0798,0,0.0146
UK,PJ,2024,Gross,Budget,Sep,1517341126,8.3709,0,0.1226
UK,PJ,2024,Gross,Budget,Oct,20002422,0.0132,0,0.0016
UK,PJ,2024,Gross,Budget,Nov,1098572357,54.922,0,0.0887
UK,PJ,2024,Gross,Budget,Dec,103077583,0.0938,0,0.0083
UK,PJ,2024,Gross,Forecast,Jan,328892463,,-2780819517,0.0214
UK,PJ,2024,Gross,Forecast,Feb,2072891688,6.3026,762965845,0.1349
UK,PJ,2024,Gross,Forecast,Mar,2761013156,1.332,2280715438,0.1796
UK,PJ,2024,Gross,Forecast,Apr,1727972908,0.6258,1417991097,0.1124
UK,PJ,2024,Gross,Forecast,May,325045891,0.1881,-338463782,0.0211
UK,PJ,2024,Gross,Forecast,Jun,861487249,2.6504,-453674730,0.0561
UK,PJ,2024,Gross,Forecast,Jul,2134700507,2.4779,-136765453,0.1389
UK,PJ,2024,Gross,Forecast,Aug,1031312329,0.4831,850047733,0.0671
UK,PJ,2024,Gross,Forecast,Sep,1351108935,1.3101,-166232191,0.0879
UK,PJ,2024,Gross,Forecast,Oct,1839925350,1.3618,1819922928,0.1197
UK,PJ,2024,Gross,Forecast,Nov,897100342,0.4876,-201472015,0.0584
UK,PJ,2024,Gross,Forecast,Dec,38353966,0.0428,-64723617,0.0025
UK,PJ,2024,Net,Actual,Jan,2061035582,,1985374436,0.1583
UK,PJ,2024,Net,Actual,Feb,993409974,0.482,-19545627,0.0763
UK,PJ,2024,Net,Actual,Mar,770568210,0.7757,-919833663,0.0592
UK,PJ,2024,Net,Actual,Apr,2033026007,2.6383,1924296025,0.1561
UK,PJ,2024,Net,Actual,May,729987555,0.3591,39889511,0.0561
UK,PJ,2024,Net,Actual,Jun,665810991,0.9121,-435124846,0.0511
UK,PJ,2024,Net,Actual,Jul,1917472017,2.8799,1365577473,0.1473
UK,PJ,2024,Net,Actual,Aug,891522801,0.4649,149332316,0.0685
UK,PJ,2024,Net,Actual,Sep,379312540,0.4255,-359158564,0.0291
UK,PJ,2024,Net,Actual,Oct,1864870042,4.9164,145903892,0.1432
UK,PJ,2024,Net,Actual,Nov,679203188,0.3642,655227284,0.0522
UK,PJ,2024,Net,Actual,Dec,34407402,0.0507,4892720,0.0026
UK,PJ,2024,Net,Budget,Jan,75661146,,0,0.0089
UK,PJ,2024,Net,Budget,Feb,1012955601,13.3881,0,0.1194
UK,PJ,2024,Net,Budget,Mar,1690401873,1.6688,0,0.1993
UK,PJ,2024,Net,Budget,Apr,108729982,0.0643,0,0.0128
UK,PJ,2024,Net,Budget,May,690098044,6.3469,0,0.0813
UK,PJ,2024,Net,Budget,Jun,1100935837,1.5953,0,0.1298
UK,PJ,2024,Net,Budget,Jul,551894544,0.5013,0,0.0651
UK,PJ,2024,Net,Budget,Aug,742190485,1.3448,0,0.0875
UK,PJ,2024,Net,Budget,Sep,738471104,0.995,0,0.087
UK,PJ,2024,Net,Budget,Oct,1718966150,2.3277,0,0.2026
UK,PJ,2024,Net,Budget,Nov,23975904,0.0139,0,0.0028
UK,PJ,2024,Net,Budget,Dec,29514682,1.231,0,0.0035
UK,PJ,2024,Net,Forecast,Jan,402022744,,326361598,0.0508
UK,PJ,2024,Net,Forecast,Feb,366224467,0.911,-646731134,0.0463
UK,PJ,2024,Net,Forecast,Mar,1232834186,3.3663,-457567687,0.1559
UK,PJ,2024,Net,Forecast,Apr,199239879,0.1616,90509897,0.0252
UK,PJ,2024,Net,Forecast,May,1120056262,5.6216,429958218,0.1416
UK,PJ,2024,Net,Forecast,Jun,1122264449,1.002,21328612,0.1419
UK,PJ,2024,Net,Forecast,Jul,1064197685,0.9483,512303141,0.1346
UK,PJ,2024,Net,Forecast,Aug,426223384,0.4005,-315967101,0.0539
UK,PJ,2024,Net,Forecast,Sep,569841845,1.337,-168629259,0.0721
UK,PJ,2024,Net,Forecast,Oct,1386065559,2.4324,-332900591,0.1753
UK,PJ,2024,Net,Forecast,Nov,9713709,0.007,-14262195,0.0012
UK,PJ,2024,Net,Forecast,Dec,8629822,0.8884,-20884860,0.0011
UK,PJ,2024,Op,Actual,Jan,1374559742,,-672167601,0.1541
UK,PJ,2024,Op,Actual,Feb,1079661746,0.7855,-497380928,0.121
UK,PJ,2024,Op,Actual,Mar,243045112,0.2251,-2127412792,0.0272
UK,PJ,2024,Op,Actual,Apr,1375728746,5.6604,325965213,0.1542
UK,PJ,2024,Op,Actual,May,402476078,0.2926,-203423782,0.0451
UK,PJ,2024,Op,Actual,Jun,971034689,2.4127,30280900,0.1088
UK,PJ,2024,Op,Actual,Jul,636420205,0.6554,343063783,0.0713
UK,PJ,2024,Op,Actual,Aug,742369271,1.1665,-211654999,0.0832
UK,PJ,2024,Op,Actual,Sep,1508973210,2.0326,1479062884,0.1691
UK,PJ,2024,Op,Actual,Oct,357051720,0.2366,-1277098290,0.04
UK,PJ,2024,Op,Actual,Nov,170854579,0.4785,-316881200,0.0191
UK,PJ,2024,Op,Actual,Dec,60322657,0.3531,50007309,0.0068
UK,PJ,2024,Op,Budget,Jan,2046727343,,0,0.1706
UK,PJ,2024,Op,Budget,Feb,1577042674,0.7705,0,0.1314
UK,PJ,2024,Op,Budget,Mar,2370457904,1.5031,0,0.1975
UK,PJ,2024,Op,Budget,Apr,1049763533,0.4429,0,0.0875
UK,PJ,2024,Op,Budget,May,605899860,0.5772,0,0.0505
UK,PJ,2024,Op,Budget,Jun,940753789,1.5527,0,0.0784
UK,PJ,2024,Op,Budget,Jul,293356422,0.3118,0,0.0244
UK,PJ,2024,Op,Budget,Aug,954024270,3.2521,0,0.0795
UK,PJ,2024,Op,Budget,Sep,29910326,0.0314,0,0.0025
UK,PJ,2024,Op,Budget,Oct,1634150010,54.635,0,0.1362
UK,PJ,2024,Op,Budget,Nov,487735779,0.2985,0,0.0406
UK,PJ,2024,Op,Budget,Dec,10315348,0.0211,0,0.0009
UK,PJ,2024,Op,Forecast,Jan,796088800,,-1250638543,0.0755
UK,PJ,2024,Op,Forecast,Feb,927451410,1.165,-649591264,0.0879
UK,PJ,2024,Op,Forecast,Mar,1209494559,1.3041,-1160963345,0.1147
UK,PJ,2024,Op,Forecast,Apr,505281014,0.4178,-544482519,0.0479
UK,PJ,2024,Op,Forecast,May,1033187775,2.0448,427287915,0.098
UK,PJ,2024,Op,Forecast,Jun,428387728,0.4146,-512366061,0.0406
UK,PJ,2024,Op,Forecast,Jul,1333629005,3.1131,1040272583,0.1265
UK,PJ,2024,Op,Forecast,Aug,264364600,0.1982,-689659670,0.0251
UK,PJ,2024,Op,Forecast,Sep,1821558346,6.8903,1791648020,0.1727
UK,PJ,2024,Op,Forecast,Oct,1402111953,0.7697,-232038057,0.1329
UK,PJ,2024,Op,Forecast,Nov,792321014,0.5651,304585235,0.0751
UK,PJ,2024,Op,Forecast,Dec,32566237,0.0411,22250889,0.0031
UK,PJ,2025,Gross,Actual,Jan,2199560000,,-541036595,0.1275
UK,PJ,2025,Gross,Actual,Feb,2238960000,1.0179,-78854645,0.1298
UK,PJ,2025,Gross,Actual,Mar,1898410000,0.8479,238261854,0.1101
UK,PJ,2025,Gross,Actual,Apr,1643690000,0.8658,1513266077,0.0953
UK,PJ,2025,Gross,Actual,May,1458530000,0.8874,-549269009,0.0846
UK,PJ,2025,Gross,Actual,Jun,1180860000,0.8096,559283565,0.0685
UK,PJ,2025,Gross,Actual,Jul,1587570000,1.3444,-315694616,0.092
UK,PJ,2025,Gross,Actual,Aug,1099440000,0.6925,311875218,0.0637
UK,PJ,2025,Gross,Actual,Sep,1408950000,1.2815,1359856628,0.0817
UK,PJ,2025,Gross,Actual,Oct,1597170000,1.1336,839715664,0.0926
UK,PJ,2025,Gross,Actual,Nov,864580000,0.5413,-113071847,0.0501
UK,PJ,2025,Gross,Actual,Dec,71200000,0.0824,55126018,0.0041
UK,PJ,2025,Gross,Budget,Jan,2740596595,,0,0.1962
UK,PJ,2025,Gross,Budget,Feb,2317814645,0.8457,0,0.1659
UK,PJ,2025,Gross,Budget,Mar,1660148146,0.7163,0,0.1188
UK,PJ,2025,Gross,Budget,Apr,130423923,0.0786,0,0.0093
UK,PJ,2025,Gross,Budget,May,2007799009,15.3944,0,0.1437
UK,PJ,2025,Gross,Budget,Jun,621576435,0.3096,0,0.0445
UK,PJ,2025,Gross,Budget,Jul,1903264616,3.062,0,0.1362
UK,PJ,2025,Gross,Budget,Aug,787564782,0.4138,0,0.0564
UK,PJ,2025,Gross,Budget,Sep,49093372,0.0623,0,0.0035
UK,PJ,2025,Gross,Budget,Oct,757454336,15.4289,0,0.0542
UK,PJ,2025,Gross,Budget,Nov,977651847,1.2907,0,0.07
UK,PJ,2025,Gross,Budget,Dec,16073982,0.0164,0,0.0012
UK,PJ,2025,Gross,Forecast,Jan,411676126,,-2328920469,0.0518
UK,PJ,2025,Gross,Forecast,Feb,413053915,1.0033,-1904760730,0.052
UK,PJ,2025,Gross,Forecast,Mar,1790773846,4.3354,130625700,0.2255
UK,PJ,2025,Gross,Forecast,Apr,245268180,0.137,114844257,0.0309
UK,PJ,2025,Gross,Forecast,May,1143054548,4.6604,-864744461,0.144
UK,PJ,2025,Gross,Forecast,Jun,10840833,0.0095,-610735602,0.0014
UK,PJ,2025,Gross,Forecast,Jul,1484277549,136.9155,-418987067,0.1869
UK,PJ,2025,Gross,Forecast,Aug,1403055540,0.9453,615490758,0.1767
UK,PJ,2025,Gross,Forecast,Sep,25221188,0.018,-23872184,0.0032
UK,PJ,2025,Gross,Forecast,Oct,633821040,25.1305,-123633296,0.0798
UK,PJ,2025,Gross,Forecast,Nov,283272173,0.4469,-694379674,0.0357
UK,PJ,2025,Gross,Forecast,Dec,95850983,0.3384,79777001,0.0121
UK,PJ,2025,Net,Actual,Jan,1748290000,,-318217272,0.122
UK,PJ,2025,Net,Actual,Feb,1862820000,1.0655,40019793,0.13
UK,PJ,2025,Net,Actual,Mar,1630500000,0.8753,-115573637,0.1138
UK,PJ,2025,Net,Actual,Apr,1396940000,0.8568,1167666042,0.0975
UK,PJ,2025,Net,Actual,May,1211420000,0.8672,630837115,0.0845
UK,PJ,2025,Net,Actual,Jun,1040780000,0.8591,-271980226,0.0726
UK,PJ,2025,Net,Actual,Jul,1322200000,1.2704,1053152488,0.0923
UK,PJ,2025,Net,Actual,Aug,727870000,0.5505,-314937670,0.0508
UK,PJ,2025,Net,Actual,Sep,1269270000,1.7438,135925049,0.0886
UK,PJ,2025,Net,Actual,Oct,1428420000,1.1254,-334894923,0.0997
UK,PJ,2025,Net,Actual,Nov,608480000,0.426,593290375,0.0425
UK,PJ,2025,Net,Actual,Dec,81200000,0.1334,9482389,0.0057
UK,PJ,2025,Net,Budget,Jan,2066507272,,0,0.1714
UK,PJ,2025,Net,Budget,Feb,1822800207,0.8821,0,0.1512
UK,PJ,2025,Net,Budget,Mar,1746073637,0.9579,0,0.1449
UK,PJ,2025,Net,Budget,Apr,229273958,0.1313,0,0.019
UK,PJ,2025,Net,Budget,May,580582885,2.5323,0,0.0482
UK,PJ,2025,Net,Budget,Jun,1312760226,2.2611,0,0.1089
UK,PJ,2025,Net,Budget,Jul,269047512,0.2049,0,0.0223
UK,PJ,2025,Net,Budget,Aug,1042807670,3.8759,0,0.0865
UK,PJ,2025,Net,Budget,Sep,1133344951,1.0868,0,0.094
UK,PJ,2025,Net,Budget,Oct,1763314923,1.5559,0,0.1463
UK,PJ,2025,Net,Budget,Nov,15189625,0.0086,0,0.0013
UK,PJ,2025,Net,Budget,Dec,71717611,4.7215,0,0.0059
UK,PJ,2025,Net,Forecast,Jan,237585860,,-1828921412,0.0208
UK,PJ,2025,Net,Forecast,Feb,2406416634,10.1286,583616427,0.2106
UK,PJ,2025,Net,Forecast,Mar,489706781,0.2035,-1256366856,0.0429
UK,PJ,2025,Net,Forecast,Apr,539930114,1.1026,310656156,0.0472
UK,PJ,2025,Net,Forecast,May,1512054314,2.8005,931471429,0.1323
UK,PJ,2025,Net,Forecast,Jun,1237570365,0.8185,-75189861,0.1083
UK,PJ,2025,Net,Forecast,Jul,1381225884,1.1161,1112178372,0.1209
UK,PJ,2025,Net,Forecast,Aug,988285233,0.7155,-54522437,0.0865
UK,PJ,2025,Net,Forecast,Sep,1313411979,1.329,180067028,0.1149
UK,PJ,2025,Net,Forecast,Oct,715714557,0.5449,-1047600366,0.0626
UK,PJ,2025,Net,Forecast,Nov,572844969,0.8004,557655344,0.0501
UK,PJ,2025,Net,Forecast,Dec,32710113,0.0571,-39007498,0.0029
UK,PJ,2025,Op,Actual,Jan,1748290000,,1662010789,0.122
UK,PJ,2025,Op,Actual,Feb,1862820000,1.0655,-282426743,0.13
UK,PJ,2025,Op,Actual,Mar,1630500000,0.8753,283766764,0.1138
UK,PJ,2025,Op,Actual,Apr,1396940000,0.8568,597741707,0.0975
UK,PJ,2025,Op,Actual,May,1211420000,0.8672,-402208299,0.0845
UK,PJ,2025,Op,Actual,Jun,1040780000,0.8591,717035652,0.0726
UK,PJ,2025,Op,Actual,Jul,1322200000,1.2704,606197448,0.0923
UK,PJ,2025,Op,Actual,Aug,727870000,0.5505,30740044,0.0508
UK,PJ,2025,Op,Actual,Sep,1269270000,1.7438,-476497426,0.0886
UK,PJ,2025,Op,Actual,Oct,1428420000,1.1254,1086915580,0.0997
UK,PJ,2025,Op,Actual,Nov,608480000,0.426,314345613,0.0425
UK,PJ,2025,Op,Actual,Dec,81200000,0.1334,37706592,0.0057
UK,PJ,2025,Op,Budget,Jan,86279211,,0,0.0085
UK,PJ,2025,Op,Budget,Feb,2145246743,24.864,0,0.2113
UK,PJ,2025,Op,Budget,Mar,1346733236,0.6278,0,0.1326
UK,PJ,2025,Op,Budget,Apr,799198293,0.5934,0,0.0787
UK,PJ,2025,Op,Budget,May,1613628299,2.0191,0,0.1589
UK,PJ,2025,Op,Budget,Jun,323744348,0.2006,0,0.0319
UK,PJ,2025,Op,Budget,Jul,716002552,2.2116,0,0.0705
UK,PJ,2025,Op,Budget,Aug,697129956,0.9736,0,0.0687
UK,PJ,2025,Op,Budget,Sep,1745767426,2.5042,0,0.1719
UK,PJ,2025,Op,Budget,Oct,341504420,0.1956,0,0.0336
UK,PJ,2025,Op,Budget,Nov,294134387,0.8613,0,0.029
UK,PJ,2025,Op,Budget,Dec,43493408,0.1479,0,0.0043
UK,PJ,2025,Op,Forecast,Jan,623328260,,537049049,0.0577
UK,PJ,2025,Op,Forecast,Feb,396567666,0.6362,-1748679077,0.0367
UK,PJ,2025,Op,Forecast,Mar,647619661,1.6331,-699113575,0.0599
UK,PJ,2025,Op,Forecast,Apr,1615165858,2.494,815967565,0.1494
UK,PJ,2025,Op,Forecast,May,1100919572,0.6816,-512708727,0.1018
UK,PJ,2025,Op,Forecast,Jun,1057819348,0.9609,734075000,0.0979
UK,PJ,2025,Op,Forecast,Jul,302029669,0.2855,-413972883,0.0279
UK,PJ,2025,Op,Forecast,Aug,1034053797,3.4237,336923841,0.0957
UK,PJ,2025,Op,Forecast,Sep,1496730399,1.4474,-249037027,0.1385
UK,PJ,2025,Op,Forecast,Oct,1749751010,1.169,1408246590,0.1619
UK,PJ,2025,Op,Forecast,Nov,722073890,0.4127,427939503,0.0668
UK,PJ,2025,Op,Forecast,Dec,63834733,0.0884,20341325,0.0059
VN,CDE,2024,Gross,Actual,Jan,281789266,,-335425524,0.0505
VN,CDE,2024,Gross,Actual,Feb,125619245,0.4458,-242514551,0.0225
VN,CDE,2024,Gross,Actual,Mar,149218453,1.1879,-68385526,0.0267
VN,CDE,2024,Gross,Actual,Apr,1407738180,9.4341,47047399,0.2522
VN,CDE,2024,Gross,Actual,May,517878838,0.3679,-805771111,0.0928
VN,CDE,2024,Gross,Actual,Jun,562443680,1.0861,-1183351269,0.1008
VN,CDE,2024,Gross,Actual,Jul,306632736,0.5452,-60464514,0.0549
VN,CDE,2024,Gross,Actual,Aug,687788266,2.243,493881978,0.1232
VN,CDE,2024,Gross,Actual,Sep,578866655,0.8416,-260327071,0.1037
VN,CDE,2024,Gross,Actual,Oct,258398381,0.4464,93624732,0.0463
VN,CDE,2024,Gross,Actual,Nov,196867870,0.7619,151752714,0.0353
VN,CDE,2024,Gross,Actual,Dec,508092035,2.5809,-313799225,0.091
VN,CDE,2024,Gross,Budget,Jan,617214790,,0,0.0765
VN,CDE,2024,Gross,Budget,Feb,368133796,0.5964,0,0.0456
VN,CDE,2024,Gross,Budget,Mar,217603979,0.5911,0,0.027
VN,CDE,2024,Gross,Budget,Apr,1360690781,6.2531,0,0.1687
VN,CDE,2024,Gross,Budget,May,1323649949,0.9728,0,0.1641
VN,CDE,2024,Gross,Budget,Jun,1745794949,1.3189,0,0.2165
VN,CDE,2024,Gross,Budget,Jul,367097250,0.2103,0,0.0455
VN,CDE,2024,Gross,Budget,Aug,193906288,0.5282,0,0.024
VN,CDE,2024,Gross,Budget,Sep,839193726,4.3278,0,0.1041
VN,CDE,2024,Gross,Budget,Oct,164773649,0.1963,0,0.0204
VN,CDE,2024,Gross,Budget,Nov,45115156,0.2738,0,0.0056
VN,CDE,2024,Gross,Budget,Dec,821891260,18.2176,0,0.1019
VN,CDE,2024,Gross,Forecast,Jan,304120565,,-313094225,0.0315
VN,CDE,2024,Gross,Forecast,Feb,179112896,0.589,-189020900,0.0186
VN,CDE,2024,Gross,Forecast,Mar,1563092572,8.7269,1345488593,0.162
VN,CDE,2024,Gross,Forecast,Apr,1343622680,0.8596,-17068101,0.1392
VN,CDE,2024,Gross,Forecast,May,1680244352,1.2505,356594403,0.1741
VN,CDE,2024,Gross,Forecast,Jun,1879191157,1.1184,133396208,0.1947
VN,CDE,2024,Gross,Forecast,Jul,199551226,0.1062,-167546024,0.0207
VN,CDE,2024,Gross,Forecast,Aug,777172089,3.8946,583265801,0.0805
VN,CDE,2024,Gross,Forecast,Sep,889915898,1.1451,50722172,0.0922
VN,CDE,2024,Gross,Forecast,Oct,199887852,0.2246,35114203,0.0207
VN,CDE,2024,Gross,Forecast,Nov,261878585,1.3101,216763429,0.0271
VN,CDE,2024,Gross,Forecast,Dec,372934529,1.4241,-448956731,0.0386
VN,CDE,2024,Net,Actual,Jan,240974970,,-393184144,0.0319
VN,CDE,2024,Net,Actual,Feb,75027695,0.3114,-316346359,0.0099
VN,CDE,2024,Net,Actual,Mar,2044702475,27.2526,320063436,0.271
VN,CDE,2024,Net,Actual,Apr,211747834,0.1036,-351775170,0.0281
VN,CDE,2024,Net,Actual,May,1304270914,6.1595,-9291297,0.1729
VN,CDE,2024,Net,Actual,Jun,1130484522,0.8668,809721118,0.1498
VN,CDE,2024,Net,Actual,Jul,169876610,0.1503,-508978836,0.0225
VN,CDE,2024,Net,Actual,Aug,709991812,4.1795,118768260,0.0941
VN,CDE,2024,Net,Actual,Sep,848837093,1.1956,731007960,0.1125
VN,CDE,2024,Net,Actual,Oct,112976415,0.1331,-581467869,0.015
VN,CDE,2024,Net,Actual,Nov,255736701,2.2636,165611605,0.0339
VN,CDE,2024,Net,Actual,Dec,439542311,1.7187,-14712372,0.0583
VN,CDE,2024,Net,Budget,Jan,634159114,,0,0.0837
VN,CDE,2024,Net,Budget,Feb,391374054,0.6172,0,0.0517
VN,CDE,2024,Net,Budget,Mar,1724639039,4.4066,0,0.2277
VN,CDE,2024,Net,Budget,Apr,563523004,0.3267,0,0.0744
VN,CDE,2024,Net,Budget,May,1313562211,2.331,0,0.1734
VN,CDE,2024,Net,Budget,Jun,320763404,0.2442,0,0.0423
VN,CDE,2024,Net,Budget,Jul,678855446,2.1164,0,0.0896
VN,CDE,2024,Net,Budget,Aug,591223552,0.8709,0,0.0781
VN,CDE,2024,Net,Budget,Sep,117829133,0.1993,0,0.0156
VN,CDE,2024,Net,Budget,Oct,694444284,5.8937,0,0.0917
VN,CDE,2024,Net,Budget,Nov,90125096,0.1298,0,0.0119
VN,CDE,2024,Net,Budget,Dec,454254683,5.0403,0,0.06
VN,CDE,2024,Net,Forecast,Jan,406076527,,-228082587,0.0494
VN,CDE,2024,Net,Forecast,Feb,257285234,0.6336,-134088820,0.0313
VN,CDE,2024,Net,Forecast,Mar,2087403105,8.1132,362764066,0.2537
VN,CDE,2024,Net,Forecast,Apr,1334537627,0.6393,771014623,0.1622
VN,CDE,2024,Net,Forecast,May,1137982384,0.8527,-175579827,0.1383
VN,CDE,2024,Net,Forecast,Jun,1414707194,1.2432,1093943790,0.172
VN,CDE,2024,Net,Forecast,Jul,735723969,0.5201,56868523,0.0894
VN,CDE,2024,Net,Forecast,Aug,335993035,0.4567,-255230517,0.0408
VN,CDE,2024,Net,Forecast,Sep,200857487,0.5978,83028354,0.0244
VN,CDE,2024,Net,Forecast,Oct,131987895,0.6571,-562456389,0.016
VN,CDE,2024,Net,Forecast,Nov,105189107,0.797,15064011,0.0128
VN,CDE,2024,Net,Forecast,Dec,79535740,0.7561,-374718943,0.0097
VN,CDE,2024,Op,Actual,Jan,256632839,,130574387,0.0407
VN,CDE,2024,Op,Actual,Feb,283205650,1.1035,137910740,0.0449
VN,CDE,2024,Op,Actual,Mar,244450490,0.8632,-1756435535,0.0388
VN,CDE,2024,Op,Actual,Apr,330549513,1.3522,-101147228,0.0524
VN,CDE,2024,Op,Actual,May,803074384,2.4295,551804591,0.1274
VN,CDE,2024,Op,Actual,Jun,1450882439,1.8067,1313907345,0.2302
VN,CDE,2024,Op,Actual,Jul,797017289,0.5493,138797912,0.1264
VN,CDE,2024,Op,Actual,Aug,823903399,1.0337,740069310,0.1307
VN,CDE,2024,Op,Actual,Sep,606160137,0.7357,430638761,0.0962
VN,CDE,2024,Op,Actual,Oct,427926635,0.706,84595173,0.0679
VN,CDE,2024,Op,Actual,Nov,183511537,0.4288,49984053,0.0291
VN,CDE,2024,Op,Actual,Dec,96521342,0.526,209751,0.0153
VN,CDE,2024,Op,Budget,Jan,126058452,,0,0.0275
VN,CDE,2024,Op,Budget,Feb,145294910,1.1526,0,0.0317
VN,CDE,2024,Op,Budget,Mar,2000886025,13.7712,0,0.4366
VN,CDE,2024,Op,Budget,Apr,431696741,0.2158,0,0.0942
VN,CDE,2024,Op,Budget,May,251269793,0.5821,0,0.0548
VN,CDE,2024,Op,Budget,Jun,136975094,0.5451,0,0.0299
VN,CDE,2024,Op,Budget,Jul,658219377,4.8054,0,0.1436
VN,CDE,2024,Op,Budget,Aug,83834089,0.1274,0,0.0183
VN,CDE,2024,Op,Budget,Sep,175521376,2.0937,0,0.0383
VN,CDE,2024,Op,Budget,Oct,343331462,1.9561,0,0.0749
VN,CDE,2024,Op,Budget,Nov,133527484,0.3889,0,0.0291
VN,CDE,2024,Op,Budget,Dec,96311591,0.7213,0,0.021
VN,CDE,2024,Op,Forecast,Jan,98557465,,-27500987,0.0157
VN,CDE,2024,Op,Forecast,Feb,181045648,1.837,35750738,0.0288
VN,CDE,2024,Op,Forecast,Mar,378603371,2.0912,-1622282654,0.0602
VN,CDE,2024,Op,Forecast,Apr,933287745,2.4651,501591004,0.1483
VN,CDE,2024,Op,Forecast,May,1374213999,1.4724,1122944206,0.2184
VN,CDE,2024,Op,Forecast,Jun,184191252,0.134,47216158,0.0293
VN,CDE,2024,Op,Forecast,Jul,678222359,3.6822,20002982,0.1078
VN,CDE,2024,Op,Forecast,Aug,625545773,0.9223,541711684,0.0994
VN,CDE,2024,Op,Forecast,Sep,398548920,0.6371,223027544,0.0633
VN,CDE,2024,Op,Forecast,Oct,450786933,1.1311,107455471,0.0716
VN,CDE,2024,Op,Forecast,Nov,308080590,0.6834,174553106,0.049
VN,CDE,2024,Op,Forecast,Dec,681457356,2.2119,585145765,0.1083
VN,CDE,2025,Gross,Actual,Jan,38892877,,-340439416,0.0044
VN,CDE,2025,Gross,Actual,Feb,193479983,4.9747,-320007014,0.0221
VN,CDE,2025,Gross,Actual,Mar,1023342507,5.2891,141394971,0.117
VN,CDE,2025,Gross,Actual,Apr,2861270917,2.796,301610099,0.3272
VN,CDE,2025,Gross,Actual,May,149865937,0.0524,-1447153744,0.0171
VN,CDE,2025,Gross,Actual,Jun,1538571778,10.2663,147469522,0.1759
VN,CDE,2025,Gross,Actual,Jul,739924809,0.4809,634484182,0.0846
VN,CDE,2025,Gross,Actual,Aug,660607830,0.8928,59233884,0.0755
VN,CDE,2025,Gross,Actual,Sep,495387208,0.7499,-76135115,0.0566
VN,CDE,2025,Gross,Actual,Oct,177120992,0.3575,9626511,0.0203
VN,CDE,2025,Gross,Actual,Nov,162790422,0.9191,-89242786,0.0186
VN,CDE,2025,Gross,Actual,Dec,703782943,4.3232,-74959773,0.0805
VN,CDE,2025,Gross,Budget,Jan,379332293,,0,0.0387
VN,CDE,2025,Gross,Budget,Feb,513486997,1.3537,0,0.0524
VN,CDE,2025,Gross,Budget,Mar,881947536,1.7176,0,0.09
VN,CDE,2025,Gross,Budget,Apr,2559660818,2.9023,0,0.2612
VN,CDE,2025,Gross,Budget,May,1597019681,0.6239,0,0.163
VN,CDE,2025,Gross,Budget,Jun,1391102256,0.8711,0,0.142
VN,CDE,2025,Gross,Budget,Jul,105440627,0.0758,0,0.0108
VN,CDE,2025,Gross,Budget,Aug,601373946,5.7034,0,0.0614
VN,CDE,2025,Gross,Budget,Sep,571522323,0.9504,0,0.0583
VN,CDE,2025,Gross,Budget,Oct,167494481,0.2931,0,0.0171
VN,CDE,2025,Gross,Budget,Nov,252033208,1.5047,0,0.0257
VN,CDE,2025,Gross,Budget,Dec,778742716,3.0898,0,0.0795
VN,CDE,2025,Gross,Forecast,Jan,46265145,,-333067148,0.0055
VN,CDE,2025,Gross,Forecast,Feb,382472930,8.267,-131014067,0.0454
VN,CDE,2025,Gross,Forecast,Mar,1658501904,4.3363,776554368,0.1967
VN,CDE,2025,Gross,Forecast,Apr,2023976081,1.2204,-535684737,0.24
VN,CDE,2025,Gross,Forecast,May,1296975265,0.6408,-300044416,0.1538
VN,CDE,2025,Gross,Forecast,Jun,990123420,0.7634,-400978836,0.1174
VN,CDE,2025,Gross,Forecast,Jul,444122262,0.4486,338681635,0.0527
VN,CDE,2025,Gross,Forecast,Aug,182699257,0.4114,-418674689,0.0217
VN,CDE,2025,Gross,Forecast,Sep,332935015,1.8223,-238587308,0.0395
VN,CDE,2025,Gross,Forecast,Oct,38899215,0.1168,-128595266,0.0046
VN,CDE,2025,Gross,Forecast,Nov,280820597,7.2192,28787389,0.0333
VN,CDE,2025,Gross,Forecast,Dec,755185127,2.6892,-23557589,0.0896
VN,CDE,2025,Net,Actual,Jan,684723133,,244736763,0.0833
VN,CDE,2025,Net,Actual,Feb,508326248,0.7424,474806989,0.0618
VN,CDE,2025,Net,Actual,Mar,2193851271,4.3158,-142392855,0.2668
VN,CDE,2025,Net,Actual,Apr,92321378,0.0421,-131515908,0.0112
VN,CDE,2025,Net,Actual,May,278819427,3.0201,147138017,0.0339
VN,CDE,2025,Net,Actual,Jun,1365474033,4.8973,461462918,0.166
VN,CDE,2025,Net,Actual,Jul,752534229,0.5511,545675178,0.0915
VN,CDE,2025,Net,Actual,Aug,831722110,1.1052,748853402,0.1011
VN,CDE,2025,Net,Actual,Sep,602059104,0.7239,-4998503,0.0732
VN,CDE,2025,Net,Actual,Oct,17854852,0.0297,-560001790,0.0022
VN,CDE,2025,Net,Actual,Nov,213685721,11.9679,176841048,0.026
VN,CDE,2025,Net,Actual,Dec,681971357,3.1915,-254206382,0.0829
VN,CDE,2025,Net,Budget,Jan,439986370,,0,0.0675
VN,CDE,2025,Net,Budget,Feb,33519259,0.0762,0,0.0051
VN,CDE,2025,Net,Budget,Mar,2336244126,69.6986,0,0.3585
VN,CDE,2025,Net,Budget,Apr,223837286,0.0958,0,0.0343
VN,CDE,2025,Net,Budget,May,131681410,0.5883,0,0.0202
VN,CDE,2025,Net,Budget,Jun,904011115,6.8651,0,0.1387
VN,CDE,2025,Net,Budget,Jul,206859051,0.2288,0,0.0317
VN,CDE,2025,Net,Budget,Aug,82868708,0.4006,0,0.0127
VN,CDE,2025,Net,Budget,Sep,607057607,7.3255,0,0.0932
VN,CDE,2025,Net,Budget,Oct,577856642,0.9519,0,0.0887
VN,CDE,2025,Net,Budget,Nov,36844673,0.0638,0,0.0057
VN,CDE,2025,Net,Budget,Dec,936177739,25.4088,0,0.1437
VN,CDE,2025,Net,Forecast,Jan,400940514,,-39045856,0.0511
VN,CDE,2025,Net,Forecast,Feb,535001731,1.3344,501482472,0.0681
VN,CDE,2025,Net,Forecast,Mar,2612126947,4.8825,275882821,0.3327
VN,CDE,2025,Net,Forecast,Apr,44552520,0.0171,-179284766,0.0057
VN,CDE,2025,Net,Forecast,May,1193388377,26.7861,1061706967,0.152
VN,CDE,2025,Net,Forecast,Jun,1361964126,1.1413,457953011,0.1735
VN,CDE,2025,Net,Forecast,Jul,138793230,0.1019,-68065821,0.0177
VN,CDE,2025,Net,Forecast,Aug,759666207,5.4734,676797499,0.0967
VN,CDE,2025,Net,Forecast,Sep,278656242,0.3668,-328401365,0.0355
VN,CDE,2025,Net,Forecast,Oct,306781559,1.1009,-271075083,0.0391
VN,CDE,2025,Net,Forecast,Nov,133521706,0.4352,96677033,0.017
VN,CDE,2025,Net,Forecast,Dec,86780096,0.6499,-849397643,0.0111
VN,CDE,2025,Op,Actual,Jan,245264157,,53265209,0.0404
VN,CDE,2025,Op,Actual,Feb,345066711,1.4069,196196316,0.0568
VN,CDE,2025,Op,Actual,Mar,702818280,2.0368,-209596971,0.1158
VN,CDE,2025,Op,Actual,Apr,1669864606,2.376,-374561708,0.2751
VN,CDE,2025,Op,Actual,May,395006307,0.2365,3330432,0.0651
VN,CDE,2025,Op,Actual,Jun,190104474,0.4813,-611052301,0.0313
VN,CDE,2025,Op,Actual,Jul,641262223,3.3732,-170210829,0.1056
VN,CDE,2025,Op,Actual,Aug,522361368,0.8146,264170774,0.0861
VN,CDE,2025,Op,Actual,Sep,679784591,1.3014,247605059,0.112
VN,CDE,2025,Op,Actual,Oct,57979907,0.0853,-508221900,0.0096
VN,CDE,2025,Op,Actual,Nov,212558118,3.6661,-8807409,0.035
VN,CDE,2025,Op,Actual,Dec,407791848,1.9185,147763916,0.0672
VN,CDE,2025,Op,Budget,Jan,191998948,,0,0.0273
VN,CDE,2025,Op,Budget,Feb,148870395,0.7754,0,0.0211
VN,CDE,2025,Op,Budget,Mar,912415251,6.1289,0,0.1296
VN,CDE,2025,Op,Budget,Apr,2044426314,2.2407,0,0.2904
VN,CDE,2025,Op,Budget,May,391675875,0.1916,0,0.0556
VN,CDE,2025,Op,Budget,Jun,801156775,2.0455,0,0.1138
VN,CDE,2025,Op,Budget,Jul,811473052,1.0129,0,0.1153
VN,CDE,2025,Op,Budget,Aug,258190594,0.3182,0,0.0367
VN,CDE,2025,Op,Budget,Sep,432179532,1.6739,0,0.0614
VN,CDE,2025,Op,Budget,Oct,566201807,1.3101,0,0.0804
VN,CDE,2025,Op,Budget,Nov,221365527,0.391,0,0.0314
VN,CDE,2025,Op,Budget,Dec,260027932,1.1747,0,0.0369
VN,CDE,2025,Op,Forecast,Jan,305287623,,113288675,0.0406
VN,CDE,2025,Op,Forecast,Feb,579264500,1.8974,430394105,0.0771
VN,CDE,2025,Op,Forecast,Mar,1460090000,2.5206,547674749,0.1943
VN,CDE,2025,Op,Forecast,Apr,1780173671,1.2192,-264252643,0.2369
VN,CDE,2025,Op,Forecast,May,794097903,0.4461,402422028,0.1057
VN,CDE,2025,Op,Forecast,Jun,266474551,0.3356,-534682224,0.0355
VN,CDE,2025,Op,Forecast,Jul,224248065,0.8415,-587224987,0.0298
VN,CDE,2025,Op,Forecast,Aug,854407260,3.8101,596216666,0.1137
VN,CDE,2025,Op,Forecast,Sep,409215517,0.4789,-22964015,0.0545
VN,CDE,2025,Op,Forecast,Oct,354549427,0.8664,-211652380,0.0472
VN,CDE,2025,Op,Forecast,Nov,10243696,0.0289,-211121831,0.0014
VN,CDE,2025,Op,Forecast,Dec,476595156,46.5257,216567224,0.0634
VN,PJ,2024,Gross,Actual,Jan,214948567,,-373289317,0.0406
VN,PJ,2024,Gross,Actual,Feb,4216965,0.0196,-633300400,0.0008
VN,PJ,2024,Gross,Actual,Mar,888320736,210.654,-1033008169,0.1677
VN,PJ,2024,Gross,Actual,Apr,735268770,0.8277,-1136863857,0.1388
VN,PJ,2024,Gross,Actual,May,928662404,1.263,-198685878,0.1753
VN,PJ,2024,Gross,Actual,Jun,370789879,0.3993,277525417,0.07
VN,PJ,2024,Gross,Actual,Jul,630516287,1.7005,559261444,0.1191
VN,PJ,2024,Gross,Actual,Aug,474361960,0.7523,85461724,0.0896
VN,PJ,2024,Gross,Actual,Sep,493779215,1.0409,95303181,0.0932
VN,PJ,2024,Gross,Actual,Oct,232832927,0.4715,-293698343,0.044
VN,PJ,2024,Gross,Actual,Nov,25725847,0.1105,-243147269,0.0049
VN,PJ,2024,Gross,Actual,Dec,296725512,11.5341,-231824394,0.056
VN,PJ,2024,Gross,Budget,Jan,588237884,,0,0.0698
VN,PJ,2024,Gross,Budget,Feb,637517365,1.0838,0,0.0757
VN,PJ,2024,Gross,Budget,Mar,1921328905,3.0138,0,0.2281
VN,PJ,2024,Gross,Budget,Apr,1872132627,0.9744,0,0.2223
VN,PJ,2024,Gross,Budget,May,1127348282,0.6022,0,0.1339
VN,PJ,2024,Gross,Budget,Jun,93264462,0.0827,0,0.0111
VN,PJ,2024,Gross,Budget,Jul,71254843,0.764,0,0.0085
VN,PJ,2024,Gross,Budget,Aug,388900236,5.4579,0,0.0462
VN,PJ,2024,Gross,Budget,Sep,398476034,1.0246,0,0.0473
VN,PJ,2024,Gross,Budget,Oct,526531270,1.3214,0,0.0625
VN,PJ,2024,Gross,Budget,Nov,268873116,0.5106,0,0.0319
VN,PJ,2024,Gross,Budget,Dec,528549906,1.9658,0,0.0628
VN,PJ,2024,Gross,Forecast,Jan,695360124,,107122240,0.0663
VN,PJ,2024,Gross,Forecast,Feb,718938370,1.0339,81421005,0.0685
VN,PJ,2024,Gross,Forecast,Mar,2589915519,3.6024,668586614,0.2468
VN,PJ,2024,Gross,Forecast,Apr,2434612596,0.94,562479969,0.232
VN,PJ,2024,Gross,Forecast,May,571688304,0.2348,-555659978,0.0545
VN,PJ,2024,Gross,Forecast,Jun,1337837426,2.3402,1244572964,0.1275
VN,PJ,2024,Gross,Forecast,Jul,256030231,0.1914,184775388,0.0244
VN,PJ,2024,Gross,Forecast,Aug,786864285,3.0733,397964049,0.075
VN,PJ,2024,Gross,Forecast,Sep,432500614,0.5497,34024580,0.0412
VN,PJ,2024,Gross,Forecast,Oct,577519834,1.3353,50988564,0.055
VN,PJ,2024,Gross,Forecast,Nov,22426632,0.0388,-246446484,0.0021
VN,PJ,2024,Gross,Forecast,Dec,69953054,3.1192,-458596852,0.0067
VN,PJ,2024,Net,Actual,Jan,478405982,,64798102,0.0644
VN,PJ,2024,Net,Actual,Feb,51726066,0.1081,27974278,0.007
VN,PJ,2024,Net,Actual,Mar,2146365117,41.4948,1710622156,0.2888
VN,PJ,2024,Net,Actual,Apr,1658889172,0.7729,1437214504,0.2232
VN,PJ,2024,Net,Actual,May,208845992,0.1259,92451113,0.0281
VN,PJ,2024,Net,Actual,Jun,315719854,1.5117,-1593425236,0.0425
VN,PJ,2024,Net,Actual,Jul,471529959,1.4935,-179574846,0.0634
VN,PJ,2024,Net,Actual,Aug,779461364,1.653,413306067,0.1049
VN,PJ,2024,Net,Actual,Sep,213457085,0.2739,-79896777,0.0287
VN,PJ,2024,Net,Actual,Oct,479872254,2.2481,155419700,0.0646
VN,PJ,2024,Net,Actual,Nov,249007629,0.5189,113268798,0.0335
VN,PJ,2024,Net,Actual,Dec,378355026,1.5195,-461956740,0.0509
VN,PJ,2024,Net,Budget,Jan,413607880,,0,0.0722
VN,PJ,2024,Net,Budget,Feb,23751788,0.0574,0,0.0041
VN,PJ,2024,Net,Budget,Mar,435742961,18.3457,0,0.076
VN,PJ,2024,Net,Budget,Apr,221674668,0.5087,0,0.0387
VN,PJ,2024,Net,Budget,May,116394879,0.5251,0,0.0203
VN,PJ,2024,Net,Budget,Jun,1909145090,16.4023,0,0.3331
VN,PJ,2024,Net,Budget,Jul,651104805,0.341,0,0.1136
VN,PJ,2024,Net,Budget,Aug,366155297,0.5624,0,0.0639
VN,PJ,2024,Net,Budget,Sep,293353862,0.8012,0,0.0512
VN,PJ,2024,Net,Budget,Oct,324452554,1.106,0,0.0566
VN,PJ,2024,Net,Budget,Nov,135738831,0.4184,0,0.0237
VN,PJ,2024,Net,Budget,Dec,840311766,6.1907,0,0.1466
VN,PJ,2024,Net,Forecast,Jan,754980107,,341372227,0.0872
VN,PJ,2024,Net,Forecast,Feb,183849627,0.2435,160097839,0.0212
VN,PJ,2024,Net,Forecast,Mar,624056388,3.3944,188313427,0.0721
VN,PJ,2024,Net,Forecast,Apr,2847575959,4.563,2625901291,0.3288
VN,PJ,2024,Net,Forecast,May,363661815,0.1277,247266936,0.042
VN,PJ,2024,Net,Forecast,Jun,1468597157,4.0384,-440547933,0.1696
VN,PJ,2024,Net,Forecast,Jul,126186859,0.0859,-524917946,0.0146
VN,PJ,2024,Net,Forecast,Aug,467708122,3.7065,101552825,0.054
VN,PJ,2024,Net,Forecast,Sep,469166978,1.0031,175813116,0.0542
VN,PJ,2024,Net,Forecast,Oct,527164960,1.1236,202712406,0.0609
VN,PJ,2024,Net,Forecast,Nov,11974750,0.0227,-123764081,0.0014
VN,PJ,2024,Net,Forecast,Dec,814755965,68.0395,-25555801,0.0941
VN,PJ,2024,Op,Actual,Jan,647573208,,328191528,0.0674
VN,PJ,2024,Op,Actual,Feb,442258788,0.6829,354767998,0.0461
VN,PJ,2024,Op,Actual,Mar,2436436858,5.5091,1941140934,0.2537
VN,PJ,2024,Op,Actual,Apr,2844103390,1.1673,2295963990,0.2962
VN,PJ,2024,Op,Actual,May,158124242,0.0556,-1354817475,0.0165
VN,PJ,2024,Op,Actual,Jun,769858797,4.8687,-331674836,0.0802
VN,PJ,2024,Op,Actual,Jul,564841066,0.7337,-251010216,0.0588
VN,PJ,2024,Op,Actual,Aug,324250669,0.5741,81676589,0.0338
VN,PJ,2024,Op,Actual,Sep,898805379,2.7719,435167863,0.0936
VN,PJ,2024,Op,Actual,Oct,189410392,0.2107,-209070238,0.0197
VN,PJ,2024,Op,Actual,Nov,182721216,0.9647,74994383,0.019
VN,PJ,2024,Op,Actual,Dec,144744171,0.7922,-755496523,0.0151
VN,PJ,2024,Op,Budget,Jan,319381680,,0,0.0457
VN,PJ,2024,Op,Budget,Feb,87490790,0.2739,0,0.0125
VN,PJ,2024,Op,Budget,Mar,495295924,5.6611,0,0.0708
VN,PJ,2024,Op,Budget,Apr,548139400,1.1067,0,0.0784
VN,PJ,2024,Op,Budget,May,1512941717,2.7601,0,0.2163
VN,PJ,2024,Op,Budget,Jun,1101533633,0.7281,0,0.1575
VN,PJ,2024,Op,Budget,Jul,815851282,0.7407,0,0.1167
VN,PJ,2024,Op,Budget,Aug,242574080,0.2973,0,0.0347
VN,PJ,2024,Op,Budget,Sep,463637516,1.9113,0,0.0663
VN,PJ,2024,Op,Budget,Oct,398480630,0.8595,0,0.057
VN,PJ,2024,Op,Budget,Nov,107726833,0.2703,0,0.0154
VN,PJ,2024,Op,Budget,Dec,900240694,8.3567,0,0.1287
VN,PJ,2024,Op,Forecast,Jan,625331971,,305950291,0.0723
VN,PJ,2024,Op,Forecast,Feb,281920854,0.4508,194430064,0.0326
VN,PJ,2024,Op,Forecast,Mar,2072068965,7.3498,1576773041,0.2396
VN,PJ,2024,Op,Forecast,Apr,1251756837,0.6041,703617437,0.1447
VN,PJ,2024,Op,Forecast,May,1384590010,1.1061,-128351707,0.1601
VN,PJ,2024,Op,Forecast,Jun,1631857796,1.1786,530324163,0.1887
VN,PJ,2024,Op,Forecast,Jul,523841102,0.321,-292010180,0.0606
VN,PJ,2024,Op,Forecast,Aug,550643141,1.0512,308069061,0.0637
VN,PJ,2024,Op,Forecast,Sep,14108857,0.0256,-449528659,0.0016
VN,PJ,2024,Op,Forecast,Oct,59028894,4.1838,-339451736,0.0068
VN,PJ,2024,Op,Forecast,Nov,223365767,3.784,115638934,0.0258
VN,PJ,2024,Op,Forecast,Dec,30720352,0.1375,-869520342,0.0036
VN,PJ,2025,Gross,Actual,Jan,534960000,,93124019,0.0505
VN,PJ,2025,Gross,Actual,Feb,517750000,0.9678,153815361,0.0489
VN,PJ,2025,Gross,Actual,Mar,1849300000,3.5718,1384199609,0.1745
VN,PJ,2025,Gross,Actual,Apr,2057740000,1.1127,1517495964,0.1942
VN,PJ,2025,Gross,Actual,May,1141370000,0.5547,564111423,0.1077
VN,PJ,2025,Gross,Actual,Jun,1318019100,1.1548,850492762,0.1244
VN,PJ,2025,Gross,Actual,Jul,564710000,0.4285,11799911,0.0533
VN,PJ,2025,Gross,Actual,Aug,595450000,1.0544,294166036,0.0562
VN,PJ,2025,Gross,Actual,Sep,651005400,1.0933,-44339546,0.0614
VN,PJ,2025,Gross,Actual,Oct,514013100,0.7896,281869516,0.0485
VN,PJ,2025,Gross,Actual,Nov,215317000,0.4189,-2635747,0.0203
VN,PJ,2025,Gross,Actual,Dec,636336300,2.9553,-6262585,0.0601
VN,PJ,2025,Gross,Budget,Jan,441835981,,0,0.0804
VN,PJ,2025,Gross,Budget,Feb,363934639,0.8237,0,0.0662
VN,PJ,2025,Gross,Budget,Mar,465100391,1.278,0,0.0846
VN,PJ,2025,Gross,Budget,Apr,540244036,1.1616,0,0.0983
VN,PJ,2025,Gross,Budget,May,577258577,1.0685,0,0.105
VN,PJ,2025,Gross,Budget,Jun,467526338,0.8099,0,0.085
VN,PJ,2025,Gross,Budget,Jul,552910089,1.1826,0,0.1006
VN,PJ,2025,Gross,Budget,Aug,301283964,0.5449,0,0.0548
VN,PJ,2025,Gross,Budget,Sep,695344946,2.3079,0,0.1265
VN,PJ,2025,Gross,Budget,Oct,232143584,0.3339,0,0.0422
VN,PJ,2025,Gross,Budget,Nov,217952747,0.9389,0,0.0396
VN,PJ,2025,Gross,Budget,Dec,642598885,2.9483,0,0.1169
VN,PJ,2025,Gross,Forecast,Jan,275728336,,-166107645,0.0403
VN,PJ,2025,Gross,Forecast,Feb,446730076,1.6202,82795437,0.0654
VN,PJ,2025,Gross,Forecast,Mar,121157074,0.2712,-343943317,0.0177
VN,PJ,2025,Gross,Forecast,Apr,1987068926,16.4008,1446824890,0.2908
VN,PJ,2025,Gross,Forecast,May,157931827,0.0795,-419326750,0.0231
VN,PJ,2025,Gross,Forecast,Jun,1418536502,8.982,951010164,0.2076
VN,PJ,2025,Gross,Forecast,Jul,217604267,0.1534,-335305822,0.0318
VN,PJ,2025,Gross,Forecast,Aug,160660110,0.7383,-140623854,0.0235
VN,PJ,2025,Gross,Forecast,Sep,949490552,5.9099,254145606,0.1389
VN,PJ,2025,Gross,Forecast,Oct,732927743,0.7719,500784159,0.1073
VN,PJ,2025,Gross,Forecast,Nov,169337275,0.231,-48615472,0.0248
VN,PJ,2025,Gross,Forecast,Dec,196388363,1.1597,-446210522,0.0287
VN,PJ,2025,Net,Actual,Jan,521590000,,500698533,0.05
VN,PJ,2025,Net,Actual,Feb,504800000,0.9678,248020873,0.0484
VN,PJ,2025,Net,Actual,Mar,1845170000,3.6552,413343543,0.177
VN,PJ,2025,Net,Actual,Apr,2006300000,1.0873,1200762188,0.1924
VN,PJ,2025,Net,Actual,May,1112840000,0.5547,80706193,0.1067
VN,PJ,2025,Net,Actual,Jun,1297969400,1.1664,-108259365,0.1245
VN,PJ,2025,Net,Actual,Jul,556240000,0.4285,372657989,0.0534
VN,PJ,2025,Net,Actual,Aug,586520000,1.0544,-156993573,0.0563
VN,PJ,2025,Net,Actual,Sep,646853400,1.1029,208869423,0.062
VN,PJ,2025,Net,Actual,Oct,506302800,0.7827,314165192,0.0486
VN,PJ,2025,Net,Actual,Nov,212087300,0.4189,3513895,0.0203
VN,PJ,2025,Net,Actual,Dec,629267300,2.967,243611528,0.0604
VN,PJ,2025,Net,Budget,Jan,20891467,,0,0.0029
VN,PJ,2025,Net,Budget,Feb,256779127,12.2911,0,0.0361
VN,PJ,2025,Net,Budget,Mar,1431826457,5.5761,0,0.2015
VN,PJ,2025,Net,Budget,Apr,805537812,0.5626,0,0.1134
VN,PJ,2025,Net,Budget,May,1032133807,1.2813,0,0.1453
VN,PJ,2025,Net,Budget,Jun,1406228765,1.3624,0,0.1979
VN,PJ,2025,Net,Budget,Jul,183582011,0.1305,0,0.0258
VN,PJ,2025,Net,Budget,Aug,743513573,4.05,0,0.1046
VN,PJ,2025,Net,Budget,Sep,437983977,0.5891,0,0.0616
VN,PJ,2025,Net,Budget,Oct,192137608,0.4387,0,0.027
VN,PJ,2025,Net,Budget,Nov,208573405,1.0855,0,0.0294
VN,PJ,2025,Net,Budget,Dec,385655772,1.849,0,0.0543
VN,PJ,2025,Net,Forecast,Jan,394983388,,374091921,0.0466
VN,PJ,2025,Net,Forecast,Feb,458832105,1.1616,202052978,0.0541
VN,PJ,2025,Net,Forecast,Mar,653119612,1.4234,-778706845,0.077
VN,PJ,2025,Net,Forecast,Apr,2012539492,3.0814,1207001680,0.2373
VN,PJ,2025,Net,Forecast,May,1291875950,0.6419,259742143,0.1523
VN,PJ,2025,Net,Forecast,Jun,730981271,0.5658,-675247494,0.0862
VN,PJ,2025,Net,Forecast,Jul,743619455,1.0173,560037444,0.0877
VN,PJ,2025,Net,Forecast,Aug,453566143,0.6099,-289947430,0.0535
VN,PJ,2025,Net,Forecast,Sep,522324471,1.1516,84340494,0.0616
VN,PJ,2025,Net,Forecast,Oct,119392593,0.2286,-72745015,0.0141
VN,PJ,2025,Net,Forecast,Nov,274312124,2.2976,65738719,0.0323
VN,PJ,2025,Net,Forecast,Dec,825892869,3.0108,440237097,0.0974
VN,PJ,2025,Op,Actual,Jan,521590000,,-49377552,0.05
VN,PJ,2025,Op,Actual,Feb,504800000,0.9678,400080879,0.0484
VN,PJ,2025,Op,Actual,Mar,1845170000,3.6552,324618472,0.177
VN,PJ,2025,Op,Actual,Apr,2006300000,1.0873,1213585808,0.1924
VN,PJ,2025,Op,Actual,May,1112840000,0.5547,243535891,0.1067
VN,PJ,2025,Op,Actual,Jun,1297969400,1.1664,-438453287,0.1245
VN,PJ,2025,Op,Actual,Jul,556240000,0.4285,389254733,0.0534
VN,PJ,2025,Op,Actual,Aug,586520000,1.0544,-274680639,0.0563
VN,PJ,2025,Op,Actual,Sep,646853400,1.1029,643529664,0.062
VN,PJ,2025,Op,Actual,Oct,506302800,0.7827,-135218119,0.0486
VN,PJ,2025,Op,Actual,Nov,212087300,0.4189,203405745,0.0203
VN,PJ,2025,Op,Actual,Dec,629267300,2.967,-261302070,0.0604
VN,PJ,2025,Op,Budget,Jan,570967552,,0,0.0699
VN,PJ,2025,Op,Budget,Feb,104719121,0.1834,0,0.0128
VN,PJ,2025,Op,Budget,Mar,1520551528,14.5203,0,0.1862
VN,PJ,2025,Op,Budget,Apr,792714192,0.5213,0,0.0971
VN,PJ,2025,Op,Budget,May,869304109,1.0966,0,0.1064
VN,PJ,2025,Op,Budget,Jun,1736422687,1.9975,0,0.2126
VN,PJ,2025,Op,Budget,Jul,166985267,0.0962,0,0.0204
VN,PJ,2025,Op,Budget,Aug,861200639,5.1573,0,0.1054
VN,PJ,2025,Op,Budget,Sep,3323736,0.0039,0,0.0004
VN,PJ,2025,Op,Budget,Oct,641520919,193.012,0,0.0786
VN,PJ,2025,Op,Budget,Nov,8681555,0.0135,0,0.0011
VN,PJ,2025,Op,Budget,Dec,890569370,102.5818,0,0.109
VN,PJ,2025,Op,Forecast,Jan,543989454,,-26978098,0.0667
VN,PJ,2025,Op,Forecast,Feb,404395316,0.7434,299676195,0.0496
VN,PJ,2025,Op,Forecast,Mar,2077334482,5.1369,556782954,0.2547
VN,PJ,2025,Op,Forecast,Apr,1921510401,0.925,1128796209,0.2356
VN,PJ,2025,Op,Forecast,May,841947617,0.4382,-27356492,0.1032
VN,PJ,2025,Op,Forecast,Jun,1063086472,1.2627,-673336215,0.1304
VN,PJ,2025,Op,Forecast,Jul,2964913,0.0028,-164020354,0.0004
VN,PJ,2025,Op,Forecast,Aug,564298858,190.3256,-296901781,0.0692
VN,PJ,2025,Op,Forecast,Sep,172475607,0.3056,169151871,0.0211
VN,PJ,2025,Op,Forecast,Oct,132474553,0.7681,-509046366,0.0162
VN,PJ,2025,Op,Forecast,Nov,58398133,0.4408,49716578,0.0072
VN,PJ,2025,Op,Forecast,Dec,372208475,6.3736,-518360895,0.0456
VSA,CDE,2024,Gross,Actual,Jan,22554748992,,-3061948290,0.087
VSA,CDE,2024,Gross,Actual,Feb,37556760668,1.6651,35121534016,0.1448
VSA,CDE,2024,Gross,Actual,Mar,26957036983,0.7178,19683396313,0.104
VSA,CDE,2024,Gross,Actual,Apr,38662404490,1.4342,32331004430,0.1491
VSA,CDE,2024,Gross,Actual,May,11136798295,0.2881,-6460959640,0.0429
VSA,CDE,2024,Gross,Actual,Jun,16687144137,1.4984,-12659641159,0.0643
VSA,CDE,2024,Gross,Actual,Jul,13476707952,0.8076,-16086173062,0.052
VSA,CDE,2024,Gross,Actual,Aug,13770660075,1.0218,-2649436557,0.0531
VSA,CDE,2024,Gross,Actual,Sep,1441646804,0.1047,-58208054433,0.0056
VSA,CDE,2024,Gross,Actual,Oct,27934475398,19.3768,5822784324,0.1077
VSA,CDE,2024,Gross,Actual,Nov,42034393225,1.5047,-9721271303,0.1621
VSA,CDE,2024,Gross,Actual,Dec,7109497437,0.1691,-12703113652,0.0274
VSA,CDE,2024,Gross,Budget,Jan,25616697282,,0,0.089
VSA,CDE,2024,Gross,Budget,Feb,2435226652,0.0951,0,0.0085
VSA,CDE,2024,Gross,Budget,Mar,7273640670,2.9868,0,0.0253
VSA,CDE,2024,Gross,Budget,Apr,6331400060,0.8705,0,0.022
VSA,CDE,2024,Gross,Budget,May,17597757935,2.7794,0,0.0611
VSA,CDE,2024,Gross,Budget,Jun,29346785296,1.6676,0,0.1019
VSA,CDE,2024,Gross,Budget,Jul,29562881014,1.0074,0,0.1027
VSA,CDE,2024,Gross,Budget,Aug,16420096632,0.5554,0,0.057
VSA,CDE,2024,Gross,Budget,Sep,59649701237,3.6327,0,0.2072
VSA,CDE,2024,Gross,Budget,Oct,22111691074,0.3707,0,0.0768
VSA,CDE,2024,Gross,Budget,Nov,51755664528,2.3406,0,0.1798
VSA,CDE,2024,Gross,Budget,Dec,19812611089,0.3828,0,0.0688
VSA,CDE,2024,Gross,Forecast,Jan,14800953076,,-10815744206,0.0492
VSA,CDE,2024,Gross,Forecast,Feb,28416149383,1.9199,25980922731,0.0945
VSA,CDE,2024,Gross,Forecast,Mar,6255246335,0.2201,-1018394335,0.0208
VSA,CDE,2024,Gross,Forecast,Apr,40502124128,6.4749,34170724068,0.1346
VSA,CDE,2024,Gross,Forecast,May,9671136251,0.2388,-7926621684,0.0321
VSA,CDE,2024,Gross,Forecast,Jun,19965352712,2.0644,-9381432584,0.0664
VSA,CDE,2024,Gross,Forecast,Jul,1185428965,0.0594,-28377452049,0.0039
VSA,CDE,2024,Gross,Forecast,Aug,42082288704,35.4996,25662192072,0.1399
VSA,CDE,2024,Gross,Forecast,Sep,48586649184,1.1546,-11063052053,0.1615
VSA,CDE,2024,Gross,Forecast,Oct,35383444809,0.7283,13271753735,0.1176
VSA,CDE,2024,Gross,Forecast,Nov,44773467674,1.2654,-6982196854,0.1488
VSA,CDE,2024,Gross,Forecast,Dec,9197501010,0.2054,-10615110079,0.0306
VSA,CDE,2024,Net,Actual,Jan,5703290394,,-21841275701,0.0202
VSA,CDE,2024,Net,Actual,Feb,42165788217,7.3932,13786489174,0.1495
VSA,CDE,2024,Net,Actual,Mar,36462625105,0.8647,35725611341,0.1293
VSA,CDE,2024,Net,Actual,Apr,23256463418,0.6378,-7249577401,0.0825
VSA,CDE,2024,Net,Actual,May,17311561598,0.7444,14585615924,0.0614
VSA,CDE,2024,Net,Actual,Jun,4450700518,0.2571,-23294910472,0.0158
VSA,CDE,2024,Net,Actual,Jul,8375941791,1.8819,-13447545781,0.0297
VSA,CDE,2024,Net,Actual,Aug,14759421821,1.7621,-18498982000,0.0523
VSA,CDE,2024,Net,Actual,Sep,30759319056,2.084,-14982323160,0.1091
VSA,CDE,2024,Net,Actual,Oct,41998145649,1.3654,27997896320,0.1489
VSA,CDE,2024,Net,Actual,Nov,38324174037,0.9125,597534055,0.1359
VSA,CDE,2024,Net,Actual,Dec,18395120657,0.48,12354815939,0.0652
VSA,CDE,2024,Net,Budget,Jan,27544566095,,0,0.0997
VSA,CDE,2024,Net,Budget,Feb,28379299043,1.0303,0,0.1027
VSA,CDE,2024,Net,Budget,Mar,737013764,0.026,0,0.0027
VSA,CDE,2024,Net,Budget,Apr,30506040819,41.3914,0,0.1104
VSA,CDE,2024,Net,Budget,May,2725945674,0.0894,0,0.0099
VSA,CDE,2024,Net,Budget,Jun,27745610990,10.1783,0,0.1004
VSA,CDE,2024,Net,Budget,Jul,21823487572,0.7866,0,0.079
VSA,CDE,2024,Net,Budget,Aug,33258403821,1.524,0,0.1204
VSA,CDE,2024,Net,Budget,Sep,45741642216,1.3753,0,0.1656
VSA,CDE,2024,Net,Budget,Oct,14000249329,0.3061,0,0.0507
VSA,CDE,2024,Net,Budget,Nov,37726639982,2.6947,0,0.1366
VSA,CDE,2024,Net,Budget,Dec,6040304718,0.1601,0,0.0219
VSA,CDE,2024,Net,Forecast,Jan,24841254458,,-2703311637,0.0827
VSA,CDE,2024,Net,Forecast,Feb,39840668358,1.6038,11461369315,0.1327
VSA,CDE,2024,Net,Forecast,Mar,9516766991,0.2389,8779753227,0.0317
VSA,CDE,2024,Net,Forecast,Apr,37004512732,3.8883,6498471913,0.1233
VSA,CDE,2024,Net,Forecast,May,10811770263,0.2922,8085824589,0.036
VSA,CDE,2024,Net,Forecast,Jun,25797693245,2.3861,-1947917745,0.0859
VSA,CDE,2024,Net,Forecast,Jul,39738045929,1.5404,17914558357,0.1324
VSA,CDE,2024,Net,Forecast,Aug,20391553447,0.5131,-12866850374,0.0679
VSA,CDE,2024,Net,Forecast,Sep,37164567609,1.8225,-8577074607,0.1238
VSA,CDE,2024,Net,Forecast,Oct,15772284958,0.4244,1772035629,0.0525
VSA,CDE,2024,Net,Forecast,Nov,4561730515,0.2892,-33164909467,0.0152
VSA,CDE,2024,Net,Forecast,Dec,34791407477,7.6268,28751102759,0.1159
VSA,CDE,2024,Op,Actual,Jan,14944179,,-2526877276,0.0001
VSA,CDE,2024,Op,Actual,Feb,31689034774,2120.4935,15848020706,0.1704
VSA,CDE,2024,Op,Actual,Mar,6481346595,0.2045,-4487882020,0.0349
VSA,CDE,2024,Op,Actual,Apr,7308324536,1.1276,-8186239369,0.0393
VSA,CDE,2024,Op,Actual,May,2928794811,0.4007,-6687793987,0.0158
VSA,CDE,2024,Op,Actual,Jun,1125038887,0.3841,-23447258878,0.0061
VSA,CDE,2024,Op,Actual,Jul,32276688275,28.6894,7949900574,0.1736
VSA,CDE,2024,Op,Actual,Aug,19987800102,0.6193,17438070171,0.1075
VSA,CDE,2024,Op,Actual,Sep,11261464509,0.5634,-32163588184,0.0606
VSA,CDE,2024,Op,Actual,Oct,35962134264,3.1934,3147927862,0.1934
VSA,CDE,2024,Op,Actual,Nov,19379066894,0.5389,-8371049989,0.1042
VSA,CDE,2024,Op,Actual,Dec,17535704302,0.9049,-20666777376,0.0943
VSA,CDE,2024,Op,Budget,Jan,2541821455,,0,0.0102
VSA,CDE,2024,Op,Budget,Feb,15841014068,6.2322,0,0.0638
VSA,CDE,2024,Op,Budget,Mar,10969228615,0.6925,0,0.0442
VSA,CDE,2024,Op,Budget,Apr,15494563905,1.4125,0,0.0625
VSA,CDE,2024,Op,Budget,May,9616588798,0.6206,0,0.0388
VSA,CDE,2024,Op,Budget,Jun,24572297765,2.5552,0,0.099
VSA,CDE,2024,Op,Budget,Jul,24326787701,0.99,0,0.0981
VSA,CDE,2024,Op,Budget,Aug,2549729931,0.1048,0,0.0103
VSA,CDE,2024,Op,Budget,Sep,43425052693,17.0312,0,0.175
VSA,CDE,2024,Op,Budget,Oct,32814206402,0.7557,0,0.1323
VSA,CDE,2024,Op,Budget,Nov,27750116883,0.8457,0,0.1118
VSA,CDE,2024,Op,Budget,Dec,38202481678,1.3767,0,0.154
VSA,CDE,2024,Op,Forecast,Jan,18646237679,,16104416224,0.0735
VSA,CDE,2024,Op,Forecast,Feb,18201288417,0.9761,2360274349,0.0717
VSA,CDE,2024,Op,Forecast,Mar,2441221607,0.1341,-8528007008,0.0096
VSA,CDE,2024,Op,Forecast,Apr,29100720181,11.9206,13606156276,0.1147
VSA,CDE,2024,Op,Forecast,May,11463620005,0.3939,1847031207,0.0452
VSA,CDE,2024,Op,Forecast,Jun,8512187043,0.7425,-16060110722,0.0335
VSA,CDE,2024,Op,Forecast,Jul,25403005136,2.9843,1076217435,0.1001
VSA,CDE,2024,Op,Forecast,Aug,36013097066,1.4177,33463367135,0.1419
VSA,CDE,2024,Op,Forecast,Sep,26443834720,0.7343,-16981217973,0.1042
VSA,CDE,2024,Op,Forecast,Oct,9294206058,0.3515,-23520000344,0.0366
VSA,CDE,2024,Op,Forecast,Nov,31980832726,3.4409,4230715843,0.126
VSA,CDE,2024,Op,Forecast,Dec,36303609553,1.1352,-1898872125,0.143
VSA,CDE,2025,Gross,Actual,Jan,19421083305,,15217475130,0.0744
VSA,CDE,2025,Gross,Actual,Feb,5487535323,0.2826,-43746065501,0.021
VSA,CDE,2025,Gross,Actual,Mar,2067326756,0.3767,-31471281918,0.0079
VSA,CDE,2025,Gross,Actual,Apr,45413516994,21.9673,3771262466,0.1739
VSA,CDE,2025,Gross,Actual,May,179381404,0.0039,-16606489557,0.0007
VSA,CDE,2025,Gross,Actual,Jun,22127083800,123.3522,16286790462,0.0847
VSA,CDE,2025,Gross,Actual,Jul,30791500492,1.3916,-13221924359,0.1179
VSA,CDE,2025,Gross,Actual,Aug,37438136537,1.2159,36367443476,0.1433
VSA,CDE,2025,Gross,Actual,Sep,1518963053,0.0406,-50742359672,0.0058
VSA,CDE,2025,Gross,Actual,Oct,34665979474,22.8221,6034174544,0.1327
VSA,CDE,2025,Gross,Actual,Nov,19037924083,0.5492,-11770169163,0.0729
VSA,CDE,2025,Gross,Actual,Dec,43027487609,2.2601,4923703319,0.1647
VSA,CDE,2025,Gross,Budget,Jan,4203608175,,0,0.0121
VSA,CDE,2025,Gross,Budget,Feb,49233600824,11.7122,0,0.1422
VSA,CDE,2025,Gross,Budget,Mar,33538608674,0.6812,0,0.0969
VSA,CDE,2025,Gross,Budget,Apr,41642254528,1.2416,0,0.1203
VSA,CDE,2025,Gross,Budget,May,16785870961,0.4031,0,0.0485
VSA,CDE,2025,Gross,Budget,Jun,5840293338,0.3479,0,0.0169
VSA,CDE,2025,Gross,Budget,Jul,44013424851,7.5362,0,0.1272
VSA,CDE,2025,Gross,Budget,Aug,1070693061,0.0243,0,0.0031
VSA,CDE,2025,Gross,Budget,Sep,52261322725,48.8107,0,0.151
VSA,CDE,2025,Gross,Budget,Oct,28631804930,0.5479,0,0.0827
VSA,CDE,2025,Gross,Budget,Nov,30808093246,1.076,0,0.089
VSA,CDE,2025,Gross,Budget,Dec,38103784290,1.2368,0,0.1101
VSA,CDE,2025,Gross,Forecast,Jan,6081367273,,1877759098,0.0254
VSA,CDE,2025,Gross,Forecast,Feb,7697677286,1.2658,-41535923538,0.0321
VSA,CDE,2025,Gross,Forecast,Mar,993091717,0.129,-32545516957,0.0041
VSA,CDE,2025,Gross,Forecast,Apr,8097806958,8.1541,-33544447570,0.0338
VSA,CDE,2025,Gross,Forecast,May,13736287184,1.6963,-3049583777,0.0573
VSA,CDE,2025,Gross,Forecast,Jun,22911157772,1.6679,17070864434,0.0956
VSA,CDE,2025,Gross,Forecast,Jul,8121945321,0.3545,-35891479530,0.0339
VSA,CDE,2025,Gross,Forecast,Aug,24162113316,2.9749,23091420255,0.1008
VSA,CDE,2025,Gross,Forecast,Sep,12657656284,0.5239,-39603666441,0.0528
VSA,CDE,2025,Gross,Forecast,Oct,32835190770,2.5941,4203385840,0.137
VSA,CDE,2025,Gross,Forecast,Nov,55172396528,1.6803,24364303282,0.2303
VSA,CDE,2025,Gross,Forecast,Dec,47129806517,0.8542,9026022227,0.1967
VSA,CDE,2025,Net,Actual,Jan,27318931685,,20510806257,0.1293
VSA,CDE,2025,Net,Actual,Feb,6580629624,0.2409,1832937690,0.0311
VSA,CDE,2025,Net,Actual,Mar,7330891519,1.114,3477096289,0.0347
VSA,CDE,2025,Net,Actual,Apr,41159050417,5.6145,5666071141,0.1947
VSA,CDE,2025,Net,Actual,May,12738521827,0.3095,2897677297,0.0603
VSA,CDE,2025,Net,Actual,Jun,1770010062,0.1389,-12745652240,0.0084
VSA,CDE,2025,Net,Actual,Jul,10042670712,5.6738,-32327275141,0.0475
VSA,CDE,2025,Net,Actual,Aug,16952660787,1.6881,1127386444,0.0802
VSA,CDE,2025,Net,Actual,Sep,32148406403,1.8964,12400877644,0.1521
VSA,CDE,2025,Net,Actual,Oct,4724398895,0.147,-31480379250,0.0224
VSA,CDE,2025,Net,Actual,Nov,34151091377,7.2287,3473800537,0.1616
VSA,CDE,2025,Net,Actual,Dec,16429194861,0.4811,-5230286795,0.0777
VSA,CDE,2025,Net,Budget,Jan,6808125428,,0,0.0282
VSA,CDE,2025,Net,Budget,Feb,4747691934,0.6974,0,0.0196
VSA,CDE,2025,Net,Budget,Mar,3853795230,0.8117,0,0.0159
VSA,CDE,2025,Net,Budget,Apr,35492979276,9.2099,0,0.1468
VSA,CDE,2025,Net,Budget,May,9840844530,0.2773,0,0.0407
VSA,CDE,2025,Net,Budget,Jun,14515662302,1.475,0,0.06
VSA,CDE,2025,Net,Budget,Jul,42369945853,2.9189,0,0.1753
VSA,CDE,2025,Net,Budget,Aug,15825274343,0.3735,0,0.0655
VSA,CDE,2025,Net,Budget,Sep,19747528759,1.2478,0,0.0817
VSA,CDE,2025,Net,Budget,Oct,36204778145,1.8334,0,0.1498
VSA,CDE,2025,Net,Budget,Nov,30677290840,0.8473,0,0.1269
VSA,CDE,2025,Net,Budget,Dec,21659481656,0.706,0,0.0896
VSA,CDE,2025,Net,Forecast,Jan,20373285041,,13565159613,0.1113
VSA,CDE,2025,Net,Forecast,Feb,8363469448,0.4105,3615777514,0.0457
VSA,CDE,2025,Net,Forecast,Mar,14224597520,1.7008,10370802290,0.0777
VSA,CDE,2025,Net,Forecast,Apr,5482774156,0.3854,-30010205120,0.0299
VSA,CDE,2025,Net,Forecast,May,17393779018,3.1724,7552934488,0.095
VSA,CDE,2025,Net,Forecast,Jun,19349130329,1.1124,4833468027,0.1057
VSA,CDE,2025,Net,Forecast,Jul,34501296949,1.7831,-7868648904,0.1884
VSA,CDE,2025,Net,Forecast,Aug,16444586852,0.4766,619312509,0.0898
VSA,CDE,2025,Net,Forecast,Sep,11567448214,0.7034,-8180080545,0.0632
VSA,CDE,2025,Net,Forecast,Oct,32546760970,2.8137,-3658017175,0.1777
VSA,CDE,2025,Net,Forecast,Nov,1186098142,0.0364,-29491192698,0.0065
VSA,CDE,2025,Net,Forecast,Dec,1674462732,1.4117,-19985018924,0.0091
VSA,CDE,2025,Op,Actual,Jan,18886145386,,356392594,0.0679
VSA,CDE,2025,Op,Actual,Feb,8830114135,0.4675,-2526319849,0.0318
VSA,CDE,2025,Op,Actual,Mar,23409850086,2.6511,-5464738782,0.0842
VSA,CDE,2025,Op,Actual,Apr,23486202881,1.0033,12427216818,0.0845
VSA,CDE,2025,Op,Actual,May,6427813388,0.2737,1183938845,0.0231
VSA,CDE,2025,Op,Actual,Jun,25216356434,3.923,-1783864534,0.0907
VSA,CDE,2025,Op,Actual,Jul,10463285694,0.4149,-10760893277,0.0376
VSA,CDE,2025,Op,Actual,Aug,14433980768,1.3795,5753636983,0.0519
VSA,CDE,2025,Op,Actual,Sep,30066635612,2.083,-4570259182,0.1081
VSA,CDE,2025,Op,Actual,Oct,32164591150,1.0698,13017725926,0.1157
VSA,CDE,2025,Op,Actual,Nov,45459767162,1.4133,5245872996,0.1635
VSA,CDE,2025,Op,Actual,Dec,39197843263,0.8623,1541468078,0.141
VSA,CDE,2025,Op,Budget,Jan,18529752792,,0,0.0703
VSA,CDE,2025,Op,Budget,Feb,11356433984,0.6129,0,0.0431
VSA,CDE,2025,Op,Budget,Mar,28874588868,2.5426,0,0.1095
VSA,CDE,2025,Op,Budget,Apr,11058986063,0.383,0,0.042
VSA,CDE,2025,Op,Budget,May,5243874543,0.4742,0,0.0199
VSA,CDE,2025,Op,Budget,Jun,27000220968,5.1489,0,0.1024
VSA,CDE,2025,Op,Budget,Jul,21224178971,0.7861,0,0.0805
VSA,CDE,2025,Op,Budget,Aug,8680343785,0.409,0,0.0329
VSA,CDE,2025,Op,Budget,Sep,34636894794,3.9903,0,0.1314
VSA,CDE,2025,Op,Budget,Oct,19146865224,0.5528,0,0.0726
VSA,CDE,2025,Op,Budget,Nov,40213894166,2.1003,0,0.1525
VSA,CDE,2025,Op,Budget,Dec,37656375185,0.9364,0,0.1428
VSA,CDE,2025,Op,Forecast,Jan,20294489486,,1764736694,0.0686
VSA,CDE,2025,Op,Forecast,Feb,19053459384,0.9388,7697025400,0.0644
VSA,CDE,2025,Op,Forecast,Mar,19735791589,1.0358,-9138797279,0.0667
VSA,CDE,2025,Op,Forecast,Apr,35935605520,1.8208,24876619457,0.1215
VSA,CDE,2025,Op,Forecast,May,15195432041,0.4229,9951557498,0.0514
VSA,CDE,2025,Op,Forecast,Jun,24717904747,1.6267,-2282316221,0.0835
VSA,CDE,2025,Op,Forecast,Jul,33736184660,1.3648,12512005689,0.114
VSA,CDE,2025,Op,Forecast,Aug,12529670972,0.3714,3849327187,0.0423
VSA,CDE,2025,Op,Forecast,Sep,42609919733,3.4007,7973024939,0.144
VSA,CDE,2025,Op,Forecast,Oct,36782417092,0.8632,17635551868,0.1243
VSA,CDE,2025,Op,Forecast,Nov,12655966233,0.3441,-27557927933,0.0428
VSA,CDE,2025,Op,Forecast,Dec,22626379314,1.7878,-15029995871,0.0765
VSA,PJ,2024,Gross,Actual,Jan,7904252731,,6692633765,0.0241
VSA,PJ,2024,Gross,Actual,Feb,49807004403,6.3013,12538874892,0.1522
VSA,PJ,2024,Gross,Actual,Mar,41765177065,0.8385,21089769055,0.1276
VSA,PJ,2024,Gross,Actual,Apr,28913766069,0.6923,28515343397,0.0883
VSA,PJ,2024,Gross,Actual,May,13002401078,0.4497,8390551027,0.0397
VSA,PJ,2024,Gross,Actual,Jun,20482327300,1.5753,7697238090,0.0626
VSA,PJ,2024,Gross,Actual,Jul,30549612959,1.4915,-13556612676,0.0933
VSA,PJ,2024,Gross,Actual,Aug,11777847009,0.3855,-198372071,0.036
VSA,PJ,2024,Gross,Actual,Sep,42650742029,3.6213,-3835855984,0.1303
VSA,PJ,2024,Gross,Actual,Oct,25624270184,0.6008,5494714026,0.0783
VSA,PJ,2024,Gross,Actual,Nov,8559679454,0.334,-39646385404,0.0262
VSA,PJ,2024,Gross,Actual,Dec,46271443759,5.4057,2045804735,0.1414
VSA,PJ,2024,Gross,Budget,Jan,1211618966,,0,0.0041
VSA,PJ,2024,Gross,Budget,Feb,37268129511,30.759,0,0.1276
VSA,PJ,2024,Gross,Budget,Mar,20675408010,0.5548,0,0.0708
VSA,PJ,2024,Gross,Budget,Apr,398422672,0.0193,0,0.0014
VSA,PJ,2024,Gross,Budget,May,4611850051,11.5753,0,0.0158
VSA,PJ,2024,Gross,Budget,Jun,12785089210,2.7722,0,0.0438
VSA,PJ,2024,Gross,Budget,Jul,44106225635,3.4498,0,0.151
VSA,PJ,2024,Gross,Budget,Aug,11976219080,0.2715,0,0.041
VSA,PJ,2024,Gross,Budget,Sep,46486598013,3.8816,0,0.1592
VSA,PJ,2024,Gross,Budget,Oct,20129556158,0.433,0,0.0689
VSA,PJ,2024,Gross,Budget,Nov,48206064858,2.3948,0,0.165
VSA,PJ,2024,Gross,Budget,Dec,44225639024,0.9174,0,0.1514
VSA,PJ,2024,Gross,Forecast,Jan,31997289384,,30785670418,0.0892
VSA,PJ,2024,Gross,Forecast,Feb,49193475617,1.5374,11925346106,0.1372
VSA,PJ,2024,Gross,Forecast,Mar,9446663917,0.192,-11228744093,0.0263
VSA,PJ,2024,Gross,Forecast,Apr,15198063581,1.6088,14799640909,0.0424
VSA,PJ,2024,Gross,Forecast,May,3152310558,0.2074,-1459539493,0.0088
VSA,PJ,2024,Gross,Forecast,Jun,7789261875,2.471,-4995827335,0.0217
VSA,PJ,2024,Gross,Forecast,Jul,46040057841,5.9107,1933832206,0.1284
VSA,PJ,2024,Gross,Forecast,Aug,3086013793,0.067,-8890205287,0.0086
VSA,PJ,2024,Gross,Forecast,Sep,50490496104,16.3611,4003898091,0.1408
VSA,PJ,2024,Gross,Forecast,Oct,39447502236,0.7813,19317946078,0.11
VSA,PJ,2024,Gross,Forecast,Nov,49444400128,1.2534,1238335270,0.1379
VSA,PJ,2024,Gross,Forecast,Dec,53329929665,1.0786,9104290641,0.1487
VSA,PJ,2024,Net,Actual,Jan,28904187423,,24280194313,0.0975
VSA,PJ,2024,Net,Actual,Feb,5601797568,0.1938,-939959581,0.0189
VSA,PJ,2024,Net,Actual,Mar,23625182417,4.2174,12137052315,0.0797
VSA,PJ,2024,Net,Actual,Apr,19155467425,0.8108,-21342775426,0.0646
VSA,PJ,2024,Net,Actual,May,13331758445,0.696,5296064008,0.045
VSA,PJ,2024,Net,Actual,Jun,9902512441,0.7428,-14832560364,0.0334
VSA,PJ,2024,Net,Actual,Jul,42038043211,4.2452,10490974262,0.1418
VSA,PJ,2024,Net,Actual,Aug,19897058610,0.4733,-5448833223,0.0671
VSA,PJ,2024,Net,Actual,Sep,49229582484,2.4742,45749275040,0.166
VSA,PJ,2024,Net,Actual,Oct,31875345879,0.6475,17151889150,0.1075
VSA,PJ,2024,Net,Actual,Nov,38166445026,1.1974,33952773769,0.1287
VSA,PJ,2024,Net,Actual,Dec,14819771470,0.3883,13771083570,0.05
VSA,PJ,2024,Net,Budget,Jan,4623993110,,0,0.0262
VSA,PJ,2024,Net,Budget,Feb,6541757149,1.4147,0,0.0371
VSA,PJ,2024,Net,Budget,Mar,11488130102,1.7561,0,0.0652
VSA,PJ,2024,Net,Budget,Apr,40498242851,3.5252,0,0.2297
VSA,PJ,2024,Net,Budget,May,8035694437,0.1984,0,0.0456
VSA,PJ,2024,Net,Budget,Jun,24735072805,3.0781,0,0.1403
VSA,PJ,2024,Net,Budget,Jul,31547068949,1.2754,0,0.179
VSA,PJ,2024,Net,Budget,Aug,25345891833,0.8034,0,0.1438
VSA,PJ,2024,Net,Budget,Sep,3480307444,0.1373,0,0.0197
VSA,PJ,2024,Net,Budget,Oct,14723456729,4.2305,0,0.0835
VSA,PJ,2024,Net,Budget,Nov,4213671257,0.2862,0,0.0239
VSA,PJ,2024,Net,Budget,Dec,1048687900,0.2489,0,0.0059
VSA,PJ,2024,Net,Forecast,Jan,17783349084,,13159355974,0.0645
VSA,PJ,2024,Net,Forecast,Feb,37584437096,2.1135,31042679947,0.1364
VSA,PJ,2024,Net,Forecast,Mar,14988280746,0.3988,3500150644,0.0544
VSA,PJ,2024,Net,Forecast,Apr,43805746719,2.9227,3307503868,0.159
VSA,PJ,2024,Net,Forecast,May,15196288575,0.3469,7160594138,0.0552
VSA,PJ,2024,Net,Forecast,Jun,14923479188,0.982,-9811593617,0.0542
VSA,PJ,2024,Net,Forecast,Jul,15493972379,1.0382,-16053096570,0.0562
VSA,PJ,2024,Net,Forecast,Aug,23183516300,1.4963,-2162375533,0.0841
VSA,PJ,2024,Net,Forecast,Sep,14602455306,0.6299,11122147862,0.053
VSA,PJ,2024,Net,Forecast,Oct,19521454898,1.3369,4797998169,0.0709
VSA,PJ,2024,Net,Forecast,Nov,47661650393,2.4415,43447979136,0.173
VSA,PJ,2024,Net,Forecast,Dec,10761330146,0.2258,9712642246,0.0391
VSA,PJ,2024,Op,Actual,Jan,15575996635,,-3679772535,0.0668
VSA,PJ,2024,Op,Actual,Feb,4194284162,0.2693,-20371960875,0.018
VSA,PJ,2024,Op,Actual,Mar,28114273793,6.703,11447497725,0.1205
VSA,PJ,2024,Op,Actual,Apr,31658860635,1.1261,771506836,0.1357
VSA,PJ,2024,Op,Actual,May,13744133563,0.4341,7880807572,0.0589
VSA,PJ,2024,Op,Actual,Jun,15021598535,1.0929,-9748198659,0.0644
VSA,PJ,2024,Op,Actual,Jul,19329409566,1.2868,2307030603,0.0829
VSA,PJ,2024,Op,Actual,Aug,33633124394,1.74,27970296796,0.1442
VSA,PJ,2024,Op,Actual,Sep,4144230419,0.1232,-34579046136,0.0178
VSA,PJ,2024,Op,Actual,Oct,41557840018,10.0279,40968379836,0.1781
VSA,PJ,2024,Op,Actual,Nov,6594379181,0.1587,-360975870,0.0283
VSA,PJ,2024,Op,Actual,Dec,19716955020,2.99,16622556914,0.0845
VSA,PJ,2024,Op,Budget,Jan,19255769170,,0,0.0992
VSA,PJ,2024,Op,Budget,Feb,24566245037,1.2758,0,0.1266
VSA,PJ,2024,Op,Budget,Mar,16666776068,0.6784,0,0.0859
VSA,PJ,2024,Op,Budget,Apr,30887353799,1.8532,0,0.1592
VSA,PJ,2024,Op,Budget,May,5863325991,0.1898,0,0.0302
VSA,PJ,2024,Op,Budget,Jun,24769797194,4.2245,0,0.1276
VSA,PJ,2024,Op,Budget,Jul,17022378963,0.6872,0,0.0877
VSA,PJ,2024,Op,Budget,Aug,5662827598,0.3327,0,0.0292
VSA,PJ,2024,Op,Budget,Sep,38723276555,6.8382,0,0.1995
VSA,PJ,2024,Op,Budget,Oct,589460182,0.0152,0,0.003
VSA,PJ,2024,Op,Budget,Nov,6955355051,11.7995,0,0.0358
VSA,PJ,2024,Op,Budget,Dec,3094398106,0.4449,0,0.0159
VSA,PJ,2024,Op,Forecast,Jan,5690969618,,-13564799552,0.0203
VSA,PJ,2024,Op,Forecast,Feb,18265596239,3.2096,-6300648798,0.065
VSA,PJ,2024,Op,Forecast,Mar,34704027013,1.9,18037250945,0.1235
VSA,PJ,2024,Op,Forecast,Apr,32878841628,0.9474,1991487829,0.117
VSA,PJ,2024,Op,Forecast,May,17919489589,0.545,12056163598,0.0638
VSA,PJ,2024,Op,Forecast,Jun,28601059756,1.5961,3831262562,0.1018
VSA,PJ,2024,Op,Forecast,Jul,18062131882,0.6315,1039752919,0.0643
VSA,PJ,2024,Op,Forecast,Aug,21040611355,1.1649,15377783757,0.0749
VSA,PJ,2024,Op,Forecast,Sep,33588777990,1.5964,-5134498565,0.1195
VSA,PJ,2024,Op,Forecast,Oct,2809636571,0.0836,2220176389,0.01
VSA,PJ,2024,Op,Forecast,Nov,39628035240,14.1043,32672680189,0.141
VSA,PJ,2024,Op,Forecast,Dec,27831097181,0.7023,24736699075,0.099
VSA,PJ,2025,Gross,Actual,Jan,25551375132,,-9686498558,0.0666
VSA,PJ,2025,Gross,Actual,Feb,34879150300,1.3651,26114104334,0.0909
VSA,PJ,2025,Gross,Actual,Mar,33454083900,0.9591,-2484375161,0.0872
VSA,PJ,2025,Gross,Actual,Apr,35939244100,1.0743,-7687631337,0.0937
VSA,PJ,2025,Gross,Actual,May,15889394300,0.4421,6760144552,0.0414
VSA,PJ,2025,Gross,Actual,Jun,20800000000,1.309,2742993821,0.0542
VSA,PJ,2025,Gross,Actual,Jul,33748442900,1.6225,21753578348,0.088
VSA,PJ,2025,Gross,Actual,Aug,30153850500,0.8935,-9982520264,0.0786
VSA,PJ,2025,Gross,Actual,Sep,43158041100,1.4313,6377580550,0.1125
VSA,PJ,2025,Gross,Actual,Oct,35941291200,0.8328,20524166699,0.0937
VSA,PJ,2025,Gross,Actual,Nov,38431860200,1.0693,26311579626,0.1002
VSA,PJ,2025,Gross,Actual,Dec,35687830000,0.9286,34865434471,0.093
VSA,PJ,2025,Gross,Budget,Jan,35237873690,,0,0.1315
VSA,PJ,2025,Gross,Budget,Feb,8765045966,0.2487,0,0.0327
VSA,PJ,2025,Gross,Budget,Mar,35938459061,4.1002,0,0.1341
VSA,PJ,2025,Gross,Budget,Apr,43626875437,1.2139,0,0.1628
VSA,PJ,2025,Gross,Budget,May,9129249748,0.2093,0,0.0341
VSA,PJ,2025,Gross,Budget,Jun,18057006179,1.9779,0,0.0674
VSA,PJ,2025,Gross,Budget,Jul,11994864552,0.6643,0,0.0448
VSA,PJ,2025,Gross,Budget,Aug,40136370764,3.3461,0,0.1497
VSA,PJ,2025,Gross,Budget,Sep,36780460550,0.9164,0,0.1372
VSA,PJ,2025,Gross,Budget,Oct,15417124501,0.4192,0,0.0575
VSA,PJ,2025,Gross,Budget,Nov,12120280574,0.7862,0,0.0452
VSA,PJ,2025,Gross,Budget,Dec,822395529,0.0679,0,0.0031
VSA,PJ,2025,Gross,Forecast,Jan,3812277392,,-31425596298,0.0185
VSA,PJ,2025,Gross,Forecast,Feb,3041883519,0.7979,-5723162447,0.0147
VSA,PJ,2025,Gross,Forecast,Mar,202039077,0.0664,-35736419984,0.001
VSA,PJ,2025,Gross,Forecast,Apr,10364902520,51.3015,-33261972917,0.0502
VSA,PJ,2025,Gross,Forecast,May,14236776165,1.3736,5107526417,0.069
VSA,PJ,2025,Gross,Forecast,Jun,10619207518,0.7459,-7437798661,0.0515
VSA,PJ,2025,Gross,Forecast,Jul,45509808455,4.2856,33514943903,0.2206
VSA,PJ,2025,Gross,Forecast,Aug,26684163191,0.5863,-13452207573,0.1294
VSA,PJ,2025,Gross,Forecast,Sep,18939793108,0.7098,-17840667442,0.0918
VSA,PJ,2025,Gross,Forecast,Oct,47783546727,2.5229,32366422226,0.2316
VSA,PJ,2025,Gross,Forecast,Nov,2919813981,0.0611,-9200466593,0.0142
VSA,PJ,2025,Gross,Forecast,Dec,22172245468,7.5937,21349849939,0.1075
VSA,PJ,2025,Net,Actual,Jan,19339189874,,-6976635006,0.0607
VSA,PJ,2025,Net,Actual,Feb,29094889900,1.5045,-9140723254,0.0914
VSA,PJ,2025,Net,Actual,Mar,24581319000,0.8449,15028454899,0.0772
VSA,PJ,2025,Net,Actual,Apr,29673313500,1.2071,27864617069,0.0932
VSA,PJ,2025,Net,Actual,May,12188785800,0.4108,459714176,0.0383
VSA,PJ,2025,Net,Actual,Jun,19142923600,1.5705,5866413020,0.0601
VSA,PJ,2025,Net,Actual,Jul,29318028300,1.5315,19727399874,0.0921
VSA,PJ,2025,Net,Actual,Aug,25606190300,0.8734,9846166528,0.0804
VSA,PJ,2025,Net,Actual,Sep,36562809700,1.4279,35000650858,0.1148
VSA,PJ,2025,Net,Actual,Oct,28971689400,0.7924,19200253226,0.091
VSA,PJ,2025,Net,Actual,Nov,35496469000,1.2252,-11065659543,0.1115
VSA,PJ,2025,Net,Actual,Dec,28430000000,0.8009,-7232395231,0.0893
VSA,PJ,2025,Net,Budget,Jan,26315824880,,0,0.1197
VSA,PJ,2025,Net,Budget,Feb,38235613154,1.453,0,0.1739
VSA,PJ,2025,Net,Budget,Mar,9552864101,0.2498,0,0.0435
VSA,PJ,2025,Net,Budget,Apr,1808696431,0.1893,0,0.0082
VSA,PJ,2025,Net,Budget,May,11729071624,6.4848,0,0.0534
VSA,PJ,2025,Net,Budget,Jun,13276510580,1.1319,0,0.0604
VSA,PJ,2025,Net,Budget,Jul,9590628426,0.7224,0,0.0436
VSA,PJ,2025,Net,Budget,Aug,15760023772,1.6433,0,0.0717
VSA,PJ,2025,Net,Budget,Sep,1562158842,0.0991,0,0.0071
VSA,PJ,2025,Net,Budget,Oct,9771436174,6.2551,0,0.0445
VSA,PJ,2025,Net,Budget,Nov,46562128543,4.7651,0,0.2118
VSA,PJ,2025,Net,Budget,Dec,35662395231,0.7659,0,0.1622
VSA,PJ,2025,Net,Forecast,Jan,3302678093,,-23013146787,0.0141
VSA,PJ,2025,Net,Forecast,Feb,12174701022,3.6863,-26060912132,0.0521
VSA,PJ,2025,Net,Forecast,Mar,6392416410,0.5251,-3160447691,0.0274
VSA,PJ,2025,Net,Forecast,Apr,29312191133,4.5855,27503494702,0.1255
VSA,PJ,2025,Net,Forecast,May,15895946535,0.5423,4166874911,0.0681
VSA,PJ,2025,Net,Forecast,Jun,21449618475,1.3494,8173107895,0.0919
VSA,PJ,2025,Net,Forecast,Jul,22433710837,1.0459,12843082411,0.0961
VSA,PJ,2025,Net,Forecast,Aug,24129864825,1.0756,8369841053,0.1033
VSA,PJ,2025,Net,Forecast,Sep,13402712980,0.5554,11840554138,0.0574
VSA,PJ,2025,Net,Forecast,Oct,11474748363,0.8562,1703312189,0.0491
VSA,PJ,2025,Net,Forecast,Nov,35398804575,3.0849,-11163323968,0.1516
VSA,PJ,2025,Net,Forecast,Dec,38137193674,1.0774,2474798443,0.1633
VSA,PJ,2025,Op,Actual,Jan,19339189874,,16851160180,0.0607
VSA,PJ,2025,Op,Actual,Feb,29094889900,1.5045,26600987854,0.0914
VSA,PJ,2025,Op,Actual,Mar,24581319000,0.8449,3642026783,0.0772
VSA,PJ,2025,Op,Actual,Apr,29673313500,1.2071,-11790252677,0.0932
VSA,PJ,2025,Op,Actual,May,12188785800,0.4108,1473101147,0.0383
VSA,PJ,2025,Op,Actual,Jun,19142923600,1.5705,11637700603,0.0601
VSA,PJ,2025,Op,Actual,Jul,29318028300,1.5315,8079246384,0.0921
VSA,PJ,2025,Op,Actual,Aug,25606190300,0.8734,-2076419604,0.0804
VSA,PJ,2025,Op,Actual,Sep,36562809700,1.4279,13270754633,0.1148
VSA,PJ,2025,Op,Actual,Oct,28971689400,0.7924,-5957196945,0.091
VSA,PJ,2025,Op,Actual,Nov,35496469000,1.2252,-12515494409,0.1115
VSA,PJ,2025,Op,Actual,Dec,28430000000,0.8009,19123616809,0.0893
VSA,PJ,2025,Op,Budget,Jan,2488029694,,0,0.0099
VSA,PJ,2025,Op,Budget,Feb,2493902046,1.0024,0,0.01
VSA,PJ,2025,Op,Budget,Mar,20939292217,8.3962,0,0.0837
VSA,PJ,2025,Op,Budget,Apr,41463566177,1.9802,0,0.1658
VSA,PJ,2025,Op,Budget,May,10715684653,0.2584,0,0.0429
VSA,PJ,2025,Op,Budget,Jun,7505222997,0.7004,0,0.03
VSA,PJ,2025,Op,Budget,Jul,21238781916,2.8299,0,0.0849
VSA,PJ,2025,Op,Budget,Aug,27682609904,1.3034,0,0.1107
VSA,PJ,2025,Op,Budget,Sep,23292055067,0.8414,0,0.0931
VSA,PJ,2025,Op,Budget,Oct,34928886345,1.4996,0,0.1397
VSA,PJ,2025,Op,Budget,Nov,48011963409,1.3746,0,0.192
VSA,PJ,2025,Op,Budget,Dec,9306383191,0.1938,0,0.0372
VSA,PJ,2025,Op,Forecast,Jan,1704688622,,-783341072,0.0064
VSA,PJ,2025,Op,Forecast,Feb,23055357570,13.5247,20561455524,0.0871
VSA,PJ,2025,Op,Forecast,Mar,34831353741,1.5108,13892061524,0.1316
VSA,PJ,2025,Op,Forecast,Apr,20279039245,0.5822,-21184526932,0.0766
VSA,PJ,2025,Op,Forecast,May,17392740808,0.8577,6677056155,0.0657
VSA,PJ,2025,Op,Forecast,Jun,5265866844,0.3028,-2239356153,0.0199
VSA,PJ,2025,Op,Forecast,Jul,20902562747,3.9694,-336219169,0.079
VSA,PJ,2025,Op,Forecast,Aug,37472892169,1.7927,9790282265,0.1416
VSA,PJ,2025,Op,Forecast,Sep,41081542710,1.0963,17789487643,0.1552
VSA,PJ,2025,Op,Forecast,Oct,25170222571,0.6127,-9758663774,0.0951
VSA,PJ,2025,Op,Forecast,Nov,31038722195,1.2332,-16973241214,0.1173
VSA,PJ,2025,Op,Forecast,Dec,6506005500,0.2096,-2800377691,0.0246
VSC,CDE,2024,Gross,Actual,Jan,99028206278,,26102523215,0.1309
VSC,CDE,2024,Gross,Actual,Feb,71641659885,0.7234,29425083467,0.0947
VSC,CDE,2024,Gross,Actual,Mar,56201050263,0.7845,-36176738038,0.0743
VSC,CDE,2024,Gross,Actual,Apr,115076006205,2.0476,53435426153,0.1521
VSC,CDE,2024,Gross,Actual,May,26069345503,0.2265,-50131786367,0.0345
VSC,CDE,2024,Gross,Actual,Jun,84450010519,3.2394,35491143685,0.1116
VSC,CDE,2024,Gross,Actual,Jul,46118165956,0.5461,5661108514,0.061
VSC,CDE,2024,Gross,Actual,Aug,53122523238,1.1519,39281026369,0.0702
VSC,CDE,2024,Gross,Actual,Sep,26622760640,0.5012,-49122245388,0.0352
VSC,CDE,2024,Gross,Actual,Oct,2447892824,0.0919,-58036647363,0.0032
VSC,CDE,2024,Gross,Actual,Nov,111788701784,45.6673,20893356693,0.1478
VSC,CDE,2024,Gross,Actual,Dec,63829279180,0.571,1749458579,0.0844
VSC,CDE,2024,Gross,Budget,Jan,72925683063,,0,0.0988
VSC,CDE,2024,Gross,Budget,Feb,42216576418,0.5789,0,0.0572
VSC,CDE,2024,Gross,Budget,Mar,92377788301,2.1882,0,0.1252
VSC,CDE,2024,Gross,Budget,Apr,61640580052,0.6673,0,0.0835
VSC,CDE,2024,Gross,Budget,May,76201131870,1.2362,0,0.1033
VSC,CDE,2024,Gross,Budget,Jun,48958866834,0.6425,0,0.0664
VSC,CDE,2024,Gross,Budget,Jul,40457057442,0.8263,0,0.0548
VSC,CDE,2024,Gross,Budget,Aug,13841496869,0.3421,0,0.0188
VSC,CDE,2024,Gross,Budget,Sep,75745006028,5.4723,0,0.1027
VSC,CDE,2024,Gross,Budget,Oct,60484540187,0.7985,0,0.082
VSC,CDE,2024,Gross,Budget,Nov,90895345091,1.5028,0,0.1232
VSC,CDE,2024,Gross,Budget,Dec,62079820601,0.683,0,0.0841
VSC,CDE,2024,Gross,Forecast,Jan,106971529072,,34045846009,0.1787
VSC,CDE,2024,Gross,Forecast,Feb,51606612359,0.4824,9390035941,0.0862
VSC,CDE,2024,Gross,Forecast,Mar,19174483612,0.3716,-73203304689,0.032
VSC,CDE,2024,Gross,Forecast,Apr,44057470151,2.2977,-17583109901,0.0736
VSC,CDE,2024,Gross,Forecast,May,11317527643,0.2569,-64883604227,0.0189
VSC,CDE,2024,Gross,Forecast,Jun,83737695718,7.3989,34778828884,0.1399
VSC,CDE,2024,Gross,Forecast,Jul,87601224302,1.0461,47144166860,0.1463
VSC,CDE,2024,Gross,Forecast,Aug,30612383713,0.3495,16770886844,0.0511
VSC,CDE,2024,Gross,Forecast,Sep,5982967082,0.1954,-69762038946,0.01
VSC,CDE,2024,Gross,Forecast,Oct,66114121740,11.0504,5629581553,0.1104
VSC,CDE,2024,Gross,Forecast,Nov,26979116348,0.4081,-63916228743,0.0451
VSC,CDE,2024,Gross,Forecast,Dec,64590554019,2.3941,2510733418,0.1079
VSC,CDE,2024,Net,Actual,Jan,2029141051,,-87970169607,0.0026
VSC,CDE,2024,Net,Actual,Feb,102032218091,50.2835,33056119189,0.132
VSC,CDE,2024,Net,Actual,Mar,129799785294,1.2721,71490082134,0.168
VSC,CDE,2024,Net,Actual,Apr,39392425944,0.3035,-2210192152,0.051
VSC,CDE,2024,Net,Actual,May,5534576156,0.1405,-3970480130,0.0072
VSC,CDE,2024,Net,Actual,Jun,64829643690,11.7136,-33210602454,0.0839
VSC,CDE,2024,Net,Actual,Jul,79577570247,1.2275,-9761150560,0.103
VSC,CDE,2024,Net,Actual,Aug,71211826974,0.8949,65437882838,0.0922
VSC,CDE,2024,Net,Actual,Sep,47977896877,0.6737,-8522461405,0.0621
VSC,CDE,2024,Net,Actual,Oct,43578921593,0.9083,-29749054328,0.0564
VSC,CDE,2024,Net,Actual,Nov,73842808642,1.6945,-56964431915,0.0956
VSC,CDE,2024,Net,Actual,Dec,112891887950,1.5288,-10572336975,0.1461
VSC,CDE,2024,Net,Budget,Jan,89999310658,,0,0.1064
VSC,CDE,2024,Net,Budget,Feb,68976098902,0.7664,0,0.0816
VSC,CDE,2024,Net,Budget,Mar,58309703160,0.8454,0,0.069
VSC,CDE,2024,Net,Budget,Apr,41602618096,0.7135,0,0.0492
VSC,CDE,2024,Net,Budget,May,9505056286,0.2285,0,0.0112
VSC,CDE,2024,Net,Budget,Jun,98040246144,10.3145,0,0.1159
VSC,CDE,2024,Net,Budget,Jul,89338720807,0.9112,0,0.1056
VSC,CDE,2024,Net,Budget,Aug,5773944136,0.0646,0,0.0068
VSC,CDE,2024,Net,Budget,Sep,56500358282,9.7854,0,0.0668
VSC,CDE,2024,Net,Budget,Oct,73327975921,1.2978,0,0.0867
VSC,CDE,2024,Net,Budget,Nov,130807240557,1.7839,0,0.1547
VSC,CDE,2024,Net,Budget,Dec,123464224925,0.9439,0,0.146
VSC,CDE,2024,Net,Forecast,Jan,3318586753,,-86680723905,0.005
VSC,CDE,2024,Net,Forecast,Feb,98902734143,29.8027,29926635241,0.1496
VSC,CDE,2024,Net,Forecast,Mar,43489918743,0.4397,-14819784417,0.0658
VSC,CDE,2024,Net,Forecast,Apr,20625358446,0.4743,-20977259650,0.0312
VSC,CDE,2024,Net,Forecast,May,30952379521,1.5007,21447323235,0.0468
VSC,CDE,2024,Net,Forecast,Jun,58426419950,1.8876,-39613826194,0.0884
VSC,CDE,2024,Net,Forecast,Jul,59084179945,1.0113,-30254540862,0.0894
VSC,CDE,2024,Net,Forecast,Aug,55043877177,0.9316,49269933041,0.0833
VSC,CDE,2024,Net,Forecast,Sep,79503861549,1.4444,23003503267,0.1202
VSC,CDE,2024,Net,Forecast,Oct,129030905179,1.623,55702929258,0.1952
VSC,CDE,2024,Net,Forecast,Nov,77264460250,0.5988,-53542780307,0.1169
VSC,CDE,2024,Net,Forecast,Dec,5544784754,0.0718,-117919440171,0.0084
VSC,CDE,2024,Op,Actual,Jan,81878144610,,48932128084,0.1239
VSC,CDE,2024,Op,Actual,Feb,51725555948,0.6317,738906094,0.0783
VSC,CDE,2024,Op,Actual,Mar,66634040558,1.2882,-35304915549,0.1008
VSC,CDE,2024,Op,Actual,Apr,1549265347,0.0233,-49100171563,0.0023
VSC,CDE,2024,Op,Actual,May,66003189315,42.6029,59388422974,0.0999
VSC,CDE,2024,Op,Actual,Jun,51458680077,0.7796,18735345741,0.0779
VSC,CDE,2024,Op,Actual,Jul,9806391788,0.1906,-7802777758,0.0148
VSC,CDE,2024,Op,Actual,Aug,35932309971,3.6642,-13304097432,0.0544
VSC,CDE,2024,Op,Actual,Sep,45722974828,1.2725,-5414725138,0.0692
VSC,CDE,2024,Op,Actual,Oct,48458430293,1.0598,-97501045937,0.0733
VSC,CDE,2024,Op,Actual,Nov,76191211752,1.5723,29395151372,0.1153
VSC,CDE,2024,Op,Actual,Dec,125502554920,1.6472,46287775545,0.1899
VSC,CDE,2024,Op,Budget,Jan,32946016526,,0,0.0495
VSC,CDE,2024,Op,Budget,Feb,50986649854,1.5476,0,0.0766
VSC,CDE,2024,Op,Budget,Mar,101938956107,1.9993,0,0.1531
VSC,CDE,2024,Op,Budget,Apr,50649436910,0.4969,0,0.0761
VSC,CDE,2024,Op,Budget,May,6614766341,0.1306,0,0.0099
VSC,CDE,2024,Op,Budget,Jun,32723334336,4.947,0,0.0491
VSC,CDE,2024,Op,Budget,Jul,17609169546,0.5381,0,0.0264
VSC,CDE,2024,Op,Budget,Aug,49236407403,2.7961,0,0.0739
VSC,CDE,2024,Op,Budget,Sep,51137699966,1.0386,0,0.0768
VSC,CDE,2024,Op,Budget,Oct,145959476230,2.8542,0,0.2192
VSC,CDE,2024,Op,Budget,Nov,46796060380,0.3206,0,0.0703
VSC,CDE,2024,Op,Budget,Dec,79214779375,1.6928,0,0.119
VSC,CDE,2024,Op,Forecast,Jan,94143664557,,61197648031,0.1921
VSC,CDE,2024,Op,Forecast,Feb,12622236183,0.1341,-38364413671,0.0258
VSC,CDE,2024,Op,Forecast,Mar,69898727206,5.5377,-32040228901,0.1426
VSC,CDE,2024,Op,Forecast,Apr,22262571002,0.3185,-28386865908,0.0454
VSC,CDE,2024,Op,Forecast,May,1580306435,0.071,-5034459906,0.0032
VSC,CDE,2024,Op,Forecast,Jun,72656741897,45.9764,39933407561,0.1483
VSC,CDE,2024,Op,Forecast,Jul,58604331319,0.8066,40995161773,0.1196
VSC,CDE,2024,Op,Forecast,Aug,50864042674,0.8679,1627635271,0.1038
VSC,CDE,2024,Op,Forecast,Sep,14080621486,0.2768,-37057078480,0.0287
VSC,CDE,2024,Op,Forecast,Oct,19103016175,1.3567,-126856460055,0.039
VSC,CDE,2024,Op,Forecast,Nov,51192710481,2.6798,4396650101,0.1045
VSC,CDE,2024,Op,Forecast,Dec,23052322455,0.4503,-56162456920,0.047
VSC,CDE,2025,Gross,Actual,Jan,35158084102,,-67421864276,0.0806
VSC,CDE,2025,Gross,Actual,Feb,19374600657,0.5511,-19935528424,0.0444
VSC,CDE,2025,Gross,Actual,Mar,24720564232,1.2759,-85503381676,0.0567
VSC,CDE,2025,Gross,Actual,Apr,30465290833,1.2324,-81674458185,0.0699
VSC,CDE,2025,Gross,Actual,May,47325860373,1.5534,37035672351,0.1086
VSC,CDE,2025,Gross,Actual,Jun,32422946874,0.6851,-45797002537,0.0744
VSC,CDE,2025,Gross,Actual,Jul,107991610170,3.3307,2329176108,0.2477
VSC,CDE,2025,Gross,Actual,Aug,11233913761,0.104,-36720341251,0.0258
VSC,CDE,2025,Gross,Actual,Sep,11247018542,1.0012,-114333468584,0.0258
VSC,CDE,2025,Gross,Actual,Oct,106572280916,9.4756,-8978469719,0.2445
VSC,CDE,2025,Gross,Actual,Nov,9270515588,0.087,-19201034842,0.0213
VSC,CDE,2025,Gross,Actual,Dec,172314343,0.0186,-10387527131,0.0004
VSC,CDE,2025,Gross,Budget,Jan,102579948378,,0,0.1157
VSC,CDE,2025,Gross,Budget,Feb,39310129081,0.3832,0,0.0443
VSC,CDE,2025,Gross,Budget,Mar,110223945908,2.804,0,0.1243
VSC,CDE,2025,Gross,Budget,Apr,112139749018,1.0174,0,0.1265
VSC,CDE,2025,Gross,Budget,May,10290188022,0.0918,0,0.0116
VSC,CDE,2025,Gross,Budget,Jun,78219949411,7.6014,0,0.0882
VSC,CDE,2025,Gross,Budget,Jul,105662434062,1.3508,0,0.1192
VSC,CDE,2025,Gross,Budget,Aug,47954255012,0.4538,0,0.0541
VSC,CDE,2025,Gross,Budget,Sep,125580487126,2.6188,0,0.1417
VSC,CDE,2025,Gross,Budget,Oct,115550750635,0.9201,0,0.1303
VSC,CDE,2025,Gross,Budget,Nov,28471550430,0.2464,0,0.0321
VSC,CDE,2025,Gross,Budget,Dec,10559841474,0.3709,0,0.0119
VSC,CDE,2025,Gross,Forecast,Jan,113057209564,,10477261186,0.2216
VSC,CDE,2025,Gross,Forecast,Feb,34549682407,0.3056,-4760446674,0.0677
VSC,CDE,2025,Gross,Forecast,Mar,88212937044,2.5532,-22011008864,0.1729
VSC,CDE,2025,Gross,Forecast,Apr,29587963535,0.3354,-82551785483,0.058
VSC,CDE,2025,Gross,Forecast,May,32594981906,1.1016,22304793884,0.0639
VSC,CDE,2025,Gross,Forecast,Jun,25240307436,0.7744,-52979641975,0.0495
VSC,CDE,2025,Gross,Forecast,Jul,11806651787,0.4678,-93855782275,0.0231
VSC,CDE,2025,Gross,Forecast,Aug,40644639436,3.4425,-7309615576,0.0797
VSC,CDE,2025,Gross,Forecast,Sep,2228767570,0.0548,-123351719556,0.0044
VSC,CDE,2025,Gross,Forecast,Oct,33852813284,15.189,-81697937351,0.0664
VSC,CDE,2025,Gross,Forecast,Nov,17213073655,0.5085,-11258476775,0.0337
VSC,CDE,2025,Gross,Forecast,Dec,81118280374,4.7126,70558438900,0.159
VSC,CDE,2025,Net,Actual,Jan,17142449635,,-54320542468,0.0228
VSC,CDE,2025,Net,Actual,Feb,2738824995,0.1598,-73191389064,0.0036
VSC,CDE,2025,Net,Actual,Mar,27424966548,10.0134,-64204333796,0.0365
VSC,CDE,2025,Net,Actual,Apr,87239829976,3.181,79252286500,0.1161
VSC,CDE,2025,Net,Actual,May,70907128239,0.8128,67709551206,0.0944
VSC,CDE,2025,Net,Actual,Jun,64723488138,0.9128,8559422240,0.0861
VSC,CDE,2025,Net,Actual,Jul,93510194508,1.4448,76106019675,0.1245
VSC,CDE,2025,Net,Actual,Aug,64596560150,0.6908,20151119350,0.086
VSC,CDE,2025,Net,Actual,Sep,68587583567,1.0618,44404767970,0.0913
VSC,CDE,2025,Net,Actual,Oct,117795597767,1.7174,1822144993,0.1568
VSC,CDE,2025,Net,Actual,Nov,109220523671,0.9272,91311971766,0.1454
VSC,CDE,2025,Net,Actual,Dec,27487456386,0.2517,-27546689068,0.0366
VSC,CDE,2025,Net,Budget,Jan,71462992103,,0,0.1229
VSC,CDE,2025,Net,Budget,Feb,75930214059,1.0625,0,0.1306
VSC,CDE,2025,Net,Budget,Mar,91629300344,1.2068,0,0.1576
VSC,CDE,2025,Net,Budget,Apr,7987543476,0.0872,0,0.0137
VSC,CDE,2025,Net,Budget,May,3197577033,0.4003,0,0.0055
VSC,CDE,2025,Net,Budget,Jun,56164065898,17.5646,0,0.0966
VSC,CDE,2025,Net,Budget,Jul,17404174833,0.3099,0,0.0299
VSC,CDE,2025,Net,Budget,Aug,44445440800,2.5537,0,0.0765
VSC,CDE,2025,Net,Budget,Sep,24182815597,0.5441,0,0.0416
VSC,CDE,2025,Net,Budget,Oct,115973452774,4.7957,0,0.1995
VSC,CDE,2025,Net,Budget,Nov,17908551905,0.1544,0,0.0308
VSC,CDE,2025,Net,Budget,Dec,55034145454,3.0731,0,0.0947
VSC,CDE,2025,Net,Forecast,Jan,103118537840,,31655545737,0.1791
VSC,CDE,2025,Net,Forecast,Feb,902089393,0.0087,-75028124666,0.0016
VSC,CDE,2025,Net,Forecast,Mar,70457591596,78.1049,-21171708748,0.1224
VSC,CDE,2025,Net,Forecast,Apr,7274729735,0.1032,-712813741,0.0126
VSC,CDE,2025,Net,Forecast,May,4686225268,0.6442,1488648235,0.0081
VSC,CDE,2025,Net,Forecast,Jun,48022072697,10.2475,-8141993201,0.0834
VSC,CDE,2025,Net,Forecast,Jul,4922470048,0.1025,-12481704785,0.0086
VSC,CDE,2025,Net,Forecast,Aug,71455726675,14.5162,27010285875,0.1241
VSC,CDE,2025,Net,Forecast,Sep,25440234400,0.356,1257418803,0.0442
VSC,CDE,2025,Net,Forecast,Oct,68867033666,2.707,-47106419108,0.1196
VSC,CDE,2025,Net,Forecast,Nov,167367063248,2.4303,149458511343,0.2908
VSC,CDE,2025,Net,Forecast,Dec,3121444802,0.0187,-51912700652,0.0054
VSC,CDE,2025,Op,Actual,Jan,29952093551,,12723366220,0.0607
VSC,CDE,2025,Op,Actual,Feb,28537989841,0.9528,-55879014490,0.0578
VSC,CDE,2025,Op,Actual,Mar,63706750195,2.2323,23677337114,0.1291
VSC,CDE,2025,Op,Actual,Apr,31067644267,0.4877,-16088109155,0.0629
VSC,CDE,2025,Op,Actual,May,70523443851,2.27,45710008178,0.1429
VSC,CDE,2025,Op,Actual,Jun,72258933525,1.0246,44274763285,0.1464
VSC,CDE,2025,Op,Actual,Jul,63454567873,0.8782,-29755583784,0.1286
VSC,CDE,2025,Op,Actual,Aug,35809298690,0.5643,-57662269959,0.0725
VSC,CDE,2025,Op,Actual,Sep,23842793465,0.6658,-6880635993,0.0483
VSC,CDE,2025,Op,Actual,Oct,30123411017,1.2634,5175708363,0.061
VSC,CDE,2025,Op,Actual,Nov,7182704446,0.2384,-77461477218,0.0146
VSC,CDE,2025,Op,Actual,Dec,37138900495,5.1706,-87268881813,0.0752
VSC,CDE,2025,Op,Budget,Jan,17228727331,,0,0.0249
VSC,CDE,2025,Op,Budget,Feb,84417004331,4.8998,0,0.1218
VSC,CDE,2025,Op,Budget,Mar,40029413081,0.4742,0,0.0578
VSC,CDE,2025,Op,Budget,Apr,47155753422,1.178,0,0.068
VSC,CDE,2025,Op,Budget,May,24813435673,0.5262,0,0.0358
VSC,CDE,2025,Op,Budget,Jun,27984170240,1.1278,0,0.0404
VSC,CDE,2025,Op,Budget,Jul,93210151657,3.3308,0,0.1345
VSC,CDE,2025,Op,Budget,Aug,93471568649,1.0028,0,0.1349
VSC,CDE,2025,Op,Budget,Sep,30723429458,0.3287,0,0.0443
VSC,CDE,2025,Op,Budget,Oct,24947702654,0.812,0,0.036
VSC,CDE,2025,Op,Budget,Nov,84644181664,3.3929,0,0.1221
VSC,CDE,2025,Op,Budget,Dec,124407782308,1.4698,0,0.1795
VSC,CDE,2025,Op,Forecast,Jan,47686453448,,30457726117,0.0654
VSC,CDE,2025,Op,Forecast,Feb,52140730671,1.0934,-32276273660,0.0715
VSC,CDE,2025,Op,Forecast,Mar,96966402370,1.8597,56936989289,0.1329
VSC,CDE,2025,Op,Forecast,Apr,84290154482,0.8693,37134401060,0.1156
VSC,CDE,2025,Op,Forecast,May,12654825412,0.1501,-12158610261,0.0173
VSC,CDE,2025,Op,Forecast,Jun,82878726503,6.5492,54894556263,0.1136
VSC,CDE,2025,Op,Forecast,Jul,22197884490,0.2678,-71012267167,0.0304
VSC,CDE,2025,Op,Forecast,Aug,28046855114,1.2635,-65424713535,0.0385
VSC,CDE,2025,Op,Forecast,Sep,86695534526,3.0911,55972105068,0.1189
VSC,CDE,2025,Op,Forecast,Oct,61741656354,0.7122,36793953700,0.0846
VSC,CDE,2025,Op,Forecast,Nov,111460670469,1.8053,26816488805,0.1528
VSC,CDE,2025,Op,Forecast,Dec,42672394812,0.3828,-81735387496,0.0585
VSC,PJ,2024,Gross,Actual,Jan,21749199905,,9037937569,0.0288
VSC,PJ,2024,Gross,Actual,Feb,108744446412,4.9999,41741777695,0.1442
VSC,PJ,2024,Gross,Actual,Mar,46453074447,0.4272,-45584843587,0.0616
VSC,PJ,2024,Gross,Actual,Apr,55041304402,1.1849,-33529392359,0.073
VSC,PJ,2024,Gross,Actual,May,60272614217,1.095,26308824593,0.0799
VSC,PJ,2024,Gross,Actual,Jun,69722819680,1.1568,-1688704919,0.0924
VSC,PJ,2024,Gross,Actual,Jul,81263570663,1.1655,45023322302,0.1077
VSC,PJ,2024,Gross,Actual,Aug,44590161590,0.5487,-31863635159,0.0591
VSC,PJ,2024,Gross,Actual,Sep,116431079789,2.6111,-6061867153,0.1543
VSC,PJ,2024,Gross,Actual,Oct,67662951796,0.5811,24019540107,0.0897
VSC,PJ,2024,Gross,Actual,Nov,5904999696,0.0873,-101520665237,0.0078
VSC,PJ,2024,Gross,Actual,Dec,76506740013,12.9563,23961194430,0.1014
VSC,PJ,2024,Gross,Budget,Jan,12711262336,,0,0.0158
VSC,PJ,2024,Gross,Budget,Feb,67002668717,5.2711,0,0.0833
VSC,PJ,2024,Gross,Budget,Mar,92037918034,1.3736,0,0.1144
VSC,PJ,2024,Gross,Budget,Apr,88570696761,0.9623,0,0.1101
VSC,PJ,2024,Gross,Budget,May,33963789624,0.3835,0,0.0422
VSC,PJ,2024,Gross,Budget,Jun,71411524599,2.1026,0,0.0888
VSC,PJ,2024,Gross,Budget,Jul,36240248361,0.5075,0,0.045
VSC,PJ,2024,Gross,Budget,Aug,76453796749,2.1096,0,0.095
VSC,PJ,2024,Gross,Budget,Sep,122492946942,1.6022,0,0.1523
VSC,PJ,2024,Gross,Budget,Oct,43643411689,0.3563,0,0.0542
VSC,PJ,2024,Gross,Budget,Nov,107425664933,2.4614,0,0.1335
VSC,PJ,2024,Gross,Budget,Dec,52545545583,0.4891,0,0.0653
VSC,PJ,2024,Gross,Forecast,Jan,123182291283,,110471028947,0.1767
VSC,PJ,2024,Gross,Forecast,Feb,74483985095,0.6047,7481316378,0.1068
VSC,PJ,2024,Gross,Forecast,Mar,117247237950,1.5741,25209319916,0.1682
VSC,PJ,2024,Gross,Forecast,Apr,104936552379,0.895,16365855618,0.1505
VSC,PJ,2024,Gross,Forecast,May,67309872265,0.6414,33346082641,0.0966
VSC,PJ,2024,Gross,Forecast,Jun,88588727973,1.3161,17177203374,0.1271
VSC,PJ,2024,Gross,Forecast,Jul,8330291487,0.094,-27909956874,0.0119
VSC,PJ,2024,Gross,Forecast,Aug,7904763709,0.9489,-68549033040,0.0113
VSC,PJ,2024,Gross,Forecast,Sep,63008567195,7.971,-59484379747,0.0904
VSC,PJ,2024,Gross,Forecast,Oct,26437016149,0.4196,-17206395540,0.0379
VSC,PJ,2024,Gross,Forecast,Nov,11420888431,0.432,-96004776502,0.0164
VSC,PJ,2024,Gross,Forecast,Dec,4279271816,0.3747,-48266273767,0.0061
VSC,PJ,2024,Net,Actual,Jan,74406724161,,39607597337,0.1063
VSC,PJ,2024,Net,Actual,Feb,25508440239,0.3428,-69038057499,0.0364
VSC,PJ,2024,Net,Actual,Mar,157057253069,6.1571,7440447625,0.2243
VSC,PJ,2024,Net,Actual,Apr,9357486060,0.0596,-56728469401,0.0134
VSC,PJ,2024,Net,Actual,May,54903005616,5.8673,-15523016850,0.0784
VSC,PJ,2024,Net,Actual,Jun,54694297094,0.9962,12710805589,0.0781
VSC,PJ,2024,Net,Actual,Jul,90789325795,1.6599,83750743942,0.1297
VSC,PJ,2024,Net,Actual,Aug,50434148274,0.5555,8990755511,0.072
VSC,PJ,2024,Net,Actual,Sep,52482505420,1.0406,11194216831,0.075
VSC,PJ,2024,Net,Actual,Oct,95383893773,1.8174,-47691819589,0.1362
VSC,PJ,2024,Net,Actual,Nov,31948802933,0.3349,-69927068485,0.0456
VSC,PJ,2024,Net,Actual,Dec,3114294287,0.0975,-75257702008,0.0044
VSC,PJ,2024,Net,Budget,Jan,34799126824,,0,0.04
VSC,PJ,2024,Net,Budget,Feb,94546497738,2.7169,0,0.1086
VSC,PJ,2024,Net,Budget,Mar,149616805444,1.5825,0,0.1719
VSC,PJ,2024,Net,Budget,Apr,66085955461,0.4417,0,0.0759
VSC,PJ,2024,Net,Budget,May,70426022466,1.0657,0,0.0809
VSC,PJ,2024,Net,Budget,Jun,41983491505,0.5961,0,0.0482
VSC,PJ,2024,Net,Budget,Jul,7038581853,0.1677,0,0.0081
VSC,PJ,2024,Net,Budget,Aug,41443392763,5.888,0,0.0476
VSC,PJ,2024,Net,Budget,Sep,41288288589,0.9963,0,0.0474
VSC,PJ,2024,Net,Budget,Oct,143075713362,3.4653,0,0.1644
VSC,PJ,2024,Net,Budget,Nov,101875871418,0.712,0,0.117
VSC,PJ,2024,Net,Budget,Dec,78371996295,0.7693,0,0.09
VSC,PJ,2024,Net,Forecast,Jan,26589919492,,-8209207332,0.0475
VSC,PJ,2024,Net,Forecast,Feb,63632745684,2.3931,-30913752054,0.1136
VSC,PJ,2024,Net,Forecast,Mar,90509029019,1.4224,-59107776425,0.1615
VSC,PJ,2024,Net,Forecast,Apr,37572643740,0.4151,-28513311721,0.0671
VSC,PJ,2024,Net,Forecast,May,16159976962,0.4301,-54266045504,0.0288
VSC,PJ,2024,Net,Forecast,Jun,30417368029,1.8823,-11566123476,0.0543
VSC,PJ,2024,Net,Forecast,Jul,38081467682,1.252,31042885829,0.068
VSC,PJ,2024,Net,Forecast,Aug,4055217239,0.1065,-37388175524,0.0072
VSC,PJ,2024,Net,Forecast,Sep,52718186682,13.0001,11429898093,0.0941
VSC,PJ,2024,Net,Forecast,Oct,144423608598,2.7395,1347895236,0.2577
VSC,PJ,2024,Net,Forecast,Nov,41033644367,0.2841,-60842227051,0.0732
VSC,PJ,2024,Net,Forecast,Dec,15142291836,0.369,-63229704459,0.027
VSC,PJ,2024,Op,Actual,Jan,91273430864,,48818408136,0.1064
VSC,PJ,2024,Op,Actual,Feb,71847393676,0.7872,53391881335,0.0837
VSC,PJ,2024,Op,Actual,Mar,124656971328,1.735,-27772381806,0.1453
VSC,PJ,2024,Op,Actual,Apr,59770380375,0.4795,-4188466513,0.0697
VSC,PJ,2024,Op,Actual,May,793265946,0.0133,-4023947983,0.0009
VSC,PJ,2024,Op,Actual,Jun,96334028037,121.4398,68902968136,0.1123
VSC,PJ,2024,Op,Actual,Jul,92844034696,0.9638,71019941545,0.1082
VSC,PJ,2024,Op,Actual,Aug,84709673785,0.9124,26127017607,0.0987
VSC,PJ,2024,Op,Actual,Sep,29681823496,0.3504,-24754051729,0.0346
VSC,PJ,2024,Op,Actual,Oct,79707447038,2.6854,11145364908,0.0929
VSC,PJ,2024,Op,Actual,Nov,52858214244,0.6632,-83515053545,0.0616
VSC,PJ,2024,Op,Actual,Dec,73588700955,1.3922,24405065145,0.0858
VSC,PJ,2024,Op,Budget,Jan,42455022728,,0,0.0608
VSC,PJ,2024,Op,Budget,Feb,18455512341,0.4347,0,0.0264
VSC,PJ,2024,Op,Budget,Mar,152429353134,8.2593,0,0.2182
VSC,PJ,2024,Op,Budget,Apr,63958846888,0.4196,0,0.0916
VSC,PJ,2024,Op,Budget,May,4817213929,0.0753,0,0.0069
VSC,PJ,2024,Op,Budget,Jun,27431059901,5.6944,0,0.0393
VSC,PJ,2024,Op,Budget,Jul,21824093151,0.7956,0,0.0312
VSC,PJ,2024,Op,Budget,Aug,58582656178,2.6843,0,0.0839
VSC,PJ,2024,Op,Budget,Sep,54435875225,0.9292,0,0.0779
VSC,PJ,2024,Op,Budget,Oct,68562082130,1.2595,0,0.0982
VSC,PJ,2024,Op,Budget,Nov,136373267789,1.989,0,0.1952
VSC,PJ,2024,Op,Budget,Dec,49183635810,0.3607,0,0.0704
VSC,PJ,2024,Op,Forecast,Jan,48685595438,,6230572710,0.0639
VSC,PJ,2024,Op,Forecast,Feb,44925776264,0.9228,26470263923,0.059
VSC,PJ,2024,Op,Forecast,Mar,83228681479,1.8526,-69200671655,0.1093
VSC,PJ,2024,Op,Forecast,Apr,80966106083,0.9728,17007259195,0.1063
VSC,PJ,2024,Op,Forecast,May,28965233490,0.3577,24148019561,0.038
VSC,PJ,2024,Op,Forecast,Jun,64928232799,2.2416,37497172898,0.0853
VSC,PJ,2024,Op,Forecast,Jul,91345486427,1.4069,69521393276,0.12
VSC,PJ,2024,Op,Forecast,Aug,66714455036,0.7304,8131798858,0.0876
VSC,PJ,2024,Op,Forecast,Sep,94464565328,1.416,40028690103,0.1241
VSC,PJ,2024,Op,Forecast,Oct,2552963767,0.027,-66009118363,0.0034
VSC,PJ,2024,Op,Forecast,Nov,112406877877,44.03,-23966389912,0.1476
VSC,PJ,2024,Op,Forecast,Dec,42281446451,0.3761,-6902189359,0.0555
VSC,PJ,2025,Gross,Actual,Jan,83084545132,,41130878386,0.0899
VSC,PJ,2025,Gross,Actual,Feb,73542200300,0.8851,69788099653,0.0796
VSC,PJ,2025,Gross,Actual,Mar,84229383900,1.1453,64619008807,0.0912
VSC,PJ,2025,Gross,Actual,Apr,78739064100,0.9348,-1958820984,0.0852
VSC,PJ,2025,Gross,Actual,May,53536604300,0.6799,37446701901,0.0579
VSC,PJ,2025,Gross,Actual,Jun,69627265700,1.3006,-12265880890,0.0754
VSC,PJ,2025,Gross,Actual,Jul,72417548400,1.0401,17056342929,0.0784
VSC,PJ,2025,Gross,Actual,Aug,71035019200,0.9809,13224082092,0.0769
VSC,PJ,2025,Gross,Actual,Sep,92244562100,1.2986,58440079533,0.0998
VSC,PJ,2025,Gross,Actual,Oct,77663478200,0.8419,57332013301,0.0841
VSC,PJ,2025,Gross,Actual,Nov,88745959300,1.1427,8613956165,0.0961
VSC,PJ,2025,Gross,Actual,Dec,79018276700,0.8904,43598355958,0.0855
VSC,PJ,2025,Gross,Budget,Jan,41953666746,,0,0.0796
VSC,PJ,2025,Gross,Budget,Feb,3754100647,0.0895,0,0.0071
VSC,PJ,2025,Gross,Budget,Mar,19610375093,5.2237,0,0.0372
VSC,PJ,2025,Gross,Budget,Apr,80697885084,4.1151,0,0.1532
VSC,PJ,2025,Gross,Budget,May,16089902399,0.1994,0,0.0305
VSC,PJ,2025,Gross,Budget,Jun,81893146590,5.0897,0,0.1554
VSC,PJ,2025,Gross,Budget,Jul,55361205471,0.676,0,0.1051
VSC,PJ,2025,Gross,Budget,Aug,57810937108,1.0442,0,0.1097
VSC,PJ,2025,Gross,Budget,Sep,33804482567,0.5847,0,0.0642
VSC,PJ,2025,Gross,Budget,Oct,20331464899,0.6014,0,0.0386
VSC,PJ,2025,Gross,Budget,Nov,80132003135,3.9413,0,0.1521
VSC,PJ,2025,Gross,Budget,Dec,35419920742,0.442,0,0.0672
VSC,PJ,2025,Gross,Forecast,Jan,85975514356,,44021847610,0.128
VSC,PJ,2025,Gross,Forecast,Feb,72797833516,0.8467,69043732869,0.1084
VSC,PJ,2025,Gross,Forecast,Mar,4260437098,0.0585,-15349937995,0.0063
VSC,PJ,2025,Gross,Forecast,Apr,22139937357,5.1966,-58557947727,0.033
VSC,PJ,2025,Gross,Forecast,May,79037111846,3.5699,62947209447,0.1177
VSC,PJ,2025,Gross,Forecast,Jun,61986819851,0.7843,-19906326739,0.0923
VSC,PJ,2025,Gross,Forecast,Jul,33075885250,0.5336,-22285320221,0.0492
VSC,PJ,2025,Gross,Forecast,Aug,61511379140,1.8597,3700442032,0.0916
VSC,PJ,2025,Gross,Forecast,Sep,131913715623,2.1445,98109233056,0.1964
VSC,PJ,2025,Gross,Forecast,Oct,22604161336,0.1714,2272696437,0.0337
VSC,PJ,2025,Gross,Forecast,Nov,40100957081,1.7741,-40031046054,0.0597
VSC,PJ,2025,Gross,Forecast,Dec,56202828597,1.4015,20782907855,0.0837
VSC,PJ,2025,Net,Actual,Jan,72776859874,,27436252974,0.0732
VSC,PJ,2025,Net,Actual,Feb,97225060200,1.3359,48449455306,0.0978
VSC,PJ,2025,Net,Actual,Mar,105557774300,1.0857,54249130658,0.1062
VSC,PJ,2025,Net,Actual,Apr,69741063500,0.6607,-34366308590,0.0701
VSC,PJ,2025,Net,Actual,May,47647425800,0.6832,16562295912,0.0479
VSC,PJ,2025,Net,Actual,Jun,65892165700,1.3829,14907079155,0.0663
VSC,PJ,2025,Net,Actual,Jul,64555523900,0.9797,62417301066,0.0649
VSC,PJ,2025,Net,Actual,Aug,64127519900,0.9934,-2607873971,0.0645
VSC,PJ,2025,Net,Actual,Sep,80955113500,1.2624,-509757780,0.0814
VSC,PJ,2025,Net,Actual,Oct,103236909900,1.2752,94690912308,0.1038
VSC,PJ,2025,Net,Actual,Nov,119590825100,1.1584,-11165476204,0.1203
VSC,PJ,2025,Net,Actual,Dec,102874086600,0.8602,11841671326,0.1035
VSC,PJ,2025,Net,Budget,Jan,45340606900,,0,0.0637
VSC,PJ,2025,Net,Budget,Feb,48775604894,1.0758,0,0.0685
VSC,PJ,2025,Net,Budget,Mar,51308643642,1.0519,0,0.072
VSC,PJ,2025,Net,Budget,Apr,104107372090,2.029,0,0.1462
VSC,PJ,2025,Net,Budget,May,31085129888,0.2986,0,0.0436
VSC,PJ,2025,Net,Budget,Jun,50985086545,1.6402,0,0.0716
VSC,PJ,2025,Net,Budget,Jul,2138222834,0.0419,0,0.003
VSC,PJ,2025,Net,Budget,Aug,66735393871,31.2107,0,0.0937
VSC,PJ,2025,Net,Budget,Sep,81464871280,1.2207,0,0.1144
VSC,PJ,2025,Net,Budget,Oct,8545997592,0.1049,0,0.012
VSC,PJ,2025,Net,Budget,Nov,130756301304,15.3003,0,0.1836
VSC,PJ,2025,Net,Budget,Dec,91032415274,0.6962,0,0.1278
VSC,PJ,2025,Net,Forecast,Jan,9280440575,,-36060166325,0.0139
VSC,PJ,2025,Net,Forecast,Feb,34207061868,3.6859,-14568543026,0.0512
VSC,PJ,2025,Net,Forecast,Mar,21648376028,0.6329,-29660267614,0.0324
VSC,PJ,2025,Net,Forecast,Apr,101244564844,4.6768,-2862807246,0.1516
VSC,PJ,2025,Net,Forecast,May,5154173232,0.0509,-25930956656,0.0077
VSC,PJ,2025,Net,Forecast,Jun,69769017405,13.5364,18783930860,0.1044
VSC,PJ,2025,Net,Forecast,Jul,94417343760,1.3533,92279120926,0.1413
VSC,PJ,2025,Net,Forecast,Aug,93566353876,0.991,26830960005,0.1401
VSC,PJ,2025,Net,Forecast,Sep,117715401739,1.2581,36250530459,0.1762
VSC,PJ,2025,Net,Forecast,Oct,50365652751,0.4279,41819655159,0.0754
VSC,PJ,2025,Net,Forecast,Nov,31453470604,0.6245,-99302830700,0.0471
VSC,PJ,2025,Net,Forecast,Dec,39222582733,1.247,-51809832541,0.0587
VSC,PJ,2025,Op,Actual,Jan,72776859874,,-26470438557,0.0732
VSC,PJ,2025,Op,Actual,Feb,97225060200,1.3359,76453266861,0.0978
VSC,PJ,2025,Op,Actual,Mar,105557774300,1.0857,334636563,0.1062
VSC,PJ,2025,Op,Actual,Apr,69741063500,0.6607,-33952375625,0.0701
VSC,PJ,2025,Op,Actual,May,47647425800,0.6832,-19021317981,0.0479
VSC,PJ,2025,Op,Actual,Jun,65892165700,1.3829,3320344514,0.0663
VSC,PJ,2025,Op,Actual,Jul,64555523900,0.9797,-27869247766,0.0649
VSC,PJ,2025,Op,Actual,Aug,64127519900,0.9934,-17702114664,0.0645
VSC,PJ,2025,Op,Actual,Sep,80955113500,1.2624,44671480202,0.0814
VSC,PJ,2025,Op,Actual,Oct,103236909900,1.2752,10236427933,0.1038
VSC,PJ,2025,Op,Actual,Nov,119590825100,1.1584,42368953361,0.1203
VSC,PJ,2025,Op,Actual,Dec,102874086600,0.8602,91205518454,0.1035
VSC,PJ,2025,Op,Budget,Jan,99247298431,,0,0.1167
VSC,PJ,2025,Op,Budget,Feb,20771793339,0.2093,0,0.0244
VSC,PJ,2025,Op,Budget,Mar,105223137737,5.0657,0,0.1237
VSC,PJ,2025,Op,Budget,Apr,103693439125,0.9855,0,0.1219
VSC,PJ,2025,Op,Budget,May,66668743781,0.6429,0,0.0784
VSC,PJ,2025,Op,Budget,Jun,62571821186,0.9385,0,0.0736
VSC,PJ,2025,Op,Budget,Jul,92424771666,1.4771,0,0.1087
VSC,PJ,2025,Op,Budget,Aug,81829634564,0.8854,0,0.0962
VSC,PJ,2025,Op,Budget,Sep,36283633298,0.4434,0,0.0427
VSC,PJ,2025,Op,Budget,Oct,93000481967,2.5632,0,0.1093
VSC,PJ,2025,Op,Budget,Nov,77221871739,0.8303,0,0.0908
VSC,PJ,2025,Op,Budget,Dec,11668568146,0.1511,0,0.0137
VSC,PJ,2025,Op,Forecast,Jan,27256677047,,-71990621384,0.0422
VSC,PJ,2025,Op,Forecast,Feb,143626831895,5.2694,122855038556,0.2224
VSC,PJ,2025,Op,Forecast,Mar,58789014207,0.4093,-46434123530,0.091
VSC,PJ,2025,Op,Forecast,Apr,74083345942,1.2602,-29610093183,0.1147
VSC,PJ,2025,Op,Forecast,May,34661740224,0.4679,-32007003557,0.0537
VSC,PJ,2025,Op,Forecast,Jun,43285841277,1.2488,-19285979909,0.067
VSC,PJ,2025,Op,Forecast,Jul,63982056391,1.4781,-28442715275,0.0991
VSC,PJ,2025,Op,Forecast,Aug,91989486007,1.4377,10159851443,0.1424
VSC,PJ,2025,Op,Forecast,Sep,14423954511,0.1568,-21859678787,0.0223
VSC,PJ,2025,Op,Forecast,Oct,29058798759,2.0146,-63941683208,0.045
VSC,PJ,2025,Op,Forecast,Nov,61125326351,2.1035,-16096545388,0.0946
VSC,PJ,2025,Op,Forecast,Dec,3535187993,0.0578,-8133380153,0.0055
VSCN,CDE,2024,Gross,Actual,Jan,1604114482,,-10745278605,0.0261
VSCN,CDE,2024,Gross,Actual,Feb,5805866202,3.6194,-527195259,0.0943
VSCN,CDE,2024,Gross,Actual,Mar,10507791920,1.8099,7292797850,0.1707
VSCN,CDE,2024,Gross,Actual,Apr,531504093,0.0506,122915616,0.0086
VSCN,CDE,2024,Gross,Actual,May,3152605841,5.9315,270654594,0.0512
VSCN,CDE,2024,Gross,Actual,Jun,1668419963,0.5292,-1784439812,0.0271
VSCN,CDE,2024,Gross,Actual,Jul,2459823535,1.4743,-2879712160,0.04
VSCN,CDE,2024,Gross,Actual,Aug,9129561725,3.7115,3489723554,0.1483
VSCN,CDE,2024,Gross,Actual,Sep,5007557588,0.5485,-702030450,0.0814
VSCN,CDE,2024,Gross,Actual,Oct,10420258880,2.0809,4176788403,0.1693
VSCN,CDE,2024,Gross,Actual,Nov,9882844675,0.9484,8867214498,0.1606
VSCN,CDE,2024,Gross,Actual,Dec,1374473482,0.1391,3380242,0.0223
VSCN,CDE,2024,Gross,Budget,Jan,12349393087,,0,0.2289
VSCN,CDE,2024,Gross,Budget,Feb,6333061461,0.5128,0,0.1174
VSCN,CDE,2024,Gross,Budget,Mar,3214994070,0.5077,0,0.0596
VSCN,CDE,2024,Gross,Budget,Apr,408588477,0.1271,0,0.0076
VSCN,CDE,2024,Gross,Budget,May,2881951247,7.0534,0,0.0534
VSCN,CDE,2024,Gross,Budget,Jun,3452859775,1.1981,0,0.064
VSCN,CDE,2024,Gross,Budget,Jul,5339535695,1.5464,0,0.099
VSCN,CDE,2024,Gross,Budget,Aug,5639838171,1.0562,0,0.1045
VSCN,CDE,2024,Gross,Budget,Sep,5709588038,1.0124,0,0.1058
VSCN,CDE,2024,Gross,Budget,Oct,6243470477,1.0935,0,0.1157
VSCN,CDE,2024,Gross,Budget,Nov,1015630177,0.1627,0,0.0188
VSCN,CDE,2024,Gross,Budget,Dec,1371093240,1.35,0,0.0254
VSCN,CDE,2024,Gross,Forecast,Jan,5528972102,,-6820420985,0.0884
VSCN,CDE,2024,Gross,Forecast,Feb,3466607812,0.627,-2866453649,0.0555
VSCN,CDE,2024,Gross,Forecast,Mar,3044362408,0.8782,-170631662,0.0487
VSCN,CDE,2024,Gross,Forecast,Apr,8238779273,2.7062,7830190796,0.1318
VSCN,CDE,2024,Gross,Forecast,May,9525507054,1.1562,6643555807,0.1524
VSCN,CDE,2024,Gross,Forecast,Jun,3181655702,0.334,-271204073,0.0509
VSCN,CDE,2024,Gross,Forecast,Jul,6482966922,2.0376,1143431227,0.1037
VSCN,CDE,2024,Gross,Forecast,Aug,709144531,0.1094,-4930693640,0.0113
VSCN,CDE,2024,Gross,Forecast,Sep,4137136077,5.834,-1572451961,0.0662
VSCN,CDE,2024,Gross,Forecast,Oct,3150994673,0.7616,-3092475804,0.0504
VSCN,CDE,2024,Gross,Forecast,Nov,10509451532,3.3353,9493821355,0.1681
VSCN,CDE,2024,Gross,Forecast,Dec,4537464824,0.4318,3166371584,0.0726
VSCN,CDE,2024,Net,Actual,Jan,8965675886,,7120752806,0.1274
VSCN,CDE,2024,Net,Actual,Feb,1585097714,0.1768,-1395482843,0.0225
VSCN,CDE,2024,Net,Actual,Mar,6971169324,4.3979,-401920105,0.0991
VSCN,CDE,2024,Net,Actual,Apr,8802941543,1.2628,4433952640,0.1251
VSCN,CDE,2024,Net,Actual,May,11583428937,1.3159,9600248016,0.1647
VSCN,CDE,2024,Net,Actual,Jun,5405313336,0.4666,-774710433,0.0768
VSCN,CDE,2024,Net,Actual,Jul,1027790539,0.1901,-4871119759,0.0146
VSCN,CDE,2024,Net,Actual,Aug,4579846126,4.456,3267728113,0.0651
VSCN,CDE,2024,Net,Actual,Sep,9496821424,2.0736,713171870,0.135
VSCN,CDE,2024,Net,Actual,Oct,169790119,0.0179,-1004731885,0.0024
VSCN,CDE,2024,Net,Actual,Nov,9835086468,57.925,1698772365,0.1398
VSCN,CDE,2024,Net,Actual,Dec,1926575172,0.1959,-7383621074,0.0274
VSCN,CDE,2024,Net,Budget,Jan,1844923080,,0,0.0311
VSCN,CDE,2024,Net,Budget,Feb,2980580557,1.6156,0,0.0502
VSCN,CDE,2024,Net,Budget,Mar,7373089429,2.4737,0,0.1242
VSCN,CDE,2024,Net,Budget,Apr,4368988903,0.5926,0,0.0736
VSCN,CDE,2024,Net,Budget,May,1983180921,0.4539,0,0.0334
VSCN,CDE,2024,Net,Budget,Jun,6180023769,3.1162,0,0.1041
VSCN,CDE,2024,Net,Budget,Jul,5898910298,0.9545,0,0.0994
VSCN,CDE,2024,Net,Budget,Aug,1312118013,0.2224,0,0.0221
VSCN,CDE,2024,Net,Budget,Sep,8783649554,6.6943,0,0.148
VSCN,CDE,2024,Net,Budget,Oct,1174522004,0.1337,0,0.0198
VSCN,CDE,2024,Net,Budget,Nov,8136314103,6.9273,0,0.1371
VSCN,CDE,2024,Net,Budget,Dec,9310196246,1.1443,0,0.1569
VSCN,CDE,2024,Net,Forecast,Jan,6872514535,,5027591455,0.1121
VSCN,CDE,2024,Net,Forecast,Feb,189425309,0.0276,-2791155248,0.0031
VSCN,CDE,2024,Net,Forecast,Mar,9665390958,51.0248,2292301529,0.1577
VSCN,CDE,2024,Net,Forecast,Apr,4079894309,0.4221,-289094594,0.0665
VSCN,CDE,2024,Net,Forecast,May,11209457243,2.7475,9226276322,0.1828
VSCN,CDE,2024,Net,Forecast,Jun,7694247136,0.6864,1514223367,0.1255
VSCN,CDE,2024,Net,Forecast,Jul,8473579682,1.1013,2574669384,0.1382
VSCN,CDE,2024,Net,Forecast,Aug,1646425899,0.1943,334307886,0.0269
VSCN,CDE,2024,Net,Forecast,Sep,6001448651,3.6451,-2782200903,0.0979
VSCN,CDE,2024,Net,Forecast,Oct,3874819803,0.6456,2700297799,0.0632
VSCN,CDE,2024,Net,Forecast,Nov,582971331,0.1505,-7553342772,0.0095
VSCN,CDE,2024,Net,Forecast,Dec,1016138682,1.743,-8294057564,0.0166
VSCN,CDE,2024,Op,Actual,Jan,747764015,,-9905406922,0.0109
VSCN,CDE,2024,Op,Actual,Feb,7914321301,10.584,4309525341,0.1158
VSCN,CDE,2024,Op,Actual,Mar,8771169381,1.1083,986637359,0.1283
VSCN,CDE,2024,Op,Actual,Apr,5443021328,0.6206,5395942561,0.0796
VSCN,CDE,2024,Op,Actual,May,8451164815,1.5527,5145912387,0.1236
VSCN,CDE,2024,Op,Actual,Jun,7946047663,0.9402,5597061229,0.1162
VSCN,CDE,2024,Op,Actual,Jul,6500679881,0.8181,3439594479,0.0951
VSCN,CDE,2024,Op,Actual,Aug,8662715614,1.3326,2343512983,0.1267
VSCN,CDE,2024,Op,Actual,Sep,2773455823,0.3202,-1642964230,0.0406
VSCN,CDE,2024,Op,Actual,Oct,988799662,0.3565,-9378969078,0.0145
VSCN,CDE,2024,Op,Actual,Nov,3280288893,3.3174,-4240347865,0.048
VSCN,CDE,2024,Op,Actual,Dec,6889772479,2.1004,1500264746,0.1008
VSCN,CDE,2024,Op,Budget,Jan,10653170937,,0,0.1644
VSCN,CDE,2024,Op,Budget,Feb,3604795960,0.3384,0,0.0556
VSCN,CDE,2024,Op,Budget,Mar,7784532022,2.1595,0,0.1201
VSCN,CDE,2024,Op,Budget,Apr,47078767,0.006,0,0.0007
VSCN,CDE,2024,Op,Budget,May,3305252428,70.2069,0,0.051
VSCN,CDE,2024,Op,Budget,Jun,2348986434,0.7107,0,0.0362
VSCN,CDE,2024,Op,Budget,Jul,3061085402,1.3032,0,0.0472
VSCN,CDE,2024,Op,Budget,Aug,6319202631,2.0644,0,0.0975
VSCN,CDE,2024,Op,Budget,Sep,4416420053,0.6989,0,0.0681
VSCN,CDE,2024,Op,Budget,Oct,10367768740,2.3476,0,0.16
VSCN,CDE,2024,Op,Budget,Nov,7520636758,0.7254,0,0.116
VSCN,CDE,2024,Op,Budget,Dec,5389507733,0.7166,0,0.0831
VSCN,CDE,2024,Op,Forecast,Jan,4966972194,,-5686198743,0.0869
VSCN,CDE,2024,Op,Forecast,Feb,5204040617,1.0477,1599244657,0.091
VSCN,CDE,2024,Op,Forecast,Mar,4446313959,0.8544,-3338218063,0.0778
VSCN,CDE,2024,Op,Forecast,Apr,9452338234,2.1259,9405259467,0.1654
VSCN,CDE,2024,Op,Forecast,May,9510275218,1.0061,6205022790,0.1664
VSCN,CDE,2024,Op,Forecast,Jun,2457572244,0.2584,108585810,0.043
VSCN,CDE,2024,Op,Forecast,Jul,2273027681,0.9249,-788057721,0.0398
VSCN,CDE,2024,Op,Forecast,Aug,789365357,0.3473,-5529837274,0.0138
VSCN,CDE,2024,Op,Forecast,Sep,2442990649,3.0949,-1973429404,0.0427
VSCN,CDE,2024,Op,Forecast,Oct,10262090464,4.2006,-105678276,0.1795
VSCN,CDE,2024,Op,Forecast,Nov,671401849,0.0654,-6849234909,0.0117
VSCN,CDE,2024,Op,Forecast,Dec,4681953105,6.9734,-707554628,0.0819
VSCN,CDE,2025,Gross,Actual,Jan,8213928733,,5941956589,0.1122
VSCN,CDE,2025,Gross,Actual,Feb,12297979409,1.4972,8275906376,0.1679
VSCN,CDE,2025,Gross,Actual,Mar,7938871611,0.6455,850323462,0.1084
VSCN,CDE,2025,Gross,Actual,Apr,4751712149,0.5985,-3631949561,0.0649
VSCN,CDE,2025,Gross,Actual,May,4156663889,0.8748,1129686891,0.0568
VSCN,CDE,2025,Gross,Actual,Jun,3419262923,0.8226,-129617121,0.0467
VSCN,CDE,2025,Gross,Actual,Jul,309720822,0.0906,-6025686707,0.0042
VSCN,CDE,2025,Gross,Actual,Aug,3146309185,10.1585,-3316333178,0.043
VSCN,CDE,2025,Gross,Actual,Sep,3311702750,1.0526,-5051932341,0.0452
VSCN,CDE,2025,Gross,Actual,Oct,8847154462,2.6715,-1392597281,0.1208
VSCN,CDE,2025,Gross,Actual,Nov,8878083125,1.0035,1037680036,0.1212
VSCN,CDE,2025,Gross,Actual,Dec,7953766803,0.8959,-2651371005,0.1086
VSCN,CDE,2025,Gross,Budget,Jan,2271972144,,0,0.0291
VSCN,CDE,2025,Gross,Budget,Feb,4022073033,1.7703,0,0.0514
VSCN,CDE,2025,Gross,Budget,Mar,7088548149,1.7624,0,0.0907
VSCN,CDE,2025,Gross,Budget,Apr,8383661710,1.1827,0,0.1072
VSCN,CDE,2025,Gross,Budget,May,3026976998,0.3611,0,0.0387
VSCN,CDE,2025,Gross,Budget,Jun,3548880044,1.1724,0,0.0454
VSCN,CDE,2025,Gross,Budget,Jul,6335407529,1.7852,0,0.081
VSCN,CDE,2025,Gross,Budget,Aug,6462642363,1.0201,0,0.0827
VSCN,CDE,2025,Gross,Budget,Sep,8363635091,1.2942,0,0.107
VSCN,CDE,2025,Gross,Budget,Oct,10239751743,1.2243,0,0.131
VSCN,CDE,2025,Gross,Budget,Nov,7840403089,0.7657,0,0.1003
VSCN,CDE,2025,Gross,Budget,Dec,10605137808,1.3526,0,0.1356
VSCN,CDE,2025,Gross,Forecast,Jan,12561770003,,10289797859,0.1732
VSCN,CDE,2025,Gross,Forecast,Feb,11606390518,0.9239,7584317485,0.16
VSCN,CDE,2025,Gross,Forecast,Mar,11026845266,0.9501,3938297117,0.1521
VSCN,CDE,2025,Gross,Forecast,Apr,2906318691,0.2636,-5477343019,0.0401
VSCN,CDE,2025,Gross,Forecast,May,2717800192,0.9351,-309176806,0.0375
VSCN,CDE,2025,Gross,Forecast,Jun,2739697660,1.0081,-809182384,0.0378
VSCN,CDE,2025,Gross,Forecast,Jul,2661250199,0.9714,-3674157330,0.0367
VSCN,CDE,2025,Gross,Forecast,Aug,5581827041,2.0974,-880815322,0.077
VSCN,CDE,2025,Gross,Forecast,Sep,1088665029,0.195,-7274970062,0.015
VSCN,CDE,2025,Gross,Forecast,Oct,2718737119,2.4973,-7521014624,0.0375
VSCN,CDE,2025,Gross,Forecast,Nov,6139050969,2.2581,-1701352120,0.0847
VSCN,CDE,2025,Gross,Forecast,Dec,10770006298,1.7543,164868490,0.1485
VSCN,CDE,2025,Net,Actual,Jan,6250114032,,859122187,0.0674
VSCN,CDE,2025,Net,Actual,Feb,9402679574,1.5044,-2845006560,0.1014
VSCN,CDE,2025,Net,Actual,Mar,2141048323,0.2277,-6535923314,0.0231
VSCN,CDE,2025,Net,Actual,Apr,4532073942,2.1168,2447198890,0.0489
VSCN,CDE,2025,Net,Actual,May,11089938435,2.447,5062266384,0.1196
VSCN,CDE,2025,Net,Actual,Jun,8655838261,0.7805,6133769352,0.0933
VSCN,CDE,2025,Net,Actual,Jul,7319185396,0.8456,-455723456,0.0789
VSCN,CDE,2025,Net,Actual,Aug,6573621434,0.8981,1285881040,0.0709
VSCN,CDE,2025,Net,Actual,Sep,7003081520,1.0653,2948098843,0.0755
VSCN,CDE,2025,Net,Actual,Oct,10046544177,1.4346,1319544322,0.1083
VSCN,CDE,2025,Net,Actual,Nov,8583625952,0.8544,-1763637620,0.0926
VSCN,CDE,2025,Net,Actual,Dec,11135581467,1.2973,8184436221,0.1201
VSCN,CDE,2025,Net,Budget,Jan,5390991845,,0,0.0708
VSCN,CDE,2025,Net,Budget,Feb,12247686134,2.2719,0,0.161
VSCN,CDE,2025,Net,Budget,Mar,8676971637,0.7085,0,0.114
VSCN,CDE,2025,Net,Budget,Apr,2084875052,0.2403,0,0.0274
VSCN,CDE,2025,Net,Budget,May,6027672051,2.8911,0,0.0792
VSCN,CDE,2025,Net,Budget,Jun,2522068909,0.4184,0,0.0331
VSCN,CDE,2025,Net,Budget,Jul,7774908852,3.0828,0,0.1022
VSCN,CDE,2025,Net,Budget,Aug,5287740394,0.6801,0,0.0695
VSCN,CDE,2025,Net,Budget,Sep,4054982677,0.7669,0,0.0533
VSCN,CDE,2025,Net,Budget,Oct,8726999855,2.1522,0,0.1147
VSCN,CDE,2025,Net,Budget,Nov,10347263572,1.1857,0,0.136
VSCN,CDE,2025,Net,Budget,Dec,2951145246,0.2852,0,0.0388
VSCN,CDE,2025,Net,Forecast,Jan,10244347111,,4853355266,0.1314
VSCN,CDE,2025,Net,Forecast,Feb,8192428776,0.7997,-4055257358,0.1051
VSCN,CDE,2025,Net,Forecast,Mar,12022885767,1.4676,3345914130,0.1543
VSCN,CDE,2025,Net,Forecast,Apr,4073196559,0.3388,1988321507,0.0523
VSCN,CDE,2025,Net,Forecast,May,4303579390,1.0566,-1724092661,0.0552
VSCN,CDE,2025,Net,Forecast,Jun,571167851,0.1327,-1950901058,0.0073
VSCN,CDE,2025,Net,Forecast,Jul,2876643835,5.0364,-4898265017,0.0369
VSCN,CDE,2025,Net,Forecast,Aug,7778482220,2.704,2490741826,0.0998
VSCN,CDE,2025,Net,Forecast,Sep,7224926161,0.9288,3169943484,0.0927
VSCN,CDE,2025,Net,Forecast,Oct,9689777101,1.3412,962777246,0.1243
VSCN,CDE,2025,Net,Forecast,Nov,1401485839,0.1446,-8945777733,0.018
VSCN,CDE,2025,Net,Forecast,Dec,9557017196,6.8192,6605871950,0.1226
VSCN,CDE,2025,Op,Actual,Jan,9271565615,,3599161969,0.1264
VSCN,CDE,2025,Op,Actual,Feb,12066288103,1.3014,8005620904,0.1645
VSCN,CDE,2025,Op,Actual,Mar,1027888624,0.0852,-2173321870,0.014
VSCN,CDE,2025,Op,Actual,Apr,2472389726,2.4053,-2756942456,0.0337
VSCN,CDE,2025,Op,Actual,May,6580966066,2.6618,-2993935462,0.0897
VSCN,CDE,2025,Op,Actual,Jun,5157976870,0.7838,461429554,0.0703
VSCN,CDE,2025,Op,Actual,Jul,8225734257,1.5948,-534052068,0.1122
VSCN,CDE,2025,Op,Actual,Aug,2289430222,0.2783,-7729127624,0.0312
VSCN,CDE,2025,Op,Actual,Sep,8023052344,3.5044,1255442277,0.1094
VSCN,CDE,2025,Op,Actual,Oct,3597216436,0.4484,-313697020,0.0491
VSCN,CDE,2025,Op,Actual,Nov,3310999399,0.9204,-3836423089,0.0451
VSCN,CDE,2025,Op,Actual,Dec,11310772370,3.4161,5721099551,0.1542
VSCN,CDE,2025,Op,Budget,Jan,5672403646,,0,0.076
VSCN,CDE,2025,Op,Budget,Feb,4060667199,0.7159,0,0.0544
VSCN,CDE,2025,Op,Budget,Mar,3201210494,0.7883,0,0.0429
VSCN,CDE,2025,Op,Budget,Apr,5229332182,1.6335,0,0.0701
VSCN,CDE,2025,Op,Budget,May,9574901528,1.831,0,0.1283
VSCN,CDE,2025,Op,Budget,Jun,4696547316,0.4905,0,0.0629
VSCN,CDE,2025,Op,Budget,Jul,8759786325,1.8652,0,0.1174
VSCN,CDE,2025,Op,Budget,Aug,10018557846,1.1437,0,0.1342
VSCN,CDE,2025,Op,Budget,Sep,6767610067,0.6755,0,0.0907
VSCN,CDE,2025,Op,Budget,Oct,3910913456,0.5779,0,0.0524
VSCN,CDE,2025,Op,Budget,Nov,7147422488,1.8276,0,0.0958
VSCN,CDE,2025,Op,Budget,Dec,5589672819,0.7821,0,0.0749
VSCN,CDE,2025,Op,Forecast,Jan,7265845634,,1593441988,0.1013
VSCN,CDE,2025,Op,Forecast,Feb,11692943000,1.6093,7632275801,0.163
VSCN,CDE,2025,Op,Forecast,Mar,8242123135,0.7049,5040912641,0.1149
VSCN,CDE,2025,Op,Forecast,Apr,7616591097,0.9241,2387258915,0.1062
VSCN,CDE,2025,Op,Forecast,May,10212866432,1.3409,637964904,0.1423
VSCN,CDE,2025,Op,Forecast,Jun,4742534780,0.4644,45987464,0.0661
VSCN,CDE,2025,Op,Forecast,Jul,2309476013,0.487,-6450310312,0.0322
VSCN,CDE,2025,Op,Forecast,Aug,1292174055,0.5595,-8726383791,0.018
VSCN,CDE,2025,Op,Forecast,Sep,3950495758,3.0572,-2817114309,0.0551
VSCN,CDE,2025,Op,Forecast,Oct,10580474402,2.6783,6669560946,0.1475
VSCN,CDE,2025,Op,Forecast,Nov,2699695811,0.2552,-4447726677,0.0376
VSCN,CDE,2025,Op,Forecast,Dec,1140717706,0.4225,-4448955113,0.0159
VSCN,PJ,2024,Gross,Actual,Jan,4501592276,,2949741727,0.0511
VSCN,PJ,2024,Gross,Actual,Feb,10169330623,2.2591,7002550395,0.1155
VSCN,PJ,2024,Gross,Actual,Mar,12188056310,1.1985,617327311,0.1384
VSCN,PJ,2024,Gross,Actual,Apr,6763462433,0.5549,4189065831,0.0768
VSCN,PJ,2024,Gross,Actual,May,9027830220,1.3348,-1311514449,0.1025
VSCN,PJ,2024,Gross,Actual,Jun,8715715322,0.9654,4009074009,0.099
VSCN,PJ,2024,Gross,Actual,Jul,7798389235,0.8948,-647108445,0.0885
VSCN,PJ,2024,Gross,Actual,Aug,6205616431,0.7958,-932401440,0.0705
VSCN,PJ,2024,Gross,Actual,Sep,3218940332,0.5187,1769287599,0.0365
VSCN,PJ,2024,Gross,Actual,Oct,6021487599,1.8706,1164672471,0.0684
VSCN,PJ,2024,Gross,Actual,Nov,3927810026,0.6523,-807438523,0.0446
VSCN,PJ,2024,Gross,Actual,Dec,9541159709,2.4291,6617209325,0.1083
VSCN,PJ,2024,Gross,Budget,Jan,1551850549,,0,0.0245
VSCN,PJ,2024,Gross,Budget,Feb,3166780228,2.0406,0,0.0499
VSCN,PJ,2024,Gross,Budget,Mar,11570728999,3.6538,0,0.1823
VSCN,PJ,2024,Gross,Budget,Apr,2574396602,0.2225,0,0.0406
VSCN,PJ,2024,Gross,Budget,May,10339344669,4.0162,0,0.1629
VSCN,PJ,2024,Gross,Budget,Jun,4706641313,0.4552,0,0.0742
VSCN,PJ,2024,Gross,Budget,Jul,8445497680,1.7944,0,0.1331
VSCN,PJ,2024,Gross,Budget,Aug,7138017871,0.8452,0,0.1125
VSCN,PJ,2024,Gross,Budget,Sep,1449652733,0.2031,0,0.0228
VSCN,PJ,2024,Gross,Budget,Oct,4856815128,3.3503,0,0.0765
VSCN,PJ,2024,Gross,Budget,Nov,4735248549,0.975,0,0.0746
VSCN,PJ,2024,Gross,Budget,Dec,2923950384,0.6175,0,0.0461
VSCN,PJ,2024,Gross,Forecast,Jan,1772071042,,220220493,0.0242
VSCN,PJ,2024,Gross,Forecast,Feb,11909110462,6.7204,8742330234,0.1627
VSCN,PJ,2024,Gross,Forecast,Mar,4482240030,0.3764,-7088488969,0.0612
VSCN,PJ,2024,Gross,Forecast,Apr,2115737911,0.472,-458658691,0.0289
VSCN,PJ,2024,Gross,Forecast,May,1259896059,0.5955,-9079448610,0.0172
VSCN,PJ,2024,Gross,Forecast,Jun,1195999933,0.9493,-3510641380,0.0163
VSCN,PJ,2024,Gross,Forecast,Jul,8134104383,6.8011,-311393297,0.1111
VSCN,PJ,2024,Gross,Forecast,Aug,10345306055,1.2718,3207288184,0.1413
VSCN,PJ,2024,Gross,Forecast,Sep,9696601775,0.9373,8246949042,0.1325
VSCN,PJ,2024,Gross,Forecast,Oct,1396597133,0.144,-3460217995,0.0191
VSCN,PJ,2024,Gross,Forecast,Nov,8956770282,6.4133,4221521733,0.1223
VSCN,PJ,2024,Gross,Forecast,Dec,11944802131,1.3336,9020851747,0.1632
VSCN,PJ,2024,Net,Actual,Jan,5711601218,,2148254909,0.1035
VSCN,PJ,2024,Net,Actual,Feb,3069499029,0.5374,150799342,0.0556
VSCN,PJ,2024,Net,Actual,Mar,8747874917,2.8499,5439017061,0.1585
VSCN,PJ,2024,Net,Actual,Apr,5366588424,0.6135,4560652995,0.0972
VSCN,PJ,2024,Net,Actual,May,9369575063,1.7459,135507445,0.1698
VSCN,PJ,2024,Net,Actual,Jun,5189805550,0.5539,4618197849,0.094
VSCN,PJ,2024,Net,Actual,Jul,293155081,0.0565,-2837131394,0.0053
VSCN,PJ,2024,Net,Actual,Aug,85042748,0.2901,-2154525337,0.0015
VSCN,PJ,2024,Net,Actual,Sep,8946600612,105.2012,8362992832,0.1621
VSCN,PJ,2024,Net,Actual,Oct,3719260333,0.4157,-5539745957,0.0674
VSCN,PJ,2024,Net,Actual,Nov,3358227353,0.9029,-2958840971,0.0609
VSCN,PJ,2024,Net,Actual,Dec,1328959324,0.3957,-4872507691,0.0241
VSCN,PJ,2024,Net,Budget,Jan,3563346309,,0,0.074
VSCN,PJ,2024,Net,Budget,Feb,2918699687,0.8191,0,0.0606
VSCN,PJ,2024,Net,Budget,Mar,3308857856,1.1337,0,0.0687
VSCN,PJ,2024,Net,Budget,Apr,805935429,0.2436,0,0.0167
VSCN,PJ,2024,Net,Budget,May,9234067618,11.4576,0,0.1918
VSCN,PJ,2024,Net,Budget,Jun,571607701,0.0619,0,0.0119
VSCN,PJ,2024,Net,Budget,Jul,3130286475,5.4763,0,0.065
VSCN,PJ,2024,Net,Budget,Aug,2239568085,0.7155,0,0.0465
VSCN,PJ,2024,Net,Budget,Sep,583607780,0.2606,0,0.0121
VSCN,PJ,2024,Net,Budget,Oct,9259006290,15.8651,0,0.1924
VSCN,PJ,2024,Net,Budget,Nov,6317068324,0.6823,0,0.1312
VSCN,PJ,2024,Net,Budget,Dec,6201467015,0.9817,0,0.1288
VSCN,PJ,2024,Net,Forecast,Jan,9539540011,,5976193702,0.1302
VSCN,PJ,2024,Net,Forecast,Feb,11443944975,1.1996,8525245288,0.1562
VSCN,PJ,2024,Net,Forecast,Mar,3568040342,0.3118,259182486,0.0487
VSCN,PJ,2024,Net,Forecast,Apr,8911582443,2.4976,8105647014,0.1217
VSCN,PJ,2024,Net,Forecast,May,1360842889,0.1527,-7873224729,0.0186
VSCN,PJ,2024,Net,Forecast,Jun,6185600260,4.5454,5613992559,0.0844
VSCN,PJ,2024,Net,Forecast,Jul,4744847001,0.7671,1614560526,0.0648
VSCN,PJ,2024,Net,Forecast,Aug,7624557019,1.6069,5384988934,0.1041
VSCN,PJ,2024,Net,Forecast,Sep,4857920978,0.6371,4274313198,0.0663
VSCN,PJ,2024,Net,Forecast,Oct,3671782023,0.7558,-5587224267,0.0501
VSCN,PJ,2024,Net,Forecast,Nov,9529114930,2.5952,3212046606,0.1301
VSCN,PJ,2024,Net,Forecast,Dec,1810418625,0.19,-4391048390,0.0247
VSCN,PJ,2024,Op,Actual,Jan,5676970540,,-4089143626,0.1175
VSCN,PJ,2024,Op,Actual,Feb,4747492888,0.8363,-4046729888,0.0982
VSCN,PJ,2024,Op,Actual,Mar,4439040884,0.935,1139980010,0.0919
VSCN,PJ,2024,Op,Actual,Apr,2348321962,0.529,-1824696661,0.0486
VSCN,PJ,2024,Op,Actual,May,6342375004,2.7008,5900174670,0.1312
VSCN,PJ,2024,Op,Actual,Jun,1041406021,0.1642,-7476905676,0.0215
VSCN,PJ,2024,Op,Actual,Jul,3064985941,2.9431,-3259677343,0.0634
VSCN,PJ,2024,Op,Actual,Aug,6334770121,2.0668,-2785507709,0.1311
VSCN,PJ,2024,Op,Actual,Sep,924263459,0.1459,-1767653279,0.0191
VSCN,PJ,2024,Op,Actual,Oct,1745777299,1.8888,-4060539241,0.0361
VSCN,PJ,2024,Op,Actual,Nov,317300432,0.1818,-6990978411,0.0066
VSCN,PJ,2024,Op,Actual,Dec,11342421306,35.7466,6016203419,0.2347
VSCN,PJ,2024,Op,Budget,Jan,9766114166,,0,0.1365
VSCN,PJ,2024,Op,Budget,Feb,8794222776,0.9005,0,0.1229
VSCN,PJ,2024,Op,Budget,Mar,3299060874,0.3751,0,0.0461
VSCN,PJ,2024,Op,Budget,Apr,4173018623,1.2649,0,0.0583
VSCN,PJ,2024,Op,Budget,May,442200334,0.106,0,0.0062
VSCN,PJ,2024,Op,Budget,Jun,8518311697,19.2635,0,0.119
VSCN,PJ,2024,Op,Budget,Jul,6324663284,0.7425,0,0.0884
VSCN,PJ,2024,Op,Budget,Aug,9120277830,1.442,0,0.1274
VSCN,PJ,2024,Op,Budget,Sep,2691916738,0.2952,0,0.0376
VSCN,PJ,2024,Op,Budget,Oct,5806316540,2.1569,0,0.0811
VSCN,PJ,2024,Op,Budget,Nov,7308278843,1.2587,0,0.1021
VSCN,PJ,2024,Op,Budget,Dec,5326217887,0.7288,0,0.0744
VSCN,PJ,2024,Op,Forecast,Jan,11328974021,,1562859855,0.157
VSCN,PJ,2024,Op,Forecast,Feb,1544786796,0.1364,-7249435980,0.0214
VSCN,PJ,2024,Op,Forecast,Mar,12092418817,7.8279,8793357943,0.1675
VSCN,PJ,2024,Op,Forecast,Apr,6840960270,0.5657,2667941647,0.0948
VSCN,PJ,2024,Op,Forecast,May,2461054873,0.3598,2018854539,0.0341
VSCN,PJ,2024,Op,Forecast,Jun,4293339373,1.7445,-4224972324,0.0595
VSCN,PJ,2024,Op,Forecast,Jul,248744307,0.0579,-6075918977,0.0034
VSCN,PJ,2024,Op,Forecast,Aug,7688487947,30.9092,-1431789883,0.1065
VSCN,PJ,2024,Op,Forecast,Sep,5659541172,0.7361,2967624434,0.0784
VSCN,PJ,2024,Op,Forecast,Oct,6385472577,1.1283,579156037,0.0885
VSCN,PJ,2024,Op,Forecast,Nov,6159564447,0.9646,-1148714396,0.0853
VSCN,PJ,2024,Op,Forecast,Dec,7472781322,1.2132,2146563435,0.1035
VSCN,PJ,2025,Gross,Actual,Jan,8526750000,,4368009564,0.0966
VSCN,PJ,2025,Gross,Actual,Feb,8438790000,0.9897,5113056607,0.0956
VSCN,PJ,2025,Gross,Actual,Mar,8417500000,0.9975,2896878194,0.0953
VSCN,PJ,2025,Gross,Actual,Apr,6579230000,0.7816,933727373,0.0745
VSCN,PJ,2025,Gross,Actual,May,7996900000,1.2155,4836295885,0.0906
VSCN,PJ,2025,Gross,Actual,Jun,6141680000,0.768,2854787434,0.0696
VSCN,PJ,2025,Gross,Actual,Jul,5987930000,0.975,-387808658,0.0678
VSCN,PJ,2025,Gross,Actual,Aug,7174651200,1.1982,672315559,0.0813
VSCN,PJ,2025,Gross,Actual,Sep,6540000000,0.9115,4359698878,0.0741
VSCN,PJ,2025,Gross,Actual,Oct,7160000000,1.0948,4086035538,0.0811
VSCN,PJ,2025,Gross,Actual,Nov,7280000000,1.0168,1412996628,0.0825
VSCN,PJ,2025,Gross,Actual,Dec,8050000000,1.1058,4045642620,0.0912
VSCN,PJ,2025,Gross,Budget,Jan,4158740436,,0,0.0783
VSCN,PJ,2025,Gross,Budget,Feb,3325733393,0.7997,0,0.0626
VSCN,PJ,2025,Gross,Budget,Mar,5520621806,1.66,0,0.104
VSCN,PJ,2025,Gross,Budget,Apr,5645502627,1.0226,0,0.1063
VSCN,PJ,2025,Gross,Budget,May,3160604115,0.5598,0,0.0595
VSCN,PJ,2025,Gross,Budget,Jun,3286892566,1.04,0,0.0619
VSCN,PJ,2025,Gross,Budget,Jul,6375738658,1.9397,0,0.1201
VSCN,PJ,2025,Gross,Budget,Aug,6502335641,1.0199,0,0.1225
VSCN,PJ,2025,Gross,Budget,Sep,2180301122,0.3353,0,0.0411
VSCN,PJ,2025,Gross,Budget,Oct,3073964462,1.4099,0,0.0579
VSCN,PJ,2025,Gross,Budget,Nov,5867003372,1.9086,0,0.1105
VSCN,PJ,2025,Gross,Budget,Dec,4004357380,0.6825,0,0.0754
VSCN,PJ,2025,Gross,Forecast,Jan,3989453222,,-169287214,0.0586
VSCN,PJ,2025,Gross,Forecast,Feb,12560816924,3.1485,9235083531,0.1846
VSCN,PJ,2025,Gross,Forecast,Mar,10565744395,0.8412,5045122589,0.1553
VSCN,PJ,2025,Gross,Forecast,Apr,901316220,0.0853,-4744186407,0.0132
VSCN,PJ,2025,Gross,Forecast,May,1315195690,1.4592,-1845408425,0.0193
VSCN,PJ,2025,Gross,Forecast,Jun,5551898585,4.2213,2265006019,0.0816
VSCN,PJ,2025,Gross,Forecast,Jul,7610468834,1.3708,1234730176,0.1119
VSCN,PJ,2025,Gross,Forecast,Aug,8999252720,1.1825,2496917079,0.1323
VSCN,PJ,2025,Gross,Forecast,Sep,7603358153,0.8449,5423057031,0.1118
VSCN,PJ,2025,Gross,Forecast,Oct,5083651034,0.6686,2009686572,0.0747
VSCN,PJ,2025,Gross,Forecast,Nov,2359448058,0.4641,-3507555314,0.0347
VSCN,PJ,2025,Gross,Forecast,Dec,1486253062,0.6299,-2518104318,0.0218
VSCN,PJ,2025,Net,Actual,Jan,8487260000,,308537872,0.0981
VSCN,PJ,2025,Net,Actual,Feb,8276390000,0.9752,3434743887,0.0957
VSCN,PJ,2025,Net,Actual,Mar,8082520000,0.9766,7275926388,0.0935
VSCN,PJ,2025,Net,Actual,Apr,6489650000,0.8029,2929373092,0.075
VSCN,PJ,2025,Net,Actual,May,7949930000,1.225,785512814,0.0919
VSCN,PJ,2025,Net,Actual,Jun,6023410000,0.7577,3309364350,0.0697
VSCN,PJ,2025,Net,Actual,Jul,5843350000,0.9701,158466645,0.0676
VSCN,PJ,2025,Net,Actual,Aug,6986972100,1.1957,3537016068,0.0808
VSCN,PJ,2025,Net,Actual,Sep,6530000000,0.9346,4849472447,0.0755
VSCN,PJ,2025,Net,Actual,Oct,7160000000,1.0965,2238367732,0.0828
VSCN,PJ,2025,Net,Actual,Nov,7020000000,0.9804,6593793402,0.0812
VSCN,PJ,2025,Net,Actual,Dec,7630000000,1.0869,4360247992,0.0882
VSCN,PJ,2025,Net,Budget,Jan,8178722128,,0,0.1751
VSCN,PJ,2025,Net,Budget,Feb,4841646113,0.592,0,0.1037
VSCN,PJ,2025,Net,Budget,Mar,806593612,0.1666,0,0.0173
VSCN,PJ,2025,Net,Budget,Apr,3560276908,4.414,0,0.0762
VSCN,PJ,2025,Net,Budget,May,7164417186,2.0123,0,0.1534
VSCN,PJ,2025,Net,Budget,Jun,2714045650,0.3788,0,0.0581
VSCN,PJ,2025,Net,Budget,Jul,5684883355,2.0946,0,0.1217
VSCN,PJ,2025,Net,Budget,Aug,3449956032,0.6069,0,0.0739
VSCN,PJ,2025,Net,Budget,Sep,1680527553,0.4871,0,0.036
VSCN,PJ,2025,Net,Budget,Oct,4921632268,2.9286,0,0.1054
VSCN,PJ,2025,Net,Budget,Nov,426206598,0.0866,0,0.0091
VSCN,PJ,2025,Net,Budget,Dec,3269752008,7.6718,0,0.07
VSCN,PJ,2025,Net,Forecast,Jan,3611576848,,-4567145280,0.0552
VSCN,PJ,2025,Net,Forecast,Feb,6213005645,1.7203,1371359532,0.095
VSCN,PJ,2025,Net,Forecast,Mar,11266360288,1.8134,10459766676,0.1722
VSCN,PJ,2025,Net,Forecast,Apr,714277183,0.0634,-2845999725,0.0109
VSCN,PJ,2025,Net,Forecast,May,9319220116,13.0471,2154802930,0.1424
VSCN,PJ,2025,Net,Forecast,Jun,8519494017,0.9142,5805448367,0.1302
VSCN,PJ,2025,Net,Forecast,Jul,2499113124,0.2933,-3185770231,0.0382
VSCN,PJ,2025,Net,Forecast,Aug,4575790629,1.831,1125834597,0.0699
VSCN,PJ,2025,Net,Forecast,Sep,3311270810,0.7236,1630743257,0.0506
VSCN,PJ,2025,Net,Forecast,Oct,384880960,0.1162,-4536751308,0.0059
VSCN,PJ,2025,Net,Forecast,Nov,8704416359,22.6159,8278209761,0.133
VSCN,PJ,2025,Net,Forecast,Dec,6303749733,0.7242,3033997725,0.0964
VSCN,PJ,2025,Op,Actual,Jan,8487260000,,2621259963,0.0981
VSCN,PJ,2025,Op,Actual,Feb,8276390000,0.9752,-3470727641,0.0957
VSCN,PJ,2025,Op,Actual,Mar,8082520000,0.9766,-132000586,0.0935
VSCN,PJ,2025,Op,Actual,Apr,6489650000,0.8029,1764625563,0.075
VSCN,PJ,2025,Op,Actual,May,7949930000,1.225,3529425881,0.0919
VSCN,PJ,2025,Op,Actual,Jun,6023410000,0.7577,5061781410,0.0697
VSCN,PJ,2025,Op,Actual,Jul,5843350000,0.9701,5290052759,0.0676
VSCN,PJ,2025,Op,Actual,Aug,6986972100,1.1957,-957017916,0.0808
VSCN,PJ,2025,Op,Actual,Sep,6530000000,0.9346,-2546043738,0.0755
VSCN,PJ,2025,Op,Actual,Oct,7160000000,1.0965,-2149455946,0.0828
VSCN,PJ,2025,Op,Actual,Nov,7020000000,0.9804,4783442420,0.0812
VSCN,PJ,2025,Op,Actual,Dec,7630000000,1.0869,7580693973,0.0882
VSCN,PJ,2025,Op,Budget,Jan,5866000037,,0,0.0901
VSCN,PJ,2025,Op,Budget,Feb,11747117641,2.0026,0,0.1804
VSCN,PJ,2025,Op,Budget,Mar,8214520586,0.6993,0,0.1262
VSCN,PJ,2025,Op,Budget,Apr,4725024437,0.5752,0,0.0726
VSCN,PJ,2025,Op,Budget,May,4420504119,0.9356,0,0.0679
VSCN,PJ,2025,Op,Budget,Jun,961628590,0.2175,0,0.0148
VSCN,PJ,2025,Op,Budget,Jul,553297241,0.5754,0,0.0085
VSCN,PJ,2025,Op,Budget,Aug,7943990016,14.3575,0,0.122
VSCN,PJ,2025,Op,Budget,Sep,9076043738,1.1425,0,0.1394
VSCN,PJ,2025,Op,Budget,Oct,9309455946,1.0257,0,0.143
VSCN,PJ,2025,Op,Budget,Nov,2236557580,0.2402,0,0.0344
VSCN,PJ,2025,Op,Budget,Dec,49306027,0.022,0,0.0008
VSCN,PJ,2025,Op,Forecast,Jan,6128754070,,262754033,0.102
VSCN,PJ,2025,Op,Forecast,Feb,1528267282,0.2494,-10218850359,0.0254
VSCN,PJ,2025,Op,Forecast,Mar,5153224614,3.3719,-3061295972,0.0858
VSCN,PJ,2025,Op,Forecast,Apr,7262089239,1.4092,2537064802,0.1209
VSCN,PJ,2025,Op,Forecast,May,2907888890,0.4004,-1512615229,0.0484
VSCN,PJ,2025,Op,Forecast,Jun,3371733416,1.1595,2410104826,0.0561
VSCN,PJ,2025,Op,Forecast,Jul,2946574256,0.8739,2393277015,0.049
VSCN,PJ,2025,Op,Forecast,Aug,6876335415,2.3337,-1067654601,0.1144
VSCN,PJ,2025,Op,Forecast,Sep,1784844943,0.2596,-7291198795,0.0297
VSCN,PJ,2025,Op,Forecast,Oct,10567815130,5.9209,1258359184,0.1759
VSCN,PJ,2025,Op,Forecast,Nov,4626264490,0.4378,2389706910,0.077
VSCN,PJ,2025,Op,Forecast,Dec,6937122056,1.4995,6887816029,0.1154
