product,year,region,rev_op_type,sales_budget_type,month,amount
CDE,2024,AZ,Gross,Actual,Apr,81035550
CDE,2024,AZ,Gross,Actual,Aug,162210573
CDE,2024,AZ,Gross,Actual,Dec,24481805
CDE,2024,AZ,Gross,Actual,Feb,10251675
CDE,2024,AZ,Gross,Actual,Jan,1019835217
CDE,2024,AZ,Gross,Actual,Jul,906939403
CDE,2024,AZ,Gross,Actual,Jun,23042109
CDE,2024,AZ,Gross,Actual,Mar,1578358152
CDE,2024,AZ,Gross,Actual,May,335862462
CDE,2024,AZ,Gross,Actual,Nov,268899939
CDE,2024,AZ,Gross,Actual,Oct,139908592
CDE,2024,AZ,Gross,Actual,Sep,1537079195
CDE,2024,AZ,Gross,Budget,Apr,33988610
CDE,2024,AZ,Gross,Budget,Aug,159486655
CDE,2024,AZ,Gross,Budget,Dec,3618653
CDE,2024,AZ,Gross,Budget,Feb,39386939
CDE,2024,AZ,Gross,Budget,Jan,676827670
CDE,2024,AZ,Gross,Budget,Jul,93795884
CDE,2024,AZ,Gross,Budget,Jun,436532379
CDE,2024,AZ,Gross,Budget,Mar,1853621067
CDE,2024,AZ,Gross,Budget,May,1047014867
CDE,2024,AZ,Gross,Budget,Nov,918121142
CDE,2024,AZ,Gross,Budget,Oct,57398331
CDE,2024,AZ,Gross,Budget,Sep,2108578919
CDE,2024,AZ,Gross,Forecast,Apr,148040692
CDE,2024,AZ,Gross,Forecast,Aug,140161784
CDE,2024,AZ,Gross,Forecast,Dec,115541195
CDE,2024,AZ,Gross,Forecast,Feb,73700510
CDE,2024,AZ,Gross,Forecast,Jan,735165159
CDE,2024,AZ,Gross,Forecast,Jul,249961810
CDE,2024,AZ,Gross,Forecast,Jun,108476159
CDE,2024,AZ,Gross,Forecast,Mar,602585317
CDE,2024,AZ,Gross,Forecast,May,821035493
CDE,2024,AZ,Gross,Forecast,Nov,816094639
CDE,2024,AZ,Gross,Forecast,Oct,89713043
CDE,2024,AZ,Gross,Forecast,Sep,302899086
CDE,2024,AZ,Net,Actual,Apr,45846128
CDE,2024,AZ,Net,Actual,Aug,64498839
CDE,2024,AZ,Net,Actual,Dec,90107053
CDE,2024,AZ,Net,Actual,Feb,62746326
CDE,2024,AZ,Net,Actual,Jan,983041046
CDE,2024,AZ,Net,Actual,Jul,523434898
CDE,2024,AZ,Net,Actual,Jun,222845332
CDE,2024,AZ,Net,Actual,Mar,753830592
CDE,2024,AZ,Net,Actual,May,641281584
CDE,2024,AZ,Net,Actual,Nov,842176767
CDE,2024,AZ,Net,Actual,Oct,88883548
CDE,2024,AZ,Net,Actual,Sep,2300795452
CDE,2024,AZ,Net,Budget,Apr,3190786
CDE,2024,AZ,Net,Budget,Aug,116976646
CDE,2024,AZ,Net,Budget,Dec,94998143
CDE,2024,AZ,Net,Budget,Feb,81796890
CDE,2024,AZ,Net,Budget,Jan,349602160
CDE,2024,AZ,Net,Budget,Jul,350169820
CDE,2024,AZ,Net,Budget,Jun,62642252
CDE,2024,AZ,Net,Budget,Mar,370824958
CDE,2024,AZ,Net,Budget,May,1562252797
CDE,2024,AZ,Net,Budget,Nov,439320372
CDE,2024,AZ,Net,Budget,Oct,100121989
CDE,2024,AZ,Net,Budget,Sep,2085928241
CDE,2024,AZ,Net,Forecast,Apr,41928259
CDE,2024,AZ,Net,Forecast,Aug,107574
CDE,2024,AZ,Net,Forecast,Dec,69730252
CDE,2024,AZ,Net,Forecast,Feb,15191985
CDE,2024,AZ,Net,Forecast,Jan,253232881
CDE,2024,AZ,Net,Forecast,Jul,476545589
CDE,2024,AZ,Net,Forecast,Jun,348319089
CDE,2024,AZ,Net,Forecast,Mar,66411342
CDE,2024,AZ,Net,Forecast,May,626637922
CDE,2024,AZ,Net,Forecast,Nov,186761199
CDE,2024,AZ,Net,Forecast,Oct,19154536
CDE,2024,AZ,Net,Forecast,Sep,1373341420
CDE,2024,AZ,Op,Actual,Apr,84729115
CDE,2024,AZ,Op,Actual,Aug,2980804
CDE,2024,AZ,Op,Actual,Dec,157453649
CDE,2024,AZ,Op,Actual,Feb,118278052
CDE,2024,AZ,Op,Actual,Jan,1131419167
CDE,2024,AZ,Op,Actual,Jul,682342540
CDE,2024,AZ,Op,Actual,Jun,286495425
CDE,2024,AZ,Op,Actual,Mar,75242052
CDE,2024,AZ,Op,Actual,May,1921240173
CDE,2024,AZ,Op,Actual,Nov,17476221
CDE,2024,AZ,Op,Actual,Oct,12266383
CDE,2024,AZ,Op,Actual,Sep,132798826
CDE,2024,AZ,Op,Budget,Apr,3986076
CDE,2024,AZ,Op,Budget,Aug,74667224
CDE,2024,AZ,Op,Budget,Dec,126396159
CDE,2024,AZ,Op,Budget,Feb,30898177
CDE,2024,AZ,Op,Budget,Jan,449292230
CDE,2024,AZ,Op,Budget,Jul,846830665
CDE,2024,AZ,Op,Budget,Jun,379491053
CDE,2024,AZ,Op,Budget,Mar,773867644
CDE,2024,AZ,Op,Budget,May,1616606309
CDE,2024,AZ,Op,Budget,Nov,718788612
CDE,2024,AZ,Op,Budget,Oct,62887565
CDE,2024,AZ,Op,Budget,Sep,2041733880
CDE,2024,AZ,Op,Forecast,Apr,62049739
CDE,2024,AZ,Op,Forecast,Aug,16327239
CDE,2024,AZ,Op,Forecast,Dec,34972499
CDE,2024,AZ,Op,Forecast,Feb,43381335
CDE,2024,AZ,Op,Forecast,Jan,677233556
CDE,2024,AZ,Op,Forecast,Jul,698334802
CDE,2024,AZ,Op,Forecast,Jun,131494819
CDE,2024,AZ,Op,Forecast,Mar,605472856
CDE,2024,AZ,Op,Forecast,May,468809326
CDE,2024,AZ,Op,Forecast,Nov,170795560
CDE,2024,AZ,Op,Forecast,Oct,47499176
CDE,2024,AZ,Op,Forecast,Sep,697143632
CDE,2024,BD+,Gross,Actual,Apr,1024653126
CDE,2024,BD+,Gross,Actual,Aug,970531176
CDE,2024,BD+,Gross,Actual,Dec,1313724418
CDE,2024,BD+,Gross,Actual,Feb,409467833
CDE,2024,BD+,Gross,Actual,Jan,438862277
CDE,2024,BD+,Gross,Actual,Jul,1279890600
CDE,2024,BD+,Gross,Actual,Jun,3121238980
CDE,2024,BD+,Gross,Actual,Mar,1121650193
CDE,2024,BD+,Gross,Actual,May,1253152510
CDE,2024,BD+,Gross,Actual,Nov,3775822405
CDE,2024,BD+,Gross,Actual,Oct,1611292662
CDE,2024,BD+,Gross,Actual,Sep,2036805577
CDE,2024,BD+,Gross,Budget,Apr,365064556
CDE,2024,BD+,Gross,Budget,Aug,1360737084
CDE,2024,BD+,Gross,Budget,Dec,746354747
CDE,2024,BD+,Gross,Budget,Feb,393306933
CDE,2024,BD+,Gross,Budget,Jan,482969872
CDE,2024,BD+,Gross,Budget,Jul,431447684
CDE,2024,BD+,Gross,Budget,Jun,2906961897
CDE,2024,BD+,Gross,Budget,Mar,1151550323
CDE,2024,BD+,Gross,Budget,May,2988754524
CDE,2024,BD+,Gross,Budget,Nov,1492124876
CDE,2024,BD+,Gross,Budget,Oct,1047044306
CDE,2024,BD+,Gross,Budget,Sep,1463081859
CDE,2024,BD+,Gross,Forecast,Apr,339342886
CDE,2024,BD+,Gross,Forecast,Aug,931763753
CDE,2024,BD+,Gross,Forecast,Dec,257307809
CDE,2024,BD+,Gross,Forecast,Feb,201004316
CDE,2024,BD+,Gross,Forecast,Jan,134965331
CDE,2024,BD+,Gross,Forecast,Jul,518738523
CDE,2024,BD+,Gross,Forecast,Jun,6996470151
CDE,2024,BD+,Gross,Forecast,Mar,1767578048
CDE,2024,BD+,Gross,Forecast,May,611298664
CDE,2024,BD+,Gross,Forecast,Nov,194766083
CDE,2024,BD+,Gross,Forecast,Oct,157749255
CDE,2024,BD+,Gross,Forecast,Sep,2651633984
CDE,2024,BD+,Net,Actual,Apr,919753172
CDE,2024,BD+,Net,Actual,Aug,681178434
CDE,2024,BD+,Net,Actual,Dec,3710641573
CDE,2024,BD+,Net,Actual,Feb,271796856
CDE,2024,BD+,Net,Actual,Jan,20865356
CDE,2024,BD+,Net,Actual,Jul,1482138885
CDE,2024,BD+,Net,Actual,Jun,5640125153
CDE,2024,BD+,Net,Actual,Mar,1803753562
CDE,2024,BD+,Net,Actual,May,499275104
CDE,2024,BD+,Net,Actual,Nov,483807947
CDE,2024,BD+,Net,Actual,Oct,346942441
CDE,2024,BD+,Net,Actual,Sep,1233584335
CDE,2024,BD+,Net,Budget,Apr,501254405
CDE,2024,BD+,Net,Budget,Aug,1050787830
CDE,2024,BD+,Net,Budget,Dec,69359910
CDE,2024,BD+,Net,Budget,Feb,9075343
CDE,2024,BD+,Net,Budget,Jan,665411052
CDE,2024,BD+,Net,Budget,Jul,746579190
CDE,2024,BD+,Net,Budget,Jun,5074855401
CDE,2024,BD+,Net,Budget,Mar,1323073097
CDE,2024,BD+,Net,Budget,May,2021763554
CDE,2024,BD+,Net,Budget,Nov,2767750249
CDE,2024,BD+,Net,Budget,Oct,384929152
CDE,2024,BD+,Net,Budget,Sep,2408113097
CDE,2024,BD+,Net,Forecast,Apr,1086520317
CDE,2024,BD+,Net,Forecast,Aug,1264353382
CDE,2024,BD+,Net,Forecast,Dec,1480868147
CDE,2024,BD+,Net,Forecast,Feb,281697733
CDE,2024,BD+,Net,Forecast,Jan,196284763
CDE,2024,BD+,Net,Forecast,Jul,323623676
CDE,2024,BD+,Net,Forecast,Jun,718160028
CDE,2024,BD+,Net,Forecast,Mar,1133436876
CDE,2024,BD+,Net,Forecast,May,217091905
CDE,2024,BD+,Net,Forecast,Nov,2003942607
CDE,2024,BD+,Net,Forecast,Oct,1111834746
CDE,2024,BD+,Net,Forecast,Sep,181209835
CDE,2024,BD+,Op,Actual,Apr,2076337526
CDE,2024,BD+,Op,Actual,Aug,1274151799
CDE,2024,BD+,Op,Actual,Dec,3509517301
CDE,2024,BD+,Op,Actual,Feb,326750500
CDE,2024,BD+,Op,Actual,Jan,584353158
CDE,2024,BD+,Op,Actual,Jul,409476495
CDE,2024,BD+,Op,Actual,Jun,6886861503
CDE,2024,BD+,Op,Actual,Mar,945300872
CDE,2024,BD+,Op,Actual,May,2417540250
CDE,2024,BD+,Op,Actual,Nov,4119258261
CDE,2024,BD+,Op,Actual,Oct,1625459211
CDE,2024,BD+,Op,Actual,Sep,2138635446
CDE,2024,BD+,Op,Budget,Apr,273783237
CDE,2024,BD+,Op,Budget,Aug,1684420795
CDE,2024,BD+,Op,Budget,Dec,1527565280
CDE,2024,BD+,Op,Budget,Feb,348008518
CDE,2024,BD+,Op,Budget,Jan,459425412
CDE,2024,BD+,Op,Budget,Jul,610693848
CDE,2024,BD+,Op,Budget,Jun,5051871376
CDE,2024,BD+,Op,Budget,Mar,1683038008
CDE,2024,BD+,Op,Budget,May,607272182
CDE,2024,BD+,Op,Budget,Nov,3155970840
CDE,2024,BD+,Op,Budget,Oct,809940417
CDE,2024,BD+,Op,Budget,Sep,2374775881
CDE,2024,BD+,Op,Forecast,Apr,540631679
CDE,2024,BD+,Op,Forecast,Aug,1642612814
CDE,2024,BD+,Op,Forecast,Dec,77935032
CDE,2024,BD+,Op,Forecast,Feb,151216260
CDE,2024,BD+,Op,Forecast,Jan,36605362
CDE,2024,BD+,Op,Forecast,Jul,788306128
CDE,2024,BD+,Op,Forecast,Jun,2367276415
CDE,2024,BD+,Op,Forecast,Mar,1193569378
CDE,2024,BD+,Op,Forecast,May,165028421
CDE,2024,BD+,Op,Forecast,Nov,2754113325
CDE,2024,BD+,Op,Forecast,Oct,1224238801
CDE,2024,BD+,Op,Forecast,Sep,2468487332
CDE,2024,CE,Gross,Actual,Apr,1188836499
CDE,2024,CE,Gross,Actual,Aug,973624983
CDE,2024,CE,Gross,Actual,Dec,382006459
CDE,2024,CE,Gross,Actual,Feb,952010641
CDE,2024,CE,Gross,Actual,Jan,148989824
CDE,2024,CE,Gross,Actual,Jul,3470496245
CDE,2024,CE,Gross,Actual,Jun,3704573782
CDE,2024,CE,Gross,Actual,Mar,4441725288
CDE,2024,CE,Gross,Actual,May,402663823
CDE,2024,CE,Gross,Actual,Nov,5684421066
CDE,2024,CE,Gross,Actual,Oct,2779627512
CDE,2024,CE,Gross,Actual,Sep,4000662936
CDE,2024,CE,Gross,Budget,Apr,244340249
CDE,2024,CE,Gross,Budget,Aug,2519418444
CDE,2024,CE,Gross,Budget,Dec,258025998
CDE,2024,CE,Gross,Budget,Feb,735346887
CDE,2024,CE,Gross,Budget,Jan,288437139
CDE,2024,CE,Gross,Budget,Jul,730603337
CDE,2024,CE,Gross,Budget,Jun,3816664363
CDE,2024,CE,Gross,Budget,Mar,1254177233
CDE,2024,CE,Gross,Budget,May,739312807
CDE,2024,CE,Gross,Budget,Nov,3828181702
CDE,2024,CE,Gross,Budget,Oct,6295334811
CDE,2024,CE,Gross,Budget,Sep,5629224705
CDE,2024,CE,Gross,Forecast,Apr,2250819589
CDE,2024,CE,Gross,Forecast,Aug,2691773490
CDE,2024,CE,Gross,Forecast,Dec,174968502
CDE,2024,CE,Gross,Forecast,Feb,71101456
CDE,2024,CE,Gross,Forecast,Jan,726624466
CDE,2024,CE,Gross,Forecast,Jul,3074191845
CDE,2024,CE,Gross,Forecast,Jun,1026812324
CDE,2024,CE,Gross,Forecast,Mar,4406206316
CDE,2024,CE,Gross,Forecast,May,26947153
CDE,2024,CE,Gross,Forecast,Nov,3697206273
CDE,2024,CE,Gross,Forecast,Oct,1225282174
CDE,2024,CE,Gross,Forecast,Sep,6270015170
CDE,2024,CE,Net,Actual,Apr,1773745845
CDE,2024,CE,Net,Actual,Aug,234085865
CDE,2024,CE,Net,Actual,Dec,921519567
CDE,2024,CE,Net,Actual,Feb,450360981
CDE,2024,CE,Net,Actual,Jan,1000871174
CDE,2024,CE,Net,Actual,Jul,917869362
CDE,2024,CE,Net,Actual,Jun,691285017
CDE,2024,CE,Net,Actual,Mar,1944499863
CDE,2024,CE,Net,Actual,May,302595119
CDE,2024,CE,Net,Actual,Nov,3347745810
CDE,2024,CE,Net,Actual,Oct,1761118195
CDE,2024,CE,Net,Actual,Sep,5001269715
CDE,2024,CE,Net,Budget,Apr,2338031734
CDE,2024,CE,Net,Budget,Aug,1363170198
CDE,2024,CE,Net,Budget,Dec,1314767969
CDE,2024,CE,Net,Budget,Feb,1939535656
CDE,2024,CE,Net,Budget,Jan,882415692
CDE,2024,CE,Net,Budget,Jul,1643527501
CDE,2024,CE,Net,Budget,Jun,58824222
CDE,2024,CE,Net,Budget,Mar,5768761714
CDE,2024,CE,Net,Budget,May,193444519
CDE,2024,CE,Net,Budget,Nov,1876180189
CDE,2024,CE,Net,Budget,Oct,3553409297
CDE,2024,CE,Net,Budget,Sep,6539738173
CDE,2024,CE,Net,Forecast,Apr,2417111636
CDE,2024,CE,Net,Forecast,Aug,550738424
CDE,2024,CE,Net,Forecast,Dec,802483858
CDE,2024,CE,Net,Forecast,Feb,850432743
CDE,2024,CE,Net,Forecast,Jan,1142032729
CDE,2024,CE,Net,Forecast,Jul,1135179277
CDE,2024,CE,Net,Forecast,Jun,342792481
CDE,2024,CE,Net,Forecast,Mar,2425614212
CDE,2024,CE,Net,Forecast,May,951709383
CDE,2024,CE,Net,Forecast,Nov,2920103415
CDE,2024,CE,Net,Forecast,Oct,3129977839
CDE,2024,CE,Net,Forecast,Sep,1623868651
CDE,2024,CE,Op,Actual,Apr,2973593161
CDE,2024,CE,Op,Actual,Aug,2529712453
CDE,2024,CE,Op,Actual,Dec,69624962
CDE,2024,CE,Op,Actual,Feb,1826563507
CDE,2024,CE,Op,Actual,Jan,1320194126
CDE,2024,CE,Op,Actual,Jul,902680596
CDE,2024,CE,Op,Actual,Jun,3157911884
CDE,2024,CE,Op,Actual,Mar,4256430488
CDE,2024,CE,Op,Actual,May,440848266
CDE,2024,CE,Op,Actual,Nov,2863617013
CDE,2024,CE,Op,Actual,Oct,3893873163
CDE,2024,CE,Op,Actual,Sep,2284742555
CDE,2024,CE,Op,Budget,Apr,2228085235
CDE,2024,CE,Op,Budget,Aug,1815486175
CDE,2024,CE,Op,Budget,Dec,1201995249
CDE,2024,CE,Op,Budget,Feb,1739832261
CDE,2024,CE,Op,Budget,Jan,637521266
CDE,2024,CE,Op,Budget,Jul,160100906
CDE,2024,CE,Op,Budget,Jun,571744745
CDE,2024,CE,Op,Budget,Mar,273481203
CDE,2024,CE,Op,Budget,May,469767644
CDE,2024,CE,Op,Budget,Nov,2822717907
CDE,2024,CE,Op,Budget,Oct,1940414362
CDE,2024,CE,Op,Budget,Sep,2482233267
CDE,2024,CE,Op,Forecast,Apr,371012084
CDE,2024,CE,Op,Forecast,Aug,1534871590
CDE,2024,CE,Op,Forecast,Dec,877353859
CDE,2024,CE,Op,Forecast,Feb,29492998
CDE,2024,CE,Op,Forecast,Jan,1576208163
CDE,2024,CE,Op,Forecast,Jul,113380316
CDE,2024,CE,Op,Forecast,Jun,3983320264
CDE,2024,CE,Op,Forecast,Mar,2011326077
CDE,2024,CE,Op,Forecast,May,859974293
CDE,2024,CE,Op,Forecast,Nov,2112326515
CDE,2024,CE,Op,Forecast,Oct,4899632059
CDE,2024,CE,Op,Forecast,Sep,5587711408
CDE,2024,CH,Gross,Actual,Apr,253943590
CDE,2024,CH,Gross,Actual,Aug,237760490
CDE,2024,CH,Gross,Actual,Dec,310071862
CDE,2024,CH,Gross,Actual,Feb,187153075
CDE,2024,CH,Gross,Actual,Jan,87113334
CDE,2024,CH,Gross,Actual,Jul,406351594
CDE,2024,CH,Gross,Actual,Jun,60007700
CDE,2024,CH,Gross,Actual,Mar,150701432
CDE,2024,CH,Gross,Actual,May,187431146
CDE,2024,CH,Gross,Actual,Nov,371891438
CDE,2024,CH,Gross,Actual,Oct,588416480
CDE,2024,CH,Gross,Actual,Sep,180293898
CDE,2024,CH,Gross,Budget,Apr,343676389
CDE,2024,CH,Gross,Budget,Aug,121691809
CDE,2024,CH,Gross,Budget,Dec,223665454
CDE,2024,CH,Gross,Budget,Feb,245878830
CDE,2024,CH,Gross,Budget,Jan,278022059
CDE,2024,CH,Gross,Budget,Jul,480650366
CDE,2024,CH,Gross,Budget,Jun,219521635
CDE,2024,CH,Gross,Budget,Mar,180818980
CDE,2024,CH,Gross,Budget,May,15169714
CDE,2024,CH,Gross,Budget,Nov,366459083
CDE,2024,CH,Gross,Budget,Oct,16510606
CDE,2024,CH,Gross,Budget,Sep,115753240
CDE,2024,CH,Gross,Forecast,Apr,314382688
CDE,2024,CH,Gross,Forecast,Aug,238302478
CDE,2024,CH,Gross,Forecast,Dec,84130734
CDE,2024,CH,Gross,Forecast,Feb,177525844
CDE,2024,CH,Gross,Forecast,Jan,345565713
CDE,2024,CH,Gross,Forecast,Jul,389217963
CDE,2024,CH,Gross,Forecast,Jun,165445885
CDE,2024,CH,Gross,Forecast,Mar,349515096
CDE,2024,CH,Gross,Forecast,May,138116385
CDE,2024,CH,Gross,Forecast,Nov,40252358
CDE,2024,CH,Gross,Forecast,Oct,283663458
CDE,2024,CH,Gross,Forecast,Sep,98880110
CDE,2024,CH,Net,Actual,Apr,34368064
CDE,2024,CH,Net,Actual,Aug,85754645
CDE,2024,CH,Net,Actual,Dec,134676570
CDE,2024,CH,Net,Actual,Feb,226242038
CDE,2024,CH,Net,Actual,Jan,251966194
CDE,2024,CH,Net,Actual,Jul,13981562
CDE,2024,CH,Net,Actual,Jun,118289959
CDE,2024,CH,Net,Actual,Mar,7879266
CDE,2024,CH,Net,Actual,May,128945525
CDE,2024,CH,Net,Actual,Nov,376863762
CDE,2024,CH,Net,Actual,Oct,331060165
CDE,2024,CH,Net,Actual,Sep,82426873
CDE,2024,CH,Net,Budget,Apr,32706954
CDE,2024,CH,Net,Budget,Aug,53595665
CDE,2024,CH,Net,Budget,Dec,180113273
CDE,2024,CH,Net,Budget,Feb,168360037
CDE,2024,CH,Net,Budget,Jan,411564963
CDE,2024,CH,Net,Budget,Jul,173930191
CDE,2024,CH,Net,Budget,Jun,4286994
CDE,2024,CH,Net,Budget,Mar,281998265
CDE,2024,CH,Net,Budget,May,76629810
CDE,2024,CH,Net,Budget,Nov,21604482
CDE,2024,CH,Net,Budget,Oct,178297602
CDE,2024,CH,Net,Budget,Sep,174541412
CDE,2024,CH,Net,Forecast,Apr,308475727
CDE,2024,CH,Net,Forecast,Aug,171330803
CDE,2024,CH,Net,Forecast,Dec,90718323
CDE,2024,CH,Net,Forecast,Feb,155812585
CDE,2024,CH,Net,Forecast,Jan,30314742
CDE,2024,CH,Net,Forecast,Jul,439090081
CDE,2024,CH,Net,Forecast,Jun,393770951
CDE,2024,CH,Net,Forecast,Mar,151439945
CDE,2024,CH,Net,Forecast,May,228836825
CDE,2024,CH,Net,Forecast,Nov,215157291
CDE,2024,CH,Net,Forecast,Oct,263511360
CDE,2024,CH,Net,Forecast,Sep,86942261
CDE,2024,CH,Op,Actual,Apr,21980355
CDE,2024,CH,Op,Actual,Aug,48903343
CDE,2024,CH,Op,Actual,Dec,75149757
CDE,2024,CH,Op,Actual,Feb,23395474
CDE,2024,CH,Op,Actual,Jan,1918331
CDE,2024,CH,Op,Actual,Jul,140374525
CDE,2024,CH,Op,Actual,Jun,6810132
CDE,2024,CH,Op,Actual,Mar,46993896
CDE,2024,CH,Op,Actual,May,100874681
CDE,2024,CH,Op,Actual,Nov,225090500
CDE,2024,CH,Op,Actual,Oct,55188385
CDE,2024,CH,Op,Actual,Sep,44480212
CDE,2024,CH,Op,Budget,Apr,201219635
CDE,2024,CH,Op,Budget,Aug,21885704
CDE,2024,CH,Op,Budget,Dec,106461091
CDE,2024,CH,Op,Budget,Feb,70041742
CDE,2024,CH,Op,Budget,Jan,205638260
CDE,2024,CH,Op,Budget,Jul,164343446
CDE,2024,CH,Op,Budget,Jun,215716621
CDE,2024,CH,Op,Budget,Mar,272239288
CDE,2024,CH,Op,Budget,May,168147879
CDE,2024,CH,Op,Budget,Nov,282319915
CDE,2024,CH,Op,Budget,Oct,511693736
CDE,2024,CH,Op,Budget,Sep,154686748
CDE,2024,CH,Op,Forecast,Apr,248538447
CDE,2024,CH,Op,Forecast,Aug,186663
CDE,2024,CH,Op,Forecast,Dec,76868008
CDE,2024,CH,Op,Forecast,Feb,5398262
CDE,2024,CH,Op,Forecast,Jan,317605670
CDE,2024,CH,Op,Forecast,Jul,52034484
CDE,2024,CH,Op,Forecast,Jun,33077468
CDE,2024,CH,Op,Forecast,Mar,140568827
CDE,2024,CH,Op,Forecast,May,101511942
CDE,2024,CH,Op,Forecast,Nov,257290193
CDE,2024,CH,Op,Forecast,Oct,519554793
CDE,2024,CH,Op,Forecast,Sep,114506886
CDE,2024,DC,Gross,Actual,Apr,1112614857
CDE,2024,DC,Gross,Actual,Aug,1832971486
CDE,2024,DC,Gross,Actual,Dec,4246966409
CDE,2024,DC,Gross,Actual,Feb,2015411631
CDE,2024,DC,Gross,Actual,Jan,165958326
CDE,2024,DC,Gross,Actual,Jul,76333123
CDE,2024,DC,Gross,Actual,Jun,869308627
CDE,2024,DC,Gross,Actual,Mar,2484352313
CDE,2024,DC,Gross,Actual,May,1276959358
CDE,2024,DC,Gross,Actual,Nov,1431212483
CDE,2024,DC,Gross,Actual,Oct,352601153
CDE,2024,DC,Gross,Actual,Sep,4037660085
CDE,2024,DC,Gross,Budget,Apr,579824307
CDE,2024,DC,Gross,Budget,Aug,1070981307
CDE,2024,DC,Gross,Budget,Dec,5973776619
CDE,2024,DC,Gross,Budget,Feb,1875772184
CDE,2024,DC,Gross,Budget,Jan,1376401392
CDE,2024,DC,Gross,Budget,Jul,3239667697
CDE,2024,DC,Gross,Budget,Jun,704109328
CDE,2024,DC,Gross,Budget,Mar,77754989
CDE,2024,DC,Gross,Budget,May,181564476
CDE,2024,DC,Gross,Budget,Nov,3171914280
CDE,2024,DC,Gross,Budget,Oct,2819959600
CDE,2024,DC,Gross,Budget,Sep,373437326
CDE,2024,DC,Gross,Forecast,Apr,1150137650
CDE,2024,DC,Gross,Forecast,Aug,2134573632
CDE,2024,DC,Gross,Forecast,Dec,1758019073
CDE,2024,DC,Gross,Forecast,Feb,830111058
CDE,2024,DC,Gross,Forecast,Jan,1852248417
CDE,2024,DC,Gross,Forecast,Jul,937563921
CDE,2024,DC,Gross,Forecast,Jun,1729528864
CDE,2024,DC,Gross,Forecast,Mar,2248204473
CDE,2024,DC,Gross,Forecast,May,843012914
CDE,2024,DC,Gross,Forecast,Nov,761649111
CDE,2024,DC,Gross,Forecast,Oct,2156011482
CDE,2024,DC,Gross,Forecast,Sep,3471641587
CDE,2024,DC,Net,Actual,Apr,389078049
CDE,2024,DC,Net,Actual,Aug,1509732021
CDE,2024,DC,Net,Actual,Dec,4265172053
CDE,2024,DC,Net,Actual,Feb,576252555
CDE,2024,DC,Net,Actual,Jan,692097141
CDE,2024,DC,Net,Actual,Jul,760065672
CDE,2024,DC,Net,Actual,Jun,966570302
CDE,2024,DC,Net,Actual,Mar,943569916
CDE,2024,DC,Net,Actual,May,1215903250
CDE,2024,DC,Net,Actual,Nov,77995554
CDE,2024,DC,Net,Actual,Oct,572563297
CDE,2024,DC,Net,Actual,Sep,2633236091
CDE,2024,DC,Net,Budget,Apr,125419678
CDE,2024,DC,Net,Budget,Aug,872000378
CDE,2024,DC,Net,Budget,Dec,5183000885
CDE,2024,DC,Net,Budget,Feb,277591399
CDE,2024,DC,Net,Budget,Jan,872997033
CDE,2024,DC,Net,Budget,Jul,525092313
CDE,2024,DC,Net,Budget,Jun,2241444341
CDE,2024,DC,Net,Budget,Mar,2438564893
CDE,2024,DC,Net,Budget,May,756590898
CDE,2024,DC,Net,Budget,Nov,2477251289
CDE,2024,DC,Net,Budget,Oct,898814853
CDE,2024,DC,Net,Budget,Sep,451711794
CDE,2024,DC,Net,Forecast,Apr,479481476
CDE,2024,DC,Net,Forecast,Aug,588805806
CDE,2024,DC,Net,Forecast,Dec,1660903057
CDE,2024,DC,Net,Forecast,Feb,74969756
CDE,2024,DC,Net,Forecast,Jan,1116645658
CDE,2024,DC,Net,Forecast,Jul,1995705884
CDE,2024,DC,Net,Forecast,Jun,3587215
CDE,2024,DC,Net,Forecast,Mar,2252992812
CDE,2024,DC,Net,Forecast,May,125254103
CDE,2024,DC,Net,Forecast,Nov,1984654155
CDE,2024,DC,Net,Forecast,Oct,3452147940
CDE,2024,DC,Net,Forecast,Sep,1487818144
CDE,2024,DC,Op,Actual,Apr,152176184
CDE,2024,DC,Op,Actual,Aug,390610964
CDE,2024,DC,Op,Actual,Dec,3598240518
CDE,2024,DC,Op,Actual,Feb,613104910
CDE,2024,DC,Op,Actual,Jan,858243681
CDE,2024,DC,Op,Actual,Jul,1759263911
CDE,2024,DC,Op,Actual,Jun,2050099564
CDE,2024,DC,Op,Actual,Mar,417048755
CDE,2024,DC,Op,Actual,May,987518468
CDE,2024,DC,Op,Actual,Nov,3522049857
CDE,2024,DC,Op,Actual,Oct,422371159
CDE,2024,DC,Op,Actual,Sep,2618520467
CDE,2024,DC,Op,Budget,Apr,374803095
CDE,2024,DC,Op,Budget,Aug,839430465
CDE,2024,DC,Op,Budget,Dec,191488576
CDE,2024,DC,Op,Budget,Feb,80517637
CDE,2024,DC,Op,Budget,Jan,355974937
CDE,2024,DC,Op,Budget,Jul,464919326
CDE,2024,DC,Op,Budget,Jun,877544450
CDE,2024,DC,Op,Budget,Mar,983660648
CDE,2024,DC,Op,Budget,May,1467699478
CDE,2024,DC,Op,Budget,Nov,2023669915
CDE,2024,DC,Op,Budget,Oct,1220803879
CDE,2024,DC,Op,Budget,Sep,3110465518
CDE,2024,DC,Op,Forecast,Apr,292040815
CDE,2024,DC,Op,Forecast,Aug,683818737
CDE,2024,DC,Op,Forecast,Dec,4256588294
CDE,2024,DC,Op,Forecast,Feb,149531197
CDE,2024,DC,Op,Forecast,Jan,508766590
CDE,2024,DC,Op,Forecast,Jul,416901328
CDE,2024,DC,Op,Forecast,Jun,2290204339
CDE,2024,DC,Op,Forecast,Mar,2437211038
CDE,2024,DC,Op,Forecast,May,364890766
CDE,2024,DC,Op,Forecast,Nov,603989673
CDE,2024,DC,Op,Forecast,Oct,2505525814
CDE,2024,DC,Op,Forecast,Sep,2257099886
CDE,2024,DE,Gross,Actual,Apr,2370452371
CDE,2024,DE,Gross,Actual,Aug,5830312314
CDE,2024,DE,Gross,Actual,Dec,3063115827
CDE,2024,DE,Gross,Actual,Feb,1389135395
CDE,2024,DE,Gross,Actual,Jan,3257395596
CDE,2024,DE,Gross,Actual,Jul,1540638991
CDE,2024,DE,Gross,Actual,Jun,1466410027
CDE,2024,DE,Gross,Actual,Mar,82653895
CDE,2024,DE,Gross,Actual,May,2191989207
CDE,2024,DE,Gross,Actual,Nov,2859669556
CDE,2024,DE,Gross,Actual,Oct,3906705088
CDE,2024,DE,Gross,Actual,Sep,520432785
CDE,2024,DE,Gross,Budget,Apr,4627976043
CDE,2024,DE,Gross,Budget,Aug,5570252454
CDE,2024,DE,Gross,Budget,Dec,823158600
CDE,2024,DE,Gross,Budget,Feb,1579869794
CDE,2024,DE,Gross,Budget,Jan,4435816420
CDE,2024,DE,Gross,Budget,Jul,2629750543
CDE,2024,DE,Gross,Budget,Jun,3811714787
CDE,2024,DE,Gross,Budget,Mar,80757950
CDE,2024,DE,Gross,Budget,May,2891553861
CDE,2024,DE,Gross,Budget,Nov,2968170396
CDE,2024,DE,Gross,Budget,Oct,1903570691
CDE,2024,DE,Gross,Budget,Sep,2194881989
CDE,2024,DE,Gross,Forecast,Apr,3842447511
CDE,2024,DE,Gross,Forecast,Aug,4662987535
CDE,2024,DE,Gross,Forecast,Dec,3139323119
CDE,2024,DE,Gross,Forecast,Feb,2895196111
CDE,2024,DE,Gross,Forecast,Jan,2185223513
CDE,2024,DE,Gross,Forecast,Jul,5215889838
CDE,2024,DE,Gross,Forecast,Jun,4174173886
CDE,2024,DE,Gross,Forecast,Mar,562538280
CDE,2024,DE,Gross,Forecast,May,3272647828
CDE,2024,DE,Gross,Forecast,Nov,4398779267
CDE,2024,DE,Gross,Forecast,Oct,997790780
CDE,2024,DE,Gross,Forecast,Sep,627746935
CDE,2024,DE,Net,Actual,Apr,2627544947
CDE,2024,DE,Net,Actual,Aug,4490326589
CDE,2024,DE,Net,Actual,Dec,1754177831
CDE,2024,DE,Net,Actual,Feb,1028721533
CDE,2024,DE,Net,Actual,Jan,111580895
CDE,2024,DE,Net,Actual,Jul,3039738027
CDE,2024,DE,Net,Actual,Jun,4074098365
CDE,2024,DE,Net,Actual,Mar,1999091027
CDE,2024,DE,Net,Actual,May,1190713599
CDE,2024,DE,Net,Actual,Nov,3427522560
CDE,2024,DE,Net,Actual,Oct,78077319
CDE,2024,DE,Net,Actual,Sep,963540655
CDE,2024,DE,Net,Budget,Apr,2627569079
CDE,2024,DE,Net,Budget,Aug,4240624986
CDE,2024,DE,Net,Budget,Dec,601285784
CDE,2024,DE,Net,Budget,Feb,2991510089
CDE,2024,DE,Net,Budget,Jan,903428473
CDE,2024,DE,Net,Budget,Jul,2838501550
CDE,2024,DE,Net,Budget,Jun,429387865
CDE,2024,DE,Net,Budget,Mar,2915211213
CDE,2024,DE,Net,Budget,May,663338978
CDE,2024,DE,Net,Budget,Nov,2547710128
CDE,2024,DE,Net,Budget,Oct,2467418286
CDE,2024,DE,Net,Budget,Sep,2900807781
CDE,2024,DE,Net,Forecast,Apr,1176214513
CDE,2024,DE,Net,Forecast,Aug,4271830118
CDE,2024,DE,Net,Forecast,Dec,1480945280
CDE,2024,DE,Net,Forecast,Feb,633612358
CDE,2024,DE,Net,Forecast,Jan,2742851818
CDE,2024,DE,Net,Forecast,Jul,1048517059
CDE,2024,DE,Net,Forecast,Jun,1242811285
CDE,2024,DE,Net,Forecast,Mar,197591785
CDE,2024,DE,Net,Forecast,May,3629627872
CDE,2024,DE,Net,Forecast,Nov,3508350308
CDE,2024,DE,Net,Forecast,Oct,306174761
CDE,2024,DE,Net,Forecast,Sep,2859102726
CDE,2024,DE,Op,Actual,Apr,4714516663
CDE,2024,DE,Op,Actual,Aug,184710128
CDE,2024,DE,Op,Actual,Dec,258901282
CDE,2024,DE,Op,Actual,Feb,1872651846
CDE,2024,DE,Op,Actual,Jan,312622316
CDE,2024,DE,Op,Actual,Jul,2953503501
CDE,2024,DE,Op,Actual,Jun,3131314103
CDE,2024,DE,Op,Actual,Mar,1952930642
CDE,2024,DE,Op,Actual,May,3859523386
CDE,2024,DE,Op,Actual,Nov,1517622514
CDE,2024,DE,Op,Actual,Oct,6092829
CDE,2024,DE,Op,Actual,Sep,661020467
CDE,2024,DE,Op,Budget,Apr,3813442272
CDE,2024,DE,Op,Budget,Aug,1982099601
CDE,2024,DE,Op,Budget,Dec,2250808110
CDE,2024,DE,Op,Budget,Feb,1308616447
CDE,2024,DE,Op,Budget,Jan,1229916506
CDE,2024,DE,Op,Budget,Jul,3811668164
CDE,2024,DE,Op,Budget,Jun,3118136049
CDE,2024,DE,Op,Budget,Mar,2263958730
CDE,2024,DE,Op,Budget,May,3229910252
CDE,2024,DE,Op,Budget,Nov,1409937705
CDE,2024,DE,Op,Budget,Oct,1860418600
CDE,2024,DE,Op,Budget,Sep,1679130412
CDE,2024,DE,Op,Forecast,Apr,4626635994
CDE,2024,DE,Op,Forecast,Aug,3613631310
CDE,2024,DE,Op,Forecast,Dec,2260410003
CDE,2024,DE,Op,Forecast,Feb,1222404745
CDE,2024,DE,Op,Forecast,Jan,3657242146
CDE,2024,DE,Op,Forecast,Jul,413753636
CDE,2024,DE,Op,Forecast,Jun,1422517970
CDE,2024,DE,Op,Forecast,Mar,2045590070
CDE,2024,DE,Op,Forecast,May,232029537
CDE,2024,DE,Op,Forecast,Nov,2959361346
CDE,2024,DE,Op,Forecast,Oct,728683567
CDE,2024,DE,Op,Forecast,Sep,1709938281
CDE,2024,ES,Gross,Actual,Apr,132750684
CDE,2024,ES,Gross,Actual,Aug,261584244
CDE,2024,ES,Gross,Actual,Dec,443792415
CDE,2024,ES,Gross,Actual,Feb,351615924
CDE,2024,ES,Gross,Actual,Jan,649781081
CDE,2024,ES,Gross,Actual,Jul,527289479
CDE,2024,ES,Gross,Actual,Jun,400227089
CDE,2024,ES,Gross,Actual,Mar,603053979
CDE,2024,ES,Gross,Actual,May,124990562
CDE,2024,ES,Gross,Actual,Nov,694552616
CDE,2024,ES,Gross,Actual,Oct,122874979
CDE,2024,ES,Gross,Actual,Sep,325380120
CDE,2024,ES,Gross,Budget,Apr,412590705
CDE,2024,ES,Gross,Budget,Aug,489520817
CDE,2024,ES,Gross,Budget,Dec,448903712
CDE,2024,ES,Gross,Budget,Feb,189180788
CDE,2024,ES,Gross,Budget,Jan,911478354
CDE,2024,ES,Gross,Budget,Jul,1478799052
CDE,2024,ES,Gross,Budget,Jun,237841365
CDE,2024,ES,Gross,Budget,Mar,893082837
CDE,2024,ES,Gross,Budget,May,139982541
CDE,2024,ES,Gross,Budget,Nov,389815761
CDE,2024,ES,Gross,Budget,Oct,414207558
CDE,2024,ES,Gross,Budget,Sep,162371596
CDE,2024,ES,Gross,Forecast,Apr,718425232
CDE,2024,ES,Gross,Forecast,Aug,69203845
CDE,2024,ES,Gross,Forecast,Dec,222836702
CDE,2024,ES,Gross,Forecast,Feb,248152725
CDE,2024,ES,Gross,Forecast,Jan,1069312352
CDE,2024,ES,Gross,Forecast,Jul,560482290
CDE,2024,ES,Gross,Forecast,Jun,117204593
CDE,2024,ES,Gross,Forecast,Mar,304721053
CDE,2024,ES,Gross,Forecast,May,315336746
CDE,2024,ES,Gross,Forecast,Nov,83912085
CDE,2024,ES,Gross,Forecast,Oct,57614211
CDE,2024,ES,Gross,Forecast,Sep,209494650
CDE,2024,ES,Net,Actual,Apr,137498721
CDE,2024,ES,Net,Actual,Aug,409750433
CDE,2024,ES,Net,Actual,Dec,266903436
CDE,2024,ES,Net,Actual,Feb,37920280
CDE,2024,ES,Net,Actual,Jan,624821389
CDE,2024,ES,Net,Actual,Jul,1409159747
CDE,2024,ES,Net,Actual,Jun,214291867
CDE,2024,ES,Net,Actual,Mar,844739494
CDE,2024,ES,Net,Actual,May,198345465
CDE,2024,ES,Net,Actual,Nov,585987164
CDE,2024,ES,Net,Actual,Oct,511586245
CDE,2024,ES,Net,Actual,Sep,104721626
CDE,2024,ES,Net,Budget,Apr,426117333
CDE,2024,ES,Net,Budget,Aug,303278424
CDE,2024,ES,Net,Budget,Dec,105915330
CDE,2024,ES,Net,Budget,Feb,292926263
CDE,2024,ES,Net,Budget,Jan,189939967
CDE,2024,ES,Net,Budget,Jul,238218371
CDE,2024,ES,Net,Budget,Jun,488276684
CDE,2024,ES,Net,Budget,Mar,95745039
CDE,2024,ES,Net,Budget,May,39936169
CDE,2024,ES,Net,Budget,Nov,387830015
CDE,2024,ES,Net,Budget,Oct,79533603
CDE,2024,ES,Net,Budget,Sep,256825759
CDE,2024,ES,Net,Forecast,Apr,35868802
CDE,2024,ES,Net,Forecast,Aug,193564393
CDE,2024,ES,Net,Forecast,Dec,374311367
CDE,2024,ES,Net,Forecast,Feb,514324911
CDE,2024,ES,Net,Forecast,Jan,591485163
CDE,2024,ES,Net,Forecast,Jul,149099971
CDE,2024,ES,Net,Forecast,Jun,435321570
CDE,2024,ES,Net,Forecast,Mar,991093267
CDE,2024,ES,Net,Forecast,May,250509796
CDE,2024,ES,Net,Forecast,Nov,36031508
CDE,2024,ES,Net,Forecast,Oct,317486191
CDE,2024,ES,Net,Forecast,Sep,383429645
CDE,2024,ES,Op,Actual,Apr,691164510
CDE,2024,ES,Op,Actual,Aug,74840603
CDE,2024,ES,Op,Actual,Dec,97000498
CDE,2024,ES,Op,Actual,Feb,466810314
CDE,2024,ES,Op,Actual,Jan,160461520
CDE,2024,ES,Op,Actual,Jul,905219728
CDE,2024,ES,Op,Actual,Jun,12459466
CDE,2024,ES,Op,Actual,Mar,50634755
CDE,2024,ES,Op,Actual,May,76280842
CDE,2024,ES,Op,Actual,Nov,171675126
CDE,2024,ES,Op,Actual,Oct,332576165
CDE,2024,ES,Op,Actual,Sep,132112014
CDE,2024,ES,Op,Budget,Apr,294760018
CDE,2024,ES,Op,Budget,Aug,376796053
CDE,2024,ES,Op,Budget,Dec,371224195
CDE,2024,ES,Op,Budget,Feb,347383306
CDE,2024,ES,Op,Budget,Jan,132429662
CDE,2024,ES,Op,Budget,Jul,451623184
CDE,2024,ES,Op,Budget,Jun,436690615
CDE,2024,ES,Op,Budget,Mar,370238465
CDE,2024,ES,Op,Budget,May,251352768
CDE,2024,ES,Op,Budget,Nov,251974537
CDE,2024,ES,Op,Budget,Oct,126346828
CDE,2024,ES,Op,Budget,Sep,501804516
CDE,2024,ES,Op,Forecast,Apr,11425228
CDE,2024,ES,Op,Forecast,Aug,442029910
CDE,2024,ES,Op,Forecast,Dec,151386292
CDE,2024,ES,Op,Forecast,Feb,421591590
CDE,2024,ES,Op,Forecast,Jan,707090263
CDE,2024,ES,Op,Forecast,Jul,680408951
CDE,2024,ES,Op,Forecast,Jun,86450314
CDE,2024,ES,Op,Forecast,Mar,213815717
CDE,2024,ES,Op,Forecast,May,342813068
CDE,2024,ES,Op,Forecast,Nov,477570267
CDE,2024,ES,Op,Forecast,Oct,453899907
CDE,2024,ES,Op,Forecast,Sep,535454033
CDE,2024,FR,Gross,Actual,Apr,1152579216
CDE,2024,FR,Gross,Actual,Aug,989780361
CDE,2024,FR,Gross,Actual,Dec,1106133619
CDE,2024,FR,Gross,Actual,Feb,1419087444
CDE,2024,FR,Gross,Actual,Jan,2879067154
CDE,2024,FR,Gross,Actual,Jul,1472689918
CDE,2024,FR,Gross,Actual,Jun,3288150104
CDE,2024,FR,Gross,Actual,Mar,3851091101
CDE,2024,FR,Gross,Actual,May,104797046
CDE,2024,FR,Gross,Actual,Nov,326316803
CDE,2024,FR,Gross,Actual,Oct,4471138920
CDE,2024,FR,Gross,Actual,Sep,676461539
CDE,2024,FR,Gross,Budget,Apr,2258915297
CDE,2024,FR,Gross,Budget,Aug,346533783
CDE,2024,FR,Gross,Budget,Dec,3988146608
CDE,2024,FR,Gross,Budget,Feb,497892774
CDE,2024,FR,Gross,Budget,Jan,4042278433
CDE,2024,FR,Gross,Budget,Jul,382706372
CDE,2024,FR,Gross,Budget,Jun,603590408
CDE,2024,FR,Gross,Budget,Mar,1978896122
CDE,2024,FR,Gross,Budget,May,1075941045
CDE,2024,FR,Gross,Budget,Nov,2217694006
CDE,2024,FR,Gross,Budget,Oct,4901490800
CDE,2024,FR,Gross,Budget,Sep,2126439366
CDE,2024,FR,Gross,Forecast,Apr,626367881
CDE,2024,FR,Gross,Forecast,Aug,3981296362
CDE,2024,FR,Gross,Forecast,Dec,1465263439
CDE,2024,FR,Gross,Forecast,Feb,537637924
CDE,2024,FR,Gross,Forecast,Jan,306262784
CDE,2024,FR,Gross,Forecast,Jul,1488290549
CDE,2024,FR,Gross,Forecast,Jun,2637111573
CDE,2024,FR,Gross,Forecast,Mar,3495902202
CDE,2024,FR,Gross,Forecast,May,943958394
CDE,2024,FR,Gross,Forecast,Nov,3355798172
CDE,2024,FR,Gross,Forecast,Oct,1056407951
CDE,2024,FR,Gross,Forecast,Sep,494406810
CDE,2024,FR,Net,Actual,Apr,1222793379
CDE,2024,FR,Net,Actual,Aug,1697837788
CDE,2024,FR,Net,Actual,Dec,1773294993
CDE,2024,FR,Net,Actual,Feb,216067042
CDE,2024,FR,Net,Actual,Jan,631527999
CDE,2024,FR,Net,Actual,Jul,2244046509
CDE,2024,FR,Net,Actual,Jun,2572295756
CDE,2024,FR,Net,Actual,Mar,862535832
CDE,2024,FR,Net,Actual,May,1402228846
CDE,2024,FR,Net,Actual,Nov,274504706
CDE,2024,FR,Net,Actual,Oct,4885005749
CDE,2024,FR,Net,Actual,Sep,2818281206
CDE,2024,FR,Net,Budget,Apr,2123574119
CDE,2024,FR,Net,Budget,Aug,3673593780
CDE,2024,FR,Net,Budget,Dec,2121009815
CDE,2024,FR,Net,Budget,Feb,235029358
CDE,2024,FR,Net,Budget,Jan,2659019221
CDE,2024,FR,Net,Budget,Jul,219782895
CDE,2024,FR,Net,Budget,Jun,1633845358
CDE,2024,FR,Net,Budget,Mar,576730834
CDE,2024,FR,Net,Budget,May,1550692262
CDE,2024,FR,Net,Budget,Nov,2263477354
CDE,2024,FR,Net,Budget,Oct,1762323433
CDE,2024,FR,Net,Budget,Sep,998425144
CDE,2024,FR,Net,Forecast,Apr,1128944581
CDE,2024,FR,Net,Forecast,Aug,2416572622
CDE,2024,FR,Net,Forecast,Dec,2823036487
CDE,2024,FR,Net,Forecast,Feb,92374833
CDE,2024,FR,Net,Forecast,Jan,4729765185
CDE,2024,FR,Net,Forecast,Jul,230017786
CDE,2024,FR,Net,Forecast,Jun,1688515220
CDE,2024,FR,Net,Forecast,Mar,2776055588
CDE,2024,FR,Net,Forecast,May,1521339905
CDE,2024,FR,Net,Forecast,Nov,1420650255
CDE,2024,FR,Net,Forecast,Oct,2981200145
CDE,2024,FR,Net,Forecast,Sep,2844733755
CDE,2024,FR,Op,Actual,Apr,1332036090
CDE,2024,FR,Op,Actual,Aug,3712574707
CDE,2024,FR,Op,Actual,Dec,3158217620
CDE,2024,FR,Op,Actual,Feb,288297340
CDE,2024,FR,Op,Actual,Jan,113166407
CDE,2024,FR,Op,Actual,Jul,2118785449
CDE,2024,FR,Op,Actual,Jun,2873221109
CDE,2024,FR,Op,Actual,Mar,2612117399
CDE,2024,FR,Op,Actual,May,1046942674
CDE,2024,FR,Op,Actual,Nov,2389841612
CDE,2024,FR,Op,Actual,Oct,1532835272
CDE,2024,FR,Op,Actual,Sep,1222227752
CDE,2024,FR,Op,Budget,Apr,1031256798
CDE,2024,FR,Op,Budget,Aug,379853473
CDE,2024,FR,Op,Budget,Dec,3704471991
CDE,2024,FR,Op,Budget,Feb,182991725
CDE,2024,FR,Op,Budget,Jan,118891842
CDE,2024,FR,Op,Budget,Jul,2176070188
CDE,2024,FR,Op,Budget,Jun,2212572126
CDE,2024,FR,Op,Budget,Mar,2970928620
CDE,2024,FR,Op,Budget,May,486837636
CDE,2024,FR,Op,Budget,Nov,3145951754
CDE,2024,FR,Op,Budget,Oct,4654555976
CDE,2024,FR,Op,Budget,Sep,1610767780
CDE,2024,FR,Op,Forecast,Apr,828812670
CDE,2024,FR,Op,Forecast,Aug,4080053059
CDE,2024,FR,Op,Forecast,Dec,830940233
CDE,2024,FR,Op,Forecast,Feb,248078086
CDE,2024,FR,Op,Forecast,Jan,3380661487
CDE,2024,FR,Op,Forecast,Jul,1191259666
CDE,2024,FR,Op,Forecast,Jun,2032395024
CDE,2024,FR,Op,Forecast,Mar,60951098
CDE,2024,FR,Op,Forecast,May,261204304
CDE,2024,FR,Op,Forecast,Nov,3247573000
CDE,2024,FR,Op,Forecast,Oct,3423106868
CDE,2024,FR,Op,Forecast,Sep,324449567
CDE,2024,ID,Gross,Actual,Apr,0
CDE,2024,ID,Gross,Actual,Aug,965941772
CDE,2024,ID,Gross,Actual,Dec,852427958
CDE,2024,ID,Gross,Actual,Feb,0
CDE,2024,ID,Gross,Actual,Jan,2173187026
CDE,2024,ID,Gross,Actual,Jul,240529163
CDE,2024,ID,Gross,Actual,Jun,792165816
CDE,2024,ID,Gross,Actual,Mar,4826756001
CDE,2024,ID,Gross,Actual,May,1626180256
CDE,2024,ID,Gross,Actual,Nov,4982477069
CDE,2024,ID,Gross,Actual,Oct,859847563
CDE,2024,ID,Gross,Actual,Sep,664051515
CDE,2024,ID,Gross,Budget,Apr,0
CDE,2024,ID,Gross,Budget,Aug,483288318
CDE,2024,ID,Gross,Budget,Dec,809531691
CDE,2024,ID,Gross,Budget,Feb,0
CDE,2024,ID,Gross,Budget,Jan,5416164097
CDE,2024,ID,Gross,Budget,Jul,2377263587
CDE,2024,ID,Gross,Budget,Jun,939530804
CDE,2024,ID,Gross,Budget,Mar,1966662657
CDE,2024,ID,Gross,Budget,May,675148146
CDE,2024,ID,Gross,Budget,Nov,3749562997
CDE,2024,ID,Gross,Budget,Oct,450933478
CDE,2024,ID,Gross,Budget,Sep,3453567851
CDE,2024,ID,Gross,Forecast,Apr,0
CDE,2024,ID,Gross,Forecast,Aug,267403589
CDE,2024,ID,Gross,Forecast,Dec,738240581
CDE,2024,ID,Gross,Forecast,Feb,0
CDE,2024,ID,Gross,Forecast,Jan,3907951316
CDE,2024,ID,Gross,Forecast,Jul,2368144758
CDE,2024,ID,Gross,Forecast,Jun,232252095
CDE,2024,ID,Gross,Forecast,Mar,5030430515
CDE,2024,ID,Gross,Forecast,May,626186159
CDE,2024,ID,Gross,Forecast,Nov,4359136693
CDE,2024,ID,Gross,Forecast,Oct,634783729
CDE,2024,ID,Gross,Forecast,Sep,3151198033
CDE,2024,ID,Net,Actual,Apr,237749572
CDE,2024,ID,Net,Actual,Aug,895902327
CDE,2024,ID,Net,Actual,Dec,131419053
CDE,2024,ID,Net,Actual,Feb,68369
CDE,2024,ID,Net,Actual,Jan,285270357
CDE,2024,ID,Net,Actual,Jul,896621392
CDE,2024,ID,Net,Actual,Jun,567892034
CDE,2024,ID,Net,Actual,Mar,5100919173
CDE,2024,ID,Net,Actual,May,1541756066
CDE,2024,ID,Net,Actual,Nov,803068538
CDE,2024,ID,Net,Actual,Oct,753835976
CDE,2024,ID,Net,Actual,Sep,2333563642
CDE,2024,ID,Net,Budget,Apr,115937585
CDE,2024,ID,Net,Budget,Aug,151698089
CDE,2024,ID,Net,Budget,Dec,263762828
CDE,2024,ID,Net,Budget,Feb,93796
CDE,2024,ID,Net,Budget,Jan,5352951873
CDE,2024,ID,Net,Budget,Jul,538726516
CDE,2024,ID,Net,Budget,Jun,836658143
CDE,2024,ID,Net,Budget,Mar,2464844095
CDE,2024,ID,Net,Budget,May,92585384
CDE,2024,ID,Net,Budget,Nov,987656695
CDE,2024,ID,Net,Budget,Oct,789442063
CDE,2024,ID,Net,Budget,Sep,2407454932
CDE,2024,ID,Net,Forecast,Apr,99161576
CDE,2024,ID,Net,Forecast,Aug,2443989694
CDE,2024,ID,Net,Forecast,Dec,120431292
CDE,2024,ID,Net,Forecast,Feb,380441
CDE,2024,ID,Net,Forecast,Jan,5422351054
CDE,2024,ID,Net,Forecast,Jul,499131324
CDE,2024,ID,Net,Forecast,Jun,183943195
CDE,2024,ID,Net,Forecast,Mar,1098574065
CDE,2024,ID,Net,Forecast,May,1514914013
CDE,2024,ID,Net,Forecast,Nov,5203479607
CDE,2024,ID,Net,Forecast,Oct,586050351
CDE,2024,ID,Net,Forecast,Sep,530652141
CDE,2024,ID,Op,Actual,Apr,428964001
CDE,2024,ID,Op,Actual,Aug,1033921115
CDE,2024,ID,Op,Actual,Dec,137461299
CDE,2024,ID,Op,Actual,Feb,41656
CDE,2024,ID,Op,Actual,Jan,1824496387
CDE,2024,ID,Op,Actual,Jul,1192665045
CDE,2024,ID,Op,Actual,Jun,312662178
CDE,2024,ID,Op,Actual,Mar,1172497094
CDE,2024,ID,Op,Actual,May,1436125794
CDE,2024,ID,Op,Actual,Nov,84382351
CDE,2024,ID,Op,Actual,Oct,673538440
CDE,2024,ID,Op,Actual,Sep,2640543615
CDE,2024,ID,Op,Budget,Apr,126163472
CDE,2024,ID,Op,Budget,Aug,1172192346
CDE,2024,ID,Op,Budget,Dec,135254669
CDE,2024,ID,Op,Budget,Feb,86633
CDE,2024,ID,Op,Budget,Jan,2181737914
CDE,2024,ID,Op,Budget,Jul,2293631733
CDE,2024,ID,Op,Budget,Jun,433544365
CDE,2024,ID,Op,Budget,Mar,5169939764
CDE,2024,ID,Op,Budget,May,1305269559
CDE,2024,ID,Op,Budget,Nov,485001646
CDE,2024,ID,Op,Budget,Oct,379376650
CDE,2024,ID,Op,Budget,Sep,108246570
CDE,2024,ID,Op,Forecast,Apr,364831004
CDE,2024,ID,Op,Forecast,Aug,1346292764
CDE,2024,ID,Op,Forecast,Dec,459209371
CDE,2024,ID,Op,Forecast,Feb,7335
CDE,2024,ID,Op,Forecast,Jan,5939095255
CDE,2024,ID,Op,Forecast,Jul,2032690310
CDE,2024,ID,Op,Forecast,Jun,56049963
CDE,2024,ID,Op,Forecast,Mar,5310368880
CDE,2024,ID,Op,Forecast,May,1277914091
CDE,2024,ID,Op,Forecast,Nov,2628989511
CDE,2024,ID,Op,Forecast,Oct,291403309
CDE,2024,ID,Op,Forecast,Sep,2812312910
CDE,2024,IN,Gross,Actual,Apr,6984576800
CDE,2024,IN,Gross,Actual,Aug,435145074
CDE,2024,IN,Gross,Actual,Dec,2474945521
CDE,2024,IN,Gross,Actual,Feb,1664405581
CDE,2024,IN,Gross,Actual,Jan,7386636275
CDE,2024,IN,Gross,Actual,Jul,1413091613
CDE,2024,IN,Gross,Actual,Jun,3254143945
CDE,2024,IN,Gross,Actual,Mar,1100624698
CDE,2024,IN,Gross,Actual,May,1354748418
CDE,2024,IN,Gross,Actual,Nov,1434652793
CDE,2024,IN,Gross,Actual,Oct,793163553
CDE,2024,IN,Gross,Actual,Sep,1607352611
CDE,2024,IN,Gross,Budget,Apr,7176923673
CDE,2024,IN,Gross,Budget,Aug,1682023296
CDE,2024,IN,Gross,Budget,Dec,1712968775
CDE,2024,IN,Gross,Budget,Feb,6148569044
CDE,2024,IN,Gross,Budget,Jan,5283035202
CDE,2024,IN,Gross,Budget,Jul,3200476407
CDE,2024,IN,Gross,Budget,Jun,1027594218
CDE,2024,IN,Gross,Budget,Mar,617737287
CDE,2024,IN,Gross,Budget,May,1366616815
CDE,2024,IN,Gross,Budget,Nov,265064350
CDE,2024,IN,Gross,Budget,Oct,867916006
CDE,2024,IN,Gross,Budget,Sep,2347098528
CDE,2024,IN,Gross,Forecast,Apr,1415381244
CDE,2024,IN,Gross,Forecast,Aug,802956930
CDE,2024,IN,Gross,Forecast,Dec,3054132071
CDE,2024,IN,Gross,Forecast,Feb,3191106427
CDE,2024,IN,Gross,Forecast,Jan,7248074908
CDE,2024,IN,Gross,Forecast,Jul,276010124
CDE,2024,IN,Gross,Forecast,Jun,3366493564
CDE,2024,IN,Gross,Forecast,Mar,114096654
CDE,2024,IN,Gross,Forecast,May,1441458419
CDE,2024,IN,Gross,Forecast,Nov,648204758
CDE,2024,IN,Gross,Forecast,Oct,351716487
CDE,2024,IN,Gross,Forecast,Sep,2854528463
CDE,2024,IN,Net,Actual,Apr,5989906135
CDE,2024,IN,Net,Actual,Aug,2039326095
CDE,2024,IN,Net,Actual,Dec,5594666336
CDE,2024,IN,Net,Actual,Feb,1685756231
CDE,2024,IN,Net,Actual,Jan,3535822434
CDE,2024,IN,Net,Actual,Jul,2045476779
CDE,2024,IN,Net,Actual,Jun,2424106656
CDE,2024,IN,Net,Actual,Mar,840939867
CDE,2024,IN,Net,Actual,May,528366791
CDE,2024,IN,Net,Actual,Nov,1540918267
CDE,2024,IN,Net,Actual,Oct,1556044705
CDE,2024,IN,Net,Actual,Sep,2514090697
CDE,2024,IN,Net,Budget,Apr,1389206227
CDE,2024,IN,Net,Budget,Aug,1623860138
CDE,2024,IN,Net,Budget,Dec,3292978793
CDE,2024,IN,Net,Budget,Feb,1462890516
CDE,2024,IN,Net,Budget,Jan,5306575080
CDE,2024,IN,Net,Budget,Jul,1519657136
CDE,2024,IN,Net,Budget,Jun,5670808647
CDE,2024,IN,Net,Budget,Mar,494024472
CDE,2024,IN,Net,Budget,May,738962939
CDE,2024,IN,Net,Budget,Nov,75121640
CDE,2024,IN,Net,Budget,Oct,1653138955
CDE,2024,IN,Net,Budget,Sep,3208941474
CDE,2024,IN,Net,Forecast,Apr,8411937497
CDE,2024,IN,Net,Forecast,Aug,2345249193
CDE,2024,IN,Net,Forecast,Dec,3757536129
CDE,2024,IN,Net,Forecast,Feb,5376124066
CDE,2024,IN,Net,Forecast,Jan,2794051329
CDE,2024,IN,Net,Forecast,Jul,1764955698
CDE,2024,IN,Net,Forecast,Jun,5322850739
CDE,2024,IN,Net,Forecast,Mar,757115877
CDE,2024,IN,Net,Forecast,May,883775504
CDE,2024,IN,Net,Forecast,Nov,806810786
CDE,2024,IN,Net,Forecast,Oct,1871479738
CDE,2024,IN,Net,Forecast,Sep,2158313443
CDE,2024,IN,Op,Actual,Apr,2944289079
CDE,2024,IN,Op,Actual,Aug,4300920290
CDE,2024,IN,Op,Actual,Dec,3076064842
CDE,2024,IN,Op,Actual,Feb,3291077297
CDE,2024,IN,Op,Actual,Jan,1475618501
CDE,2024,IN,Op,Actual,Jul,3131231532
CDE,2024,IN,Op,Actual,Jun,6064505677
CDE,2024,IN,Op,Actual,Mar,1007162582
CDE,2024,IN,Op,Actual,May,1191129862
CDE,2024,IN,Op,Actual,Nov,434760131
CDE,2024,IN,Op,Actual,Oct,2100125146
CDE,2024,IN,Op,Actual,Sep,3597989758
CDE,2024,IN,Op,Budget,Apr,3618227842
CDE,2024,IN,Op,Budget,Aug,1777349437
CDE,2024,IN,Op,Budget,Dec,4870969982
CDE,2024,IN,Op,Budget,Feb,5285691770
CDE,2024,IN,Op,Budget,Jan,6039412570
CDE,2024,IN,Op,Budget,Jul,2619154885
CDE,2024,IN,Op,Budget,Jun,5781270466
CDE,2024,IN,Op,Budget,Mar,932249463
CDE,2024,IN,Op,Budget,May,1466056947
CDE,2024,IN,Op,Budget,Nov,735775262
CDE,2024,IN,Op,Budget,Oct,992615218
CDE,2024,IN,Op,Budget,Sep,2019974649
CDE,2024,IN,Op,Forecast,Apr,9019617270
CDE,2024,IN,Op,Forecast,Aug,3628131365
CDE,2024,IN,Op,Forecast,Dec,5388401193
CDE,2024,IN,Op,Forecast,Feb,1335591648
CDE,2024,IN,Op,Forecast,Jan,80992609
CDE,2024,IN,Op,Forecast,Jul,29765877
CDE,2024,IN,Op,Forecast,Jun,4742502319
CDE,2024,IN,Op,Forecast,Mar,103445635
CDE,2024,IN,Op,Forecast,May,261392709
CDE,2024,IN,Op,Forecast,Nov,198179682
CDE,2024,IN,Op,Forecast,Oct,879219908
CDE,2024,IN,Op,Forecast,Sep,1343216443
CDE,2024,IT,Gross,Actual,Apr,259302627
CDE,2024,IT,Gross,Actual,Aug,0
CDE,2024,IT,Gross,Actual,Dec,0
CDE,2024,IT,Gross,Actual,Feb,0
CDE,2024,IT,Gross,Actual,Jan,346136255
CDE,2024,IT,Gross,Actual,Jul,5957004
CDE,2024,IT,Gross,Actual,Jun,13642560
CDE,2024,IT,Gross,Actual,Mar,23369200
CDE,2024,IT,Gross,Actual,May,218036977
CDE,2024,IT,Gross,Actual,Nov,347718254
CDE,2024,IT,Gross,Actual,Oct,2335179
CDE,2024,IT,Gross,Actual,Sep,12736163
CDE,2024,IT,Gross,Budget,Apr,17682501
CDE,2024,IT,Gross,Budget,Aug,0
CDE,2024,IT,Gross,Budget,Dec,0
CDE,2024,IT,Gross,Budget,Feb,0
CDE,2024,IT,Gross,Budget,Jan,535354499
CDE,2024,IT,Gross,Budget,Jul,9752533
CDE,2024,IT,Gross,Budget,Jun,25223174
CDE,2024,IT,Gross,Budget,Mar,10259411
CDE,2024,IT,Gross,Budget,May,2065207
CDE,2024,IT,Gross,Budget,Nov,33661608
CDE,2024,IT,Gross,Budget,Oct,2941833
CDE,2024,IT,Gross,Budget,Sep,17828940
CDE,2024,IT,Gross,Forecast,Apr,38087735
CDE,2024,IT,Gross,Forecast,Aug,0
CDE,2024,IT,Gross,Forecast,Dec,0
CDE,2024,IT,Gross,Forecast,Feb,0
CDE,2024,IT,Gross,Forecast,Jan,39322286
CDE,2024,IT,Gross,Forecast,Jul,13452419
CDE,2024,IT,Gross,Forecast,Jun,12123161
CDE,2024,IT,Gross,Forecast,Mar,44993470
CDE,2024,IT,Gross,Forecast,May,30719930
CDE,2024,IT,Gross,Forecast,Nov,534586010
CDE,2024,IT,Gross,Forecast,Oct,864359
CDE,2024,IT,Gross,Forecast,Sep,16851976
CDE,2024,IT,Net,Actual,Apr,154893083
CDE,2024,IT,Net,Actual,Aug,0
CDE,2024,IT,Net,Actual,Dec,-139894477
CDE,2024,IT,Net,Actual,Feb,-662032
CDE,2024,IT,Net,Actual,Jan,561119884
CDE,2024,IT,Net,Actual,Jul,5437677
CDE,2024,IT,Net,Actual,Jun,26137174
CDE,2024,IT,Net,Actual,Mar,27699416
CDE,2024,IT,Net,Actual,May,222613230
CDE,2024,IT,Net,Actual,Nov,409524976
CDE,2024,IT,Net,Actual,Oct,-12580513
CDE,2024,IT,Net,Actual,Sep,4642714
CDE,2024,IT,Net,Budget,Apr,22034615
CDE,2024,IT,Net,Budget,Aug,0
CDE,2024,IT,Net,Budget,Dec,-161120609
CDE,2024,IT,Net,Budget,Feb,-207466
CDE,2024,IT,Net,Budget,Jan,476013082
CDE,2024,IT,Net,Budget,Jul,2001555
CDE,2024,IT,Net,Budget,Jun,1379403
CDE,2024,IT,Net,Budget,Mar,48316258
CDE,2024,IT,Net,Budget,May,32313690
CDE,2024,IT,Net,Budget,Nov,556894016
CDE,2024,IT,Net,Budget,Oct,-6174237
CDE,2024,IT,Net,Budget,Sep,17244932
CDE,2024,IT,Net,Forecast,Apr,417168756
CDE,2024,IT,Net,Forecast,Aug,0
CDE,2024,IT,Net,Forecast,Dec,-3230997
CDE,2024,IT,Net,Forecast,Feb,-2080128
CDE,2024,IT,Net,Forecast,Jan,116298644
CDE,2024,IT,Net,Forecast,Jul,2777069
CDE,2024,IT,Net,Forecast,Jun,19008176
CDE,2024,IT,Net,Forecast,Mar,5180636
CDE,2024,IT,Net,Forecast,May,92130
CDE,2024,IT,Net,Forecast,Nov,302043261
CDE,2024,IT,Net,Forecast,Oct,-11864989
CDE,2024,IT,Net,Forecast,Sep,8818672
CDE,2024,IT,Op,Actual,Apr,222768342
CDE,2024,IT,Op,Actual,Aug,0
CDE,2024,IT,Op,Actual,Dec,-128865056
CDE,2024,IT,Op,Actual,Feb,-2774590
CDE,2024,IT,Op,Actual,Jan,433450957
CDE,2024,IT,Op,Actual,Jul,8203218
CDE,2024,IT,Op,Actual,Jun,8274692
CDE,2024,IT,Op,Actual,Mar,31580874
CDE,2024,IT,Op,Actual,May,66115601
CDE,2024,IT,Op,Actual,Nov,148318921
CDE,2024,IT,Op,Actual,Oct,-19223606
CDE,2024,IT,Op,Actual,Sep,19538439
CDE,2024,IT,Op,Budget,Apr,157548977
CDE,2024,IT,Op,Budget,Aug,0
CDE,2024,IT,Op,Budget,Dec,-131073694
CDE,2024,IT,Op,Budget,Feb,-1502336
CDE,2024,IT,Op,Budget,Jan,432140718
CDE,2024,IT,Op,Budget,Jul,3813133
CDE,2024,IT,Op,Budget,Jun,13122875
CDE,2024,IT,Op,Budget,Mar,29258790
CDE,2024,IT,Op,Budget,May,177317522
CDE,2024,IT,Op,Budget,Nov,20634209
CDE,2024,IT,Op,Budget,Oct,-8299153
CDE,2024,IT,Op,Budget,Sep,10305172
CDE,2024,IT,Op,Forecast,Apr,110439867
CDE,2024,IT,Op,Forecast,Aug,0
CDE,2024,IT,Op,Forecast,Dec,-137684593
CDE,2024,IT,Op,Forecast,Feb,-4117757
CDE,2024,IT,Op,Forecast,Jan,465988318
CDE,2024,IT,Op,Forecast,Jul,3058745
CDE,2024,IT,Op,Forecast,Jun,22172575
CDE,2024,IT,Op,Forecast,Mar,16110098
CDE,2024,IT,Op,Forecast,May,151232566
CDE,2024,IT,Op,Forecast,Nov,440063303
CDE,2024,IT,Op,Forecast,Oct,-7164354
CDE,2024,IT,Op,Forecast,Sep,6317153
CDE,2024,JP,Gross,Actual,Apr,227910152
CDE,2024,JP,Gross,Actual,Aug,470477703
CDE,2024,JP,Gross,Actual,Dec,516121596
CDE,2024,JP,Gross,Actual,Feb,851605775
CDE,2024,JP,Gross,Actual,Jan,70330652
CDE,2024,JP,Gross,Actual,Jul,38226765
CDE,2024,JP,Gross,Actual,Jun,745778997
CDE,2024,JP,Gross,Actual,Mar,1427919562
CDE,2024,JP,Gross,Actual,May,964386853
CDE,2024,JP,Gross,Actual,Nov,382487466
CDE,2024,JP,Gross,Actual,Oct,244855401
CDE,2024,JP,Gross,Actual,Sep,1011058677
CDE,2024,JP,Gross,Budget,Apr,739616172
CDE,2024,JP,Gross,Budget,Aug,775615541
CDE,2024,JP,Gross,Budget,Dec,185102912
CDE,2024,JP,Gross,Budget,Feb,1048433466
CDE,2024,JP,Gross,Budget,Jan,279022199
CDE,2024,JP,Gross,Budget,Jul,372855189
CDE,2024,JP,Gross,Budget,Jun,366985158
CDE,2024,JP,Gross,Budget,Mar,948139045
CDE,2024,JP,Gross,Budget,May,963063422
CDE,2024,JP,Gross,Budget,Nov,12617363
CDE,2024,JP,Gross,Budget,Oct,276847218
CDE,2024,JP,Gross,Budget,Sep,652446498
CDE,2024,JP,Gross,Forecast,Apr,260777572
CDE,2024,JP,Gross,Forecast,Aug,102331693
CDE,2024,JP,Gross,Forecast,Dec,227785564
CDE,2024,JP,Gross,Forecast,Feb,446143522
CDE,2024,JP,Gross,Forecast,Jan,370449083
CDE,2024,JP,Gross,Forecast,Jul,620517451
CDE,2024,JP,Gross,Forecast,Jun,1101025455
CDE,2024,JP,Gross,Forecast,Mar,910542328
CDE,2024,JP,Gross,Forecast,May,490330069
CDE,2024,JP,Gross,Forecast,Nov,634145045
CDE,2024,JP,Gross,Forecast,Oct,757360881
CDE,2024,JP,Gross,Forecast,Sep,721780453
CDE,2024,JP,Net,Actual,Apr,284012945
CDE,2024,JP,Net,Actual,Aug,406116204
CDE,2024,JP,Net,Actual,Dec,590550308
CDE,2024,JP,Net,Actual,Feb,607611071
CDE,2024,JP,Net,Actual,Jan,537988805
CDE,2024,JP,Net,Actual,Jul,719846168
CDE,2024,JP,Net,Actual,Jun,329023359
CDE,2024,JP,Net,Actual,Mar,185446242
CDE,2024,JP,Net,Actual,May,294329847
CDE,2024,JP,Net,Actual,Nov,14724306
CDE,2024,JP,Net,Actual,Oct,719498380
CDE,2024,JP,Net,Actual,Sep,666012179
CDE,2024,JP,Net,Budget,Apr,576573128
CDE,2024,JP,Net,Budget,Aug,506866972
CDE,2024,JP,Net,Budget,Dec,592060792
CDE,2024,JP,Net,Budget,Feb,131016947
CDE,2024,JP,Net,Budget,Jan,748604629
CDE,2024,JP,Net,Budget,Jul,339369593
CDE,2024,JP,Net,Budget,Jun,504119173
CDE,2024,JP,Net,Budget,Mar,238307453
CDE,2024,JP,Net,Budget,May,843582173
CDE,2024,JP,Net,Budget,Nov,261494015
CDE,2024,JP,Net,Budget,Oct,248404817
CDE,2024,JP,Net,Budget,Sep,351392003
CDE,2024,JP,Net,Forecast,Apr,827268270
CDE,2024,JP,Net,Forecast,Aug,742174801
CDE,2024,JP,Net,Forecast,Dec,477486142
CDE,2024,JP,Net,Forecast,Feb,504640216
CDE,2024,JP,Net,Forecast,Jan,10532115
CDE,2024,JP,Net,Forecast,Jul,174101566
CDE,2024,JP,Net,Forecast,Jun,907730876
CDE,2024,JP,Net,Forecast,Mar,694163386
CDE,2024,JP,Net,Forecast,May,519101394
CDE,2024,JP,Net,Forecast,Nov,470018086
CDE,2024,JP,Net,Forecast,Oct,1520727
CDE,2024,JP,Net,Forecast,Sep,612675998
CDE,2024,JP,Op,Actual,Apr,614925589
CDE,2024,JP,Op,Actual,Aug,677060383
CDE,2024,JP,Op,Actual,Dec,175693964
CDE,2024,JP,Op,Actual,Feb,676090923
CDE,2024,JP,Op,Actual,Jan,779132374
CDE,2024,JP,Op,Actual,Jul,454622556
CDE,2024,JP,Op,Actual,Jun,689168538
CDE,2024,JP,Op,Actual,Mar,163651434
CDE,2024,JP,Op,Actual,May,384282994
CDE,2024,JP,Op,Actual,Nov,427651292
CDE,2024,JP,Op,Actual,Oct,756914015
CDE,2024,JP,Op,Actual,Sep,332466978
CDE,2024,JP,Op,Budget,Apr,291391847
CDE,2024,JP,Op,Budget,Aug,354354816
CDE,2024,JP,Op,Budget,Dec,96530848
CDE,2024,JP,Op,Budget,Feb,92539334
CDE,2024,JP,Op,Budget,Jan,107164135
CDE,2024,JP,Op,Budget,Jul,21120322
CDE,2024,JP,Op,Budget,Jun,452936036
CDE,2024,JP,Op,Budget,Mar,1280841436
CDE,2024,JP,Op,Budget,May,190471538
CDE,2024,JP,Op,Budget,Nov,206915182
CDE,2024,JP,Op,Budget,Oct,263163135
CDE,2024,JP,Op,Budget,Sep,433433007
CDE,2024,JP,Op,Forecast,Apr,532036840
CDE,2024,JP,Op,Forecast,Aug,258073730
CDE,2024,JP,Op,Forecast,Dec,982061077
CDE,2024,JP,Op,Forecast,Feb,407196695
CDE,2024,JP,Op,Forecast,Jan,572848193
CDE,2024,JP,Op,Forecast,Jul,130030844
CDE,2024,JP,Op,Forecast,Jun,1036205945
CDE,2024,JP,Op,Forecast,Mar,876199098
CDE,2024,JP,Op,Forecast,May,724677604
CDE,2024,JP,Op,Forecast,Nov,46638722
CDE,2024,JP,Op,Forecast,Oct,493724560
CDE,2024,JP,Op,Forecast,Sep,661262334
CDE,2024,KR,Gross,Actual,Apr,4709044776
CDE,2024,KR,Gross,Actual,Aug,955369563
CDE,2024,KR,Gross,Actual,Dec,9293295811
CDE,2024,KR,Gross,Actual,Feb,3706939578
CDE,2024,KR,Gross,Actual,Jan,643030231
CDE,2024,KR,Gross,Actual,Jul,1864787400
CDE,2024,KR,Gross,Actual,Jun,7217892991
CDE,2024,KR,Gross,Actual,Mar,181469464
CDE,2024,KR,Gross,Actual,May,2500579029
CDE,2024,KR,Gross,Actual,Nov,3542329205
CDE,2024,KR,Gross,Actual,Oct,2871497240
CDE,2024,KR,Gross,Actual,Sep,966414216
CDE,2024,KR,Gross,Budget,Apr,333184458
CDE,2024,KR,Gross,Budget,Aug,1994632793
CDE,2024,KR,Gross,Budget,Dec,8954146087
CDE,2024,KR,Gross,Budget,Feb,5656680514
CDE,2024,KR,Gross,Budget,Jan,2316897668
CDE,2024,KR,Gross,Budget,Jul,4430024353
CDE,2024,KR,Gross,Budget,Jun,794091362
CDE,2024,KR,Gross,Budget,Mar,5738489089
CDE,2024,KR,Gross,Budget,May,4738165255
CDE,2024,KR,Gross,Budget,Nov,6754656320
CDE,2024,KR,Gross,Budget,Oct,773722598
CDE,2024,KR,Gross,Budget,Sep,4464934538
CDE,2024,KR,Gross,Forecast,Apr,4792477063
CDE,2024,KR,Gross,Forecast,Aug,929700283
CDE,2024,KR,Gross,Forecast,Dec,2134114187
CDE,2024,KR,Gross,Forecast,Feb,2632245885
CDE,2024,KR,Gross,Forecast,Jan,749520606
CDE,2024,KR,Gross,Forecast,Jul,3492479860
CDE,2024,KR,Gross,Forecast,Jun,440040968
CDE,2024,KR,Gross,Forecast,Mar,449766751
CDE,2024,KR,Gross,Forecast,May,4714762041
CDE,2024,KR,Gross,Forecast,Nov,4766752272
CDE,2024,KR,Gross,Forecast,Oct,1253796776
CDE,2024,KR,Gross,Forecast,Sep,1739088848
CDE,2024,KR,Net,Actual,Apr,3476337120
CDE,2024,KR,Net,Actual,Aug,2407068551
CDE,2024,KR,Net,Actual,Dec,6985701167
CDE,2024,KR,Net,Actual,Feb,5363603160
CDE,2024,KR,Net,Actual,Jan,3519848844
CDE,2024,KR,Net,Actual,Jul,2256416324
CDE,2024,KR,Net,Actual,Jun,8144216677
CDE,2024,KR,Net,Actual,Mar,6499469453
CDE,2024,KR,Net,Actual,May,4183386112
CDE,2024,KR,Net,Actual,Nov,4446878716
CDE,2024,KR,Net,Actual,Oct,653605217
CDE,2024,KR,Net,Actual,Sep,2779242658
CDE,2024,KR,Net,Budget,Apr,716704372
CDE,2024,KR,Net,Budget,Aug,2032350558
CDE,2024,KR,Net,Budget,Dec,1101702772
CDE,2024,KR,Net,Budget,Feb,1828574694
CDE,2024,KR,Net,Budget,Jan,1092402602
CDE,2024,KR,Net,Budget,Jul,4312167153
CDE,2024,KR,Net,Budget,Jun,6463427353
CDE,2024,KR,Net,Budget,Mar,7389125881
CDE,2024,KR,Net,Budget,May,4113320751
CDE,2024,KR,Net,Budget,Nov,2602984154
CDE,2024,KR,Net,Budget,Oct,2493086684
CDE,2024,KR,Net,Budget,Sep,2977840888
CDE,2024,KR,Net,Forecast,Apr,626639097
CDE,2024,KR,Net,Forecast,Aug,2111459765
CDE,2024,KR,Net,Forecast,Dec,566464981
CDE,2024,KR,Net,Forecast,Feb,4975285933
CDE,2024,KR,Net,Forecast,Jan,160928711
CDE,2024,KR,Net,Forecast,Jul,2085797135
CDE,2024,KR,Net,Forecast,Jun,8935078411
CDE,2024,KR,Net,Forecast,Mar,7971950046
CDE,2024,KR,Net,Forecast,May,3699433382
CDE,2024,KR,Net,Forecast,Nov,1926980270
CDE,2024,KR,Net,Forecast,Oct,1857938148
CDE,2024,KR,Net,Forecast,Sep,4494388765
CDE,2024,KR,Op,Actual,Apr,874534402
CDE,2024,KR,Op,Actual,Aug,822692994
CDE,2024,KR,Op,Actual,Dec,2057377938
CDE,2024,KR,Op,Actual,Feb,3536771944
CDE,2024,KR,Op,Actual,Jan,3118950090
CDE,2024,KR,Op,Actual,Jul,114046399
CDE,2024,KR,Op,Actual,Jun,8902058164
CDE,2024,KR,Op,Actual,Mar,3179302096
CDE,2024,KR,Op,Actual,May,778343297
CDE,2024,KR,Op,Actual,Nov,4509566589
CDE,2024,KR,Op,Actual,Oct,1505493253
CDE,2024,KR,Op,Actual,Sep,5203254859
CDE,2024,KR,Op,Budget,Apr,3992860568
CDE,2024,KR,Op,Budget,Aug,755491894
CDE,2024,KR,Op,Budget,Dec,1468103117
CDE,2024,KR,Op,Budget,Feb,2789589748
CDE,2024,KR,Op,Budget,Jan,3510487202
CDE,2024,KR,Op,Budget,Jul,1821453908
CDE,2024,KR,Op,Budget,Jun,3082026698
CDE,2024,KR,Op,Budget,Mar,4280391955
CDE,2024,KR,Op,Budget,May,2600873792
CDE,2024,KR,Op,Budget,Nov,2889201026
CDE,2024,KR,Op,Budget,Oct,606385046
CDE,2024,KR,Op,Budget,Sep,3600865701
CDE,2024,KR,Op,Forecast,Apr,2218260844
CDE,2024,KR,Op,Forecast,Aug,1641041135
CDE,2024,KR,Op,Forecast,Dec,3895052848
CDE,2024,KR,Op,Forecast,Feb,5323524124
CDE,2024,KR,Op,Forecast,Jan,16216017
CDE,2024,KR,Op,Forecast,Jul,2380171457
CDE,2024,KR,Op,Forecast,Jun,4092307932
CDE,2024,KR,Op,Forecast,Mar,4614740484
CDE,2024,KR,Op,Forecast,May,2285082759
CDE,2024,KR,Op,Forecast,Nov,5777684371
CDE,2024,KR,Op,Forecast,Oct,54156909
CDE,2024,KR,Op,Forecast,Sep,3051668093
CDE,2024,MA,Gross,Actual,Apr,530943963
CDE,2024,MA,Gross,Actual,Aug,540551381
CDE,2024,MA,Gross,Actual,Dec,1065043988
CDE,2024,MA,Gross,Actual,Feb,120579694
CDE,2024,MA,Gross,Actual,Jan,705129431
CDE,2024,MA,Gross,Actual,Jul,6493247
CDE,2024,MA,Gross,Actual,Jun,707929724
CDE,2024,MA,Gross,Actual,Mar,551882464
CDE,2024,MA,Gross,Actual,May,366456994
CDE,2024,MA,Gross,Actual,Nov,275583474
CDE,2024,MA,Gross,Actual,Oct,1651621011
CDE,2024,MA,Gross,Actual,Sep,1012823706
CDE,2024,MA,Gross,Budget,Apr,1585133307
CDE,2024,MA,Gross,Budget,Aug,455565598
CDE,2024,MA,Gross,Budget,Dec,250538352
CDE,2024,MA,Gross,Budget,Feb,163480398
CDE,2024,MA,Gross,Budget,Jan,3262164766
CDE,2024,MA,Gross,Budget,Jul,7482818
CDE,2024,MA,Gross,Budget,Jun,391890720
CDE,2024,MA,Gross,Budget,Mar,1338746781
CDE,2024,MA,Gross,Budget,May,137480695
CDE,2024,MA,Gross,Budget,Nov,8131671
CDE,2024,MA,Gross,Budget,Oct,989281590
CDE,2024,MA,Gross,Budget,Sep,3286094654
CDE,2024,MA,Gross,Forecast,Apr,778131654
CDE,2024,MA,Gross,Forecast,Aug,297742280
CDE,2024,MA,Gross,Forecast,Dec,912730842
CDE,2024,MA,Gross,Forecast,Feb,76634535
CDE,2024,MA,Gross,Forecast,Jan,1350621506
CDE,2024,MA,Gross,Forecast,Jul,177422072
CDE,2024,MA,Gross,Forecast,Jun,78033247
CDE,2024,MA,Gross,Forecast,Mar,916694554
CDE,2024,MA,Gross,Forecast,May,468373634
CDE,2024,MA,Gross,Forecast,Nov,248790205
CDE,2024,MA,Gross,Forecast,Oct,980386013
CDE,2024,MA,Gross,Forecast,Sep,3612374304
CDE,2024,MA,Net,Actual,Apr,1283219844
CDE,2024,MA,Net,Actual,Aug,652547789
CDE,2024,MA,Net,Actual,Dec,1214890763
CDE,2024,MA,Net,Actual,Feb,166724954
CDE,2024,MA,Net,Actual,Jan,2982418120
CDE,2024,MA,Net,Actual,Jul,391587226
CDE,2024,MA,Net,Actual,Jun,714103569
CDE,2024,MA,Net,Actual,Mar,695763676
CDE,2024,MA,Net,Actual,May,253660983
CDE,2024,MA,Net,Actual,Nov,228050534
CDE,2024,MA,Net,Actual,Oct,1642035779
CDE,2024,MA,Net,Actual,Sep,629564274
CDE,2024,MA,Net,Budget,Apr,1600053205
CDE,2024,MA,Net,Budget,Aug,620686624
CDE,2024,MA,Net,Budget,Dec,175637052
CDE,2024,MA,Net,Budget,Feb,192682894
CDE,2024,MA,Net,Budget,Jan,842427779
CDE,2024,MA,Net,Budget,Jul,156401366
CDE,2024,MA,Net,Budget,Jun,739859670
CDE,2024,MA,Net,Budget,Mar,800989105
CDE,2024,MA,Net,Budget,May,262355275
CDE,2024,MA,Net,Budget,Nov,201257727
CDE,2024,MA,Net,Budget,Oct,1408801232
CDE,2024,MA,Net,Budget,Sep,2256139954
CDE,2024,MA,Net,Forecast,Apr,1679205563
CDE,2024,MA,Net,Forecast,Aug,764909
CDE,2024,MA,Net,Forecast,Dec,1228518465
CDE,2024,MA,Net,Forecast,Feb,165717238
CDE,2024,MA,Net,Forecast,Jan,25324568
CDE,2024,MA,Net,Forecast,Jul,515060614
CDE,2024,MA,Net,Forecast,Jun,322921483
CDE,2024,MA,Net,Forecast,Mar,1027549522
CDE,2024,MA,Net,Forecast,May,321346874
CDE,2024,MA,Net,Forecast,Nov,270550625
CDE,2024,MA,Net,Forecast,Oct,629438225
CDE,2024,MA,Net,Forecast,Sep,2639725427
CDE,2024,MA,Op,Actual,Apr,1575048882
CDE,2024,MA,Op,Actual,Aug,588698704
CDE,2024,MA,Op,Actual,Dec,1512071704
CDE,2024,MA,Op,Actual,Feb,245087986
CDE,2024,MA,Op,Actual,Jan,318114245
CDE,2024,MA,Op,Actual,Jul,115443459
CDE,2024,MA,Op,Actual,Jun,750360216
CDE,2024,MA,Op,Actual,Mar,8622913
CDE,2024,MA,Op,Actual,May,212435869
CDE,2024,MA,Op,Actual,Nov,291815636
CDE,2024,MA,Op,Actual,Oct,1244355717
CDE,2024,MA,Op,Actual,Sep,374872454
CDE,2024,MA,Op,Budget,Apr,1454086932
CDE,2024,MA,Op,Budget,Aug,266696990
CDE,2024,MA,Op,Budget,Dec,1430959140
CDE,2024,MA,Op,Budget,Feb,178168606
CDE,2024,MA,Op,Budget,Jan,1674784808
CDE,2024,MA,Op,Budget,Jul,587867755
CDE,2024,MA,Op,Budget,Jun,6457729
CDE,2024,MA,Op,Budget,Mar,569304947
CDE,2024,MA,Op,Budget,May,510761216
CDE,2024,MA,Op,Budget,Nov,48785023
CDE,2024,MA,Op,Budget,Oct,344900717
CDE,2024,MA,Op,Budget,Sep,3445516670
CDE,2024,MA,Op,Forecast,Apr,246635005
CDE,2024,MA,Op,Forecast,Aug,702106570
CDE,2024,MA,Op,Forecast,Dec,411814352
CDE,2024,MA,Op,Forecast,Feb,191361706
CDE,2024,MA,Op,Forecast,Jan,2542205333
CDE,2024,MA,Op,Forecast,Jul,502906954
CDE,2024,MA,Op,Forecast,Jun,542924706
CDE,2024,MA,Op,Forecast,Mar,1195498190
CDE,2024,MA,Op,Forecast,May,281994254
CDE,2024,MA,Op,Forecast,Nov,86348556
CDE,2024,MA,Op,Forecast,Oct,670274087
CDE,2024,MA,Op,Forecast,Sep,2806167878
CDE,2024,MY,Gross,Actual,Apr,360227341
CDE,2024,MY,Gross,Actual,Aug,1579798401
CDE,2024,MY,Gross,Actual,Dec,1121605216
CDE,2024,MY,Gross,Actual,Feb,379434
CDE,2024,MY,Gross,Actual,Jan,843330949
CDE,2024,MY,Gross,Actual,Jul,24071136
CDE,2024,MY,Gross,Actual,Jun,903226396
CDE,2024,MY,Gross,Actual,Mar,2485840755
CDE,2024,MY,Gross,Actual,May,1176175481
CDE,2024,MY,Gross,Actual,Nov,683834968
CDE,2024,MY,Gross,Actual,Oct,95476394
CDE,2024,MY,Gross,Actual,Sep,732920150
CDE,2024,MY,Gross,Budget,Apr,146966987
CDE,2024,MY,Gross,Budget,Aug,1720059819
CDE,2024,MY,Gross,Budget,Dec,855076859
CDE,2024,MY,Gross,Budget,Feb,218701
CDE,2024,MY,Gross,Budget,Jan,735518609
CDE,2024,MY,Gross,Budget,Jul,33782134
CDE,2024,MY,Gross,Budget,Jun,281146987
CDE,2024,MY,Gross,Budget,Mar,1614037821
CDE,2024,MY,Gross,Budget,May,1555280537
CDE,2024,MY,Gross,Budget,Nov,465595373
CDE,2024,MY,Gross,Budget,Oct,413785269
CDE,2024,MY,Gross,Budget,Sep,101211377
CDE,2024,MY,Gross,Forecast,Apr,153287245
CDE,2024,MY,Gross,Forecast,Aug,1757886401
CDE,2024,MY,Gross,Forecast,Dec,1437393057
CDE,2024,MY,Gross,Forecast,Feb,309531
CDE,2024,MY,Gross,Forecast,Jan,367271829
CDE,2024,MY,Gross,Forecast,Jul,143102555
CDE,2024,MY,Gross,Forecast,Jun,586790878
CDE,2024,MY,Gross,Forecast,Mar,928424846
CDE,2024,MY,Gross,Forecast,May,503802541
CDE,2024,MY,Gross,Forecast,Nov,253258798
CDE,2024,MY,Gross,Forecast,Oct,12023921
CDE,2024,MY,Gross,Forecast,Sep,466665157
CDE,2024,MY,Net,Actual,Apr,542461785
CDE,2024,MY,Net,Actual,Aug,1924698411
CDE,2024,MY,Net,Actual,Dec,222815047
CDE,2024,MY,Net,Actual,Feb,297483
CDE,2024,MY,Net,Actual,Jan,419329244
CDE,2024,MY,Net,Actual,Jul,8606782
CDE,2024,MY,Net,Actual,Jun,107460927
CDE,2024,MY,Net,Actual,Mar,1286607575
CDE,2024,MY,Net,Actual,May,124726660
CDE,2024,MY,Net,Actual,Nov,741139845
CDE,2024,MY,Net,Actual,Oct,77218301
CDE,2024,MY,Net,Actual,Sep,103821686
CDE,2024,MY,Net,Budget,Apr,158871523
CDE,2024,MY,Net,Budget,Aug,959879706
CDE,2024,MY,Net,Budget,Dec,615244586
CDE,2024,MY,Net,Budget,Feb,364071
CDE,2024,MY,Net,Budget,Jan,369918797
CDE,2024,MY,Net,Budget,Jul,32640242
CDE,2024,MY,Net,Budget,Jun,642138043
CDE,2024,MY,Net,Budget,Mar,236516094
CDE,2024,MY,Net,Budget,May,150707778
CDE,2024,MY,Net,Budget,Nov,509159816
CDE,2024,MY,Net,Budget,Oct,201293935
CDE,2024,MY,Net,Budget,Sep,2796692
CDE,2024,MY,Net,Forecast,Apr,185462741
CDE,2024,MY,Net,Forecast,Aug,246743601
CDE,2024,MY,Net,Forecast,Dec,270573083
CDE,2024,MY,Net,Forecast,Feb,98754
CDE,2024,MY,Net,Forecast,Jan,985559741
CDE,2024,MY,Net,Forecast,Jul,138592339
CDE,2024,MY,Net,Forecast,Jun,589434971
CDE,2024,MY,Net,Forecast,Mar,2383907908
CDE,2024,MY,Net,Forecast,May,1465645492
CDE,2024,MY,Net,Forecast,Nov,730186163
CDE,2024,MY,Net,Forecast,Oct,352032141
CDE,2024,MY,Net,Forecast,Sep,662858710
CDE,2024,MY,Op,Actual,Apr,599368772
CDE,2024,MY,Op,Actual,Aug,1317423433
CDE,2024,MY,Op,Actual,Dec,2011976218
CDE,2024,MY,Op,Actual,Feb,137507
CDE,2024,MY,Op,Actual,Jan,765516573
CDE,2024,MY,Op,Actual,Jul,109485249
CDE,2024,MY,Op,Actual,Jun,494704651
CDE,2024,MY,Op,Actual,Mar,2736318699
CDE,2024,MY,Op,Actual,May,404708621
CDE,2024,MY,Op,Actual,Nov,452418114
CDE,2024,MY,Op,Actual,Oct,365768557
CDE,2024,MY,Op,Actual,Sep,980573886
CDE,2024,MY,Op,Budget,Apr,63848280
CDE,2024,MY,Op,Budget,Aug,1026322135
CDE,2024,MY,Op,Budget,Dec,725361224
CDE,2024,MY,Op,Budget,Feb,79802
CDE,2024,MY,Op,Budget,Jan,987784889
CDE,2024,MY,Op,Budget,Jul,106472718
CDE,2024,MY,Op,Budget,Jun,718899919
CDE,2024,MY,Op,Budget,Mar,2252029261
CDE,2024,MY,Op,Budget,May,599560192
CDE,2024,MY,Op,Budget,Nov,477848576
CDE,2024,MY,Op,Budget,Oct,309073362
CDE,2024,MY,Op,Budget,Sep,706930288
CDE,2024,MY,Op,Forecast,Apr,335579041
CDE,2024,MY,Op,Forecast,Aug,204493389
CDE,2024,MY,Op,Forecast,Dec,1157799428
CDE,2024,MY,Op,Forecast,Feb,298672
CDE,2024,MY,Op,Forecast,Jan,226673352
CDE,2024,MY,Op,Forecast,Jul,120660684
CDE,2024,MY,Op,Forecast,Jun,26237734
CDE,2024,MY,Op,Forecast,Mar,2565064415
CDE,2024,MY,Op,Forecast,May,314849346
CDE,2024,MY,Op,Forecast,Nov,299321049
CDE,2024,MY,Op,Forecast,Oct,154369885
CDE,2024,MY,Op,Forecast,Sep,132897440
CDE,2024,NL,Gross,Actual,Apr,572414365
CDE,2024,NL,Gross,Actual,Aug,1342893749
CDE,2024,NL,Gross,Actual,Dec,163918099
CDE,2024,NL,Gross,Actual,Feb,630671916
CDE,2024,NL,Gross,Actual,Jan,318327269
CDE,2024,NL,Gross,Actual,Jul,983206253
CDE,2024,NL,Gross,Actual,Jun,168864895
CDE,2024,NL,Gross,Actual,Mar,355173180
CDE,2024,NL,Gross,Actual,May,998119100
CDE,2024,NL,Gross,Actual,Nov,258879777
CDE,2024,NL,Gross,Actual,Oct,580410278
CDE,2024,NL,Gross,Actual,Sep,997414741
CDE,2024,NL,Gross,Budget,Apr,376256351
CDE,2024,NL,Gross,Budget,Aug,1259703053
CDE,2024,NL,Gross,Budget,Dec,324404645
CDE,2024,NL,Gross,Budget,Feb,769472431
CDE,2024,NL,Gross,Budget,Jan,822531290
CDE,2024,NL,Gross,Budget,Jul,12443619
CDE,2024,NL,Gross,Budget,Jun,580504289
CDE,2024,NL,Gross,Budget,Mar,346711222
CDE,2024,NL,Gross,Budget,May,402782163
CDE,2024,NL,Gross,Budget,Nov,378242906
CDE,2024,NL,Gross,Budget,Oct,577941671
CDE,2024,NL,Gross,Budget,Sep,257101287
CDE,2024,NL,Gross,Forecast,Apr,460348897
CDE,2024,NL,Gross,Forecast,Aug,548047185
CDE,2024,NL,Gross,Forecast,Dec,34210584
CDE,2024,NL,Gross,Forecast,Feb,413391813
CDE,2024,NL,Gross,Forecast,Jan,232239135
CDE,2024,NL,Gross,Forecast,Jul,1131020799
CDE,2024,NL,Gross,Forecast,Jun,745782594
CDE,2024,NL,Gross,Forecast,Mar,257536834
CDE,2024,NL,Gross,Forecast,May,1236065798
CDE,2024,NL,Gross,Forecast,Nov,271219603
CDE,2024,NL,Gross,Forecast,Oct,1229570575
CDE,2024,NL,Gross,Forecast,Sep,646894512
CDE,2024,NL,Net,Actual,Apr,65966388
CDE,2024,NL,Net,Actual,Aug,696447042
CDE,2024,NL,Net,Actual,Dec,125990129
CDE,2024,NL,Net,Actual,Feb,205708675
CDE,2024,NL,Net,Actual,Jan,533317342
CDE,2024,NL,Net,Actual,Jul,891865759
CDE,2024,NL,Net,Actual,Jun,224275414
CDE,2024,NL,Net,Actual,Mar,214473376
CDE,2024,NL,Net,Actual,May,1215686247
CDE,2024,NL,Net,Actual,Nov,97651673
CDE,2024,NL,Net,Actual,Oct,1495656745
CDE,2024,NL,Net,Actual,Sep,981562919
CDE,2024,NL,Net,Budget,Apr,132477886
CDE,2024,NL,Net,Budget,Aug,777750406
CDE,2024,NL,Net,Budget,Dec,25800118
CDE,2024,NL,Net,Budget,Feb,261757163
CDE,2024,NL,Net,Budget,Jan,188124306
CDE,2024,NL,Net,Budget,Jul,1094152096
CDE,2024,NL,Net,Budget,Jun,717395176
CDE,2024,NL,Net,Budget,Mar,188038773
CDE,2024,NL,Net,Budget,May,990417946
CDE,2024,NL,Net,Budget,Nov,64394309
CDE,2024,NL,Net,Budget,Oct,1090721752
CDE,2024,NL,Net,Budget,Sep,192664715
CDE,2024,NL,Net,Forecast,Apr,58568544
CDE,2024,NL,Net,Forecast,Aug,665035605
CDE,2024,NL,Net,Forecast,Dec,632695433
CDE,2024,NL,Net,Forecast,Feb,742984461
CDE,2024,NL,Net,Forecast,Jan,380529276
CDE,2024,NL,Net,Forecast,Jul,1278086675
CDE,2024,NL,Net,Forecast,Jun,256518379
CDE,2024,NL,Net,Forecast,Mar,197433472
CDE,2024,NL,Net,Forecast,May,78018433
CDE,2024,NL,Net,Forecast,Nov,3347769
CDE,2024,NL,Net,Forecast,Oct,1265047627
CDE,2024,NL,Net,Forecast,Sep,591405208
CDE,2024,NL,Op,Actual,Apr,51253459
CDE,2024,NL,Op,Actual,Aug,209304027
CDE,2024,NL,Op,Actual,Dec,397197532
CDE,2024,NL,Op,Actual,Feb,833486687
CDE,2024,NL,Op,Actual,Jan,349702611
CDE,2024,NL,Op,Actual,Jul,597212936
CDE,2024,NL,Op,Actual,Jun,1379870660
CDE,2024,NL,Op,Actual,Mar,67900836
CDE,2024,NL,Op,Actual,May,1026143689
CDE,2024,NL,Op,Actual,Nov,72379430
CDE,2024,NL,Op,Actual,Oct,922409981
CDE,2024,NL,Op,Actual,Sep,400799910
CDE,2024,NL,Op,Budget,Apr,235316318
CDE,2024,NL,Op,Budget,Aug,582211312
CDE,2024,NL,Op,Budget,Dec,335738767
CDE,2024,NL,Op,Budget,Feb,91632224
CDE,2024,NL,Op,Budget,Jan,193984170
CDE,2024,NL,Op,Budget,Jul,1445892946
CDE,2024,NL,Op,Budget,Jun,1393240341
CDE,2024,NL,Op,Budget,Mar,250782403
CDE,2024,NL,Op,Budget,May,26782503
CDE,2024,NL,Op,Budget,Nov,295678762
CDE,2024,NL,Op,Budget,Oct,78204140
CDE,2024,NL,Op,Budget,Sep,1211309951
CDE,2024,NL,Op,Forecast,Apr,255990876
CDE,2024,NL,Op,Forecast,Aug,1297816587
CDE,2024,NL,Op,Forecast,Dec,163425154
CDE,2024,NL,Op,Forecast,Feb,339794990
CDE,2024,NL,Op,Forecast,Jan,892470814
CDE,2024,NL,Op,Forecast,Jul,790852699
CDE,2024,NL,Op,Forecast,Jun,28212898
CDE,2024,NL,Op,Forecast,Mar,13483785
CDE,2024,NL,Op,Forecast,May,261807244
CDE,2024,NL,Op,Forecast,Nov,299631722
CDE,2024,NL,Op,Forecast,Oct,1272949520
CDE,2024,NL,Op,Forecast,Sep,1203134779
CDE,2024,NR,Gross,Actual,Apr,972224863
CDE,2024,NR,Gross,Actual,Aug,280909523
CDE,2024,NR,Gross,Actual,Dec,848464160
CDE,2024,NR,Gross,Actual,Feb,1114474742
CDE,2024,NR,Gross,Actual,Jan,1946655110
CDE,2024,NR,Gross,Actual,Jul,229181956
CDE,2024,NR,Gross,Actual,Jun,236043487
CDE,2024,NR,Gross,Actual,Mar,260861966
CDE,2024,NR,Gross,Actual,May,109635190
CDE,2024,NR,Gross,Actual,Nov,547066793
CDE,2024,NR,Gross,Actual,Oct,1311919105
CDE,2024,NR,Gross,Actual,Sep,1143570946
CDE,2024,NR,Gross,Budget,Apr,262312851
CDE,2024,NR,Gross,Budget,Aug,151110923
CDE,2024,NR,Gross,Budget,Dec,544013320
CDE,2024,NR,Gross,Budget,Feb,1086270862
CDE,2024,NR,Gross,Budget,Jan,584274349
CDE,2024,NR,Gross,Budget,Jul,424491688
CDE,2024,NR,Gross,Budget,Jun,353670729
CDE,2024,NR,Gross,Budget,Mar,318036027
CDE,2024,NR,Gross,Budget,May,92985326
CDE,2024,NR,Gross,Budget,Nov,928648138
CDE,2024,NR,Gross,Budget,Oct,1309308457
CDE,2024,NR,Gross,Budget,Sep,607293190
CDE,2024,NR,Gross,Forecast,Apr,1041391728
CDE,2024,NR,Gross,Forecast,Aug,112831273
CDE,2024,NR,Gross,Forecast,Dec,90892137
CDE,2024,NR,Gross,Forecast,Feb,1214883457
CDE,2024,NR,Gross,Forecast,Jan,40026578
CDE,2024,NR,Gross,Forecast,Jul,188681854
CDE,2024,NR,Gross,Forecast,Jun,681222396
CDE,2024,NR,Gross,Forecast,Mar,705241950
CDE,2024,NR,Gross,Forecast,May,870216348
CDE,2024,NR,Gross,Forecast,Nov,343518311
CDE,2024,NR,Gross,Forecast,Oct,183265724
CDE,2024,NR,Gross,Forecast,Sep,1726883450
CDE,2024,NR,Net,Actual,Apr,867420729
CDE,2024,NR,Net,Actual,Aug,208767766
CDE,2024,NR,Net,Actual,Dec,735824197
CDE,2024,NR,Net,Actual,Feb,852030301
CDE,2024,NR,Net,Actual,Jan,728187212
CDE,2024,NR,Net,Actual,Jul,114379697
CDE,2024,NR,Net,Actual,Jun,524682690
CDE,2024,NR,Net,Actual,Mar,31061141
CDE,2024,NR,Net,Actual,May,215360026
CDE,2024,NR,Net,Actual,Nov,1415579305
CDE,2024,NR,Net,Actual,Oct,7513192
CDE,2024,NR,Net,Actual,Sep,1590531108
CDE,2024,NR,Net,Budget,Apr,599192526
CDE,2024,NR,Net,Budget,Aug,260497339
CDE,2024,NR,Net,Budget,Dec,294344073
CDE,2024,NR,Net,Budget,Feb,1183128974
CDE,2024,NR,Net,Budget,Jan,551796664
CDE,2024,NR,Net,Budget,Jul,1052288774
CDE,2024,NR,Net,Budget,Jun,738746
CDE,2024,NR,Net,Budget,Mar,908435091
CDE,2024,NR,Net,Budget,May,865193472
CDE,2024,NR,Net,Budget,Nov,1003424003
CDE,2024,NR,Net,Budget,Oct,860393378
CDE,2024,NR,Net,Budget,Sep,1602110891
CDE,2024,NR,Net,Forecast,Apr,794333638
CDE,2024,NR,Net,Forecast,Aug,79822676
CDE,2024,NR,Net,Forecast,Dec,122190680
CDE,2024,NR,Net,Forecast,Feb,1342441313
CDE,2024,NR,Net,Forecast,Jan,157095853
CDE,2024,NR,Net,Forecast,Jul,562840980
CDE,2024,NR,Net,Forecast,Jun,42587664
CDE,2024,NR,Net,Forecast,Mar,254187113
CDE,2024,NR,Net,Forecast,May,1034257540
CDE,2024,NR,Net,Forecast,Nov,1369688571
CDE,2024,NR,Net,Forecast,Oct,569149126
CDE,2024,NR,Net,Forecast,Sep,27541386
CDE,2024,NR,Op,Actual,Apr,529801710
CDE,2024,NR,Op,Actual,Aug,105602017
CDE,2024,NR,Op,Actual,Dec,195533671
CDE,2024,NR,Op,Actual,Feb,954381853
CDE,2024,NR,Op,Actual,Jan,772599127
CDE,2024,NR,Op,Actual,Jul,460362527
CDE,2024,NR,Op,Actual,Jun,91837066
CDE,2024,NR,Op,Actual,Mar,284941230
CDE,2024,NR,Op,Actual,May,497560869
CDE,2024,NR,Op,Actual,Nov,1327875295
CDE,2024,NR,Op,Actual,Oct,237759843
CDE,2024,NR,Op,Actual,Sep,1296338589
CDE,2024,NR,Op,Budget,Apr,318389688
CDE,2024,NR,Op,Budget,Aug,380182371
CDE,2024,NR,Op,Budget,Dec,291215479
CDE,2024,NR,Op,Budget,Feb,743628906
CDE,2024,NR,Op,Budget,Jan,1903568035
CDE,2024,NR,Op,Budget,Jul,921771266
CDE,2024,NR,Op,Budget,Jun,513025656
CDE,2024,NR,Op,Budget,Mar,212380843
CDE,2024,NR,Op,Budget,May,229315048
CDE,2024,NR,Op,Budget,Nov,1837260571
CDE,2024,NR,Op,Budget,Oct,1385722543
CDE,2024,NR,Op,Budget,Sep,1633189015
CDE,2024,NR,Op,Forecast,Apr,516606073
CDE,2024,NR,Op,Forecast,Aug,27131763
CDE,2024,NR,Op,Forecast,Dec,62072971
CDE,2024,NR,Op,Forecast,Feb,541090709
CDE,2024,NR,Op,Forecast,Jan,799944870
CDE,2024,NR,Op,Forecast,Jul,233548449
CDE,2024,NR,Op,Forecast,Jun,557194728
CDE,2024,NR,Op,Forecast,Mar,103288630
CDE,2024,NR,Op,Forecast,May,1071066449
CDE,2024,NR,Op,Forecast,Nov,349006081
CDE,2024,NR,Op,Forecast,Oct,947439849
CDE,2024,NR,Op,Forecast,Sep,1590943338
CDE,2024,PH,Gross,Actual,Apr,839521406
CDE,2024,PH,Gross,Actual,Aug,1057430549
CDE,2024,PH,Gross,Actual,Dec,0
CDE,2024,PH,Gross,Actual,Feb,3296623
CDE,2024,PH,Gross,Actual,Jan,1272880052
CDE,2024,PH,Gross,Actual,Jul,426678292
CDE,2024,PH,Gross,Actual,Jun,469389461
CDE,2024,PH,Gross,Actual,Mar,512407
CDE,2024,PH,Gross,Actual,May,300151009
CDE,2024,PH,Gross,Actual,Nov,503283932
CDE,2024,PH,Gross,Actual,Oct,0
CDE,2024,PH,Gross,Actual,Sep,0
CDE,2024,PH,Gross,Budget,Apr,285587062
CDE,2024,PH,Gross,Budget,Aug,291282124
CDE,2024,PH,Gross,Budget,Dec,0
CDE,2024,PH,Gross,Budget,Feb,11080537
CDE,2024,PH,Gross,Budget,Jan,298205751
CDE,2024,PH,Gross,Budget,Jul,357141225
CDE,2024,PH,Gross,Budget,Jun,355842092
CDE,2024,PH,Gross,Budget,Mar,129611689
CDE,2024,PH,Gross,Budget,May,271183665
CDE,2024,PH,Gross,Budget,Nov,361769139
CDE,2024,PH,Gross,Budget,Oct,0
CDE,2024,PH,Gross,Budget,Sep,0
CDE,2024,PH,Gross,Forecast,Apr,700077334
CDE,2024,PH,Gross,Forecast,Aug,336772764
CDE,2024,PH,Gross,Forecast,Dec,0
CDE,2024,PH,Gross,Forecast,Feb,16621546
CDE,2024,PH,Gross,Forecast,Jan,646470480
CDE,2024,PH,Gross,Forecast,Jul,771702232
CDE,2024,PH,Gross,Forecast,Jun,430952108
CDE,2024,PH,Gross,Forecast,Mar,118618904
CDE,2024,PH,Gross,Forecast,May,169256668
CDE,2024,PH,Gross,Forecast,Nov,412966053
CDE,2024,PH,Gross,Forecast,Oct,0
CDE,2024,PH,Gross,Forecast,Sep,0
CDE,2024,PH,Net,Actual,Apr,19863149
CDE,2024,PH,Net,Actual,Aug,45766040
CDE,2024,PH,Net,Actual,Dec,-59809450
CDE,2024,PH,Net,Actual,Feb,35138828
CDE,2024,PH,Net,Actual,Jan,1224284559
CDE,2024,PH,Net,Actual,Jul,159428468
CDE,2024,PH,Net,Actual,Jun,228731923
CDE,2024,PH,Net,Actual,Mar,16588644
CDE,2024,PH,Net,Actual,May,222517833
CDE,2024,PH,Net,Actual,Nov,173137196
CDE,2024,PH,Net,Actual,Oct,0
CDE,2024,PH,Net,Actual,Sep,-39070679
CDE,2024,PH,Net,Budget,Apr,100562327
CDE,2024,PH,Net,Budget,Aug,411779083
CDE,2024,PH,Net,Budget,Dec,-51045499
CDE,2024,PH,Net,Budget,Feb,689022
CDE,2024,PH,Net,Budget,Jan,325627714
CDE,2024,PH,Net,Budget,Jul,603143783
CDE,2024,PH,Net,Budget,Jun,553595613
CDE,2024,PH,Net,Budget,Mar,201628
CDE,2024,PH,Net,Budget,May,172547575
CDE,2024,PH,Net,Budget,Nov,452848214
CDE,2024,PH,Net,Budget,Oct,0
CDE,2024,PH,Net,Budget,Sep,-38127639
CDE,2024,PH,Net,Forecast,Apr,833530284
CDE,2024,PH,Net,Forecast,Aug,657603325
CDE,2024,PH,Net,Forecast,Dec,-20333174
CDE,2024,PH,Net,Forecast,Feb,26969140
CDE,2024,PH,Net,Forecast,Jan,844813045
CDE,2024,PH,Net,Forecast,Jul,550642637
CDE,2024,PH,Net,Forecast,Jun,68182078
CDE,2024,PH,Net,Forecast,Mar,36514467
CDE,2024,PH,Net,Forecast,May,233578582
CDE,2024,PH,Net,Forecast,Nov,565556883
CDE,2024,PH,Net,Forecast,Oct,0
CDE,2024,PH,Net,Forecast,Sep,-6944043
CDE,2024,PH,Op,Actual,Apr,416076643
CDE,2024,PH,Op,Actual,Aug,152099745
CDE,2024,PH,Op,Actual,Dec,-74368920
CDE,2024,PH,Op,Actual,Feb,5691725
CDE,2024,PH,Op,Actual,Jan,592230066
CDE,2024,PH,Op,Actual,Jul,272814075
CDE,2024,PH,Op,Actual,Jun,266827283
CDE,2024,PH,Op,Actual,Mar,25387626
CDE,2024,PH,Op,Actual,May,89447249
CDE,2024,PH,Op,Actual,Nov,185739234
CDE,2024,PH,Op,Actual,Oct,0
CDE,2024,PH,Op,Actual,Sep,-46234563
CDE,2024,PH,Op,Budget,Apr,481208367
CDE,2024,PH,Op,Budget,Aug,378641528
CDE,2024,PH,Op,Budget,Dec,-41952336
CDE,2024,PH,Op,Budget,Feb,10869764
CDE,2024,PH,Op,Budget,Jan,1493796193
CDE,2024,PH,Op,Budget,Jul,349700637
CDE,2024,PH,Op,Budget,Jun,42550672
CDE,2024,PH,Op,Budget,Mar,39656390
CDE,2024,PH,Op,Budget,May,164679810
CDE,2024,PH,Op,Budget,Nov,690590304
CDE,2024,PH,Op,Budget,Oct,0
CDE,2024,PH,Op,Budget,Sep,-77872450
CDE,2024,PH,Op,Forecast,Apr,908868893
CDE,2024,PH,Op,Forecast,Aug,339879391
CDE,2024,PH,Op,Forecast,Dec,-4222253
CDE,2024,PH,Op,Forecast,Feb,15628563
CDE,2024,PH,Op,Forecast,Jan,118216411
CDE,2024,PH,Op,Forecast,Jul,628297479
CDE,2024,PH,Op,Forecast,Jun,84036860
CDE,2024,PH,Op,Forecast,Mar,30785147
CDE,2024,PH,Op,Forecast,May,287070683
CDE,2024,PH,Op,Forecast,Nov,204048580
CDE,2024,PH,Op,Forecast,Oct,0
CDE,2024,PH,Op,Forecast,Sep,-30572827
CDE,2024,RU,Gross,Actual,Apr,0
CDE,2024,RU,Gross,Actual,Aug,0
CDE,2024,RU,Gross,Actual,Dec,0
CDE,2024,RU,Gross,Actual,Feb,0
CDE,2024,RU,Gross,Actual,Jan,0
CDE,2024,RU,Gross,Actual,Jul,0
CDE,2024,RU,Gross,Actual,Jun,0
CDE,2024,RU,Gross,Actual,Mar,0
CDE,2024,RU,Gross,Actual,May,0
CDE,2024,RU,Gross,Actual,Nov,0
CDE,2024,RU,Gross,Actual,Oct,0
CDE,2024,RU,Gross,Actual,Sep,0
CDE,2024,RU,Gross,Budget,Apr,0
CDE,2024,RU,Gross,Budget,Aug,0
CDE,2024,RU,Gross,Budget,Dec,0
CDE,2024,RU,Gross,Budget,Feb,0
CDE,2024,RU,Gross,Budget,Jan,0
CDE,2024,RU,Gross,Budget,Jul,0
CDE,2024,RU,Gross,Budget,Jun,0
CDE,2024,RU,Gross,Budget,Mar,0
CDE,2024,RU,Gross,Budget,May,0
CDE,2024,RU,Gross,Budget,Nov,0
CDE,2024,RU,Gross,Budget,Oct,0
CDE,2024,RU,Gross,Budget,Sep,0
CDE,2024,RU,Gross,Forecast,Apr,0
CDE,2024,RU,Gross,Forecast,Aug,0
CDE,2024,RU,Gross,Forecast,Dec,0
CDE,2024,RU,Gross,Forecast,Feb,0
CDE,2024,RU,Gross,Forecast,Jan,0
CDE,2024,RU,Gross,Forecast,Jul,0
CDE,2024,RU,Gross,Forecast,Jun,0
CDE,2024,RU,Gross,Forecast,Mar,0
CDE,2024,RU,Gross,Forecast,May,0
CDE,2024,RU,Gross,Forecast,Nov,0
CDE,2024,RU,Gross,Forecast,Oct,0
CDE,2024,RU,Gross,Forecast,Sep,0
CDE,2024,RU,Net,Actual,Apr,0
CDE,2024,RU,Net,Actual,Aug,0
CDE,2024,RU,Net,Actual,Dec,24327438179
CDE,2024,RU,Net,Actual,Feb,46944291841
CDE,2024,RU,Net,Actual,Jan,0
CDE,2024,RU,Net,Actual,Jul,0
CDE,2024,RU,Net,Actual,Jun,0
CDE,2024,RU,Net,Actual,Mar,26282930161
CDE,2024,RU,Net,Actual,May,0
CDE,2024,RU,Net,Actual,Nov,19516107551
CDE,2024,RU,Net,Actual,Oct,3804644389
CDE,2024,RU,Net,Actual,Sep,0
CDE,2024,RU,Net,Budget,Apr,0
CDE,2024,RU,Net,Budget,Aug,0
CDE,2024,RU,Net,Budget,Dec,372660950
CDE,2024,RU,Net,Budget,Feb,31075480974
CDE,2024,RU,Net,Budget,Jan,0
CDE,2024,RU,Net,Budget,Jul,0
CDE,2024,RU,Net,Budget,Jun,0
CDE,2024,RU,Net,Budget,Mar,1452346013
CDE,2024,RU,Net,Budget,May,0
CDE,2024,RU,Net,Budget,Nov,11375685540
CDE,2024,RU,Net,Budget,Oct,28735312774
CDE,2024,RU,Net,Budget,Sep,0
CDE,2024,RU,Net,Forecast,Apr,0
CDE,2024,RU,Net,Forecast,Aug,0
CDE,2024,RU,Net,Forecast,Dec,13756731540
CDE,2024,RU,Net,Forecast,Feb,27472401496
CDE,2024,RU,Net,Forecast,Jan,0
CDE,2024,RU,Net,Forecast,Jul,0
CDE,2024,RU,Net,Forecast,Jun,0
CDE,2024,RU,Net,Forecast,Mar,21448786153
CDE,2024,RU,Net,Forecast,May,0
CDE,2024,RU,Net,Forecast,Nov,11117766314
CDE,2024,RU,Net,Forecast,Oct,23456534159
CDE,2024,RU,Net,Forecast,Sep,0
CDE,2024,RU,Op,Actual,Apr,0
CDE,2024,RU,Op,Actual,Aug,0
CDE,2024,RU,Op,Actual,Dec,12519908446
CDE,2024,RU,Op,Actual,Feb,13152265346
CDE,2024,RU,Op,Actual,Jan,0
CDE,2024,RU,Op,Actual,Jul,0
CDE,2024,RU,Op,Actual,Jun,0
CDE,2024,RU,Op,Actual,Mar,22551655388
CDE,2024,RU,Op,Actual,May,0
CDE,2024,RU,Op,Actual,Nov,32786518044
CDE,2024,RU,Op,Actual,Oct,48647874066
CDE,2024,RU,Op,Actual,Sep,0
CDE,2024,RU,Op,Budget,Apr,0
CDE,2024,RU,Op,Budget,Aug,0
CDE,2024,RU,Op,Budget,Dec,10180209641
CDE,2024,RU,Op,Budget,Feb,24864698740
CDE,2024,RU,Op,Budget,Jan,0
CDE,2024,RU,Op,Budget,Jul,0
CDE,2024,RU,Op,Budget,Jun,0
CDE,2024,RU,Op,Budget,Mar,36720586047
CDE,2024,RU,Op,Budget,May,0
CDE,2024,RU,Op,Budget,Nov,31866829750
CDE,2024,RU,Op,Budget,Oct,22337971414
CDE,2024,RU,Op,Budget,Sep,0
CDE,2024,RU,Op,Forecast,Apr,0
CDE,2024,RU,Op,Forecast,Aug,0
CDE,2024,RU,Op,Forecast,Dec,31807452466
CDE,2024,RU,Op,Forecast,Feb,44095620135
CDE,2024,RU,Op,Forecast,Jan,0
CDE,2024,RU,Op,Forecast,Jul,0
CDE,2024,RU,Op,Forecast,Jun,0
CDE,2024,RU,Op,Forecast,Mar,6398969935
CDE,2024,RU,Op,Forecast,May,0
CDE,2024,RU,Op,Forecast,Nov,12754490245
CDE,2024,RU,Op,Forecast,Oct,41125555253
CDE,2024,RU,Op,Forecast,Sep,0
CDE,2024,SG,Gross,Actual,Apr,605723537
CDE,2024,SG,Gross,Actual,Aug,182100364
CDE,2024,SG,Gross,Actual,Dec,283174775
CDE,2024,SG,Gross,Actual,Feb,910190846
CDE,2024,SG,Gross,Actual,Jan,2076172204
CDE,2024,SG,Gross,Actual,Jul,88512
CDE,2024,SG,Gross,Actual,Jun,569241926
CDE,2024,SG,Gross,Actual,Mar,430296279
CDE,2024,SG,Gross,Actual,May,328746230
CDE,2024,SG,Gross,Actual,Nov,1213021911
CDE,2024,SG,Gross,Actual,Oct,602694754
CDE,2024,SG,Gross,Actual,Sep,455544097
CDE,2024,SG,Gross,Budget,Apr,703334047
CDE,2024,SG,Gross,Budget,Aug,98252793
CDE,2024,SG,Gross,Budget,Dec,305516621
CDE,2024,SG,Gross,Budget,Feb,794991934
CDE,2024,SG,Gross,Budget,Jan,478272453
CDE,2024,SG,Gross,Budget,Jul,20632
CDE,2024,SG,Gross,Budget,Jun,65056777
CDE,2024,SG,Gross,Budget,Mar,271404025
CDE,2024,SG,Gross,Budget,May,519684699
CDE,2024,SG,Gross,Budget,Nov,918740842
CDE,2024,SG,Gross,Budget,Oct,159625980
CDE,2024,SG,Gross,Budget,Sep,703336168
CDE,2024,SG,Gross,Forecast,Apr,532787916
CDE,2024,SG,Gross,Forecast,Aug,201256942
CDE,2024,SG,Gross,Forecast,Dec,229358731
CDE,2024,SG,Gross,Forecast,Feb,7951183
CDE,2024,SG,Gross,Forecast,Jan,1345449077
CDE,2024,SG,Gross,Forecast,Jul,23584
CDE,2024,SG,Gross,Forecast,Jun,5000417
CDE,2024,SG,Gross,Forecast,Mar,88050558
CDE,2024,SG,Gross,Forecast,May,98959386
CDE,2024,SG,Gross,Forecast,Nov,1641678334
CDE,2024,SG,Gross,Forecast,Oct,58262599
CDE,2024,SG,Gross,Forecast,Sep,371775656
CDE,2024,SG,Net,Actual,Apr,550731172
CDE,2024,SG,Net,Actual,Aug,206394595
CDE,2024,SG,Net,Actual,Dec,320986353
CDE,2024,SG,Net,Actual,Feb,645308023
CDE,2024,SG,Net,Actual,Jan,1829579602
CDE,2024,SG,Net,Actual,Jul,-1257928
CDE,2024,SG,Net,Actual,Jun,361294989
CDE,2024,SG,Net,Actual,Mar,43934324
CDE,2024,SG,Net,Actual,May,294790331
CDE,2024,SG,Net,Actual,Nov,177734983
CDE,2024,SG,Net,Actual,Oct,347850089
CDE,2024,SG,Net,Actual,Sep,175886088
CDE,2024,SG,Net,Budget,Apr,842951190
CDE,2024,SG,Net,Budget,Aug,41751833
CDE,2024,SG,Net,Budget,Dec,273656957
CDE,2024,SG,Net,Budget,Feb,779283854
CDE,2024,SG,Net,Budget,Jan,990177647
CDE,2024,SG,Net,Budget,Jul,-840217
CDE,2024,SG,Net,Budget,Jun,46730151
CDE,2024,SG,Net,Budget,Mar,7529246
CDE,2024,SG,Net,Budget,May,224814448
CDE,2024,SG,Net,Budget,Nov,899473749
CDE,2024,SG,Net,Budget,Oct,365626190
CDE,2024,SG,Net,Budget,Sep,675022183
CDE,2024,SG,Net,Forecast,Apr,960063429
CDE,2024,SG,Net,Forecast,Aug,81829168
CDE,2024,SG,Net,Forecast,Dec,243554943
CDE,2024,SG,Net,Forecast,Feb,701977895
CDE,2024,SG,Net,Forecast,Jan,1552146509
CDE,2024,SG,Net,Forecast,Jul,-148545
CDE,2024,SG,Net,Forecast,Jun,205224712
CDE,2024,SG,Net,Forecast,Mar,109489021
CDE,2024,SG,Net,Forecast,May,188497928
CDE,2024,SG,Net,Forecast,Nov,256557992
CDE,2024,SG,Net,Forecast,Oct,276538954
CDE,2024,SG,Net,Forecast,Sep,553057040
CDE,2024,SG,Op,Actual,Apr,559179470
CDE,2024,SG,Op,Actual,Aug,149449633
CDE,2024,SG,Op,Actual,Dec,384934670
CDE,2024,SG,Op,Actual,Feb,845961234
CDE,2024,SG,Op,Actual,Jan,904401754
CDE,2024,SG,Op,Actual,Jul,-622948
CDE,2024,SG,Op,Actual,Jun,132475724
CDE,2024,SG,Op,Actual,Mar,19576262
CDE,2024,SG,Op,Actual,May,228414750
CDE,2024,SG,Op,Actual,Nov,680855236
CDE,2024,SG,Op,Actual,Oct,407840711
CDE,2024,SG,Op,Actual,Sep,441880743
CDE,2024,SG,Op,Budget,Apr,775859939
CDE,2024,SG,Op,Budget,Aug,169641453
CDE,2024,SG,Op,Budget,Dec,227776084
CDE,2024,SG,Op,Budget,Feb,274645340
CDE,2024,SG,Op,Budget,Jan,1712663959
CDE,2024,SG,Op,Budget,Jul,-57611
CDE,2024,SG,Op,Budget,Jun,260552637
CDE,2024,SG,Op,Budget,Mar,84093721
CDE,2024,SG,Op,Budget,May,402256906
CDE,2024,SG,Op,Budget,Nov,467296334
CDE,2024,SG,Op,Budget,Oct,546127643
CDE,2024,SG,Op,Budget,Sep,158607880
CDE,2024,SG,Op,Forecast,Apr,622122132
CDE,2024,SG,Op,Forecast,Aug,3519850
CDE,2024,SG,Op,Forecast,Dec,239152462
CDE,2024,SG,Op,Forecast,Feb,78794926
CDE,2024,SG,Op,Forecast,Jan,1189837108
CDE,2024,SG,Op,Forecast,Jul,-25220
CDE,2024,SG,Op,Forecast,Jun,62708807
CDE,2024,SG,Op,Forecast,Mar,109272145
CDE,2024,SG,Op,Forecast,May,350104490
CDE,2024,SG,Op,Forecast,Nov,384097068
CDE,2024,SG,Op,Forecast,Oct,290223787
CDE,2024,SG,Op,Forecast,Sep,727417780
CDE,2024,TH,Gross,Actual,Apr,1014641863
CDE,2024,TH,Gross,Actual,Aug,755093574
CDE,2024,TH,Gross,Actual,Dec,261488592
CDE,2024,TH,Gross,Actual,Feb,910426677
CDE,2024,TH,Gross,Actual,Jan,757924375
CDE,2024,TH,Gross,Actual,Jul,345473721
CDE,2024,TH,Gross,Actual,Jun,1456633972
CDE,2024,TH,Gross,Actual,Mar,1920243180
CDE,2024,TH,Gross,Actual,May,269084565
CDE,2024,TH,Gross,Actual,Nov,238827337
CDE,2024,TH,Gross,Actual,Oct,459990725
CDE,2024,TH,Gross,Actual,Sep,140169816
CDE,2024,TH,Gross,Budget,Apr,440969388
CDE,2024,TH,Gross,Budget,Aug,621717235
CDE,2024,TH,Gross,Budget,Dec,223023661
CDE,2024,TH,Gross,Budget,Feb,1401829073
CDE,2024,TH,Gross,Budget,Jan,2381719568
CDE,2024,TH,Gross,Budget,Jul,689968931
CDE,2024,TH,Gross,Budget,Jun,43731941
CDE,2024,TH,Gross,Budget,Mar,510891012
CDE,2024,TH,Gross,Budget,May,694484968
CDE,2024,TH,Gross,Budget,Nov,378579206
CDE,2024,TH,Gross,Budget,Oct,1202875130
CDE,2024,TH,Gross,Budget,Sep,825606201
CDE,2024,TH,Gross,Forecast,Apr,438221148
CDE,2024,TH,Gross,Forecast,Aug,608608099
CDE,2024,TH,Gross,Forecast,Dec,510767016
CDE,2024,TH,Gross,Forecast,Feb,1581612042
CDE,2024,TH,Gross,Forecast,Jan,1877912982
CDE,2024,TH,Gross,Forecast,Jul,855013130
CDE,2024,TH,Gross,Forecast,Jun,823569027
CDE,2024,TH,Gross,Forecast,Mar,65794482
CDE,2024,TH,Gross,Forecast,May,1393680975
CDE,2024,TH,Gross,Forecast,Nov,81599443
CDE,2024,TH,Gross,Forecast,Oct,466458874
CDE,2024,TH,Gross,Forecast,Sep,1139586638
CDE,2024,TH,Net,Actual,Apr,1156489572
CDE,2024,TH,Net,Actual,Aug,107392382
CDE,2024,TH,Net,Actual,Dec,475722943
CDE,2024,TH,Net,Actual,Feb,1145648395
CDE,2024,TH,Net,Actual,Jan,2147787204
CDE,2024,TH,Net,Actual,Jul,494457988
CDE,2024,TH,Net,Actual,Jun,1164004553
CDE,2024,TH,Net,Actual,Mar,156922469
CDE,2024,TH,Net,Actual,May,1733372456
CDE,2024,TH,Net,Actual,Nov,299431120
CDE,2024,TH,Net,Actual,Oct,712774238
CDE,2024,TH,Net,Actual,Sep,804144872
CDE,2024,TH,Net,Budget,Apr,754126921
CDE,2024,TH,Net,Budget,Aug,710857079
CDE,2024,TH,Net,Budget,Dec,96826182
CDE,2024,TH,Net,Budget,Feb,98486135
CDE,2024,TH,Net,Budget,Jan,527308773
CDE,2024,TH,Net,Budget,Jul,253303164
CDE,2024,TH,Net,Budget,Jun,1036734641
CDE,2024,TH,Net,Budget,Mar,82596876
CDE,2024,TH,Net,Budget,May,1658896511
CDE,2024,TH,Net,Budget,Nov,215996092
CDE,2024,TH,Net,Budget,Oct,1074136812
CDE,2024,TH,Net,Budget,Sep,562063419
CDE,2024,TH,Net,Forecast,Apr,203755033
CDE,2024,TH,Net,Forecast,Aug,412757971
CDE,2024,TH,Net,Forecast,Dec,543368105
CDE,2024,TH,Net,Forecast,Feb,194312921
CDE,2024,TH,Net,Forecast,Jan,1662754202
CDE,2024,TH,Net,Forecast,Jul,493088642
CDE,2024,TH,Net,Forecast,Jun,52484194
CDE,2024,TH,Net,Forecast,Mar,1491601298
CDE,2024,TH,Net,Forecast,May,1693291003
CDE,2024,TH,Net,Forecast,Nov,222413240
CDE,2024,TH,Net,Forecast,Oct,741294314
CDE,2024,TH,Net,Forecast,Sep,267178326
CDE,2024,TH,Op,Actual,Apr,581731161
CDE,2024,TH,Op,Actual,Aug,857490967
CDE,2024,TH,Op,Actual,Dec,205153394
CDE,2024,TH,Op,Actual,Feb,286744040
CDE,2024,TH,Op,Actual,Jan,1496191832
CDE,2024,TH,Op,Actual,Jul,642620113
CDE,2024,TH,Op,Actual,Jun,1247796241
CDE,2024,TH,Op,Actual,Mar,1676645637
CDE,2024,TH,Op,Actual,May,1281547030
CDE,2024,TH,Op,Actual,Nov,97813273
CDE,2024,TH,Op,Actual,Oct,687332012
CDE,2024,TH,Op,Actual,Sep,525886486
CDE,2024,TH,Op,Budget,Apr,343315750
CDE,2024,TH,Op,Budget,Aug,66156008
CDE,2024,TH,Op,Budget,Dec,449156139
CDE,2024,TH,Op,Budget,Feb,355763969
CDE,2024,TH,Op,Budget,Jan,1510441377
CDE,2024,TH,Op,Budget,Jul,645571365
CDE,2024,TH,Op,Budget,Jun,130296421
CDE,2024,TH,Op,Budget,Mar,1550952770
CDE,2024,TH,Op,Budget,May,1666617129
CDE,2024,TH,Op,Budget,Nov,74549707
CDE,2024,TH,Op,Budget,Oct,92542551
CDE,2024,TH,Op,Budget,Sep,1264197994
CDE,2024,TH,Op,Forecast,Apr,482434398
CDE,2024,TH,Op,Forecast,Aug,269033099
CDE,2024,TH,Op,Forecast,Dec,132256869
CDE,2024,TH,Op,Forecast,Feb,827626007
CDE,2024,TH,Op,Forecast,Jan,1941257597
CDE,2024,TH,Op,Forecast,Jul,817732647
CDE,2024,TH,Op,Forecast,Jun,527055941
CDE,2024,TH,Op,Forecast,Mar,475368277
CDE,2024,TH,Op,Forecast,May,552715926
CDE,2024,TH,Op,Forecast,Nov,290718937
CDE,2024,TH,Op,Forecast,Oct,956766271
CDE,2024,TH,Op,Forecast,Sep,472727880
CDE,2024,TR,Gross,Actual,Apr,4631457335
CDE,2024,TR,Gross,Actual,Aug,1586004866
CDE,2024,TR,Gross,Actual,Dec,98728996
CDE,2024,TR,Gross,Actual,Feb,3584098061
CDE,2024,TR,Gross,Actual,Jan,11607454283
CDE,2024,TR,Gross,Actual,Jul,1609018512
CDE,2024,TR,Gross,Actual,Jun,724027430
CDE,2024,TR,Gross,Actual,Mar,373789791
CDE,2024,TR,Gross,Actual,May,2006796737
CDE,2024,TR,Gross,Actual,Nov,8862950125
CDE,2024,TR,Gross,Actual,Oct,711785538
CDE,2024,TR,Gross,Actual,Sep,1079958092
CDE,2024,TR,Gross,Budget,Apr,362829621
CDE,2024,TR,Gross,Budget,Aug,5497927704
CDE,2024,TR,Gross,Budget,Dec,404217756
CDE,2024,TR,Gross,Budget,Feb,1022634515
CDE,2024,TR,Gross,Budget,Jan,10014270908
CDE,2024,TR,Gross,Budget,Jul,3178052044
CDE,2024,TR,Gross,Budget,Jun,978777542
CDE,2024,TR,Gross,Budget,Mar,1776943549
CDE,2024,TR,Gross,Budget,May,3913389925
CDE,2024,TR,Gross,Budget,Nov,9836726757
CDE,2024,TR,Gross,Budget,Oct,1695182634
CDE,2024,TR,Gross,Budget,Sep,2479599619
CDE,2024,TR,Gross,Forecast,Apr,4695576669
CDE,2024,TR,Gross,Forecast,Aug,2659853287
CDE,2024,TR,Gross,Forecast,Dec,104810058
CDE,2024,TR,Gross,Forecast,Feb,1622145055
CDE,2024,TR,Gross,Forecast,Jan,6273108240
CDE,2024,TR,Gross,Forecast,Jul,2343972995
CDE,2024,TR,Gross,Forecast,Jun,1641606686
CDE,2024,TR,Gross,Forecast,Mar,2297786458
CDE,2024,TR,Gross,Forecast,May,2983501870
CDE,2024,TR,Gross,Forecast,Nov,9501173360
CDE,2024,TR,Gross,Forecast,Oct,227049386
CDE,2024,TR,Gross,Forecast,Sep,173381358
CDE,2024,TR,Net,Actual,Apr,2015327736
CDE,2024,TR,Net,Actual,Aug,1888050607
CDE,2024,TR,Net,Actual,Dec,186317764
CDE,2024,TR,Net,Actual,Feb,4660742530
CDE,2024,TR,Net,Actual,Jan,10620412610
CDE,2024,TR,Net,Actual,Jul,2714989566
CDE,2024,TR,Net,Actual,Jun,1244745840
CDE,2024,TR,Net,Actual,Mar,3069542726
CDE,2024,TR,Net,Actual,May,140733414
CDE,2024,TR,Net,Actual,Nov,2873896552
CDE,2024,TR,Net,Actual,Oct,418174635
CDE,2024,TR,Net,Actual,Sep,2189824946
CDE,2024,TR,Net,Budget,Apr,10037411
CDE,2024,TR,Net,Budget,Aug,3230945993
CDE,2024,TR,Net,Budget,Dec,474722120
CDE,2024,TR,Net,Budget,Feb,4118486663
CDE,2024,TR,Net,Budget,Jan,856304806
CDE,2024,TR,Net,Budget,Jul,3150471606
CDE,2024,TR,Net,Budget,Jun,1282678976
CDE,2024,TR,Net,Budget,Mar,1738203948
CDE,2024,TR,Net,Budget,May,1255858203
CDE,2024,TR,Net,Budget,Nov,5129954141
CDE,2024,TR,Net,Budget,Oct,910615540
CDE,2024,TR,Net,Budget,Sep,332478241
CDE,2024,TR,Net,Forecast,Apr,1765801299
CDE,2024,TR,Net,Forecast,Aug,1761426804
CDE,2024,TR,Net,Forecast,Dec,311792402
CDE,2024,TR,Net,Forecast,Feb,2304884008
CDE,2024,TR,Net,Forecast,Jan,9266812554
CDE,2024,TR,Net,Forecast,Jul,3547290717
CDE,2024,TR,Net,Forecast,Jun,3358264850
CDE,2024,TR,Net,Forecast,Mar,571915219
CDE,2024,TR,Net,Forecast,May,3319385275
CDE,2024,TR,Net,Forecast,Nov,5826859073
CDE,2024,TR,Net,Forecast,Oct,3549696621
CDE,2024,TR,Net,Forecast,Sep,2339893617
CDE,2024,TR,Op,Actual,Apr,2226364362
CDE,2024,TR,Op,Actual,Aug,1380715352
CDE,2024,TR,Op,Actual,Dec,621328848
CDE,2024,TR,Op,Actual,Feb,2645683972
CDE,2024,TR,Op,Actual,Jan,1859718628
CDE,2024,TR,Op,Actual,Jul,2987563038
CDE,2024,TR,Op,Actual,Jun,2287570491
CDE,2024,TR,Op,Actual,Mar,2303947750
CDE,2024,TR,Op,Actual,May,4053422002
CDE,2024,TR,Op,Actual,Nov,2363896433
CDE,2024,TR,Op,Actual,Oct,14335935
CDE,2024,TR,Op,Actual,Sep,1607788377
CDE,2024,TR,Op,Budget,Apr,3094042475
CDE,2024,TR,Op,Budget,Aug,1524769622
CDE,2024,TR,Op,Budget,Dec,832442913
CDE,2024,TR,Op,Budget,Feb,818753336
CDE,2024,TR,Op,Budget,Jan,9865762263
CDE,2024,TR,Op,Budget,Jul,233403395
CDE,2024,TR,Op,Budget,Jun,809685371
CDE,2024,TR,Op,Budget,Mar,942159498
CDE,2024,TR,Op,Budget,May,1669460898
CDE,2024,TR,Op,Budget,Nov,5599602849
CDE,2024,TR,Op,Budget,Oct,1742669563
CDE,2024,TR,Op,Budget,Sep,2098097072
CDE,2024,TR,Op,Forecast,Apr,3973708952
CDE,2024,TR,Op,Forecast,Aug,3085837039
CDE,2024,TR,Op,Forecast,Dec,285882395
CDE,2024,TR,Op,Forecast,Feb,4167950755
CDE,2024,TR,Op,Forecast,Jan,2560588685
CDE,2024,TR,Op,Forecast,Jul,2602030496
CDE,2024,TR,Op,Forecast,Jun,4134825146
CDE,2024,TR,Op,Forecast,Mar,3339449846
CDE,2024,TR,Op,Forecast,May,140384241
CDE,2024,TR,Op,Forecast,Nov,3140755218
CDE,2024,TR,Op,Forecast,Oct,2868564528
CDE,2024,TR,Op,Forecast,Sep,1128209600
CDE,2024,TTL VSA,Gross,Actual,Apr,23492055451
CDE,2024,TTL VSA,Gross,Actual,Aug,27038565640
CDE,2024,TTL VSA,Gross,Actual,Dec,25697872436
CDE,2024,TTL VSA,Gross,Actual,Feb,6442631707
CDE,2024,TTL VSA,Gross,Actual,Jan,982624921
CDE,2024,TTL VSA,Gross,Actual,Jul,5471730362
CDE,2024,TTL VSA,Gross,Actual,Jun,26186188080
CDE,2024,TTL VSA,Gross,Actual,Mar,6005558032
CDE,2024,TTL VSA,Gross,Actual,May,13412464470
CDE,2024,TTL VSA,Gross,Actual,Nov,28774712014
CDE,2024,TTL VSA,Gross,Actual,Oct,52725039469
CDE,2024,TTL VSA,Gross,Actual,Sep,39943786658
CDE,2024,TTL VSA,Gross,Budget,Apr,47919362836
CDE,2024,TTL VSA,Gross,Budget,Aug,39086656207
CDE,2024,TTL VSA,Gross,Budget,Dec,10562656516
CDE,2024,TTL VSA,Gross,Budget,Feb,6478806567
CDE,2024,TTL VSA,Gross,Budget,Jan,5122620526
CDE,2024,TTL VSA,Gross,Budget,Jul,33589665689
CDE,2024,TTL VSA,Gross,Budget,Jun,25424959040
CDE,2024,TTL VSA,Gross,Budget,Mar,26836883415
CDE,2024,TTL VSA,Gross,Budget,May,20541135726
CDE,2024,TTL VSA,Gross,Budget,Nov,53825053434
CDE,2024,TTL VSA,Gross,Budget,Oct,47302892949
CDE,2024,TTL VSA,Gross,Budget,Sep,4799367464
CDE,2024,TTL VSA,Gross,Forecast,Apr,22753876243
CDE,2024,TTL VSA,Gross,Forecast,Aug,26390576406
CDE,2024,TTL VSA,Gross,Forecast,Dec,21152265369
CDE,2024,TTL VSA,Gross,Forecast,Feb,18147600637
CDE,2024,TTL VSA,Gross,Forecast,Jan,38175881431
CDE,2024,TTL VSA,Gross,Forecast,Jul,7071026955
CDE,2024,TTL VSA,Gross,Forecast,Jun,19440151975
CDE,2024,TTL VSA,Gross,Forecast,Mar,47678225967
CDE,2024,TTL VSA,Gross,Forecast,May,19451924192
CDE,2024,TTL VSA,Gross,Forecast,Nov,41155819764
CDE,2024,TTL VSA,Gross,Forecast,Oct,32726910797
CDE,2024,TTL VSA,Gross,Forecast,Sep,16514599939
CDE,2024,TTL VSA,Net,Actual,Apr,34306778145
CDE,2024,TTL VSA,Net,Actual,Aug,37128505237
CDE,2024,TTL VSA,Net,Actual,Dec,331871350
CDE,2024,TTL VSA,Net,Actual,Feb,25917308706
CDE,2024,TTL VSA,Net,Actual,Jan,11512642708
CDE,2024,TTL VSA,Net,Actual,Jul,17621783889
CDE,2024,TTL VSA,Net,Actual,Jun,8109393438
CDE,2024,TTL VSA,Net,Actual,Mar,35536823118
CDE,2024,TTL VSA,Net,Actual,May,9883858754
CDE,2024,TTL VSA,Net,Actual,Nov,27347476669
CDE,2024,TTL VSA,Net,Actual,Oct,8745096465
CDE,2024,TTL VSA,Net,Actual,Sep,40921661774
CDE,2024,TTL VSA,Net,Budget,Apr,24958357324
CDE,2024,TTL VSA,Net,Budget,Aug,18442408622
CDE,2024,TTL VSA,Net,Budget,Dec,41281717514
CDE,2024,TTL VSA,Net,Budget,Feb,1112237122
CDE,2024,TTL VSA,Net,Budget,Jan,6399126515
CDE,2024,TTL VSA,Net,Budget,Jul,11814482919
CDE,2024,TTL VSA,Net,Budget,Jun,4670775252
CDE,2024,TTL VSA,Net,Budget,Mar,20311760256
CDE,2024,TTL VSA,Net,Budget,May,14005696830
CDE,2024,TTL VSA,Net,Budget,Nov,12031967893
CDE,2024,TTL VSA,Net,Budget,Oct,6813147722
CDE,2024,TTL VSA,Net,Budget,Sep,13323758220
CDE,2024,TTL VSA,Net,Forecast,Apr,42467803460
CDE,2024,TTL VSA,Net,Forecast,Aug,18411130052
CDE,2024,TTL VSA,Net,Forecast,Dec,14858937458
CDE,2024,TTL VSA,Net,Forecast,Feb,43594784050
CDE,2024,TTL VSA,Net,Forecast,Jan,12979600487
CDE,2024,TTL VSA,Net,Forecast,Jul,18710028056
CDE,2024,TTL VSA,Net,Forecast,Jun,15216588905
CDE,2024,TTL VSA,Net,Forecast,Mar,4185484537
CDE,2024,TTL VSA,Net,Forecast,May,5693560029
CDE,2024,TTL VSA,Net,Forecast,Nov,43259755226
CDE,2024,TTL VSA,Net,Forecast,Oct,941869669
CDE,2024,TTL VSA,Net,Forecast,Sep,6105609459
CDE,2024,TTL VSA,Op,Actual,Apr,667495076
CDE,2024,TTL VSA,Op,Actual,Aug,11230656321
CDE,2024,TTL VSA,Op,Actual,Dec,9812935085
CDE,2024,TTL VSA,Op,Actual,Feb,15403392321
CDE,2024,TTL VSA,Op,Actual,Jan,27615634778
CDE,2024,TTL VSA,Op,Actual,Jul,39757674024
CDE,2024,TTL VSA,Op,Actual,Jun,5179677366
CDE,2024,TTL VSA,Op,Actual,Mar,5645627429
CDE,2024,TTL VSA,Op,Actual,May,6733045474
CDE,2024,TTL VSA,Op,Actual,Nov,17926317064
CDE,2024,TTL VSA,Op,Actual,Oct,37962188325
CDE,2024,TTL VSA,Op,Actual,Sep,38627552655
CDE,2024,TTL VSA,Op,Budget,Apr,8215364062
CDE,2024,TTL VSA,Op,Budget,Aug,1801700205
CDE,2024,TTL VSA,Op,Budget,Dec,499347977
CDE,2024,TTL VSA,Op,Budget,Feb,20376260230
CDE,2024,TTL VSA,Op,Budget,Jan,849281165
CDE,2024,TTL VSA,Op,Budget,Jul,26105470194
CDE,2024,TTL VSA,Op,Budget,Jun,23446338474
CDE,2024,TTL VSA,Op,Budget,Mar,11715713821
CDE,2024,TTL VSA,Op,Budget,May,3174882922
CDE,2024,TTL VSA,Op,Budget,Nov,31118313265
CDE,2024,TTL VSA,Op,Budget,Oct,38514674129
CDE,2024,TTL VSA,Op,Budget,Sep,32413185008
CDE,2024,TTL VSA,Op,Forecast,Apr,31302855671
CDE,2024,TTL VSA,Op,Forecast,Aug,30701441800
CDE,2024,TTL VSA,Op,Forecast,Dec,3136352464
CDE,2024,TTL VSA,Op,Forecast,Feb,17778339211
CDE,2024,TTL VSA,Op,Forecast,Jan,8543945227
CDE,2024,TTL VSA,Op,Forecast,Jul,18353033853
CDE,2024,TTL VSA,Op,Forecast,Jun,14181028195
CDE,2024,TTL VSA,Op,Forecast,Mar,26046403968
CDE,2024,TTL VSA,Op,Forecast,May,1082151517
CDE,2024,TTL VSA,Op,Forecast,Nov,21896328213
CDE,2024,TTL VSA,Op,Forecast,Oct,16815375946
CDE,2024,TTL VSA,Op,Forecast,Sep,37878134537
CDE,2024,TTL VSCN,Gross,Actual,Apr,2142706796
CDE,2024,TTL VSCN,Gross,Actual,Aug,4470598968
CDE,2024,TTL VSCN,Gross,Actual,Dec,6164567201
CDE,2024,TTL VSCN,Gross,Actual,Feb,11255471215
CDE,2024,TTL VSCN,Gross,Actual,Jan,946243556
CDE,2024,TTL VSCN,Gross,Actual,Jul,1997768697
CDE,2024,TTL VSCN,Gross,Actual,Jun,2516067580
CDE,2024,TTL VSCN,Gross,Actual,Mar,3231727617
CDE,2024,TTL VSCN,Gross,Actual,May,752468412
CDE,2024,TTL VSCN,Gross,Actual,Nov,6799079683
CDE,2024,TTL VSCN,Gross,Actual,Oct,7026494765
CDE,2024,TTL VSCN,Gross,Actual,Sep,3605994146
CDE,2024,TTL VSCN,Gross,Budget,Apr,252421107
CDE,2024,TTL VSCN,Gross,Budget,Aug,528231543
CDE,2024,TTL VSCN,Gross,Budget,Dec,3838434664
CDE,2024,TTL VSCN,Gross,Budget,Feb,5434578539
CDE,2024,TTL VSCN,Gross,Budget,Jan,12425632753
CDE,2024,TTL VSCN,Gross,Budget,Jul,7661280647
CDE,2024,TTL VSCN,Gross,Budget,Jun,3019588856
CDE,2024,TTL VSCN,Gross,Budget,Mar,6630926059
CDE,2024,TTL VSCN,Gross,Budget,May,1179884823
CDE,2024,TTL VSCN,Gross,Budget,Nov,7826903410
CDE,2024,TTL VSCN,Gross,Budget,Oct,7600255712
CDE,2024,TTL VSCN,Gross,Budget,Sep,1069384919
CDE,2024,TTL VSCN,Gross,Forecast,Apr,211780298
CDE,2024,TTL VSCN,Gross,Forecast,Aug,10196534966
CDE,2024,TTL VSCN,Gross,Forecast,Dec,10798660957
CDE,2024,TTL VSCN,Gross,Forecast,Feb,11817396326
CDE,2024,TTL VSCN,Gross,Forecast,Jan,4775223828
CDE,2024,TTL VSCN,Gross,Forecast,Jul,213993603
CDE,2024,TTL VSCN,Gross,Forecast,Jun,5037219593
CDE,2024,TTL VSCN,Gross,Forecast,Mar,7114800287
CDE,2024,TTL VSCN,Gross,Forecast,May,7625318645
CDE,2024,TTL VSCN,Gross,Forecast,Nov,4318572553
CDE,2024,TTL VSCN,Gross,Forecast,Oct,3011610926
CDE,2024,TTL VSCN,Gross,Forecast,Sep,8593015374
CDE,2024,TTL VSCN,Net,Actual,Apr,4636795358
CDE,2024,TTL VSCN,Net,Actual,Aug,5744690411
CDE,2024,TTL VSCN,Net,Actual,Dec,2642405017
CDE,2024,TTL VSCN,Net,Actual,Feb,6728288759
CDE,2024,TTL VSCN,Net,Actual,Jan,11115914100
CDE,2024,TTL VSCN,Net,Actual,Jul,1655615033
CDE,2024,TTL VSCN,Net,Actual,Jun,4233376055
CDE,2024,TTL VSCN,Net,Actual,Mar,11209185769
CDE,2024,TTL VSCN,Net,Actual,May,9083699050
CDE,2024,TTL VSCN,Net,Actual,Nov,4496327592
CDE,2024,TTL VSCN,Net,Actual,Oct,3806174939
CDE,2024,TTL VSCN,Net,Actual,Sep,8391312517
CDE,2024,TTL VSCN,Net,Budget,Apr,6541768330
CDE,2024,TTL VSCN,Net,Budget,Aug,3438630305
CDE,2024,TTL VSCN,Net,Budget,Dec,7810633988
CDE,2024,TTL VSCN,Net,Budget,Feb,10926053592
CDE,2024,TTL VSCN,Net,Budget,Jan,6566077106
CDE,2024,TTL VSCN,Net,Budget,Jul,3261761044
CDE,2024,TTL VSCN,Net,Budget,Jun,6081799685
CDE,2024,TTL VSCN,Net,Budget,Mar,3510001234
CDE,2024,TTL VSCN,Net,Budget,May,4586931455
CDE,2024,TTL VSCN,Net,Budget,Nov,2895321494
CDE,2024,TTL VSCN,Net,Budget,Oct,7621955488
CDE,2024,TTL VSCN,Net,Budget,Sep,3553295550
CDE,2024,TTL VSCN,Net,Forecast,Apr,704769468
CDE,2024,TTL VSCN,Net,Forecast,Aug,3728906993
CDE,2024,TTL VSCN,Net,Forecast,Dec,628149512
CDE,2024,TTL VSCN,Net,Forecast,Feb,4740853605
CDE,2024,TTL VSCN,Net,Forecast,Jan,10994821303
CDE,2024,TTL VSCN,Net,Forecast,Jul,3128694254
CDE,2024,TTL VSCN,Net,Forecast,Jun,5060874375
CDE,2024,TTL VSCN,Net,Forecast,Mar,1860552184
CDE,2024,TTL VSCN,Net,Forecast,May,6995967837
CDE,2024,TTL VSCN,Net,Forecast,Nov,9505410824
CDE,2024,TTL VSCN,Net,Forecast,Oct,5922343681
CDE,2024,TTL VSCN,Net,Forecast,Sep,3235818493
CDE,2024,TTL VSCN,Op,Actual,Apr,3500922643
CDE,2024,TTL VSCN,Op,Actual,Aug,1370730789
CDE,2024,TTL VSCN,Op,Actual,Dec,1269362559
CDE,2024,TTL VSCN,Op,Actual,Feb,4826626593
CDE,2024,TTL VSCN,Op,Actual,Jan,10616186068
CDE,2024,TTL VSCN,Op,Actual,Jul,6651569371
CDE,2024,TTL VSCN,Op,Actual,Jun,8656566109
CDE,2024,TTL VSCN,Op,Actual,Mar,8156233852
CDE,2024,TTL VSCN,Op,Actual,May,11074892422
CDE,2024,TTL VSCN,Op,Actual,Nov,8043897458
CDE,2024,TTL VSCN,Op,Actual,Oct,6494524839
CDE,2024,TTL VSCN,Op,Actual,Sep,7270024869
CDE,2024,TTL VSCN,Op,Budget,Apr,7464756628
CDE,2024,TTL VSCN,Op,Budget,Aug,3867834043
CDE,2024,TTL VSCN,Op,Budget,Dec,6535746482
CDE,2024,TTL VSCN,Op,Budget,Feb,6164690639
CDE,2024,TTL VSCN,Op,Budget,Jan,4787267464
CDE,2024,TTL VSCN,Op,Budget,Jul,5142346009
CDE,2024,TTL VSCN,Op,Budget,Jun,3927430041
CDE,2024,TTL VSCN,Op,Budget,Mar,5446335166
CDE,2024,TTL VSCN,Op,Budget,May,2677037800
CDE,2024,TTL VSCN,Op,Budget,Nov,2082215877
CDE,2024,TTL VSCN,Op,Budget,Oct,3325893442
CDE,2024,TTL VSCN,Op,Budget,Sep,3053049049
CDE,2024,TTL VSCN,Op,Forecast,Apr,8610317485
CDE,2024,TTL VSCN,Op,Forecast,Aug,7185942401
CDE,2024,TTL VSCN,Op,Forecast,Dec,1194720127
CDE,2024,TTL VSCN,Op,Forecast,Feb,5393125123
CDE,2024,TTL VSCN,Op,Forecast,Jan,4460681878
CDE,2024,TTL VSCN,Op,Forecast,Jul,1955558916
CDE,2024,TTL VSCN,Op,Forecast,Jun,1760131462
CDE,2024,TTL VSCN,Op,Forecast,Mar,6456987105
CDE,2024,TTL VSCN,Op,Forecast,May,7354406774
CDE,2024,TTL VSCN,Op,Forecast,Nov,355593749
CDE,2024,TTL VSCN,Op,Forecast,Oct,228237855
CDE,2024,TTL VSCN,Op,Forecast,Sep,9693192843
CDE,2024,TTL VSE,Gross,Actual,Apr,2091553687
CDE,2024,TTL VSE,Gross,Actual,Aug,6568451500
CDE,2024,TTL VSE,Gross,Actual,Dec,20639591484
CDE,2024,TTL VSE,Gross,Actual,Feb,18919513210
CDE,2024,TTL VSE,Gross,Actual,Jan,29118780204
CDE,2024,TTL VSE,Gross,Actual,Jul,6528436211
CDE,2024,TTL VSE,Gross,Actual,Jun,19126090352
CDE,2024,TTL VSE,Gross,Actual,Mar,29167134820
CDE,2024,TTL VSE,Gross,Actual,May,17001668776
CDE,2024,TTL VSE,Gross,Actual,Nov,14854923450
CDE,2024,TTL VSE,Gross,Actual,Oct,20405350278
CDE,2024,TTL VSE,Gross,Actual,Sep,23384395382
CDE,2024,TTL VSE,Gross,Budget,Apr,9143627770
CDE,2024,TTL VSE,Gross,Budget,Aug,11051639695
CDE,2024,TTL VSE,Gross,Budget,Dec,3657169537
CDE,2024,TTL VSE,Gross,Budget,Feb,17462882203
CDE,2024,TTL VSE,Gross,Budget,Jan,31197201662
CDE,2024,TTL VSE,Gross,Budget,Jul,13309057811
CDE,2024,TTL VSE,Gross,Budget,Jun,8945765856
CDE,2024,TTL VSE,Gross,Budget,Mar,2359963733
CDE,2024,TTL VSE,Gross,Budget,May,16395196878
CDE,2024,TTL VSE,Gross,Budget,Nov,11703372258
CDE,2024,TTL VSE,Gross,Budget,Oct,28511676633
CDE,2024,TTL VSE,Gross,Budget,Sep,34144270127
CDE,2024,TTL VSE,Gross,Forecast,Apr,20093553096
CDE,2024,TTL VSE,Gross,Forecast,Aug,12390498931
CDE,2024,TTL VSE,Gross,Forecast,Dec,3708550737
CDE,2024,TTL VSE,Gross,Forecast,Feb,8387234943
CDE,2024,TTL VSE,Gross,Forecast,Jan,1917083030
CDE,2024,TTL VSE,Gross,Forecast,Jul,9613518959
CDE,2024,TTL VSE,Gross,Forecast,Jun,20707199636
CDE,2024,TTL VSE,Gross,Forecast,Mar,17484743069
CDE,2024,TTL VSE,Gross,Forecast,May,20671900231
CDE,2024,TTL VSE,Gross,Forecast,Nov,15847621299
CDE,2024,TTL VSE,Gross,Forecast,Oct,20883848737
CDE,2024,TTL VSE,Gross,Forecast,Sep,28913144183
CDE,2024,TTL VSE,Net,Actual,Apr,15980143360
CDE,2024,TTL VSE,Net,Actual,Aug,7570667237
CDE,2024,TTL VSE,Net,Actual,Dec,37606607551
CDE,2024,TTL VSE,Net,Actual,Feb,18172871091
CDE,2024,TTL VSE,Net,Actual,Jan,4951889203
CDE,2024,TTL VSE,Net,Actual,Jul,4430321190
CDE,2024,TTL VSE,Net,Actual,Jun,7563547860
CDE,2024,TTL VSE,Net,Actual,Mar,7090735024
CDE,2024,TTL VSE,Net,Actual,May,13385018879
CDE,2024,TTL VSE,Net,Actual,Nov,27342442758
CDE,2024,TTL VSE,Net,Actual,Oct,82957143752
CDE,2024,TTL VSE,Net,Actual,Sep,932630489
CDE,2024,TTL VSE,Net,Budget,Apr,13722751883
CDE,2024,TTL VSE,Net,Budget,Aug,11058948792
CDE,2024,TTL VSE,Net,Budget,Dec,16458002926
CDE,2024,TTL VSE,Net,Budget,Feb,23260927687
CDE,2024,TTL VSE,Net,Budget,Jan,30174744363
CDE,2024,TTL VSE,Net,Budget,Jul,11004448994
CDE,2024,TTL VSE,Net,Budget,Jun,9008982093
CDE,2024,TTL VSE,Net,Budget,Mar,23927682626
CDE,2024,TTL VSE,Net,Budget,May,4917533043
CDE,2024,TTL VSE,Net,Budget,Nov,54341207156
CDE,2024,TTL VSE,Net,Budget,Oct,18122326891
CDE,2024,TTL VSE,Net,Budget,Sep,25582981572
CDE,2024,TTL VSE,Net,Forecast,Apr,13527365441
CDE,2024,TTL VSE,Net,Forecast,Aug,10925257523
CDE,2024,TTL VSE,Net,Forecast,Dec,21335386678
CDE,2024,TTL VSE,Net,Forecast,Feb,56552534505
CDE,2024,TTL VSE,Net,Forecast,Jan,28639749026
CDE,2024,TTL VSE,Net,Forecast,Jul,21339244254
CDE,2024,TTL VSE,Net,Forecast,Jun,12685046803
CDE,2024,TTL VSE,Net,Forecast,Mar,48477032993
CDE,2024,TTL VSE,Net,Forecast,May,10555279457
CDE,2024,TTL VSE,Net,Forecast,Nov,16619722684
CDE,2024,TTL VSE,Net,Forecast,Oct,69516634374
CDE,2024,TTL VSE,Net,Forecast,Sep,11213328913
CDE,2024,TTL VSE,Op,Actual,Apr,10692782341
CDE,2024,TTL VSE,Op,Actual,Aug,4898130602
CDE,2024,TTL VSE,Op,Actual,Dec,53998142641
CDE,2024,TTL VSE,Op,Actual,Feb,45656122424
CDE,2024,TTL VSE,Op,Actual,Jan,19680532252
CDE,2024,TTL VSE,Op,Actual,Jul,15770668202
CDE,2024,TTL VSE,Op,Actual,Jun,3586816969
CDE,2024,TTL VSE,Op,Actual,Mar,73479550268
CDE,2024,TTL VSE,Op,Actual,May,9176635185
CDE,2024,TTL VSE,Op,Actual,Nov,52653909027
CDE,2024,TTL VSE,Op,Actual,Oct,46515554478
CDE,2024,TTL VSE,Op,Actual,Sep,21536838346
CDE,2024,TTL VSE,Op,Budget,Apr,7543722608
CDE,2024,TTL VSE,Op,Budget,Aug,4024422209
CDE,2024,TTL VSE,Op,Budget,Dec,60295401362
CDE,2024,TTL VSE,Op,Budget,Feb,34371894832
CDE,2024,TTL VSE,Op,Budget,Jan,34744683125
CDE,2024,TTL VSE,Op,Budget,Jul,23729869581
CDE,2024,TTL VSE,Op,Budget,Jun,4397075466
CDE,2024,TTL VSE,Op,Budget,Mar,31850391342
CDE,2024,TTL VSE,Op,Budget,May,12245353855
CDE,2024,TTL VSE,Op,Budget,Nov,5370096582
CDE,2024,TTL VSE,Op,Budget,Oct,63558351814
CDE,2024,TTL VSE,Op,Budget,Sep,17984554857
CDE,2024,TTL VSE,Op,Forecast,Apr,9998843048
CDE,2024,TTL VSE,Op,Forecast,Aug,18909064560
CDE,2024,TTL VSE,Op,Forecast,Dec,31874076562
CDE,2024,TTL VSE,Op,Forecast,Feb,6859823272
CDE,2024,TTL VSE,Op,Forecast,Jan,33054708467
CDE,2024,TTL VSE,Op,Forecast,Jul,8028449013
CDE,2024,TTL VSE,Op,Forecast,Jun,1245697149
CDE,2024,TTL VSE,Op,Forecast,Mar,62444523092
CDE,2024,TTL VSE,Op,Forecast,May,3765619969
CDE,2024,TTL VSE,Op,Forecast,Nov,46608916414
CDE,2024,TTL VSE,Op,Forecast,Oct,44666835191
CDE,2024,TTL VSE,Op,Forecast,Sep,19485465294
CDE,2024,TTL VSEE,Gross,Actual,Apr,6149323951
CDE,2024,TTL VSEE,Gross,Actual,Aug,3126050855
CDE,2024,TTL VSEE,Gross,Actual,Dec,1363935710
CDE,2024,TTL VSEE,Gross,Actual,Feb,4802006348
CDE,2024,TTL VSEE,Gross,Actual,Jan,4305541888
CDE,2024,TTL VSEE,Gross,Actual,Jul,6166167800
CDE,2024,TTL VSEE,Gross,Actual,Jun,3194979778
CDE,2024,TTL VSEE,Gross,Actual,Mar,6843734672
CDE,2024,TTL VSEE,Gross,Actual,May,4459145855
CDE,2024,TTL VSEE,Gross,Actual,Nov,1244968034
CDE,2024,TTL VSEE,Gross,Actual,Oct,12421842399
CDE,2024,TTL VSEE,Gross,Actual,Sep,16504383580
CDE,2024,TTL VSEE,Gross,Budget,Apr,6376324776
CDE,2024,TTL VSEE,Gross,Budget,Aug,1853286334
CDE,2024,TTL VSEE,Gross,Budget,Dec,1907667749
CDE,2024,TTL VSEE,Gross,Budget,Feb,6437584591
CDE,2024,TTL VSEE,Gross,Budget,Jan,17184053528
CDE,2024,TTL VSEE,Gross,Budget,Jul,8333886137
CDE,2024,TTL VSEE,Gross,Budget,Jun,1070099866
CDE,2024,TTL VSEE,Gross,Budget,Mar,5636772854
CDE,2024,TTL VSEE,Gross,Budget,May,1312412132
CDE,2024,TTL VSEE,Gross,Budget,Nov,16753531706
CDE,2024,TTL VSEE,Gross,Budget,Oct,14530200741
CDE,2024,TTL VSEE,Gross,Budget,Sep,126902406
CDE,2024,TTL VSEE,Gross,Forecast,Apr,4112946114
CDE,2024,TTL VSEE,Gross,Forecast,Aug,1970845846
CDE,2024,TTL VSEE,Gross,Forecast,Dec,3262800016
CDE,2024,TTL VSEE,Gross,Forecast,Feb,5228443729
CDE,2024,TTL VSEE,Gross,Forecast,Jan,6511599474
CDE,2024,TTL VSEE,Gross,Forecast,Jul,2920242938
CDE,2024,TTL VSEE,Gross,Forecast,Jun,1256301608
CDE,2024,TTL VSEE,Gross,Forecast,Mar,3286166753
CDE,2024,TTL VSEE,Gross,Forecast,May,3148862739
CDE,2024,TTL VSEE,Gross,Forecast,Nov,120303575
CDE,2024,TTL VSEE,Gross,Forecast,Oct,10466351324
CDE,2024,TTL VSEE,Gross,Forecast,Sep,5571943150
CDE,2024,TTL VSEE,Net,Actual,Apr,7532571383
CDE,2024,TTL VSEE,Net,Actual,Aug,4411176077
CDE,2024,TTL VSEE,Net,Actual,Dec,9528552403
CDE,2024,TTL VSEE,Net,Actual,Feb,26725415413
CDE,2024,TTL VSEE,Net,Actual,Jan,5655912442
CDE,2024,TTL VSEE,Net,Actual,Jul,6091503240
CDE,2024,TTL VSEE,Net,Actual,Jun,1749573360
CDE,2024,TTL VSEE,Net,Actual,Mar,19218696140
CDE,2024,TTL VSEE,Net,Actual,May,4072081576
CDE,2024,TTL VSEE,Net,Actual,Nov,66558516879
CDE,2024,TTL VSEE,Net,Actual,Oct,34861820604
CDE,2024,TTL VSEE,Net,Actual,Sep,4057506786
CDE,2024,TTL VSEE,Net,Budget,Apr,7372336782
CDE,2024,TTL VSEE,Net,Budget,Aug,7069359104
CDE,2024,TTL VSEE,Net,Budget,Dec,25019459102
CDE,2024,TTL VSEE,Net,Budget,Feb,3394420038
CDE,2024,TTL VSEE,Net,Budget,Jan,16116302225
CDE,2024,TTL VSEE,Net,Budget,Jul,3896842410
CDE,2024,TTL VSEE,Net,Budget,Jun,3592545751
CDE,2024,TTL VSEE,Net,Budget,Mar,6472747918
CDE,2024,TTL VSEE,Net,Budget,May,480624838
CDE,2024,TTL VSEE,Net,Budget,Nov,43214460923
CDE,2024,TTL VSEE,Net,Budget,Oct,34959435739
CDE,2024,TTL VSEE,Net,Budget,Sep,10127095048
CDE,2024,TTL VSEE,Net,Forecast,Apr,7469944345
CDE,2024,TTL VSEE,Net,Forecast,Aug,4069984204
CDE,2024,TTL VSEE,Net,Forecast,Dec,21627264683
CDE,2024,TTL VSEE,Net,Forecast,Feb,33020380800
CDE,2024,TTL VSEE,Net,Forecast,Jan,9776631992
CDE,2024,TTL VSEE,Net,Forecast,Jul,4268564242
CDE,2024,TTL VSEE,Net,Forecast,Jun,49489519
CDE,2024,TTL VSEE,Net,Forecast,Mar,50251011845
CDE,2024,TTL VSEE,Net,Forecast,May,3615642253
CDE,2024,TTL VSEE,Net,Forecast,Nov,5715386633
CDE,2024,TTL VSEE,Net,Forecast,Oct,20120985308
CDE,2024,TTL VSEE,Net,Forecast,Sep,3390570411
CDE,2024,TTL VSEE,Op,Actual,Apr,2319906230
CDE,2024,TTL VSEE,Op,Actual,Aug,4432599760
CDE,2024,TTL VSEE,Op,Actual,Dec,57073868690
CDE,2024,TTL VSEE,Op,Actual,Feb,12243306173
CDE,2024,TTL VSEE,Op,Actual,Jan,8348643238
CDE,2024,TTL VSEE,Op,Actual,Jul,4364840175
CDE,2024,TTL VSEE,Op,Actual,Jun,5286015908
CDE,2024,TTL VSEE,Op,Actual,Mar,5479992989
CDE,2024,TTL VSEE,Op,Actual,May,6236161166
CDE,2024,TTL VSEE,Op,Actual,Nov,62961969657
CDE,2024,TTL VSEE,Op,Actual,Oct,18765405823
CDE,2024,TTL VSEE,Op,Actual,Sep,1558963425
CDE,2024,TTL VSEE,Op,Budget,Apr,2106845607
CDE,2024,TTL VSEE,Op,Budget,Aug,769285373
CDE,2024,TTL VSEE,Op,Budget,Dec,47311031489
CDE,2024,TTL VSEE,Op,Budget,Feb,2177502932
CDE,2024,TTL VSEE,Op,Budget,Jan,13240250940
CDE,2024,TTL VSEE,Op,Budget,Jul,7010760528
CDE,2024,TTL VSEE,Op,Budget,Jun,7203694325
CDE,2024,TTL VSEE,Op,Budget,Mar,2882400949
CDE,2024,TTL VSEE,Op,Budget,May,2722072494
CDE,2024,TTL VSEE,Op,Budget,Nov,45511471298
CDE,2024,TTL VSEE,Op,Budget,Oct,34593407842
CDE,2024,TTL VSEE,Op,Budget,Sep,8952831947
CDE,2024,TTL VSEE,Op,Forecast,Apr,5793123865
CDE,2024,TTL VSEE,Op,Forecast,Aug,1195122423
CDE,2024,TTL VSEE,Op,Forecast,Dec,20176693511
CDE,2024,TTL VSEE,Op,Forecast,Feb,1786135271
CDE,2024,TTL VSEE,Op,Forecast,Jan,9269421806
CDE,2024,TTL VSEE,Op,Forecast,Jul,1664599743
CDE,2024,TTL VSEE,Op,Forecast,Jun,1246837326
CDE,2024,TTL VSEE,Op,Forecast,Mar,31963192739
CDE,2024,TTL VSEE,Op,Forecast,May,5474869841
CDE,2024,TTL VSEE,Op,Forecast,Nov,66252191362
CDE,2024,TTL VSEE,Op,Forecast,Oct,19138995805
CDE,2024,TTL VSEE,Op,Forecast,Sep,9976603440
CDE,2024,TTL VSEW,Gross,Actual,Apr,12420537622
CDE,2024,TTL VSEW,Gross,Actual,Aug,12800670603
CDE,2024,TTL VSEW,Gross,Actual,Dec,2884895388
CDE,2024,TTL VSEW,Gross,Actual,Feb,4551229350
CDE,2024,TTL VSEW,Gross,Actual,Jan,1551016885
CDE,2024,TTL VSEW,Gross,Actual,Jul,6792961979
CDE,2024,TTL VSEW,Gross,Actual,Jun,11913707808
CDE,2024,TTL VSEW,Gross,Actual,Mar,2582905915
CDE,2024,TTL VSEW,Gross,Actual,May,5465248244
CDE,2024,TTL VSEW,Gross,Actual,Nov,9101144085
CDE,2024,TTL VSEW,Gross,Actual,Oct,4774594228
CDE,2024,TTL VSEW,Gross,Actual,Sep,10057197688
CDE,2024,TTL VSEW,Gross,Budget,Apr,13683407216
CDE,2024,TTL VSEW,Gross,Budget,Aug,981922189
CDE,2024,TTL VSEW,Gross,Budget,Dec,5093426755
CDE,2024,TTL VSEW,Gross,Budget,Feb,2145686088
CDE,2024,TTL VSEW,Gross,Budget,Jan,7022925203
CDE,2024,TTL VSEW,Gross,Budget,Jul,12591607195
CDE,2024,TTL VSEW,Gross,Budget,Jun,7975981740
CDE,2024,TTL VSEW,Gross,Budget,Mar,11860948892
CDE,2024,TTL VSEW,Gross,Budget,May,8473275003
CDE,2024,TTL VSEW,Gross,Budget,Nov,11166815610
CDE,2024,TTL VSEW,Gross,Budget,Oct,6166802600
CDE,2024,TTL VSEW,Gross,Budget,Sep,523465759
CDE,2024,TTL VSEW,Gross,Forecast,Apr,2705564407
CDE,2024,TTL VSEW,Gross,Forecast,Aug,12494691614
CDE,2024,TTL VSEW,Gross,Forecast,Dec,6900922330
CDE,2024,TTL VSEW,Gross,Forecast,Feb,10095187352
CDE,2024,TTL VSEW,Gross,Forecast,Jan,13113495333
CDE,2024,TTL VSEW,Gross,Forecast,Jul,1124669396
CDE,2024,TTL VSEW,Gross,Forecast,Jun,5710934030
CDE,2024,TTL VSEW,Gross,Forecast,Mar,5095607835
CDE,2024,TTL VSEW,Gross,Forecast,May,5849340111
CDE,2024,TTL VSEW,Gross,Forecast,Nov,1453246399
CDE,2024,TTL VSEW,Gross,Forecast,Oct,13014329903
CDE,2024,TTL VSEW,Gross,Forecast,Sep,16082036079
CDE,2024,TTL VSEW,Net,Actual,Apr,11290277524
CDE,2024,TTL VSEW,Net,Actual,Aug,100468815
CDE,2024,TTL VSEW,Net,Actual,Dec,4455673620
CDE,2024,TTL VSEW,Net,Actual,Feb,5883350783
CDE,2024,TTL VSEW,Net,Actual,Jan,7800897698
CDE,2024,TTL VSEW,Net,Actual,Jul,760758904
CDE,2024,TTL VSEW,Net,Actual,Jun,1433667036
CDE,2024,TTL VSEW,Net,Actual,Mar,1268753089
CDE,2024,TTL VSEW,Net,Actual,May,2120758345
CDE,2024,TTL VSEW,Net,Actual,Nov,6131094917
CDE,2024,TTL VSEW,Net,Actual,Oct,6260472551
CDE,2024,TTL VSEW,Net,Actual,Sep,12913688693
CDE,2024,TTL VSEW,Net,Budget,Apr,8681129168
CDE,2024,TTL VSEW,Net,Budget,Aug,2849840311
CDE,2024,TTL VSEW,Net,Budget,Dec,7769815123
CDE,2024,TTL VSEW,Net,Budget,Feb,8474843794
CDE,2024,TTL VSEW,Net,Budget,Jan,761997852
CDE,2024,TTL VSEW,Net,Budget,Jul,8320736950
CDE,2024,TTL VSEW,Net,Budget,Jun,7922486867
CDE,2024,TTL VSEW,Net,Budget,Mar,10236959540
CDE,2024,TTL VSEW,Net,Budget,May,3768124392
CDE,2024,TTL VSEW,Net,Budget,Nov,7306722935
CDE,2024,TTL VSEW,Net,Budget,Oct,89501961
CDE,2024,TTL VSEW,Net,Budget,Sep,14383892088
CDE,2024,TTL VSEW,Net,Forecast,Apr,4604379907
CDE,2024,TTL VSEW,Net,Forecast,Aug,9506362427
CDE,2024,TTL VSEW,Net,Forecast,Dec,3422500330
CDE,2024,TTL VSEW,Net,Forecast,Feb,9785516387
CDE,2024,TTL VSEW,Net,Forecast,Jan,2183961780
CDE,2024,TTL VSEW,Net,Forecast,Jul,8240599061
CDE,2024,TTL VSEW,Net,Forecast,Jun,12785950533
CDE,2024,TTL VSEW,Net,Forecast,Mar,4041537340
CDE,2024,TTL VSEW,Net,Forecast,May,232688923
CDE,2024,TTL VSEW,Net,Forecast,Nov,11981817493
CDE,2024,TTL VSEW,Net,Forecast,Oct,15440830948
CDE,2024,TTL VSEW,Net,Forecast,Sep,13602829996
CDE,2024,TTL VSEW,Op,Actual,Apr,5300515707
CDE,2024,TTL VSEW,Op,Actual,Aug,8152104957
CDE,2024,TTL VSEW,Op,Actual,Dec,8015366011
CDE,2024,TTL VSEW,Op,Actual,Feb,1724971609
CDE,2024,TTL VSEW,Op,Actual,Jan,3289186551
CDE,2024,TTL VSEW,Op,Actual,Jul,4472879118
CDE,2024,TTL VSEW,Op,Actual,Jun,9861004733
CDE,2024,TTL VSEW,Op,Actual,Mar,11865294309
CDE,2024,TTL VSEW,Op,Actual,May,4387151374
CDE,2024,TTL VSEW,Op,Actual,Nov,3783334756
CDE,2024,TTL VSEW,Op,Actual,Oct,5983930080
CDE,2024,TTL VSEW,Op,Actual,Sep,3443821561
CDE,2024,TTL VSEW,Op,Budget,Apr,10754468397
CDE,2024,TTL VSEW,Op,Budget,Aug,9539149481
CDE,2024,TTL VSEW,Op,Budget,Dec,6097735905
CDE,2024,TTL VSEW,Op,Budget,Feb,7365421088
CDE,2024,TTL VSEW,Op,Budget,Jan,3150572004
CDE,2024,TTL VSEW,Op,Budget,Jul,13313965920
CDE,2024,TTL VSEW,Op,Budget,Jun,1786930537
CDE,2024,TTL VSEW,Op,Budget,Mar,6411195819
CDE,2024,TTL VSEW,Op,Budget,May,233693926
CDE,2024,TTL VSEW,Op,Budget,Nov,9662076343
CDE,2024,TTL VSEW,Op,Budget,Oct,1573974964
CDE,2024,TTL VSEW,Op,Budget,Sep,4199426336
CDE,2024,TTL VSEW,Op,Forecast,Apr,11059397157
CDE,2024,TTL VSEW,Op,Forecast,Aug,13188348754
CDE,2024,TTL VSEW,Op,Forecast,Dec,5664151026
CDE,2024,TTL VSEW,Op,Forecast,Feb,1009717595
CDE,2024,TTL VSEW,Op,Forecast,Jan,9181816918
CDE,2024,TTL VSEW,Op,Forecast,Jul,8036868475
CDE,2024,TTL VSEW,Op,Forecast,Jun,1632451271
CDE,2024,TTL VSEW,Op,Forecast,Mar,10881456725
CDE,2024,TTL VSEW,Op,Forecast,May,154955972
CDE,2024,TTL VSEW,Op,Forecast,Nov,2329135771
CDE,2024,TTL VSEW,Op,Forecast,Oct,12487672459
CDE,2024,TTL VSEW,Op,Forecast,Sep,13611738417
CDE,2024,TTL VSI,Gross,Actual,Apr,21690768980
CDE,2024,TTL VSI,Gross,Actual,Aug,10196822615
CDE,2024,TTL VSI,Gross,Actual,Dec,23241899617
CDE,2024,TTL VSI,Gross,Actual,Feb,9004680323
CDE,2024,TTL VSI,Gross,Actual,Jan,25933197855
CDE,2024,TTL VSI,Gross,Actual,Jul,17316121125
CDE,2024,TTL VSI,Gross,Actual,Jun,31851516872
CDE,2024,TTL VSI,Gross,Actual,Mar,6105730518
CDE,2024,TTL VSI,Gross,Actual,May,12521876572
CDE,2024,TTL VSI,Gross,Actual,Nov,21359869433
CDE,2024,TTL VSI,Gross,Actual,Oct,12418551916
CDE,2024,TTL VSI,Gross,Actual,Sep,1813263699
CDE,2024,TTL VSI,Gross,Budget,Apr,7250591242
CDE,2024,TTL VSI,Gross,Budget,Aug,1496793790
CDE,2024,TTL VSI,Gross,Budget,Dec,20908180719
CDE,2024,TTL VSI,Gross,Budget,Feb,13279629826
CDE,2024,TTL VSI,Gross,Budget,Jan,1955107507
CDE,2024,TTL VSI,Gross,Budget,Jul,9494781289
CDE,2024,TTL VSI,Gross,Budget,Jun,21960542915
CDE,2024,TTL VSI,Gross,Budget,Mar,6992567571
CDE,2024,TTL VSI,Gross,Budget,May,9833958059
CDE,2024,TTL VSI,Gross,Budget,Nov,17934125071
CDE,2024,TTL VSI,Gross,Budget,Oct,5405504438
CDE,2024,TTL VSI,Gross,Budget,Sep,21811226186
CDE,2024,TTL VSI,Gross,Forecast,Apr,8452384893
CDE,2024,TTL VSI,Gross,Forecast,Aug,12574639080
CDE,2024,TTL VSI,Gross,Forecast,Dec,18839658036
CDE,2024,TTL VSI,Gross,Forecast,Feb,9623283704
CDE,2024,TTL VSI,Gross,Forecast,Jan,25107860583
CDE,2024,TTL VSI,Gross,Forecast,Jul,4728993761
CDE,2024,TTL VSI,Gross,Forecast,Jun,27467706556
CDE,2024,TTL VSI,Gross,Forecast,Mar,18877096659
CDE,2024,TTL VSI,Gross,Forecast,May,9987771220
CDE,2024,TTL VSI,Gross,Forecast,Nov,9576866250
CDE,2024,TTL VSI,Gross,Forecast,Oct,719272688
CDE,2024,TTL VSI,Gross,Forecast,Sep,23926755088
CDE,2024,TTL VSI,Net,Actual,Apr,15995137078
CDE,2024,TTL VSI,Net,Actual,Aug,1847187898
CDE,2024,TTL VSI,Net,Actual,Dec,7418513215
CDE,2024,TTL VSI,Net,Actual,Feb,14397490579
CDE,2024,TTL VSI,Net,Actual,Jan,16982022659
CDE,2024,TTL VSI,Net,Actual,Jul,489872972
CDE,2024,TTL VSI,Net,Actual,Jun,27847021292
CDE,2024,TTL VSI,Net,Actual,Mar,2276265717
CDE,2024,TTL VSI,Net,Actual,May,11409886106
CDE,2024,TTL VSI,Net,Actual,Nov,9379870601
CDE,2024,TTL VSI,Net,Actual,Oct,7610451617
CDE,2024,TTL VSI,Net,Actual,Sep,9618372019
CDE,2024,TTL VSI,Net,Budget,Apr,3408270998
CDE,2024,TTL VSI,Net,Budget,Aug,5271865872
CDE,2024,TTL VSI,Net,Budget,Dec,33282457
CDE,2024,TTL VSI,Net,Budget,Feb,13908014950
CDE,2024,TTL VSI,Net,Budget,Jan,14312700307
CDE,2024,TTL VSI,Net,Budget,Jul,14558639985
CDE,2024,TTL VSI,Net,Budget,Jun,5969618651
CDE,2024,TTL VSI,Net,Budget,Mar,20574283926
CDE,2024,TTL VSI,Net,Budget,May,17929970194
CDE,2024,TTL VSI,Net,Budget,Nov,1658279651
CDE,2024,TTL VSI,Net,Budget,Oct,9640749454
CDE,2024,TTL VSI,Net,Budget,Sep,2678611812
CDE,2024,TTL VSI,Net,Forecast,Apr,22979442828
CDE,2024,TTL VSI,Net,Forecast,Aug,2969298264
CDE,2024,TTL VSI,Net,Forecast,Dec,11457672491
CDE,2024,TTL VSI,Net,Forecast,Feb,408439418
CDE,2024,TTL VSI,Net,Forecast,Jan,14895868568
CDE,2024,TTL VSI,Net,Forecast,Jul,13393000602
CDE,2024,TTL VSI,Net,Forecast,Jun,15497172800
CDE,2024,TTL VSI,Net,Forecast,Mar,8878004898
CDE,2024,TTL VSI,Net,Forecast,May,16812911768
CDE,2024,TTL VSI,Net,Forecast,Nov,13030103248
CDE,2024,TTL VSI,Net,Forecast,Oct,7900062126
CDE,2024,TTL VSI,Net,Forecast,Sep,20449243293
CDE,2024,TTL VSI,Op,Actual,Apr,19719611079
CDE,2024,TTL VSI,Op,Actual,Aug,5005722371
CDE,2024,TTL VSI,Op,Actual,Dec,18796351974
CDE,2024,TTL VSI,Op,Actual,Feb,6028803655
CDE,2024,TTL VSI,Op,Actual,Jan,10279074310
CDE,2024,TTL VSI,Op,Actual,Jul,1472556745
CDE,2024,TTL VSI,Op,Actual,Jun,29118445963
CDE,2024,TTL VSI,Op,Actual,Mar,8873285391
CDE,2024,TTL VSI,Op,Actual,May,14403970171
CDE,2024,TTL VSI,Op,Actual,Nov,919439519
CDE,2024,TTL VSI,Op,Actual,Oct,6634252120
CDE,2024,TTL VSI,Op,Actual,Sep,4757602565
CDE,2024,TTL VSI,Op,Budget,Apr,5876957875
CDE,2024,TTL VSI,Op,Budget,Aug,730427285
CDE,2024,TTL VSI,Op,Budget,Dec,22631591213
CDE,2024,TTL VSI,Op,Budget,Feb,5980170416
CDE,2024,TTL VSI,Op,Budget,Jan,23320277831
CDE,2024,TTL VSI,Op,Budget,Jul,4700338877
CDE,2024,TTL VSI,Op,Budget,Jun,22281103522
CDE,2024,TTL VSI,Op,Budget,Mar,16095343749
CDE,2024,TTL VSI,Op,Budget,May,4128788035
CDE,2024,TTL VSI,Op,Budget,Nov,19116503679
CDE,2024,TTL VSI,Op,Budget,Oct,7020685891
CDE,2024,TTL VSI,Op,Budget,Sep,11973925846
CDE,2024,TTL VSI,Op,Forecast,Apr,907810235
CDE,2024,TTL VSI,Op,Forecast,Aug,13416658977
CDE,2024,TTL VSI,Op,Forecast,Dec,17967892995
CDE,2024,TTL VSI,Op,Forecast,Feb,1790425438
CDE,2024,TTL VSI,Op,Forecast,Jan,13322896529
CDE,2024,TTL VSI,Op,Forecast,Jul,3922787077
CDE,2024,TTL VSI,Op,Forecast,Jun,12244187068
CDE,2024,TTL VSI,Op,Forecast,Mar,27353490350
CDE,2024,TTL VSI,Op,Forecast,May,14941889432
CDE,2024,TTL VSI,Op,Forecast,Nov,2167646082
CDE,2024,TTL VSI,Op,Forecast,Oct,1891920269
CDE,2024,TTL VSI,Op,Forecast,Sep,6582617696
CDE,2024,TW,Gross,Actual,Apr,1561752640
CDE,2024,TW,Gross,Actual,Apr,1227784360
CDE,2024,TW,Gross,Actual,Aug,566185976
CDE,2024,TW,Gross,Actual,Aug,2418052792
CDE,2024,TW,Gross,Actual,Dec,2057151190
CDE,2024,TW,Gross,Actual,Dec,167971578
CDE,2024,TW,Gross,Actual,Feb,1254581183
CDE,2024,TW,Gross,Actual,Feb,273458677
CDE,2024,TW,Gross,Actual,Jan,267053943
CDE,2024,TW,Gross,Actual,Jan,2120441902
CDE,2024,TW,Gross,Actual,Jul,1448657030
CDE,2024,TW,Gross,Actual,Jul,1277194049
CDE,2024,TW,Gross,Actual,Jun,858177711
CDE,2024,TW,Gross,Actual,Jun,1395463171
CDE,2024,TW,Gross,Actual,Mar,2508306013
CDE,2024,TW,Gross,Actual,Mar,3056851793
CDE,2024,TW,Gross,Actual,May,388762973
CDE,2024,TW,Gross,Actual,May,927400507
CDE,2024,TW,Gross,Actual,Nov,1354842930
CDE,2024,TW,Gross,Actual,Nov,377429052
CDE,2024,TW,Gross,Actual,Oct,197163951
CDE,2024,TW,Gross,Actual,Oct,1938702215
CDE,2024,TW,Gross,Actual,Sep,234160099
CDE,2024,TW,Gross,Actual,Sep,1084495733
CDE,2024,TW,Gross,Budget,Apr,1210281941
CDE,2024,TW,Gross,Budget,Apr,2129784371
CDE,2024,TW,Gross,Budget,Aug,80232858
CDE,2024,TW,Gross,Budget,Aug,1209278402
CDE,2024,TW,Gross,Budget,Dec,731235491
CDE,2024,TW,Gross,Budget,Dec,1416564951
CDE,2024,TW,Gross,Budget,Feb,2233556228
CDE,2024,TW,Gross,Budget,Feb,460935876
CDE,2024,TW,Gross,Budget,Jan,1074726935
CDE,2024,TW,Gross,Budget,Jan,727143714
CDE,2024,TW,Gross,Budget,Jul,2180831874
CDE,2024,TW,Gross,Budget,Jul,1246438624
CDE,2024,TW,Gross,Budget,Jun,475829260
CDE,2024,TW,Gross,Budget,Jun,570333093
CDE,2024,TW,Gross,Budget,Mar,3427458109
CDE,2024,TW,Gross,Budget,Mar,3177316214
CDE,2024,TW,Gross,Budget,May,185725850
CDE,2024,TW,Gross,Budget,May,2610316165
CDE,2024,TW,Gross,Budget,Nov,1579142677
CDE,2024,TW,Gross,Budget,Nov,939727702
CDE,2024,TW,Gross,Budget,Oct,765026122
CDE,2024,TW,Gross,Budget,Oct,2013834075
CDE,2024,TW,Gross,Budget,Sep,668880061
CDE,2024,TW,Gross,Budget,Sep,830122134
CDE,2024,TW,Gross,Forecast,Apr,723817270
CDE,2024,TW,Gross,Forecast,Apr,1926753551
CDE,2024,TW,Gross,Forecast,Aug,1768068883
CDE,2024,TW,Gross,Forecast,Aug,592615011
CDE,2024,TW,Gross,Forecast,Dec,1382579869
CDE,2024,TW,Gross,Forecast,Dec,1545108097
CDE,2024,TW,Gross,Forecast,Feb,346557336
CDE,2024,TW,Gross,Forecast,Feb,19821485
CDE,2024,TW,Gross,Forecast,Jan,2275163464
CDE,2024,TW,Gross,Forecast,Jan,2220792421
CDE,2024,TW,Gross,Forecast,Jul,182863759
CDE,2024,TW,Gross,Forecast,Jul,1954283731
CDE,2024,TW,Gross,Forecast,Jun,438846076
CDE,2024,TW,Gross,Forecast,Jun,1874044121
CDE,2024,TW,Gross,Forecast,Mar,1059568831
CDE,2024,TW,Gross,Forecast,Mar,3043687638
CDE,2024,TW,Gross,Forecast,May,508109660
CDE,2024,TW,Gross,Forecast,May,1827036848
CDE,2024,TW,Gross,Forecast,Nov,1063277712
CDE,2024,TW,Gross,Forecast,Nov,2302911018
CDE,2024,TW,Gross,Forecast,Oct,1955924843
CDE,2024,TW,Gross,Forecast,Oct,1260330834
CDE,2024,TW,Gross,Forecast,Sep,663772023
CDE,2024,TW,Gross,Forecast,Sep,761608856
CDE,2024,TW,Net,Actual,Apr,1036220025
CDE,2024,TW,Net,Actual,Apr,456650444
CDE,2024,TW,Net,Actual,Aug,1763697430
CDE,2024,TW,Net,Actual,Aug,1237211524
CDE,2024,TW,Net,Actual,Dec,690658089
CDE,2024,TW,Net,Actual,Dec,1822017480
CDE,2024,TW,Net,Actual,Feb,1836272004
CDE,2024,TW,Net,Actual,Feb,99095017
CDE,2024,TW,Net,Actual,Jan,1659128877
CDE,2024,TW,Net,Actual,Jan,164877080
CDE,2024,TW,Net,Actual,Jul,80776240
CDE,2024,TW,Net,Actual,Jul,1938878804
CDE,2024,TW,Net,Actual,Jun,957948214
CDE,2024,TW,Net,Actual,Jun,816286852
CDE,2024,TW,Net,Actual,Mar,3118810389
CDE,2024,TW,Net,Actual,Mar,1869119860
CDE,2024,TW,Net,Actual,May,1744925040
CDE,2024,TW,Net,Actual,May,2252191874
CDE,2024,TW,Net,Actual,Nov,4673821150
CDE,2024,TW,Net,Actual,Nov,459081655
CDE,2024,TW,Net,Actual,Oct,1791145397
CDE,2024,TW,Net,Actual,Oct,1391406296
CDE,2024,TW,Net,Actual,Sep,474259495
CDE,2024,TW,Net,Actual,Sep,1374090528
CDE,2024,TW,Net,Budget,Apr,1807642307
CDE,2024,TW,Net,Budget,Apr,2229787595
CDE,2024,TW,Net,Budget,Aug,1579770975
CDE,2024,TW,Net,Budget,Aug,757786173
CDE,2024,TW,Net,Budget,Dec,1359489731
CDE,2024,TW,Net,Budget,Dec,1763069790
CDE,2024,TW,Net,Budget,Feb,2167804376
CDE,2024,TW,Net,Budget,Feb,562497620
CDE,2024,TW,Net,Budget,Jan,2416879505
CDE,2024,TW,Net,Budget,Jan,2403963366
CDE,2024,TW,Net,Budget,Jul,1663800794
CDE,2024,TW,Net,Budget,Jul,2068435167
CDE,2024,TW,Net,Budget,Jun,1477620248
CDE,2024,TW,Net,Budget,Jun,1669371593
CDE,2024,TW,Net,Budget,Mar,3136121159
CDE,2024,TW,Net,Budget,Mar,3751176692
CDE,2024,TW,Net,Budget,May,1853783213
CDE,2024,TW,Net,Budget,May,868054949
CDE,2024,TW,Net,Budget,Nov,865077321
CDE,2024,TW,Net,Budget,Nov,3892614472
CDE,2024,TW,Net,Budget,Oct,740999680
CDE,2024,TW,Net,Budget,Oct,1068811669
CDE,2024,TW,Net,Budget,Sep,262229166
CDE,2024,TW,Net,Budget,Sep,919206646
CDE,2024,TW,Net,Forecast,Apr,1365820898
CDE,2024,TW,Net,Forecast,Apr,114580925
CDE,2024,TW,Net,Forecast,Aug,1459231459
CDE,2024,TW,Net,Forecast,Aug,1989451575
CDE,2024,TW,Net,Forecast,Dec,1689791401
CDE,2024,TW,Net,Forecast,Dec,751252586
CDE,2024,TW,Net,Forecast,Feb,97931400
CDE,2024,TW,Net,Forecast,Feb,158813714
CDE,2024,TW,Net,Forecast,Jan,1067580579
CDE,2024,TW,Net,Forecast,Jan,167923578
CDE,2024,TW,Net,Forecast,Jul,1066447892
CDE,2024,TW,Net,Forecast,Jul,293451952
CDE,2024,TW,Net,Forecast,Jun,438405300
CDE,2024,TW,Net,Forecast,Jun,1881395950
CDE,2024,TW,Net,Forecast,Mar,3446381938
CDE,2024,TW,Net,Forecast,Mar,1455083760
CDE,2024,TW,Net,Forecast,May,2181298278
CDE,2024,TW,Net,Forecast,May,2543126073
CDE,2024,TW,Net,Forecast,Nov,832308998
CDE,2024,TW,Net,Forecast,Nov,4530975046
CDE,2024,TW,Net,Forecast,Oct,1352239408
CDE,2024,TW,Net,Forecast,Oct,941969295
CDE,2024,TW,Net,Forecast,Sep,117390106
CDE,2024,TW,Net,Forecast,Sep,767888906
CDE,2024,TW,Op,Actual,Apr,968125815
CDE,2024,TW,Op,Actual,Apr,1171489038
CDE,2024,TW,Op,Actual,Aug,2375832289
CDE,2024,TW,Op,Actual,Aug,831792280
CDE,2024,TW,Op,Actual,Dec,739631638
CDE,2024,TW,Op,Actual,Dec,1896911457
CDE,2024,TW,Op,Actual,Feb,1086796104
CDE,2024,TW,Op,Actual,Feb,2202240627
CDE,2024,TW,Op,Actual,Jan,1574957137
CDE,2024,TW,Op,Actual,Jan,1129266606
CDE,2024,TW,Op,Actual,Jul,1888211938
CDE,2024,TW,Op,Actual,Jul,2092197063
CDE,2024,TW,Op,Actual,Jun,525009633
CDE,2024,TW,Op,Actual,Jun,2329420013
CDE,2024,TW,Op,Actual,Mar,3322875982
CDE,2024,TW,Op,Actual,Mar,149150539
CDE,2024,TW,Op,Actual,May,2711022726
CDE,2024,TW,Op,Actual,May,2146236115
CDE,2024,TW,Op,Actual,Nov,676021099
CDE,2024,TW,Op,Actual,Nov,3138258241
CDE,2024,TW,Op,Actual,Oct,762810488
CDE,2024,TW,Op,Actual,Oct,725824138
CDE,2024,TW,Op,Actual,Sep,1069986127
CDE,2024,TW,Op,Actual,Sep,285778650
CDE,2024,TW,Op,Budget,Apr,722065487
CDE,2024,TW,Op,Budget,Apr,945686276
CDE,2024,TW,Op,Budget,Aug,633827395
CDE,2024,TW,Op,Budget,Aug,2729332226
CDE,2024,TW,Op,Budget,Dec,846996373
CDE,2024,TW,Op,Budget,Dec,660337735
CDE,2024,TW,Op,Budget,Feb,540933664
CDE,2024,TW,Op,Budget,Feb,196034655
CDE,2024,TW,Op,Budget,Jan,2449029851
CDE,2024,TW,Op,Budget,Jan,1517240676
CDE,2024,TW,Op,Budget,Jul,1707273281
CDE,2024,TW,Op,Budget,Jul,87408998
CDE,2024,TW,Op,Budget,Jun,1035338146
CDE,2024,TW,Op,Budget,Jun,2071114404
CDE,2024,TW,Op,Budget,Mar,2119201599
CDE,2024,TW,Op,Budget,Mar,2478152512
CDE,2024,TW,Op,Budget,May,2220028676
CDE,2024,TW,Op,Budget,May,2423845041
CDE,2024,TW,Op,Budget,Nov,2982951577
CDE,2024,TW,Op,Budget,Nov,3309797598
CDE,2024,TW,Op,Budget,Oct,2073533564
CDE,2024,TW,Op,Budget,Oct,161292322
CDE,2024,TW,Op,Budget,Sep,277938649
CDE,2024,TW,Op,Budget,Sep,62748587
CDE,2024,TW,Op,Forecast,Apr,2247982899
CDE,2024,TW,Op,Forecast,Apr,1473719898
CDE,2024,TW,Op,Forecast,Aug,1809140767
CDE,2024,TW,Op,Forecast,Aug,1740876593
CDE,2024,TW,Op,Forecast,Dec,1217244110
CDE,2024,TW,Op,Forecast,Dec,1559814689
CDE,2024,TW,Op,Forecast,Feb,896041883
CDE,2024,TW,Op,Forecast,Feb,1590002913
CDE,2024,TW,Op,Forecast,Jan,857531192
CDE,2024,TW,Op,Forecast,Jan,1512545532
CDE,2024,TW,Op,Forecast,Jul,985573476
CDE,2024,TW,Op,Forecast,Jul,340059894
CDE,2024,TW,Op,Forecast,Jun,400587311
CDE,2024,TW,Op,Forecast,Jun,2144827669
CDE,2024,TW,Op,Forecast,Mar,2448743646
CDE,2024,TW,Op,Forecast,Mar,3063491239
CDE,2024,TW,Op,Forecast,May,2413831950
CDE,2024,TW,Op,Forecast,May,318301102
CDE,2024,TW,Op,Forecast,Nov,192191874
CDE,2024,TW,Op,Forecast,Nov,4217220415
CDE,2024,TW,Op,Forecast,Oct,2331851255
CDE,2024,TW,Op,Forecast,Oct,1352124887
CDE,2024,TW,Op,Forecast,Sep,838056756
CDE,2024,TW,Op,Forecast,Sep,11935705
CDE,2024,UK,Gross,Actual,Apr,360858735
CDE,2024,UK,Gross,Actual,Aug,979177021
CDE,2024,UK,Gross,Actual,Dec,45509338
CDE,2024,UK,Gross,Actual,Feb,961281871
CDE,2024,UK,Gross,Actual,Jan,12401511
CDE,2024,UK,Gross,Actual,Jul,1056693133
CDE,2024,UK,Gross,Actual,Jun,621120285
CDE,2024,UK,Gross,Actual,Mar,328425795
CDE,2024,UK,Gross,Actual,May,1747822298
CDE,2024,UK,Gross,Actual,Nov,210014878
CDE,2024,UK,Gross,Actual,Oct,619948322
CDE,2024,UK,Gross,Actual,Sep,312696892
CDE,2024,UK,Gross,Budget,Apr,575192250
CDE,2024,UK,Gross,Budget,Aug,1595936075
CDE,2024,UK,Gross,Budget,Dec,102915955
CDE,2024,UK,Gross,Budget,Feb,1583232136
CDE,2024,UK,Gross,Budget,Jan,1380550925
CDE,2024,UK,Gross,Budget,Jul,785080759
CDE,2024,UK,Gross,Budget,Jun,1022141531
CDE,2024,UK,Gross,Budget,Mar,2240736925
CDE,2024,UK,Gross,Budget,May,735616078
CDE,2024,UK,Gross,Budget,Nov,1248246864
CDE,2024,UK,Gross,Budget,Oct,1435483726
CDE,2024,UK,Gross,Budget,Sep,1878899050
CDE,2024,UK,Gross,Forecast,Apr,1532749446
CDE,2024,UK,Gross,Forecast,Aug,311224581
CDE,2024,UK,Gross,Forecast,Dec,60309562
CDE,2024,UK,Gross,Forecast,Feb,1261196637
CDE,2024,UK,Gross,Forecast,Jan,2163168438
CDE,2024,UK,Gross,Forecast,Jul,1053237230
CDE,2024,UK,Gross,Forecast,Jun,1225587216
CDE,2024,UK,Gross,Forecast,Mar,1683936960
CDE,2024,UK,Gross,Forecast,May,154093503
CDE,2024,UK,Gross,Forecast,Nov,1066060418
CDE,2024,UK,Gross,Forecast,Oct,2072564208
CDE,2024,UK,Gross,Forecast,Sep,531400073
CDE,2024,UK,Net,Actual,Apr,444747138
CDE,2024,UK,Net,Actual,Aug,150911819
CDE,2024,UK,Net,Actual,Dec,55574873
CDE,2024,UK,Net,Actual,Feb,2751870645
CDE,2024,UK,Net,Actual,Jan,1698011236
CDE,2024,UK,Net,Actual,Jul,450837838
CDE,2024,UK,Net,Actual,Jun,1304669608
CDE,2024,UK,Net,Actual,Mar,1027701951
CDE,2024,UK,Net,Actual,May,789675030
CDE,2024,UK,Net,Actual,Nov,780926098
CDE,2024,UK,Net,Actual,Oct,1659167829
CDE,2024,UK,Net,Actual,Sep,1703701745
CDE,2024,UK,Net,Budget,Apr,1293495618
CDE,2024,UK,Net,Budget,Aug,245274862
CDE,2024,UK,Net,Budget,Dec,48106073
CDE,2024,UK,Net,Budget,Feb,2006467686
CDE,2024,UK,Net,Budget,Jan,896274406
CDE,2024,UK,Net,Budget,Jul,727188837
CDE,2024,UK,Net,Budget,Jun,447942449
CDE,2024,UK,Net,Budget,Mar,1384465373
CDE,2024,UK,Net,Budget,May,345319406
CDE,2024,UK,Net,Budget,Nov,416158991
CDE,2024,UK,Net,Budget,Oct,906525042
CDE,2024,UK,Net,Budget,Sep,1397000011
CDE,2024,UK,Net,Forecast,Apr,881934636
CDE,2024,UK,Net,Forecast,Aug,5725906
CDE,2024,UK,Net,Forecast,Dec,20658869
CDE,2024,UK,Net,Forecast,Feb,2605484337
CDE,2024,UK,Net,Forecast,Jan,434691382
CDE,2024,UK,Net,Forecast,Jul,1814453204
CDE,2024,UK,Net,Forecast,Jun,1235831052
CDE,2024,UK,Net,Forecast,Mar,1560580901
CDE,2024,UK,Net,Forecast,May,1173605574
CDE,2024,UK,Net,Forecast,Nov,646500065
CDE,2024,UK,Net,Forecast,Oct,16481080
CDE,2024,UK,Net,Forecast,Sep,45738192
CDE,2024,UK,Op,Actual,Apr,1344763129
CDE,2024,UK,Op,Actual,Aug,29952318
CDE,2024,UK,Op,Actual,Dec,93127094
CDE,2024,UK,Op,Actual,Feb,948127166
CDE,2024,UK,Op,Actual,Jan,549353037
CDE,2024,UK,Op,Actual,Jul,1083863839
CDE,2024,UK,Op,Actual,Jun,1458614532
CDE,2024,UK,Op,Actual,Mar,869676902
CDE,2024,UK,Op,Actual,May,1067392136
CDE,2024,UK,Op,Actual,Nov,575646357
CDE,2024,UK,Op,Actual,Oct,1367890425
CDE,2024,UK,Op,Actual,Sep,298871937
CDE,2024,UK,Op,Budget,Apr,1836962868
CDE,2024,UK,Op,Budget,Aug,431442952
CDE,2024,UK,Op,Budget,Dec,30365103
CDE,2024,UK,Op,Budget,Feb,852431676
CDE,2024,UK,Op,Budget,Jan,2069678184
CDE,2024,UK,Op,Budget,Jul,420588965
CDE,2024,UK,Op,Budget,Jun,242175694
CDE,2024,UK,Op,Budget,Mar,1766854383
CDE,2024,UK,Op,Budget,May,1794169578
CDE,2024,UK,Op,Budget,Nov,553217792
CDE,2024,UK,Op,Budget,Oct,427437574
CDE,2024,UK,Op,Budget,Sep,351789894
CDE,2024,UK,Op,Forecast,Apr,860972173
CDE,2024,UK,Op,Forecast,Aug,307907627
CDE,2024,UK,Op,Forecast,Dec,46852446
CDE,2024,UK,Op,Forecast,Feb,2463861654
CDE,2024,UK,Op,Forecast,Jan,1865824846
CDE,2024,UK,Op,Forecast,Jul,694118929
CDE,2024,UK,Op,Forecast,Jun,466375732
CDE,2024,UK,Op,Forecast,Mar,1846114462
CDE,2024,UK,Op,Forecast,May,372468771
CDE,2024,UK,Op,Forecast,Nov,146996768
CDE,2024,UK,Op,Forecast,Oct,55686010
CDE,2024,UK,Op,Forecast,Sep,669621371
CDE,2024,VN,Gross,Actual,Apr,1407738180
CDE,2024,VN,Gross,Actual,Aug,687788266
CDE,2024,VN,Gross,Actual,Dec,508092035
CDE,2024,VN,Gross,Actual,Feb,125619245
CDE,2024,VN,Gross,Actual,Jan,281789266
CDE,2024,VN,Gross,Actual,Jul,306632736
CDE,2024,VN,Gross,Actual,Jun,562443680
CDE,2024,VN,Gross,Actual,Mar,149218453
CDE,2024,VN,Gross,Actual,May,517878838
CDE,2024,VN,Gross,Actual,Nov,196867870
CDE,2024,VN,Gross,Actual,Oct,258398381
CDE,2024,VN,Gross,Actual,Sep,578866655
CDE,2024,VN,Gross,Budget,Apr,1360690781
CDE,2024,VN,Gross,Budget,Aug,193906288
CDE,2024,VN,Gross,Budget,Dec,821891260
CDE,2024,VN,Gross,Budget,Feb,368133796
CDE,2024,VN,Gross,Budget,Jan,617214790
CDE,2024,VN,Gross,Budget,Jul,367097250
CDE,2024,VN,Gross,Budget,Jun,1745794949
CDE,2024,VN,Gross,Budget,Mar,217603979
CDE,2024,VN,Gross,Budget,May,1323649949
CDE,2024,VN,Gross,Budget,Nov,45115156
CDE,2024,VN,Gross,Budget,Oct,164773649
CDE,2024,VN,Gross,Budget,Sep,839193726
CDE,2024,VN,Gross,Forecast,Apr,1343622680
CDE,2024,VN,Gross,Forecast,Aug,777172089
CDE,2024,VN,Gross,Forecast,Dec,372934529
CDE,2024,VN,Gross,Forecast,Feb,179112896
CDE,2024,VN,Gross,Forecast,Jan,304120565
CDE,2024,VN,Gross,Forecast,Jul,199551226
CDE,2024,VN,Gross,Forecast,Jun,1879191157
CDE,2024,VN,Gross,Forecast,Mar,1563092572
CDE,2024,VN,Gross,Forecast,May,1680244352
CDE,2024,VN,Gross,Forecast,Nov,261878585
CDE,2024,VN,Gross,Forecast,Oct,199887852
CDE,2024,VN,Gross,Forecast,Sep,889915898
CDE,2024,VN,Net,Actual,Apr,211747834
CDE,2024,VN,Net,Actual,Aug,709991812
CDE,2024,VN,Net,Actual,Dec,439542311
CDE,2024,VN,Net,Actual,Feb,75027695
CDE,2024,VN,Net,Actual,Jan,240974970
CDE,2024,VN,Net,Actual,Jul,169876610
CDE,2024,VN,Net,Actual,Jun,1130484522
CDE,2024,VN,Net,Actual,Mar,2044702475
CDE,2024,VN,Net,Actual,May,1304270914
CDE,2024,VN,Net,Actual,Nov,255736701
CDE,2024,VN,Net,Actual,Oct,112976415
CDE,2024,VN,Net,Actual,Sep,848837093
CDE,2024,VN,Net,Budget,Apr,563523004
CDE,2024,VN,Net,Budget,Aug,591223552
CDE,2024,VN,Net,Budget,Dec,454254683
CDE,2024,VN,Net,Budget,Feb,391374054
CDE,2024,VN,Net,Budget,Jan,634159114
CDE,2024,VN,Net,Budget,Jul,678855446
CDE,2024,VN,Net,Budget,Jun,320763404
CDE,2024,VN,Net,Budget,Mar,1724639039
CDE,2024,VN,Net,Budget,May,1313562211
CDE,2024,VN,Net,Budget,Nov,90125096
CDE,2024,VN,Net,Budget,Oct,694444284
CDE,2024,VN,Net,Budget,Sep,117829133
CDE,2024,VN,Net,Forecast,Apr,1334537627
CDE,2024,VN,Net,Forecast,Aug,335993035
CDE,2024,VN,Net,Forecast,Dec,79535740
CDE,2024,VN,Net,Forecast,Feb,257285234
CDE,2024,VN,Net,Forecast,Jan,406076527
CDE,2024,VN,Net,Forecast,Jul,735723969
CDE,2024,VN,Net,Forecast,Jun,1414707194
CDE,2024,VN,Net,Forecast,Mar,2087403105
CDE,2024,VN,Net,Forecast,May,1137982384
CDE,2024,VN,Net,Forecast,Nov,105189107
CDE,2024,VN,Net,Forecast,Oct,131987895
CDE,2024,VN,Net,Forecast,Sep,200857487
CDE,2024,VN,Op,Actual,Apr,330549513
CDE,2024,VN,Op,Actual,Aug,823903399
CDE,2024,VN,Op,Actual,Dec,96521342
CDE,2024,VN,Op,Actual,Feb,283205650
CDE,2024,VN,Op,Actual,Jan,256632839
CDE,2024,VN,Op,Actual,Jul,797017289
CDE,2024,VN,Op,Actual,Jun,1450882439
CDE,2024,VN,Op,Actual,Mar,244450490
CDE,2024,VN,Op,Actual,May,803074384
CDE,2024,VN,Op,Actual,Nov,183511537
CDE,2024,VN,Op,Actual,Oct,427926635
CDE,2024,VN,Op,Actual,Sep,606160137
CDE,2024,VN,Op,Budget,Apr,431696741
CDE,2024,VN,Op,Budget,Aug,83834089
CDE,2024,VN,Op,Budget,Dec,96311591
CDE,2024,VN,Op,Budget,Feb,145294910
CDE,2024,VN,Op,Budget,Jan,126058452
CDE,2024,VN,Op,Budget,Jul,658219377
CDE,2024,VN,Op,Budget,Jun,136975094
CDE,2024,VN,Op,Budget,Mar,2000886025
CDE,2024,VN,Op,Budget,May,251269793
CDE,2024,VN,Op,Budget,Nov,133527484
CDE,2024,VN,Op,Budget,Oct,343331462
CDE,2024,VN,Op,Budget,Sep,175521376
CDE,2024,VN,Op,Forecast,Apr,933287745
CDE,2024,VN,Op,Forecast,Aug,625545773
CDE,2024,VN,Op,Forecast,Dec,681457356
CDE,2024,VN,Op,Forecast,Feb,181045648
CDE,2024,VN,Op,Forecast,Jan,98557465
CDE,2024,VN,Op,Forecast,Jul,678222359
CDE,2024,VN,Op,Forecast,Jun,184191252
CDE,2024,VN,Op,Forecast,Mar,378603371
CDE,2024,VN,Op,Forecast,May,1374213999
CDE,2024,VN,Op,Forecast,Nov,308080590
CDE,2024,VN,Op,Forecast,Oct,450786933
CDE,2024,VN,Op,Forecast,Sep,398548920
CDE,2024,VSA,Gross,Actual,Apr,38662404490
CDE,2024,VSA,Gross,Actual,Aug,13770660075
CDE,2024,VSA,Gross,Actual,Dec,7109497437
CDE,2024,VSA,Gross,Actual,Feb,37556760668
CDE,2024,VSA,Gross,Actual,Jan,22554748992
CDE,2024,VSA,Gross,Actual,Jul,13476707952
CDE,2024,VSA,Gross,Actual,Jun,16687144137
CDE,2024,VSA,Gross,Actual,Mar,26957036983
CDE,2024,VSA,Gross,Actual,May,11136798295
CDE,2024,VSA,Gross,Actual,Nov,42034393225
CDE,2024,VSA,Gross,Actual,Oct,27934475398
CDE,2024,VSA,Gross,Actual,Sep,1441646804
CDE,2024,VSA,Gross,Budget,Apr,6331400060
CDE,2024,VSA,Gross,Budget,Aug,16420096632
CDE,2024,VSA,Gross,Budget,Dec,19812611089
CDE,2024,VSA,Gross,Budget,Feb,2435226652
CDE,2024,VSA,Gross,Budget,Jan,25616697282
CDE,2024,VSA,Gross,Budget,Jul,29562881014
CDE,2024,VSA,Gross,Budget,Jun,29346785296
CDE,2024,VSA,Gross,Budget,Mar,7273640670
CDE,2024,VSA,Gross,Budget,May,17597757935
CDE,2024,VSA,Gross,Budget,Nov,51755664528
CDE,2024,VSA,Gross,Budget,Oct,22111691074
CDE,2024,VSA,Gross,Budget,Sep,59649701237
CDE,2024,VSA,Gross,Forecast,Apr,40502124128
CDE,2024,VSA,Gross,Forecast,Aug,42082288704
CDE,2024,VSA,Gross,Forecast,Dec,9197501010
CDE,2024,VSA,Gross,Forecast,Feb,28416149383
CDE,2024,VSA,Gross,Forecast,Jan,14800953076
CDE,2024,VSA,Gross,Forecast,Jul,1185428965
CDE,2024,VSA,Gross,Forecast,Jun,19965352712
CDE,2024,VSA,Gross,Forecast,Mar,6255246335
CDE,2024,VSA,Gross,Forecast,May,9671136251
CDE,2024,VSA,Gross,Forecast,Nov,44773467674
CDE,2024,VSA,Gross,Forecast,Oct,35383444809
CDE,2024,VSA,Gross,Forecast,Sep,48586649184
CDE,2024,VSA,Net,Actual,Apr,23256463418
CDE,2024,VSA,Net,Actual,Aug,14759421821
CDE,2024,VSA,Net,Actual,Dec,18395120657
CDE,2024,VSA,Net,Actual,Feb,42165788217
CDE,2024,VSA,Net,Actual,Jan,5703290394
CDE,2024,VSA,Net,Actual,Jul,8375941791
CDE,2024,VSA,Net,Actual,Jun,4450700518
CDE,2024,VSA,Net,Actual,Mar,36462625105
CDE,2024,VSA,Net,Actual,May,17311561598
CDE,2024,VSA,Net,Actual,Nov,38324174037
CDE,2024,VSA,Net,Actual,Oct,41998145649
CDE,2024,VSA,Net,Actual,Sep,30759319056
CDE,2024,VSA,Net,Budget,Apr,30506040819
CDE,2024,VSA,Net,Budget,Aug,33258403821
CDE,2024,VSA,Net,Budget,Dec,6040304718
CDE,2024,VSA,Net,Budget,Feb,28379299043
CDE,2024,VSA,Net,Budget,Jan,27544566095
CDE,2024,VSA,Net,Budget,Jul,21823487572
CDE,2024,VSA,Net,Budget,Jun,27745610990
CDE,2024,VSA,Net,Budget,Mar,737013764
CDE,2024,VSA,Net,Budget,May,2725945674
CDE,2024,VSA,Net,Budget,Nov,37726639982
CDE,2024,VSA,Net,Budget,Oct,14000249329
CDE,2024,VSA,Net,Budget,Sep,45741642216
CDE,2024,VSA,Net,Forecast,Apr,37004512732
CDE,2024,VSA,Net,Forecast,Aug,20391553447
CDE,2024,VSA,Net,Forecast,Dec,34791407477
CDE,2024,VSA,Net,Forecast,Feb,39840668358
CDE,2024,VSA,Net,Forecast,Jan,24841254458
CDE,2024,VSA,Net,Forecast,Jul,39738045929
CDE,2024,VSA,Net,Forecast,Jun,25797693245
CDE,2024,VSA,Net,Forecast,Mar,9516766991
CDE,2024,VSA,Net,Forecast,May,10811770263
CDE,2024,VSA,Net,Forecast,Nov,4561730515
CDE,2024,VSA,Net,Forecast,Oct,15772284958
CDE,2024,VSA,Net,Forecast,Sep,37164567609
CDE,2024,VSA,Op,Actual,Apr,7308324536
CDE,2024,VSA,Op,Actual,Aug,19987800102
CDE,2024,VSA,Op,Actual,Dec,17535704302
CDE,2024,VSA,Op,Actual,Feb,31689034774
CDE,2024,VSA,Op,Actual,Jan,14944179
CDE,2024,VSA,Op,Actual,Jul,32276688275
CDE,2024,VSA,Op,Actual,Jun,1125038887
CDE,2024,VSA,Op,Actual,Mar,6481346595
CDE,2024,VSA,Op,Actual,May,2928794811
CDE,2024,VSA,Op,Actual,Nov,19379066894
CDE,2024,VSA,Op,Actual,Oct,35962134264
CDE,2024,VSA,Op,Actual,Sep,11261464509
CDE,2024,VSA,Op,Budget,Apr,15494563905
CDE,2024,VSA,Op,Budget,Aug,2549729931
CDE,2024,VSA,Op,Budget,Dec,38202481678
CDE,2024,VSA,Op,Budget,Feb,15841014068
CDE,2024,VSA,Op,Budget,Jan,2541821455
CDE,2024,VSA,Op,Budget,Jul,24326787701
CDE,2024,VSA,Op,Budget,Jun,24572297765
CDE,2024,VSA,Op,Budget,Mar,10969228615
CDE,2024,VSA,Op,Budget,May,9616588798
CDE,2024,VSA,Op,Budget,Nov,27750116883
CDE,2024,VSA,Op,Budget,Oct,32814206402
CDE,2024,VSA,Op,Budget,Sep,43425052693
CDE,2024,VSA,Op,Forecast,Apr,29100720181
CDE,2024,VSA,Op,Forecast,Aug,36013097066
CDE,2024,VSA,Op,Forecast,Dec,36303609553
CDE,2024,VSA,Op,Forecast,Feb,18201288417
CDE,2024,VSA,Op,Forecast,Jan,18646237679
CDE,2024,VSA,Op,Forecast,Jul,25403005136
CDE,2024,VSA,Op,Forecast,Jun,8512187043
CDE,2024,VSA,Op,Forecast,Mar,2441221607
CDE,2024,VSA,Op,Forecast,May,11463620005
CDE,2024,VSA,Op,Forecast,Nov,31980832726
CDE,2024,VSA,Op,Forecast,Oct,9294206058
CDE,2024,VSA,Op,Forecast,Sep,26443834720
CDE,2024,VSC,Gross,Actual,Apr,115076006205
CDE,2024,VSC,Gross,Actual,Aug,53122523238
CDE,2024,VSC,Gross,Actual,Dec,63829279180
CDE,2024,VSC,Gross,Actual,Feb,71641659885
CDE,2024,VSC,Gross,Actual,Jan,99028206278
CDE,2024,VSC,Gross,Actual,Jul,46118165956
CDE,2024,VSC,Gross,Actual,Jun,84450010519
CDE,2024,VSC,Gross,Actual,Mar,56201050263
CDE,2024,VSC,Gross,Actual,May,26069345503
CDE,2024,VSC,Gross,Actual,Nov,111788701784
CDE,2024,VSC,Gross,Actual,Oct,2447892824
CDE,2024,VSC,Gross,Actual,Sep,26622760640
CDE,2024,VSC,Gross,Budget,Apr,61640580052
CDE,2024,VSC,Gross,Budget,Aug,13841496869
CDE,2024,VSC,Gross,Budget,Dec,62079820601
CDE,2024,VSC,Gross,Budget,Feb,42216576418
CDE,2024,VSC,Gross,Budget,Jan,72925683063
CDE,2024,VSC,Gross,Budget,Jul,40457057442
CDE,2024,VSC,Gross,Budget,Jun,48958866834
CDE,2024,VSC,Gross,Budget,Mar,92377788301
CDE,2024,VSC,Gross,Budget,May,76201131870
CDE,2024,VSC,Gross,Budget,Nov,90895345091
CDE,2024,VSC,Gross,Budget,Oct,60484540187
CDE,2024,VSC,Gross,Budget,Sep,75745006028
CDE,2024,VSC,Gross,Forecast,Apr,44057470151
CDE,2024,VSC,Gross,Forecast,Aug,30612383713
CDE,2024,VSC,Gross,Forecast,Dec,64590554019
CDE,2024,VSC,Gross,Forecast,Feb,51606612359
CDE,2024,VSC,Gross,Forecast,Jan,106971529072
CDE,2024,VSC,Gross,Forecast,Jul,87601224302
CDE,2024,VSC,Gross,Forecast,Jun,83737695718
CDE,2024,VSC,Gross,Forecast,Mar,19174483612
CDE,2024,VSC,Gross,Forecast,May,11317527643
CDE,2024,VSC,Gross,Forecast,Nov,26979116348
CDE,2024,VSC,Gross,Forecast,Oct,66114121740
CDE,2024,VSC,Gross,Forecast,Sep,5982967082
CDE,2024,VSC,Net,Actual,Apr,39392425944
CDE,2024,VSC,Net,Actual,Aug,71211826974
CDE,2024,VSC,Net,Actual,Dec,112891887950
CDE,2024,VSC,Net,Actual,Feb,102032218091
CDE,2024,VSC,Net,Actual,Jan,2029141051
CDE,2024,VSC,Net,Actual,Jul,79577570247
CDE,2024,VSC,Net,Actual,Jun,64829643690
CDE,2024,VSC,Net,Actual,Mar,129799785294
CDE,2024,VSC,Net,Actual,May,5534576156
CDE,2024,VSC,Net,Actual,Nov,73842808642
CDE,2024,VSC,Net,Actual,Oct,43578921593
CDE,2024,VSC,Net,Actual,Sep,47977896877
CDE,2024,VSC,Net,Budget,Apr,41602618096
CDE,2024,VSC,Net,Budget,Aug,5773944136
CDE,2024,VSC,Net,Budget,Dec,123464224925
CDE,2024,VSC,Net,Budget,Feb,68976098902
CDE,2024,VSC,Net,Budget,Jan,89999310658
CDE,2024,VSC,Net,Budget,Jul,89338720807
CDE,2024,VSC,Net,Budget,Jun,98040246144
CDE,2024,VSC,Net,Budget,Mar,58309703160
CDE,2024,VSC,Net,Budget,May,9505056286
CDE,2024,VSC,Net,Budget,Nov,130807240557
CDE,2024,VSC,Net,Budget,Oct,73327975921
CDE,2024,VSC,Net,Budget,Sep,56500358282
CDE,2024,VSC,Net,Forecast,Apr,20625358446
CDE,2024,VSC,Net,Forecast,Aug,55043877177
CDE,2024,VSC,Net,Forecast,Dec,5544784754
CDE,2024,VSC,Net,Forecast,Feb,98902734143
CDE,2024,VSC,Net,Forecast,Jan,3318586753
CDE,2024,VSC,Net,Forecast,Jul,59084179945
CDE,2024,VSC,Net,Forecast,Jun,58426419950
CDE,2024,VSC,Net,Forecast,Mar,43489918743
CDE,2024,VSC,Net,Forecast,May,30952379521
CDE,2024,VSC,Net,Forecast,Nov,77264460250
CDE,2024,VSC,Net,Forecast,Oct,129030905179
CDE,2024,VSC,Net,Forecast,Sep,79503861549
CDE,2024,VSC,Op,Actual,Apr,1549265347
CDE,2024,VSC,Op,Actual,Aug,35932309971
CDE,2024,VSC,Op,Actual,Dec,125502554920
CDE,2024,VSC,Op,Actual,Feb,51725555948
CDE,2024,VSC,Op,Actual,Jan,81878144610
CDE,2024,VSC,Op,Actual,Jul,9806391788
CDE,2024,VSC,Op,Actual,Jun,51458680077
CDE,2024,VSC,Op,Actual,Mar,66634040558
CDE,2024,VSC,Op,Actual,May,66003189315
CDE,2024,VSC,Op,Actual,Nov,76191211752
CDE,2024,VSC,Op,Actual,Oct,48458430293
CDE,2024,VSC,Op,Actual,Sep,45722974828
CDE,2024,VSC,Op,Budget,Apr,50649436910
CDE,2024,VSC,Op,Budget,Aug,49236407403
CDE,2024,VSC,Op,Budget,Dec,79214779375
CDE,2024,VSC,Op,Budget,Feb,50986649854
CDE,2024,VSC,Op,Budget,Jan,32946016526
CDE,2024,VSC,Op,Budget,Jul,17609169546
CDE,2024,VSC,Op,Budget,Jun,32723334336
CDE,2024,VSC,Op,Budget,Mar,101938956107
CDE,2024,VSC,Op,Budget,May,6614766341
CDE,2024,VSC,Op,Budget,Nov,46796060380
CDE,2024,VSC,Op,Budget,Oct,145959476230
CDE,2024,VSC,Op,Budget,Sep,51137699966
CDE,2024,VSC,Op,Forecast,Apr,22262571002
CDE,2024,VSC,Op,Forecast,Aug,50864042674
CDE,2024,VSC,Op,Forecast,Dec,23052322455
CDE,2024,VSC,Op,Forecast,Feb,12622236183
CDE,2024,VSC,Op,Forecast,Jan,94143664557
CDE,2024,VSC,Op,Forecast,Jul,58604331319
CDE,2024,VSC,Op,Forecast,Jun,72656741897
CDE,2024,VSC,Op,Forecast,Mar,69898727206
CDE,2024,VSC,Op,Forecast,May,1580306435
CDE,2024,VSC,Op,Forecast,Nov,51192710481
CDE,2024,VSC,Op,Forecast,Oct,19103016175
CDE,2024,VSC,Op,Forecast,Sep,14080621486
CDE,2024,VSCN,Gross,Actual,Apr,531504093
CDE,2024,VSCN,Gross,Actual,Aug,9129561725
CDE,2024,VSCN,Gross,Actual,Dec,1374473482
CDE,2024,VSCN,Gross,Actual,Feb,5805866202
CDE,2024,VSCN,Gross,Actual,Jan,1604114482
CDE,2024,VSCN,Gross,Actual,Jul,2459823535
CDE,2024,VSCN,Gross,Actual,Jun,1668419963
CDE,2024,VSCN,Gross,Actual,Mar,10507791920
CDE,2024,VSCN,Gross,Actual,May,3152605841
CDE,2024,VSCN,Gross,Actual,Nov,9882844675
CDE,2024,VSCN,Gross,Actual,Oct,10420258880
CDE,2024,VSCN,Gross,Actual,Sep,5007557588
CDE,2024,VSCN,Gross,Budget,Apr,408588477
CDE,2024,VSCN,Gross,Budget,Aug,5639838171
CDE,2024,VSCN,Gross,Budget,Dec,1371093240
CDE,2024,VSCN,Gross,Budget,Feb,6333061461
CDE,2024,VSCN,Gross,Budget,Jan,12349393087
CDE,2024,VSCN,Gross,Budget,Jul,5339535695
CDE,2024,VSCN,Gross,Budget,Jun,3452859775
CDE,2024,VSCN,Gross,Budget,Mar,3214994070
CDE,2024,VSCN,Gross,Budget,May,2881951247
CDE,2024,VSCN,Gross,Budget,Nov,1015630177
CDE,2024,VSCN,Gross,Budget,Oct,6243470477
CDE,2024,VSCN,Gross,Budget,Sep,5709588038
CDE,2024,VSCN,Gross,Forecast,Apr,8238779273
CDE,2024,VSCN,Gross,Forecast,Aug,709144531
CDE,2024,VSCN,Gross,Forecast,Dec,4537464824
CDE,2024,VSCN,Gross,Forecast,Feb,3466607812
CDE,2024,VSCN,Gross,Forecast,Jan,5528972102
CDE,2024,VSCN,Gross,Forecast,Jul,6482966922
CDE,2024,VSCN,Gross,Forecast,Jun,3181655702
CDE,2024,VSCN,Gross,Forecast,Mar,3044362408
CDE,2024,VSCN,Gross,Forecast,May,9525507054
CDE,2024,VSCN,Gross,Forecast,Nov,10509451532
CDE,2024,VSCN,Gross,Forecast,Oct,3150994673
CDE,2024,VSCN,Gross,Forecast,Sep,4137136077
CDE,2024,VSCN,Net,Actual,Apr,8802941543
CDE,2024,VSCN,Net,Actual,Aug,4579846126
CDE,2024,VSCN,Net,Actual,Dec,1926575172
CDE,2024,VSCN,Net,Actual,Feb,1585097714
CDE,2024,VSCN,Net,Actual,Jan,8965675886
CDE,2024,VSCN,Net,Actual,Jul,1027790539
CDE,2024,VSCN,Net,Actual,Jun,5405313336
CDE,2024,VSCN,Net,Actual,Mar,6971169324
CDE,2024,VSCN,Net,Actual,May,11583428937
CDE,2024,VSCN,Net,Actual,Nov,9835086468
CDE,2024,VSCN,Net,Actual,Oct,169790119
CDE,2024,VSCN,Net,Actual,Sep,9496821424
CDE,2024,VSCN,Net,Budget,Apr,4368988903
CDE,2024,VSCN,Net,Budget,Aug,1312118013
CDE,2024,VSCN,Net,Budget,Dec,9310196246
CDE,2024,VSCN,Net,Budget,Feb,2980580557
CDE,2024,VSCN,Net,Budget,Jan,1844923080
CDE,2024,VSCN,Net,Budget,Jul,5898910298
CDE,2024,VSCN,Net,Budget,Jun,6180023769
CDE,2024,VSCN,Net,Budget,Mar,7373089429
CDE,2024,VSCN,Net,Budget,May,1983180921
CDE,2024,VSCN,Net,Budget,Nov,8136314103
CDE,2024,VSCN,Net,Budget,Oct,1174522004
CDE,2024,VSCN,Net,Budget,Sep,8783649554
CDE,2024,VSCN,Net,Forecast,Apr,4079894309
CDE,2024,VSCN,Net,Forecast,Aug,1646425899
CDE,2024,VSCN,Net,Forecast,Dec,1016138682
CDE,2024,VSCN,Net,Forecast,Feb,189425309
CDE,2024,VSCN,Net,Forecast,Jan,6872514535
CDE,2024,VSCN,Net,Forecast,Jul,8473579682
CDE,2024,VSCN,Net,Forecast,Jun,7694247136
CDE,2024,VSCN,Net,Forecast,Mar,9665390958
CDE,2024,VSCN,Net,Forecast,May,11209457243
CDE,2024,VSCN,Net,Forecast,Nov,582971331
CDE,2024,VSCN,Net,Forecast,Oct,3874819803
CDE,2024,VSCN,Net,Forecast,Sep,6001448651
CDE,2024,VSCN,Op,Actual,Apr,5443021328
CDE,2024,VSCN,Op,Actual,Aug,8662715614
CDE,2024,VSCN,Op,Actual,Dec,6889772479
CDE,2024,VSCN,Op,Actual,Feb,7914321301
CDE,2024,VSCN,Op,Actual,Jan,747764015
CDE,2024,VSCN,Op,Actual,Jul,6500679881
CDE,2024,VSCN,Op,Actual,Jun,7946047663
CDE,2024,VSCN,Op,Actual,Mar,8771169381
CDE,2024,VSCN,Op,Actual,May,8451164815
CDE,2024,VSCN,Op,Actual,Nov,3280288893
CDE,2024,VSCN,Op,Actual,Oct,988799662
CDE,2024,VSCN,Op,Actual,Sep,2773455823
CDE,2024,VSCN,Op,Budget,Apr,47078767
CDE,2024,VSCN,Op,Budget,Aug,6319202631
CDE,2024,VSCN,Op,Budget,Dec,5389507733
CDE,2024,VSCN,Op,Budget,Feb,3604795960
CDE,2024,VSCN,Op,Budget,Jan,10653170937
CDE,2024,VSCN,Op,Budget,Jul,3061085402
CDE,2024,VSCN,Op,Budget,Jun,2348986434
CDE,2024,VSCN,Op,Budget,Mar,7784532022
CDE,2024,VSCN,Op,Budget,May,3305252428
CDE,2024,VSCN,Op,Budget,Nov,7520636758
CDE,2024,VSCN,Op,Budget,Oct,10367768740
CDE,2024,VSCN,Op,Budget,Sep,4416420053
CDE,2024,VSCN,Op,Forecast,Apr,9452338234
CDE,2024,VSCN,Op,Forecast,Aug,789365357
CDE,2024,VSCN,Op,Forecast,Dec,4681953105
CDE,2024,VSCN,Op,Forecast,Feb,5204040617
CDE,2024,VSCN,Op,Forecast,Jan,4966972194
CDE,2024,VSCN,Op,Forecast,Jul,2273027681
CDE,2024,VSCN,Op,Forecast,Jun,2457572244
CDE,2024,VSCN,Op,Forecast,Mar,4446313959
CDE,2024,VSCN,Op,Forecast,May,9510275218
CDE,2024,VSCN,Op,Forecast,Nov,671401849
CDE,2024,VSCN,Op,Forecast,Oct,10262090464
CDE,2024,VSCN,Op,Forecast,Sep,2442990649
CDE,2025,AZ,Gross,Actual,Apr,174416418
CDE,2025,AZ,Gross,Actual,Aug,38615822
CDE,2025,AZ,Gross,Actual,Dec,108317190
CDE,2025,AZ,Gross,Actual,Feb,115451184
CDE,2025,AZ,Gross,Actual,Jan,152524735
CDE,2025,AZ,Gross,Actual,Jul,549326873
CDE,2025,AZ,Gross,Actual,Jun,119785330
CDE,2025,AZ,Gross,Actual,Mar,380727086
CDE,2025,AZ,Gross,Actual,May,1329145385
CDE,2025,AZ,Gross,Actual,Nov,752055357
CDE,2025,AZ,Gross,Actual,Oct,69085452
CDE,2025,AZ,Gross,Actual,Sep,234973530
CDE,2025,AZ,Gross,Budget,Apr,55544910
CDE,2025,AZ,Gross,Budget,Aug,148445093
CDE,2025,AZ,Gross,Budget,Dec,6969386
CDE,2025,AZ,Gross,Budget,Feb,200006300
CDE,2025,AZ,Gross,Budget,Jan,479535963
CDE,2025,AZ,Gross,Budget,Jul,293529703
CDE,2025,AZ,Gross,Budget,Jun,197773635
CDE,2025,AZ,Gross,Budget,Mar,184019022
CDE,2025,AZ,Gross,Budget,May,1482235415
CDE,2025,AZ,Gross,Budget,Nov,979621999
CDE,2025,AZ,Gross,Budget,Oct,73322876
CDE,2025,AZ,Gross,Budget,Sep,2115078792
CDE,2025,AZ,Gross,Forecast,Apr,86809088
CDE,2025,AZ,Gross,Forecast,Aug,157343275
CDE,2025,AZ,Gross,Forecast,Dec,8923109
CDE,2025,AZ,Gross,Forecast,Feb,134066305
CDE,2025,AZ,Gross,Forecast,Jan,637623412
CDE,2025,AZ,Gross,Forecast,Jul,478241772
CDE,2025,AZ,Gross,Forecast,Jun,332160544
CDE,2025,AZ,Gross,Forecast,Mar,600774384
CDE,2025,AZ,Gross,Forecast,May,1459515345
CDE,2025,AZ,Gross,Forecast,Nov,89579119
CDE,2025,AZ,Gross,Forecast,Oct,98161666
CDE,2025,AZ,Gross,Forecast,Sep,1794538853
CDE,2025,AZ,Net,Actual,Apr,61640050
CDE,2025,AZ,Net,Actual,Aug,75387401
CDE,2025,AZ,Net,Actual,Dec,77703242
CDE,2025,AZ,Net,Actual,Feb,54713016
CDE,2025,AZ,Net,Actual,Jan,522015206
CDE,2025,AZ,Net,Actual,Jul,884515171
CDE,2025,AZ,Net,Actual,Jun,9550642
CDE,2025,AZ,Net,Actual,Mar,1083483900
CDE,2025,AZ,Net,Actual,May,1111430610
CDE,2025,AZ,Net,Actual,Nov,59541246
CDE,2025,AZ,Net,Actual,Oct,32852830
CDE,2025,AZ,Net,Actual,Sep,427142262
CDE,2025,AZ,Net,Budget,Apr,79934699
CDE,2025,AZ,Net,Budget,Aug,116179202
CDE,2025,AZ,Net,Budget,Dec,62297443
CDE,2025,AZ,Net,Budget,Feb,18742499
CDE,2025,AZ,Net,Budget,Jan,220090518
CDE,2025,AZ,Net,Budget,Jul,164896434
CDE,2025,AZ,Net,Budget,Jun,158682006
CDE,2025,AZ,Net,Budget,Mar,655701632
CDE,2025,AZ,Net,Budget,May,1968902249
CDE,2025,AZ,Net,Budget,Nov,90077847
CDE,2025,AZ,Net,Budget,Oct,10346084
CDE,2025,AZ,Net,Budget,Sep,212028559
CDE,2025,AZ,Net,Forecast,Apr,109768275
CDE,2025,AZ,Net,Forecast,Aug,42024271
CDE,2025,AZ,Net,Forecast,Dec,51548903
CDE,2025,AZ,Net,Forecast,Feb,77703894
CDE,2025,AZ,Net,Forecast,Jan,564767956
CDE,2025,AZ,Net,Forecast,Jul,939411809
CDE,2025,AZ,Net,Forecast,Jun,54748300
CDE,2025,AZ,Net,Forecast,Mar,137316251
CDE,2025,AZ,Net,Forecast,May,1996217300
CDE,2025,AZ,Net,Forecast,Nov,693065788
CDE,2025,AZ,Net,Forecast,Oct,9521670
CDE,2025,AZ,Net,Forecast,Sep,1860670104
CDE,2025,AZ,Op,Actual,Apr,95625157
CDE,2025,AZ,Op,Actual,Aug,91655489
CDE,2025,AZ,Op,Actual,Dec,135842221
CDE,2025,AZ,Op,Actual,Feb,58399207
CDE,2025,AZ,Op,Actual,Jan,1161459453
CDE,2025,AZ,Op,Actual,Jul,296971287
CDE,2025,AZ,Op,Actual,Jun,186375098
CDE,2025,AZ,Op,Actual,Mar,1170788692
CDE,2025,AZ,Op,Actual,May,2008706827
CDE,2025,AZ,Op,Actual,Nov,967188967
CDE,2025,AZ,Op,Actual,Oct,42999933
CDE,2025,AZ,Op,Actual,Sep,861763345
CDE,2025,AZ,Op,Budget,Apr,7044722
CDE,2025,AZ,Op,Budget,Aug,73757085
CDE,2025,AZ,Op,Budget,Dec,112295148
CDE,2025,AZ,Op,Budget,Feb,44911440
CDE,2025,AZ,Op,Budget,Jan,375320191
CDE,2025,AZ,Op,Budget,Jul,450390315
CDE,2025,AZ,Op,Budget,Jun,87166177
CDE,2025,AZ,Op,Budget,Mar,1593962289
CDE,2025,AZ,Op,Budget,May,474690917
CDE,2025,AZ,Op,Budget,Nov,816745272
CDE,2025,AZ,Op,Budget,Oct,54558544
CDE,2025,AZ,Op,Budget,Sep,1965815623
CDE,2025,AZ,Op,Forecast,Apr,17866868
CDE,2025,AZ,Op,Forecast,Aug,14717904
CDE,2025,AZ,Op,Forecast,Dec,87152791
CDE,2025,AZ,Op,Forecast,Feb,85158425
CDE,2025,AZ,Op,Forecast,Jan,298017662
CDE,2025,AZ,Op,Forecast,Jul,910801217
CDE,2025,AZ,Op,Forecast,Jun,258276609
CDE,2025,AZ,Op,Forecast,Mar,1180254661
CDE,2025,AZ,Op,Forecast,May,724215061
CDE,2025,AZ,Op,Forecast,Nov,339556717
CDE,2025,AZ,Op,Forecast,Oct,30321421
CDE,2025,AZ,Op,Forecast,Sep,1393528098
CDE,2025,BD+,Gross,Actual,Apr,384438870
CDE,2025,BD+,Gross,Actual,Aug,487195175
CDE,2025,BD+,Gross,Actual,Dec,3686719535
CDE,2025,BD+,Gross,Actual,Feb,243163904
CDE,2025,BD+,Gross,Actual,Jan,124627137
CDE,2025,BD+,Gross,Actual,Jul,798983565
CDE,2025,BD+,Gross,Actual,Jun,5679993948
CDE,2025,BD+,Gross,Actual,Mar,765117592
CDE,2025,BD+,Gross,Actual,May,1243855835
CDE,2025,BD+,Gross,Actual,Nov,3936188071
CDE,2025,BD+,Gross,Actual,Oct,1662077590
CDE,2025,BD+,Gross,Actual,Sep,819287273
CDE,2025,BD+,Gross,Budget,Apr,205941514
CDE,2025,BD+,Gross,Budget,Aug,669398755
CDE,2025,BD+,Gross,Budget,Dec,3169356465
CDE,2025,BD+,Gross,Budget,Feb,360961540
CDE,2025,BD+,Gross,Budget,Jan,101877266
CDE,2025,BD+,Gross,Budget,Jul,1680112402
CDE,2025,BD+,Gross,Budget,Jun,5155476913
CDE,2025,BD+,Gross,Budget,Mar,554156676
CDE,2025,BD+,Gross,Budget,May,1090743586
CDE,2025,BD+,Gross,Budget,Nov,1842789297
CDE,2025,BD+,Gross,Budget,Oct,1334666100
CDE,2025,BD+,Gross,Budget,Sep,135081932
CDE,2025,BD+,Gross,Forecast,Apr,577363331
CDE,2025,BD+,Gross,Forecast,Aug,560876734
CDE,2025,BD+,Gross,Forecast,Dec,881026947
CDE,2025,BD+,Gross,Forecast,Feb,244297749
CDE,2025,BD+,Gross,Forecast,Jan,464805283
CDE,2025,BD+,Gross,Forecast,Jul,888305347
CDE,2025,BD+,Gross,Forecast,Jun,5111631346
CDE,2025,BD+,Gross,Forecast,Mar,353835983
CDE,2025,BD+,Gross,Forecast,May,1268388686
CDE,2025,BD+,Gross,Forecast,Nov,2638831373
CDE,2025,BD+,Gross,Forecast,Oct,1011831793
CDE,2025,BD+,Gross,Forecast,Sep,640307943
CDE,2025,BD+,Net,Actual,Apr,319819584
CDE,2025,BD+,Net,Actual,Aug,1570679757
CDE,2025,BD+,Net,Actual,Dec,4065881566
CDE,2025,BD+,Net,Actual,Feb,50058603
CDE,2025,BD+,Net,Actual,Jan,661605835
CDE,2025,BD+,Net,Actual,Jul,1660190976
CDE,2025,BD+,Net,Actual,Jun,1927220658
CDE,2025,BD+,Net,Actual,Mar,1715983548
CDE,2025,BD+,Net,Actual,May,995430458
CDE,2025,BD+,Net,Actual,Nov,168448438
CDE,2025,BD+,Net,Actual,Oct,534495018
CDE,2025,BD+,Net,Actual,Sep,515476119
CDE,2025,BD+,Net,Budget,Apr,856718632
CDE,2025,BD+,Net,Budget,Aug,1945120248
CDE,2025,BD+,Net,Budget,Dec,2279464707
CDE,2025,BD+,Net,Budget,Feb,151494043
CDE,2025,BD+,Net,Budget,Jan,543918006
CDE,2025,BD+,Net,Budget,Jul,1325926399
CDE,2025,BD+,Net,Budget,Jun,7601756228
CDE,2025,BD+,Net,Budget,Mar,553138651
CDE,2025,BD+,Net,Budget,May,2192932857
CDE,2025,BD+,Net,Budget,Nov,1568542856
CDE,2025,BD+,Net,Budget,Oct,948897008
CDE,2025,BD+,Net,Budget,Sep,3107215399
CDE,2025,BD+,Net,Forecast,Apr,686198064
CDE,2025,BD+,Net,Forecast,Aug,1863673981
CDE,2025,BD+,Net,Forecast,Dec,1733629824
CDE,2025,BD+,Net,Forecast,Feb,337746444
CDE,2025,BD+,Net,Forecast,Jan,98623976
CDE,2025,BD+,Net,Forecast,Jul,840445808
CDE,2025,BD+,Net,Forecast,Jun,3842661532
CDE,2025,BD+,Net,Forecast,Mar,1162577150
CDE,2025,BD+,Net,Forecast,May,46436715
CDE,2025,BD+,Net,Forecast,Nov,2580651011
CDE,2025,BD+,Net,Forecast,Oct,872101946
CDE,2025,BD+,Net,Forecast,Sep,1453566700
CDE,2025,BD+,Op,Actual,Apr,1763003109
CDE,2025,BD+,Op,Actual,Aug,473499896
CDE,2025,BD+,Op,Actual,Dec,486510996
CDE,2025,BD+,Op,Actual,Feb,416303803
CDE,2025,BD+,Op,Actual,Jan,281070490
CDE,2025,BD+,Op,Actual,Jul,602441846
CDE,2025,BD+,Op,Actual,Jun,5748371031
CDE,2025,BD+,Op,Actual,Mar,340294786
CDE,2025,BD+,Op,Actual,May,2405034225
CDE,2025,BD+,Op,Actual,Nov,1006756124
CDE,2025,BD+,Op,Actual,Oct,1009877343
CDE,2025,BD+,Op,Actual,Sep,2168658780
CDE,2025,BD+,Op,Budget,Apr,2076329279
CDE,2025,BD+,Op,Budget,Aug,1008611850
CDE,2025,BD+,Op,Budget,Dec,36843374
CDE,2025,BD+,Op,Budget,Feb,350036129
CDE,2025,BD+,Op,Budget,Jan,415483923
CDE,2025,BD+,Op,Budget,Jul,1174045845
CDE,2025,BD+,Op,Budget,Jun,8550596505
CDE,2025,BD+,Op,Budget,Mar,1191254451
CDE,2025,BD+,Op,Budget,May,2641714800
CDE,2025,BD+,Op,Budget,Nov,2796626347
CDE,2025,BD+,Op,Budget,Oct,1544842229
CDE,2025,BD+,Op,Budget,Sep,622735942
CDE,2025,BD+,Op,Forecast,Apr,251441805
CDE,2025,BD+,Op,Forecast,Aug,635695979
CDE,2025,BD+,Op,Forecast,Dec,1480595352
CDE,2025,BD+,Op,Forecast,Feb,301907240
CDE,2025,BD+,Op,Forecast,Jan,14716192
CDE,2025,BD+,Op,Forecast,Jul,882850069
CDE,2025,BD+,Op,Forecast,Jun,1334515080
CDE,2025,BD+,Op,Forecast,Mar,705735190
CDE,2025,BD+,Op,Forecast,May,2400841400
CDE,2025,BD+,Op,Forecast,Nov,1007095134
CDE,2025,BD+,Op,Forecast,Oct,1622455724
CDE,2025,BD+,Op,Forecast,Sep,772477807
CDE,2025,CE,Gross,Actual,Apr,1206318607
CDE,2025,CE,Gross,Actual,Aug,196558008
CDE,2025,CE,Gross,Actual,Dec,248816442
CDE,2025,CE,Gross,Actual,Feb,899275797
CDE,2025,CE,Gross,Actual,Jan,1649775093
CDE,2025,CE,Gross,Actual,Jul,827696530
CDE,2025,CE,Gross,Actual,Jun,874488859
CDE,2025,CE,Gross,Actual,Mar,4142237412
CDE,2025,CE,Gross,Actual,May,677353318
CDE,2025,CE,Gross,Actual,Nov,6353678100
CDE,2025,CE,Gross,Actual,Oct,7027278685
CDE,2025,CE,Gross,Actual,Sep,4865798929
CDE,2025,CE,Gross,Budget,Apr,841691163
CDE,2025,CE,Gross,Budget,Aug,1348739513
CDE,2025,CE,Gross,Budget,Dec,1089471283
CDE,2025,CE,Gross,Budget,Feb,3293737
CDE,2025,CE,Gross,Budget,Jan,664875622
CDE,2025,CE,Gross,Budget,Jul,2181904273
CDE,2025,CE,Gross,Budget,Jun,4261339317
CDE,2025,CE,Gross,Budget,Mar,4887149727
CDE,2025,CE,Gross,Budget,May,226228549
CDE,2025,CE,Gross,Budget,Nov,3383737563
CDE,2025,CE,Gross,Budget,Oct,6892415873
CDE,2025,CE,Gross,Budget,Sep,2462131986
CDE,2025,CE,Gross,Forecast,Apr,634365073
CDE,2025,CE,Gross,Forecast,Aug,808651172
CDE,2025,CE,Gross,Forecast,Dec,355123974
CDE,2025,CE,Gross,Forecast,Feb,1082732368
CDE,2025,CE,Gross,Forecast,Jan,1622756528
CDE,2025,CE,Gross,Forecast,Jul,2962964094
CDE,2025,CE,Gross,Forecast,Jun,3794553207
CDE,2025,CE,Gross,Forecast,Mar,115515320
CDE,2025,CE,Gross,Forecast,May,129629788
CDE,2025,CE,Gross,Forecast,Nov,2307040352
CDE,2025,CE,Gross,Forecast,Oct,2029736825
CDE,2025,CE,Gross,Forecast,Sep,94425235
CDE,2025,CE,Net,Actual,Apr,2451895187
CDE,2025,CE,Net,Actual,Aug,2556510198
CDE,2025,CE,Net,Actual,Dec,681887592
CDE,2025,CE,Net,Actual,Feb,925097802
CDE,2025,CE,Net,Actual,Jan,91413475
CDE,2025,CE,Net,Actual,Jul,866316558
CDE,2025,CE,Net,Actual,Jun,673682483
CDE,2025,CE,Net,Actual,Mar,5243525468
CDE,2025,CE,Net,Actual,May,779400258
CDE,2025,CE,Net,Actual,Nov,2842924113
CDE,2025,CE,Net,Actual,Oct,5750336067
CDE,2025,CE,Net,Actual,Sep,6283586872
CDE,2025,CE,Net,Budget,Apr,2781962847
CDE,2025,CE,Net,Budget,Aug,2459117439
CDE,2025,CE,Net,Budget,Dec,600089327
CDE,2025,CE,Net,Budget,Feb,46741195
CDE,2025,CE,Net,Budget,Jan,968644335
CDE,2025,CE,Net,Budget,Jul,146929005
CDE,2025,CE,Net,Budget,Jun,319951291
CDE,2025,CE,Net,Budget,Mar,4691410242
CDE,2025,CE,Net,Budget,May,900540018
CDE,2025,CE,Net,Budget,Nov,5483227885
CDE,2025,CE,Net,Budget,Oct,1582870488
CDE,2025,CE,Net,Budget,Sep,4086984852
CDE,2025,CE,Net,Forecast,Apr,2321700785
CDE,2025,CE,Net,Forecast,Aug,498501118
CDE,2025,CE,Net,Forecast,Dec,703574415
CDE,2025,CE,Net,Forecast,Feb,2018559193
CDE,2025,CE,Net,Forecast,Jan,564342109
CDE,2025,CE,Net,Forecast,Jul,141257161
CDE,2025,CE,Net,Forecast,Jun,1292488342
CDE,2025,CE,Net,Forecast,Mar,3064303013
CDE,2025,CE,Net,Forecast,May,157974869
CDE,2025,CE,Net,Forecast,Nov,2718438922
CDE,2025,CE,Net,Forecast,Oct,3891198256
CDE,2025,CE,Net,Forecast,Sep,4141978779
CDE,2025,CE,Op,Actual,Apr,87293130
CDE,2025,CE,Op,Actual,Aug,410611373
CDE,2025,CE,Op,Actual,Dec,1360843031
CDE,2025,CE,Op,Actual,Feb,800871126
CDE,2025,CE,Op,Actual,Jan,215770913
CDE,2025,CE,Op,Actual,Jul,1836634165
CDE,2025,CE,Op,Actual,Jun,3386702336
CDE,2025,CE,Op,Actual,Mar,5530335507
CDE,2025,CE,Op,Actual,May,773320360
CDE,2025,CE,Op,Actual,Nov,1031572365
CDE,2025,CE,Op,Actual,Oct,4405836751
CDE,2025,CE,Op,Actual,Sep,2491842315
CDE,2025,CE,Op,Budget,Apr,2738296485
CDE,2025,CE,Op,Budget,Aug,1459869740
CDE,2025,CE,Op,Budget,Dec,164219167
CDE,2025,CE,Op,Budget,Feb,576220808
CDE,2025,CE,Op,Budget,Jan,1515975761
CDE,2025,CE,Op,Budget,Jul,2187730287
CDE,2025,CE,Op,Budget,Jun,703896942
CDE,2025,CE,Op,Budget,Mar,2537937680
CDE,2025,CE,Op,Budget,May,10835612
CDE,2025,CE,Op,Budget,Nov,868249223
CDE,2025,CE,Op,Budget,Oct,1075215112
CDE,2025,CE,Op,Budget,Sep,1780873698
CDE,2025,CE,Op,Forecast,Apr,579835804
CDE,2025,CE,Op,Forecast,Aug,2196715488
CDE,2025,CE,Op,Forecast,Dec,602738518
CDE,2025,CE,Op,Forecast,Feb,1531756556
CDE,2025,CE,Op,Forecast,Jan,1585974542
CDE,2025,CE,Op,Forecast,Jul,1960418394
CDE,2025,CE,Op,Forecast,Jun,4341870427
CDE,2025,CE,Op,Forecast,Mar,2819111153
CDE,2025,CE,Op,Forecast,May,281130843
CDE,2025,CE,Op,Forecast,Nov,1325162009
CDE,2025,CE,Op,Forecast,Oct,886991126
CDE,2025,CE,Op,Forecast,Sep,1322642789
CDE,2025,CH,Gross,Actual,Apr,336478392
CDE,2025,CH,Gross,Actual,Aug,123522509
CDE,2025,CH,Gross,Actual,Dec,254719724
CDE,2025,CH,Gross,Actual,Feb,120633409
CDE,2025,CH,Gross,Actual,Jan,232305020
CDE,2025,CH,Gross,Actual,Jul,166106787
CDE,2025,CH,Gross,Actual,Jun,358119328
CDE,2025,CH,Gross,Actual,Mar,74501542
CDE,2025,CH,Gross,Actual,May,142712188
CDE,2025,CH,Gross,Actual,Nov,148809262
CDE,2025,CH,Gross,Actual,Oct,523652563
CDE,2025,CH,Gross,Actual,Sep,52465245
CDE,2025,CH,Gross,Budget,Apr,171033726
CDE,2025,CH,Gross,Budget,Aug,233290360
CDE,2025,CH,Gross,Budget,Dec,125798080
CDE,2025,CH,Gross,Budget,Feb,344253004
CDE,2025,CH,Gross,Budget,Jan,433514175
CDE,2025,CH,Gross,Budget,Jul,211136293
CDE,2025,CH,Gross,Budget,Jun,286132139
CDE,2025,CH,Gross,Budget,Mar,143513173
CDE,2025,CH,Gross,Budget,May,139006940
CDE,2025,CH,Gross,Budget,Nov,328532247
CDE,2025,CH,Gross,Budget,Oct,407946724
CDE,2025,CH,Gross,Budget,Sep,76289109
CDE,2025,CH,Gross,Forecast,Apr,333087864
CDE,2025,CH,Gross,Forecast,Aug,131647605
CDE,2025,CH,Gross,Forecast,Dec,305395913
CDE,2025,CH,Gross,Forecast,Feb,157994877
CDE,2025,CH,Gross,Forecast,Jan,159462461
CDE,2025,CH,Gross,Forecast,Jul,414353451
CDE,2025,CH,Gross,Forecast,Jun,320019542
CDE,2025,CH,Gross,Forecast,Mar,16396397
CDE,2025,CH,Gross,Forecast,May,57517613
CDE,2025,CH,Gross,Forecast,Nov,22100682
CDE,2025,CH,Gross,Forecast,Oct,462334851
CDE,2025,CH,Gross,Forecast,Sep,131834430
CDE,2025,CH,Net,Actual,Apr,95197593
CDE,2025,CH,Net,Actual,Aug,101988340
CDE,2025,CH,Net,Actual,Dec,134259216
CDE,2025,CH,Net,Actual,Feb,365932516
CDE,2025,CH,Net,Actual,Jan,201027109
CDE,2025,CH,Net,Actual,Jul,6635260
CDE,2025,CH,Net,Actual,Jun,12034157
CDE,2025,CH,Net,Actual,Mar,371999685
CDE,2025,CH,Net,Actual,May,12889553
CDE,2025,CH,Net,Actual,Nov,193957413
CDE,2025,CH,Net,Actual,Oct,224709953
CDE,2025,CH,Net,Actual,Sep,103639615
CDE,2025,CH,Net,Budget,Apr,205888487
CDE,2025,CH,Net,Budget,Aug,171831622
CDE,2025,CH,Net,Budget,Dec,175938449
CDE,2025,CH,Net,Budget,Feb,190389379
CDE,2025,CH,Net,Budget,Jan,70653796
CDE,2025,CH,Net,Budget,Jul,102398374
CDE,2025,CH,Net,Budget,Jun,167726879
CDE,2025,CH,Net,Budget,Mar,213367129
CDE,2025,CH,Net,Budget,May,10311503
CDE,2025,CH,Net,Budget,Nov,356640172
CDE,2025,CH,Net,Budget,Oct,129388367
CDE,2025,CH,Net,Budget,Sep,237823384
CDE,2025,CH,Net,Forecast,Apr,18156127
CDE,2025,CH,Net,Forecast,Aug,70052974
CDE,2025,CH,Net,Forecast,Dec,79067127
CDE,2025,CH,Net,Forecast,Feb,414307887
CDE,2025,CH,Net,Forecast,Jan,184429932
CDE,2025,CH,Net,Forecast,Jul,486979309
CDE,2025,CH,Net,Forecast,Jun,289031737
CDE,2025,CH,Net,Forecast,Mar,55915369
CDE,2025,CH,Net,Forecast,May,74236019
CDE,2025,CH,Net,Forecast,Nov,340656043
CDE,2025,CH,Net,Forecast,Oct,515753705
CDE,2025,CH,Net,Forecast,Sep,28106538
CDE,2025,CH,Op,Actual,Apr,355392119
CDE,2025,CH,Op,Actual,Aug,105426799
CDE,2025,CH,Op,Actual,Dec,7287963
CDE,2025,CH,Op,Actual,Feb,33440907
CDE,2025,CH,Op,Actual,Jan,143604816
CDE,2025,CH,Op,Actual,Jul,442212938
CDE,2025,CH,Op,Actual,Jun,70082244
CDE,2025,CH,Op,Actual,Mar,53012605
CDE,2025,CH,Op,Actual,May,156056251
CDE,2025,CH,Op,Actual,Nov,120250806
CDE,2025,CH,Op,Actual,Oct,380891863
CDE,2025,CH,Op,Actual,Sep,98893937
CDE,2025,CH,Op,Budget,Apr,153236044
CDE,2025,CH,Op,Budget,Aug,132357401
CDE,2025,CH,Op,Budget,Dec,264630420
CDE,2025,CH,Op,Budget,Feb,387193951
CDE,2025,CH,Op,Budget,Jan,32388898
CDE,2025,CH,Op,Budget,Jul,307848508
CDE,2025,CH,Op,Budget,Jun,314305309
CDE,2025,CH,Op,Budget,Mar,429029425
CDE,2025,CH,Op,Budget,May,210411805
CDE,2025,CH,Op,Budget,Nov,76342605
CDE,2025,CH,Op,Budget,Oct,538326874
CDE,2025,CH,Op,Budget,Sep,114944689
CDE,2025,CH,Op,Forecast,Apr,125349021
CDE,2025,CH,Op,Forecast,Aug,90622345
CDE,2025,CH,Op,Forecast,Dec,37942380
CDE,2025,CH,Op,Forecast,Feb,313476326
CDE,2025,CH,Op,Forecast,Jan,338027809
CDE,2025,CH,Op,Forecast,Jul,259727964
CDE,2025,CH,Op,Forecast,Jun,239704746
CDE,2025,CH,Op,Forecast,Mar,111966604
CDE,2025,CH,Op,Forecast,May,210810748
CDE,2025,CH,Op,Forecast,Nov,329217176
CDE,2025,CH,Op,Forecast,Oct,47184678
CDE,2025,CH,Op,Forecast,Sep,45279901
CDE,2025,DC,Gross,Actual,Apr,1220962294
CDE,2025,DC,Gross,Actual,Aug,2137128179
CDE,2025,DC,Gross,Actual,Dec,4483570099
CDE,2025,DC,Gross,Actual,Feb,1234439609
CDE,2025,DC,Gross,Actual,Jan,1170945698
CDE,2025,DC,Gross,Actual,Jul,3147736059
CDE,2025,DC,Gross,Actual,Jun,2293919198
CDE,2025,DC,Gross,Actual,Mar,1800190581
CDE,2025,DC,Gross,Actual,May,2037017271
CDE,2025,DC,Gross,Actual,Nov,1649788891
CDE,2025,DC,Gross,Actual,Oct,4388814643
CDE,2025,DC,Gross,Actual,Sep,2177699625
CDE,2025,DC,Gross,Budget,Apr,396643963
CDE,2025,DC,Gross,Budget,Aug,740012370
CDE,2025,DC,Gross,Budget,Dec,4712057866
CDE,2025,DC,Gross,Budget,Feb,542375476
CDE,2025,DC,Gross,Budget,Jan,977742548
CDE,2025,DC,Gross,Budget,Jul,2359117705
CDE,2025,DC,Gross,Budget,Jun,1464058721
CDE,2025,DC,Gross,Budget,Mar,604653290
CDE,2025,DC,Gross,Budget,May,1363957057
CDE,2025,DC,Gross,Budget,Nov,4932336386
CDE,2025,DC,Gross,Budget,Oct,3243479382
CDE,2025,DC,Gross,Budget,Sep,3756379059
CDE,2025,DC,Gross,Forecast,Apr,349250556
CDE,2025,DC,Gross,Forecast,Aug,1664894109
CDE,2025,DC,Gross,Forecast,Dec,2857335347
CDE,2025,DC,Gross,Forecast,Feb,1781432241
CDE,2025,DC,Gross,Forecast,Jan,1346948348
CDE,2025,DC,Gross,Forecast,Jul,3366539196
CDE,2025,DC,Gross,Forecast,Jun,300725613
CDE,2025,DC,Gross,Forecast,Mar,2789607529
CDE,2025,DC,Gross,Forecast,May,942269282
CDE,2025,DC,Gross,Forecast,Nov,745739125
CDE,2025,DC,Gross,Forecast,Oct,1864306314
CDE,2025,DC,Gross,Forecast,Sep,2278502494
CDE,2025,DC,Net,Actual,Apr,15085401
CDE,2025,DC,Net,Actual,Aug,1299743779
CDE,2025,DC,Net,Actual,Dec,1303918485
CDE,2025,DC,Net,Actual,Feb,56299838
CDE,2025,DC,Net,Actual,Jan,391754727
CDE,2025,DC,Net,Actual,Jul,1796193821
CDE,2025,DC,Net,Actual,Jun,286579154
CDE,2025,DC,Net,Actual,Mar,848341586
CDE,2025,DC,Net,Actual,May,646837225
CDE,2025,DC,Net,Actual,Nov,2533540422
CDE,2025,DC,Net,Actual,Oct,3500530228
CDE,2025,DC,Net,Actual,Sep,1208471491
CDE,2025,DC,Net,Budget,Apr,172236200
CDE,2025,DC,Net,Budget,Aug,1388268079
CDE,2025,DC,Net,Budget,Dec,2760336831
CDE,2025,DC,Net,Budget,Feb,560126890
CDE,2025,DC,Net,Budget,Jan,1040223002
CDE,2025,DC,Net,Budget,Jul,1091645174
CDE,2025,DC,Net,Budget,Jun,2191304788
CDE,2025,DC,Net,Budget,Mar,2760291087
CDE,2025,DC,Net,Budget,May,1490975522
CDE,2025,DC,Net,Budget,Nov,3917823002
CDE,2025,DC,Net,Budget,Oct,645349022
CDE,2025,DC,Net,Budget,Sep,2313254521
CDE,2025,DC,Net,Forecast,Apr,451698901
CDE,2025,DC,Net,Forecast,Aug,958853918
CDE,2025,DC,Net,Forecast,Dec,4254627693
CDE,2025,DC,Net,Forecast,Feb,815866753
CDE,2025,DC,Net,Forecast,Jan,394396444
CDE,2025,DC,Net,Forecast,Jul,553799450
CDE,2025,DC,Net,Forecast,Jun,1957443522
CDE,2025,DC,Net,Forecast,Mar,1507527196
CDE,2025,DC,Net,Forecast,May,580044150
CDE,2025,DC,Net,Forecast,Nov,4036252111
CDE,2025,DC,Net,Forecast,Oct,2822388211
CDE,2025,DC,Net,Forecast,Sep,2152804721
CDE,2025,DC,Op,Actual,Apr,987076859
CDE,2025,DC,Op,Actual,Aug,957413654
CDE,2025,DC,Op,Actual,Dec,2207393229
CDE,2025,DC,Op,Actual,Feb,700115914
CDE,2025,DC,Op,Actual,Jan,24590075
CDE,2025,DC,Op,Actual,Jul,1078816092
CDE,2025,DC,Op,Actual,Jun,1721453136
CDE,2025,DC,Op,Actual,Mar,836457980
CDE,2025,DC,Op,Actual,May,728296081
CDE,2025,DC,Op,Actual,Nov,2079600639
CDE,2025,DC,Op,Actual,Oct,209197815
CDE,2025,DC,Op,Actual,Sep,2162708950
CDE,2025,DC,Op,Budget,Apr,153323435
CDE,2025,DC,Op,Budget,Aug,187776218
CDE,2025,DC,Op,Budget,Dec,896693790
CDE,2025,DC,Op,Budget,Feb,139757295
CDE,2025,DC,Op,Budget,Jan,261104683
CDE,2025,DC,Op,Budget,Jul,2126308597
CDE,2025,DC,Op,Budget,Jun,619774199
CDE,2025,DC,Op,Budget,Mar,2418504537
CDE,2025,DC,Op,Budget,May,1698828217
CDE,2025,DC,Op,Budget,Nov,2557622406
CDE,2025,DC,Op,Budget,Oct,2495110495
CDE,2025,DC,Op,Budget,Sep,2912321906
CDE,2025,DC,Op,Forecast,Apr,611930035
CDE,2025,DC,Op,Forecast,Aug,1024999818
CDE,2025,DC,Op,Forecast,Dec,1130188668
CDE,2025,DC,Op,Forecast,Feb,452877365
CDE,2025,DC,Op,Forecast,Jan,117128519
CDE,2025,DC,Op,Forecast,Jul,2332686893
CDE,2025,DC,Op,Forecast,Jun,1837504572
CDE,2025,DC,Op,Forecast,Mar,978075510
CDE,2025,DC,Op,Forecast,May,1142298569
CDE,2025,DC,Op,Forecast,Nov,1484900231
CDE,2025,DC,Op,Forecast,Oct,1124114784
CDE,2025,DC,Op,Forecast,Sep,913669456
CDE,2025,DE,Gross,Actual,Apr,2427654957
CDE,2025,DE,Gross,Actual,Aug,4920960114
CDE,2025,DE,Gross,Actual,Dec,726029059
CDE,2025,DE,Gross,Actual,Feb,542435322
CDE,2025,DE,Gross,Actual,Jan,2253095349
CDE,2025,DE,Gross,Actual,Jul,4546234404
CDE,2025,DE,Gross,Actual,Jun,873404736
CDE,2025,DE,Gross,Actual,Mar,196744846
CDE,2025,DE,Gross,Actual,May,2166984741
CDE,2025,DE,Gross,Actual,Nov,2788463885
CDE,2025,DE,Gross,Actual,Oct,856012448
CDE,2025,DE,Gross,Actual,Sep,2436167779
CDE,2025,DE,Gross,Budget,Apr,1166591765
CDE,2025,DE,Gross,Budget,Aug,578430925
CDE,2025,DE,Gross,Budget,Dec,1456891255
CDE,2025,DE,Gross,Budget,Feb,207929233
CDE,2025,DE,Gross,Budget,Jan,3325539805
CDE,2025,DE,Gross,Budget,Jul,1832708936
CDE,2025,DE,Gross,Budget,Jun,5114584773
CDE,2025,DE,Gross,Budget,Mar,894164823
CDE,2025,DE,Gross,Budget,May,1842719592
CDE,2025,DE,Gross,Budget,Nov,1373343200
CDE,2025,DE,Gross,Budget,Oct,1262942269
CDE,2025,DE,Gross,Budget,Sep,1593596783
CDE,2025,DE,Gross,Forecast,Apr,3307475217
CDE,2025,DE,Gross,Forecast,Aug,326912789
CDE,2025,DE,Gross,Forecast,Dec,1117961605
CDE,2025,DE,Gross,Forecast,Feb,3925546968
CDE,2025,DE,Gross,Forecast,Jan,3232959156
CDE,2025,DE,Gross,Forecast,Jul,3334480267
CDE,2025,DE,Gross,Forecast,Jun,3678497636
CDE,2025,DE,Gross,Forecast,Mar,1878816846
CDE,2025,DE,Gross,Forecast,May,258366475
CDE,2025,DE,Gross,Forecast,Nov,4497332947
CDE,2025,DE,Gross,Forecast,Oct,1295403903
CDE,2025,DE,Gross,Forecast,Sep,7719963991
CDE,2025,DE,Net,Actual,Apr,3990423379
CDE,2025,DE,Net,Actual,Aug,5023585447
CDE,2025,DE,Net,Actual,Dec,2888786222
CDE,2025,DE,Net,Actual,Feb,1468183894
CDE,2025,DE,Net,Actual,Jan,393129539
CDE,2025,DE,Net,Actual,Jul,1202639884
CDE,2025,DE,Net,Actual,Jun,4584413033
CDE,2025,DE,Net,Actual,Mar,1778994137
CDE,2025,DE,Net,Actual,May,235871429
CDE,2025,DE,Net,Actual,Nov,2497336397
CDE,2025,DE,Net,Actual,Oct,1558670061
CDE,2025,DE,Net,Actual,Sep,1485871090
CDE,2025,DE,Net,Budget,Apr,693040583
CDE,2025,DE,Net,Budget,Aug,497974972
CDE,2025,DE,Net,Budget,Dec,1266131904
CDE,2025,DE,Net,Budget,Feb,1674220441
CDE,2025,DE,Net,Budget,Jan,3168501368
CDE,2025,DE,Net,Budget,Jul,4757908311
CDE,2025,DE,Net,Budget,Jun,1275546300
CDE,2025,DE,Net,Budget,Mar,2516052894
CDE,2025,DE,Net,Budget,May,3656375626
CDE,2025,DE,Net,Budget,Nov,2226096821
CDE,2025,DE,Net,Budget,Oct,8375115
CDE,2025,DE,Net,Budget,Sep,6580904678
CDE,2025,DE,Net,Forecast,Apr,4410213461
CDE,2025,DE,Net,Forecast,Aug,4560961264
CDE,2025,DE,Net,Forecast,Dec,1957697897
CDE,2025,DE,Net,Forecast,Feb,2515902906
CDE,2025,DE,Net,Forecast,Jan,4095831522
CDE,2025,DE,Net,Forecast,Jul,2593470932
CDE,2025,DE,Net,Forecast,Jun,2059105056
CDE,2025,DE,Net,Forecast,Mar,1742201147
CDE,2025,DE,Net,Forecast,May,3530836980
CDE,2025,DE,Net,Forecast,Nov,949710531
CDE,2025,DE,Net,Forecast,Oct,926805591
CDE,2025,DE,Net,Forecast,Sep,4546900959
CDE,2025,DE,Op,Actual,Apr,3281563388
CDE,2025,DE,Op,Actual,Aug,4011433263
CDE,2025,DE,Op,Actual,Dec,1366521347
CDE,2025,DE,Op,Actual,Feb,749357423
CDE,2025,DE,Op,Actual,Jan,1190565441
CDE,2025,DE,Op,Actual,Jul,2230832962
CDE,2025,DE,Op,Actual,Jun,4123219815
CDE,2025,DE,Op,Actual,Mar,1813548647
CDE,2025,DE,Op,Actual,May,3558676967
CDE,2025,DE,Op,Actual,Nov,1696969802
CDE,2025,DE,Op,Actual,Oct,992926797
CDE,2025,DE,Op,Actual,Sep,4636460825
CDE,2025,DE,Op,Budget,Apr,47643069
CDE,2025,DE,Op,Budget,Aug,3510516200
CDE,2025,DE,Op,Budget,Dec,474892012
CDE,2025,DE,Op,Budget,Feb,2182404549
CDE,2025,DE,Op,Budget,Jan,1582178682
CDE,2025,DE,Op,Budget,Jul,694749872
CDE,2025,DE,Op,Budget,Jun,4861525865
CDE,2025,DE,Op,Budget,Mar,2582500916
CDE,2025,DE,Op,Budget,May,1998630544
CDE,2025,DE,Op,Budget,Nov,2371579341
CDE,2025,DE,Op,Budget,Oct,2491907184
CDE,2025,DE,Op,Budget,Sep,5968277844
CDE,2025,DE,Op,Forecast,Apr,4200769538
CDE,2025,DE,Op,Forecast,Aug,2580308689
CDE,2025,DE,Op,Forecast,Dec,2982985118
CDE,2025,DE,Op,Forecast,Feb,2248154810
CDE,2025,DE,Op,Forecast,Jan,1907875168
CDE,2025,DE,Op,Forecast,Jul,3383225169
CDE,2025,DE,Op,Forecast,Jun,4756501429
CDE,2025,DE,Op,Forecast,Mar,121741592
CDE,2025,DE,Op,Forecast,May,1187554930
CDE,2025,DE,Op,Forecast,Nov,3760202798
CDE,2025,DE,Op,Forecast,Oct,2089288217
CDE,2025,DE,Op,Forecast,Sep,5004882742
CDE,2025,ES,Gross,Actual,Apr,704397969
CDE,2025,ES,Gross,Actual,Aug,127261805
CDE,2025,ES,Gross,Actual,Dec,446102907
CDE,2025,ES,Gross,Actual,Feb,113125554
CDE,2025,ES,Gross,Actual,Jan,55540781
CDE,2025,ES,Gross,Actual,Jul,1122465135
CDE,2025,ES,Gross,Actual,Jun,486358239
CDE,2025,ES,Gross,Actual,Mar,939222550
CDE,2025,ES,Gross,Actual,May,325940363
CDE,2025,ES,Gross,Actual,Nov,404445421
CDE,2025,ES,Gross,Actual,Oct,283193776
CDE,2025,ES,Gross,Actual,Sep,109067947
CDE,2025,ES,Gross,Budget,Apr,331784022
CDE,2025,ES,Gross,Budget,Aug,20595858
CDE,2025,ES,Gross,Budget,Dec,147373228
CDE,2025,ES,Gross,Budget,Feb,613987790
CDE,2025,ES,Gross,Budget,Jan,339602557
CDE,2025,ES,Gross,Budget,Jul,993529254
CDE,2025,ES,Gross,Budget,Jun,282937679
CDE,2025,ES,Gross,Budget,Mar,562924916
CDE,2025,ES,Gross,Budget,May,193038988
CDE,2025,ES,Gross,Budget,Nov,668743037
CDE,2025,ES,Gross,Budget,Oct,456462993
CDE,2025,ES,Gross,Budget,Sep,510335766
CDE,2025,ES,Gross,Forecast,Apr,20216967
CDE,2025,ES,Gross,Forecast,Aug,228310867
CDE,2025,ES,Gross,Forecast,Dec,410950625
CDE,2025,ES,Gross,Forecast,Feb,102499144
CDE,2025,ES,Gross,Forecast,Jan,864752597
CDE,2025,ES,Gross,Forecast,Jul,798956952
CDE,2025,ES,Gross,Forecast,Jun,519208183
CDE,2025,ES,Gross,Forecast,Mar,397536142
CDE,2025,ES,Gross,Forecast,May,224325697
CDE,2025,ES,Gross,Forecast,Nov,14306572
CDE,2025,ES,Gross,Forecast,Oct,94808274
CDE,2025,ES,Gross,Forecast,Sep,206236512
CDE,2025,ES,Net,Actual,Apr,710595333
CDE,2025,ES,Net,Actual,Aug,492111641
CDE,2025,ES,Net,Actual,Dec,556742493
CDE,2025,ES,Net,Actual,Feb,532395061
CDE,2025,ES,Net,Actual,Jan,985001993
CDE,2025,ES,Net,Actual,Jul,869790949
CDE,2025,ES,Net,Actual,Jun,12459563
CDE,2025,ES,Net,Actual,Mar,247700625
CDE,2025,ES,Net,Actual,May,227263476
CDE,2025,ES,Net,Actual,Nov,58936561
CDE,2025,ES,Net,Actual,Oct,689695394
CDE,2025,ES,Net,Actual,Sep,131061676
CDE,2025,ES,Net,Budget,Apr,140604678
CDE,2025,ES,Net,Budget,Aug,397641696
CDE,2025,ES,Net,Budget,Dec,273353777
CDE,2025,ES,Net,Budget,Feb,516138863
CDE,2025,ES,Net,Budget,Jan,811841420
CDE,2025,ES,Net,Budget,Jul,427935871
CDE,2025,ES,Net,Budget,Jun,214749166
CDE,2025,ES,Net,Budget,Mar,875293337
CDE,2025,ES,Net,Budget,May,179913919
CDE,2025,ES,Net,Budget,Nov,201730715
CDE,2025,ES,Net,Budget,Oct,299447855
CDE,2025,ES,Net,Budget,Sep,390788030
CDE,2025,ES,Net,Forecast,Apr,217692766
CDE,2025,ES,Net,Forecast,Aug,348270422
CDE,2025,ES,Net,Forecast,Dec,108668491
CDE,2025,ES,Net,Forecast,Feb,206683684
CDE,2025,ES,Net,Forecast,Jan,510432673
CDE,2025,ES,Net,Forecast,Jul,990062742
CDE,2025,ES,Net,Forecast,Jun,98717088
CDE,2025,ES,Net,Forecast,Mar,870461317
CDE,2025,ES,Net,Forecast,May,197340523
CDE,2025,ES,Net,Forecast,Nov,377522850
CDE,2025,ES,Net,Forecast,Oct,84006719
CDE,2025,ES,Net,Forecast,Sep,515994468
CDE,2025,ES,Op,Actual,Apr,672074613
CDE,2025,ES,Op,Actual,Aug,431978373
CDE,2025,ES,Op,Actual,Dec,131167365
CDE,2025,ES,Op,Actual,Feb,488868837
CDE,2025,ES,Op,Actual,Jan,197706436
CDE,2025,ES,Op,Actual,Jul,806673035
CDE,2025,ES,Op,Actual,Jun,381016584
CDE,2025,ES,Op,Actual,Mar,636910256
CDE,2025,ES,Op,Actual,May,246737429
CDE,2025,ES,Op,Actual,Nov,23921212
CDE,2025,ES,Op,Actual,Oct,434606255
CDE,2025,ES,Op,Actual,Sep,598203000
CDE,2025,ES,Op,Budget,Apr,355768708
CDE,2025,ES,Op,Budget,Aug,237079852
CDE,2025,ES,Op,Budget,Dec,405771289
CDE,2025,ES,Op,Budget,Feb,173514330
CDE,2025,ES,Op,Budget,Jan,977434058
CDE,2025,ES,Op,Budget,Jul,142156043
CDE,2025,ES,Op,Budget,Jun,162112774
CDE,2025,ES,Op,Budget,Mar,453703562
CDE,2025,ES,Op,Budget,May,389744170
CDE,2025,ES,Op,Budget,Nov,186405028
CDE,2025,ES,Op,Budget,Oct,43121973
CDE,2025,ES,Op,Budget,Sep,416154449
CDE,2025,ES,Op,Forecast,Apr,587346181
CDE,2025,ES,Op,Forecast,Aug,505313272
CDE,2025,ES,Op,Forecast,Dec,338965018
CDE,2025,ES,Op,Forecast,Feb,460152862
CDE,2025,ES,Op,Forecast,Jan,974234352
CDE,2025,ES,Op,Forecast,Jul,398206868
CDE,2025,ES,Op,Forecast,Jun,371981127
CDE,2025,ES,Op,Forecast,Mar,64803496
CDE,2025,ES,Op,Forecast,May,160674000
CDE,2025,ES,Op,Forecast,Nov,728098897
CDE,2025,ES,Op,Forecast,Oct,513681977
CDE,2025,ES,Op,Forecast,Sep,107001923
CDE,2025,FR,Gross,Actual,Apr,2030059308
CDE,2025,FR,Gross,Actual,Aug,3969894147
CDE,2025,FR,Gross,Actual,Dec,2152289089
CDE,2025,FR,Gross,Actual,Feb,1731428024
CDE,2025,FR,Gross,Actual,Jan,1214985168
CDE,2025,FR,Gross,Actual,Jul,2609402390
CDE,2025,FR,Gross,Actual,Jun,576796959
CDE,2025,FR,Gross,Actual,Mar,499437202
CDE,2025,FR,Gross,Actual,May,383491973
CDE,2025,FR,Gross,Actual,Nov,1189699008
CDE,2025,FR,Gross,Actual,Oct,2871508969
CDE,2025,FR,Gross,Actual,Sep,1932539359
CDE,2025,FR,Gross,Budget,Apr,900676480
CDE,2025,FR,Gross,Budget,Aug,3431448014
CDE,2025,FR,Gross,Budget,Dec,1331035057
CDE,2025,FR,Gross,Budget,Feb,1228625989
CDE,2025,FR,Gross,Budget,Jan,1665798932
CDE,2025,FR,Gross,Budget,Jul,2704710256
CDE,2025,FR,Gross,Budget,Jun,3325222133
CDE,2025,FR,Gross,Budget,Mar,1952346628
CDE,2025,FR,Gross,Budget,May,804281894
CDE,2025,FR,Gross,Budget,Nov,2261555212
CDE,2025,FR,Gross,Budget,Oct,3124576250
CDE,2025,FR,Gross,Budget,Sep,887985749
CDE,2025,FR,Gross,Forecast,Apr,2346880836
CDE,2025,FR,Gross,Forecast,Aug,4242213224
CDE,2025,FR,Gross,Forecast,Dec,4293470738
CDE,2025,FR,Gross,Forecast,Feb,1690484694
CDE,2025,FR,Gross,Forecast,Jan,4300448825
CDE,2025,FR,Gross,Forecast,Jul,1184897347
CDE,2025,FR,Gross,Forecast,Jun,1896588608
CDE,2025,FR,Gross,Forecast,Mar,3314037041
CDE,2025,FR,Gross,Forecast,May,182660108
CDE,2025,FR,Gross,Forecast,Nov,3494012020
CDE,2025,FR,Gross,Forecast,Oct,551680132
CDE,2025,FR,Gross,Forecast,Sep,1552317158
CDE,2025,FR,Net,Actual,Apr,2081576541
CDE,2025,FR,Net,Actual,Aug,1165335631
CDE,2025,FR,Net,Actual,Dec,2585682266
CDE,2025,FR,Net,Actual,Feb,60290584
CDE,2025,FR,Net,Actual,Jan,3451355791
CDE,2025,FR,Net,Actual,Jul,1965394221
CDE,2025,FR,Net,Actual,Jun,2138815579
CDE,2025,FR,Net,Actual,Mar,4326174341
CDE,2025,FR,Net,Actual,May,1094888097
CDE,2025,FR,Net,Actual,Nov,1600059760
CDE,2025,FR,Net,Actual,Oct,3216407837
CDE,2025,FR,Net,Actual,Sep,235416346
CDE,2025,FR,Net,Budget,Apr,1428332919
CDE,2025,FR,Net,Budget,Aug,3394185284
CDE,2025,FR,Net,Budget,Dec,210399920
CDE,2025,FR,Net,Budget,Feb,282689872
CDE,2025,FR,Net,Budget,Jan,308736808
CDE,2025,FR,Net,Budget,Jul,620238619
CDE,2025,FR,Net,Budget,Jun,3029278260
CDE,2025,FR,Net,Budget,Mar,3016038684
CDE,2025,FR,Net,Budget,May,679072401
CDE,2025,FR,Net,Budget,Nov,1443088685
CDE,2025,FR,Net,Budget,Oct,2027834876
CDE,2025,FR,Net,Budget,Sep,561774649
CDE,2025,FR,Net,Forecast,Apr,1987318829
CDE,2025,FR,Net,Forecast,Aug,3721698816
CDE,2025,FR,Net,Forecast,Dec,1802296499
CDE,2025,FR,Net,Forecast,Feb,12349440
CDE,2025,FR,Net,Forecast,Jan,3181536335
CDE,2025,FR,Net,Forecast,Jul,1879052651
CDE,2025,FR,Net,Forecast,Jun,914076805
CDE,2025,FR,Net,Forecast,Mar,3765422244
CDE,2025,FR,Net,Forecast,May,1419410844
CDE,2025,FR,Net,Forecast,Nov,2877911634
CDE,2025,FR,Net,Forecast,Oct,3480796240
CDE,2025,FR,Net,Forecast,Sep,1625707049
CDE,2025,FR,Op,Actual,Apr,165866904
CDE,2025,FR,Op,Actual,Aug,1855557103
CDE,2025,FR,Op,Actual,Dec,2908428349
CDE,2025,FR,Op,Actual,Feb,173773619
CDE,2025,FR,Op,Actual,Jan,3241632554
CDE,2025,FR,Op,Actual,Jul,64584786
CDE,2025,FR,Op,Actual,Jun,2202118165
CDE,2025,FR,Op,Actual,Mar,289526834
CDE,2025,FR,Op,Actual,May,604868786
CDE,2025,FR,Op,Actual,Nov,235074002
CDE,2025,FR,Op,Actual,Oct,159435388
CDE,2025,FR,Op,Actual,Sep,1464640517
CDE,2025,FR,Op,Budget,Apr,1027943358
CDE,2025,FR,Op,Budget,Aug,4530926533
CDE,2025,FR,Op,Budget,Dec,2519493041
CDE,2025,FR,Op,Budget,Feb,146318324
CDE,2025,FR,Op,Budget,Jan,4225907896
CDE,2025,FR,Op,Budget,Jul,1647995162
CDE,2025,FR,Op,Budget,Jun,679146252
CDE,2025,FR,Op,Budget,Mar,171481607
CDE,2025,FR,Op,Budget,May,99245942
CDE,2025,FR,Op,Budget,Nov,937919396
CDE,2025,FR,Op,Budget,Oct,28728268
CDE,2025,FR,Op,Budget,Sep,2153107113
CDE,2025,FR,Op,Forecast,Apr,2414519435
CDE,2025,FR,Op,Forecast,Aug,4208030128
CDE,2025,FR,Op,Forecast,Dec,482628575
CDE,2025,FR,Op,Forecast,Feb,180242859
CDE,2025,FR,Op,Forecast,Jan,277665723
CDE,2025,FR,Op,Forecast,Jul,1232174099
CDE,2025,FR,Op,Forecast,Jun,168362831
CDE,2025,FR,Op,Forecast,Mar,1198638265
CDE,2025,FR,Op,Forecast,May,23598225
CDE,2025,FR,Op,Forecast,Nov,510462230
CDE,2025,FR,Op,Forecast,Oct,825612110
CDE,2025,FR,Op,Forecast,Sep,1545872994
CDE,2025,ID,Gross,Actual,Apr,0
CDE,2025,ID,Gross,Actual,Aug,153385827
CDE,2025,ID,Gross,Actual,Dec,844182283
CDE,2025,ID,Gross,Actual,Feb,0
CDE,2025,ID,Gross,Actual,Jan,3153408984
CDE,2025,ID,Gross,Actual,Jul,1198096689
CDE,2025,ID,Gross,Actual,Jun,205077870
CDE,2025,ID,Gross,Actual,Mar,1187957062
CDE,2025,ID,Gross,Actual,May,1274229408
CDE,2025,ID,Gross,Actual,Nov,1629096799
CDE,2025,ID,Gross,Actual,Oct,832568157
CDE,2025,ID,Gross,Actual,Sep,3412949920
CDE,2025,ID,Gross,Budget,Apr,0
CDE,2025,ID,Gross,Budget,Aug,588619531
CDE,2025,ID,Gross,Budget,Dec,580421754
CDE,2025,ID,Gross,Budget,Feb,0
CDE,2025,ID,Gross,Budget,Jan,3901110659
CDE,2025,ID,Gross,Budget,Jul,96201057
CDE,2025,ID,Gross,Budget,Jun,552890738
CDE,2025,ID,Gross,Budget,Mar,1427272642
CDE,2025,ID,Gross,Budget,May,1164893131
CDE,2025,ID,Gross,Budget,Nov,1402023458
CDE,2025,ID,Gross,Budget,Oct,1052292261
CDE,2025,ID,Gross,Budget,Sep,2267078322
CDE,2025,ID,Gross,Forecast,Apr,0
CDE,2025,ID,Gross,Forecast,Aug,311273865
CDE,2025,ID,Gross,Forecast,Dec,259844351
CDE,2025,ID,Gross,Forecast,Feb,0
CDE,2025,ID,Gross,Forecast,Jan,6289684192
CDE,2025,ID,Gross,Forecast,Jul,1195929157
CDE,2025,ID,Gross,Forecast,Jun,631035153
CDE,2025,ID,Gross,Forecast,Mar,5363936146
CDE,2025,ID,Gross,Forecast,May,1290636958
CDE,2025,ID,Gross,Forecast,Nov,3165986378
CDE,2025,ID,Gross,Forecast,Oct,13972078
CDE,2025,ID,Gross,Forecast,Sep,925289208
CDE,2025,ID,Net,Actual,Apr,184235472
CDE,2025,ID,Net,Actual,Aug,2540087488
CDE,2025,ID,Net,Actual,Dec,287922860
CDE,2025,ID,Net,Actual,Feb,159306
CDE,2025,ID,Net,Actual,Jan,3367583019
CDE,2025,ID,Net,Actual,Jul,290480908
CDE,2025,ID,Net,Actual,Jun,251742978
CDE,2025,ID,Net,Actual,Mar,4050516063
CDE,2025,ID,Net,Actual,May,376690563
CDE,2025,ID,Net,Actual,Nov,5061964153
CDE,2025,ID,Net,Actual,Oct,620909799
CDE,2025,ID,Net,Actual,Sep,1614522075
CDE,2025,ID,Net,Budget,Apr,107928834
CDE,2025,ID,Net,Budget,Aug,593135666
CDE,2025,ID,Net,Budget,Dec,385653493
CDE,2025,ID,Net,Budget,Feb,335176
CDE,2025,ID,Net,Budget,Jan,4063194996
CDE,2025,ID,Net,Budget,Jul,1352932154
CDE,2025,ID,Net,Budget,Jun,413633904
CDE,2025,ID,Net,Budget,Mar,4366934525
CDE,2025,ID,Net,Budget,May,145674701
CDE,2025,ID,Net,Budget,Nov,1724069674
CDE,2025,ID,Net,Budget,Oct,511549796
CDE,2025,ID,Net,Budget,Sep,1658491292
CDE,2025,ID,Net,Forecast,Apr,144828038
CDE,2025,ID,Net,Forecast,Aug,1566050370
CDE,2025,ID,Net,Forecast,Dec,465224961
CDE,2025,ID,Net,Forecast,Feb,222457
CDE,2025,ID,Net,Forecast,Jan,5156257722
CDE,2025,ID,Net,Forecast,Jul,713043513
CDE,2025,ID,Net,Forecast,Jun,636818568
CDE,2025,ID,Net,Forecast,Mar,922116331
CDE,2025,ID,Net,Forecast,May,398433658
CDE,2025,ID,Net,Forecast,Nov,1647857598
CDE,2025,ID,Net,Forecast,Oct,256407458
CDE,2025,ID,Net,Forecast,Sep,2005791808
CDE,2025,ID,Op,Actual,Apr,367776364
CDE,2025,ID,Op,Actual,Aug,2144010660
CDE,2025,ID,Op,Actual,Dec,208587403
CDE,2025,ID,Op,Actual,Feb,106370
CDE,2025,ID,Op,Actual,Jan,2751329905
CDE,2025,ID,Op,Actual,Jul,815195585
CDE,2025,ID,Op,Actual,Jun,687836624
CDE,2025,ID,Op,Actual,Mar,4168389838
CDE,2025,ID,Op,Actual,May,1033854288
CDE,2025,ID,Op,Actual,Nov,3663867673
CDE,2025,ID,Op,Actual,Oct,611888010
CDE,2025,ID,Op,Actual,Sep,2354714475
CDE,2025,ID,Op,Budget,Apr,560581075
CDE,2025,ID,Op,Budget,Aug,1200708949
CDE,2025,ID,Op,Budget,Dec,230025188
CDE,2025,ID,Op,Budget,Feb,271122
CDE,2025,ID,Op,Budget,Jan,5404594463
CDE,2025,ID,Op,Budget,Jul,1752389626
CDE,2025,ID,Op,Budget,Jun,739901019
CDE,2025,ID,Op,Budget,Mar,2482347008
CDE,2025,ID,Op,Budget,May,1458507200
CDE,2025,ID,Op,Budget,Nov,1441304483
CDE,2025,ID,Op,Budget,Oct,963037300
CDE,2025,ID,Op,Budget,Sep,1570178898
CDE,2025,ID,Op,Forecast,Apr,502476355
CDE,2025,ID,Op,Forecast,Aug,578336530
CDE,2025,ID,Op,Forecast,Dec,332285727
CDE,2025,ID,Op,Forecast,Feb,239654
CDE,2025,ID,Op,Forecast,Jan,1649125786
CDE,2025,ID,Op,Forecast,Jul,706584902
CDE,2025,ID,Op,Forecast,Jun,115609192
CDE,2025,ID,Op,Forecast,Mar,12726851
CDE,2025,ID,Op,Forecast,May,732471196
CDE,2025,ID,Op,Forecast,Nov,2857500277
CDE,2025,ID,Op,Forecast,Oct,394055297
CDE,2025,ID,Op,Forecast,Sep,1010234542
CDE,2025,IN,Gross,Actual,Apr,1950871675
CDE,2025,IN,Gross,Actual,Aug,5234050994
CDE,2025,IN,Gross,Actual,Dec,4625452305
CDE,2025,IN,Gross,Actual,Feb,4636129002
CDE,2025,IN,Gross,Actual,Jan,409423958
CDE,2025,IN,Gross,Actual,Jul,2342116959
CDE,2025,IN,Gross,Actual,Jun,2169655358
CDE,2025,IN,Gross,Actual,Mar,290263772
CDE,2025,IN,Gross,Actual,May,984741992
CDE,2025,IN,Gross,Actual,Nov,469334538
CDE,2025,IN,Gross,Actual,Oct,1875929659
CDE,2025,IN,Gross,Actual,Sep,1084673101
CDE,2025,IN,Gross,Budget,Apr,3634862998
CDE,2025,IN,Gross,Budget,Aug,225596429
CDE,2025,IN,Gross,Budget,Dec,3413505474
CDE,2025,IN,Gross,Budget,Feb,5344601121
CDE,2025,IN,Gross,Budget,Jan,2075477296
CDE,2025,IN,Gross,Budget,Jul,968486313
CDE,2025,IN,Gross,Budget,Jun,5765990174
CDE,2025,IN,Gross,Budget,Mar,566104523
CDE,2025,IN,Gross,Budget,May,1162400286
CDE,2025,IN,Gross,Budget,Nov,455230256
CDE,2025,IN,Gross,Budget,Oct,75839877
CDE,2025,IN,Gross,Budget,Sep,2891752003
CDE,2025,IN,Gross,Forecast,Apr,7859911620
CDE,2025,IN,Gross,Forecast,Aug,2572473493
CDE,2025,IN,Gross,Forecast,Dec,1692496521
CDE,2025,IN,Gross,Forecast,Feb,3021623006
CDE,2025,IN,Gross,Forecast,Jan,4879782892
CDE,2025,IN,Gross,Forecast,Jul,2369184300
CDE,2025,IN,Gross,Forecast,Jun,521990612
CDE,2025,IN,Gross,Forecast,Mar,668684766
CDE,2025,IN,Gross,Forecast,May,1441991440
CDE,2025,IN,Gross,Forecast,Nov,1536240634
CDE,2025,IN,Gross,Forecast,Oct,1754264409
CDE,2025,IN,Gross,Forecast,Sep,1176454267
CDE,2025,IN,Net,Actual,Apr,3246956463
CDE,2025,IN,Net,Actual,Aug,4572782527
CDE,2025,IN,Net,Actual,Dec,3826040860
CDE,2025,IN,Net,Actual,Feb,560598242
CDE,2025,IN,Net,Actual,Jan,893401265
CDE,2025,IN,Net,Actual,Jul,313632952
CDE,2025,IN,Net,Actual,Jun,3417706041
CDE,2025,IN,Net,Actual,Mar,276240051
CDE,2025,IN,Net,Actual,May,1244066039
CDE,2025,IN,Net,Actual,Nov,821264204
CDE,2025,IN,Net,Actual,Oct,2162693248
CDE,2025,IN,Net,Actual,Sep,1844374629
CDE,2025,IN,Net,Budget,Apr,5489652201
CDE,2025,IN,Net,Budget,Aug,4244513366
CDE,2025,IN,Net,Budget,Dec,3654655300
CDE,2025,IN,Net,Budget,Feb,3093918780
CDE,2025,IN,Net,Budget,Jan,199230687
CDE,2025,IN,Net,Budget,Jul,3476351529
CDE,2025,IN,Net,Budget,Jun,2277911808
CDE,2025,IN,Net,Budget,Mar,89199157
CDE,2025,IN,Net,Budget,May,488319113
CDE,2025,IN,Net,Budget,Nov,82320172
CDE,2025,IN,Net,Budget,Oct,1151598844
CDE,2025,IN,Net,Budget,Sep,1904522255
CDE,2025,IN,Net,Forecast,Apr,3529991149
CDE,2025,IN,Net,Forecast,Aug,1935475707
CDE,2025,IN,Net,Forecast,Dec,2708859486
CDE,2025,IN,Net,Forecast,Feb,2905516454
CDE,2025,IN,Net,Forecast,Jan,6561240146
CDE,2025,IN,Net,Forecast,Jul,2311975947
CDE,2025,IN,Net,Forecast,Jun,3859718459
CDE,2025,IN,Net,Forecast,Mar,1005409559
CDE,2025,IN,Net,Forecast,May,657926821
CDE,2025,IN,Net,Forecast,Nov,913234146
CDE,2025,IN,Net,Forecast,Oct,2349977847
CDE,2025,IN,Net,Forecast,Sep,2364776531
CDE,2025,IN,Op,Actual,Apr,6644350215
CDE,2025,IN,Op,Actual,Aug,5096147148
CDE,2025,IN,Op,Actual,Dec,4122120357
CDE,2025,IN,Op,Actual,Feb,3843838138
CDE,2025,IN,Op,Actual,Jan,6165426585
CDE,2025,IN,Op,Actual,Jul,1852936369
CDE,2025,IN,Op,Actual,Jun,939664066
CDE,2025,IN,Op,Actual,Mar,741343058
CDE,2025,IN,Op,Actual,May,171009297
CDE,2025,IN,Op,Actual,Nov,315130055
CDE,2025,IN,Op,Actual,Oct,377468313
CDE,2025,IN,Op,Actual,Sep,3592281796
CDE,2025,IN,Op,Budget,Apr,5190447437
CDE,2025,IN,Op,Budget,Aug,2932894051
CDE,2025,IN,Op,Budget,Dec,4966355035
CDE,2025,IN,Op,Budget,Feb,415224679
CDE,2025,IN,Op,Budget,Jan,5182729100
CDE,2025,IN,Op,Budget,Jul,1658102702
CDE,2025,IN,Op,Budget,Jun,4499837430
CDE,2025,IN,Op,Budget,Mar,1118323324
CDE,2025,IN,Op,Budget,May,266207913
CDE,2025,IN,Op,Budget,Nov,1141785394
CDE,2025,IN,Op,Budget,Oct,512417230
CDE,2025,IN,Op,Budget,Sep,3046512958
CDE,2025,IN,Op,Forecast,Apr,8451122611
CDE,2025,IN,Op,Forecast,Aug,2731981206
CDE,2025,IN,Op,Forecast,Dec,2589910191
CDE,2025,IN,Op,Forecast,Feb,413462451
CDE,2025,IN,Op,Forecast,Jan,45278888
CDE,2025,IN,Op,Forecast,Jul,166527382
CDE,2025,IN,Op,Forecast,Jun,2528022162
CDE,2025,IN,Op,Forecast,Mar,1044851856
CDE,2025,IN,Op,Forecast,May,1183851664
CDE,2025,IN,Op,Forecast,Nov,196333272
CDE,2025,IN,Op,Forecast,Oct,1602807751
CDE,2025,IN,Op,Forecast,Sep,3456806436
CDE,2025,IT,Gross,Actual,Apr,269057753
CDE,2025,IT,Gross,Actual,Aug,0
CDE,2025,IT,Gross,Actual,Dec,0
CDE,2025,IT,Gross,Actual,Feb,0
CDE,2025,IT,Gross,Actual,Jan,426404249
CDE,2025,IT,Gross,Actual,Jul,2552322
CDE,2025,IT,Gross,Actual,Jun,16005849
CDE,2025,IT,Gross,Actual,Mar,25978439
CDE,2025,IT,Gross,Actual,May,43014293
CDE,2025,IT,Gross,Actual,Nov,268284118
CDE,2025,IT,Gross,Actual,Oct,3281938
CDE,2025,IT,Gross,Actual,Sep,19171799
CDE,2025,IT,Gross,Budget,Apr,310598324
CDE,2025,IT,Gross,Budget,Aug,0
CDE,2025,IT,Gross,Budget,Dec,0
CDE,2025,IT,Gross,Budget,Feb,0
CDE,2025,IT,Gross,Budget,Jan,32452766
CDE,2025,IT,Gross,Budget,Jul,2626302
CDE,2025,IT,Gross,Budget,Jun,28190165
CDE,2025,IT,Gross,Budget,Mar,48021945
CDE,2025,IT,Gross,Budget,May,190076443
CDE,2025,IT,Gross,Budget,Nov,553543737
CDE,2025,IT,Gross,Budget,Oct,6331626
CDE,2025,IT,Gross,Budget,Sep,14968851
CDE,2025,IT,Gross,Forecast,Apr,438182281
CDE,2025,IT,Gross,Forecast,Aug,0
CDE,2025,IT,Gross,Forecast,Dec,0
CDE,2025,IT,Gross,Forecast,Feb,0
CDE,2025,IT,Gross,Forecast,Jan,209052628
CDE,2025,IT,Gross,Forecast,Jul,3007042
CDE,2025,IT,Gross,Forecast,Jun,10115771
CDE,2025,IT,Gross,Forecast,Mar,20636744
CDE,2025,IT,Gross,Forecast,May,13232847
CDE,2025,IT,Gross,Forecast,Nov,226122835
CDE,2025,IT,Gross,Forecast,Oct,4323848
CDE,2025,IT,Gross,Forecast,Sep,8454231
CDE,2025,IT,Net,Actual,Apr,199315520
CDE,2025,IT,Net,Actual,Aug,0
CDE,2025,IT,Net,Actual,Dec,-139894337
CDE,2025,IT,Net,Actual,Feb,-1927282
CDE,2025,IT,Net,Actual,Jan,514990150
CDE,2025,IT,Net,Actual,Jul,8067069
CDE,2025,IT,Net,Actual,Jun,14140722
CDE,2025,IT,Net,Actual,Mar,28262041
CDE,2025,IT,Net,Actual,May,162373545
CDE,2025,IT,Net,Actual,Nov,87677630
CDE,2025,IT,Net,Actual,Oct,-19059597
CDE,2025,IT,Net,Actual,Sep,2646534
CDE,2025,IT,Net,Budget,Apr,221049366
CDE,2025,IT,Net,Budget,Aug,0
CDE,2025,IT,Net,Budget,Dec,-4401247
CDE,2025,IT,Net,Budget,Feb,-5068312
CDE,2025,IT,Net,Budget,Jan,506106812
CDE,2025,IT,Net,Budget,Jul,6058018
CDE,2025,IT,Net,Budget,Jun,14261533
CDE,2025,IT,Net,Budget,Mar,19041074
CDE,2025,IT,Net,Budget,May,127290341
CDE,2025,IT,Net,Budget,Nov,99007236
CDE,2025,IT,Net,Budget,Oct,-10495996
CDE,2025,IT,Net,Budget,Sep,11793477
CDE,2025,IT,Net,Forecast,Apr,245320023
CDE,2025,IT,Net,Forecast,Aug,0
CDE,2025,IT,Net,Forecast,Dec,-121333954
CDE,2025,IT,Net,Forecast,Feb,-2353244
CDE,2025,IT,Net,Forecast,Jan,332373686
CDE,2025,IT,Net,Forecast,Jul,38498
CDE,2025,IT,Net,Forecast,Jun,5190357
CDE,2025,IT,Net,Forecast,Mar,6136535
CDE,2025,IT,Net,Forecast,May,67975521
CDE,2025,IT,Net,Forecast,Nov,155085065
CDE,2025,IT,Net,Forecast,Oct,-2524362
CDE,2025,IT,Net,Forecast,Sep,14660524
CDE,2025,IT,Op,Actual,Apr,86202591
CDE,2025,IT,Op,Actual,Aug,0
CDE,2025,IT,Op,Actual,Dec,-14224166
CDE,2025,IT,Op,Actual,Feb,-4794795
CDE,2025,IT,Op,Actual,Jan,192466386
CDE,2025,IT,Op,Actual,Jul,5484603
CDE,2025,IT,Op,Actual,Jun,6663667
CDE,2025,IT,Op,Actual,Mar,10532
CDE,2025,IT,Op,Actual,May,207229121
CDE,2025,IT,Op,Actual,Nov,386638168
CDE,2025,IT,Op,Actual,Oct,-7437729
CDE,2025,IT,Op,Actual,Sep,8946247
CDE,2025,IT,Op,Budget,Apr,227749575
CDE,2025,IT,Op,Budget,Aug,0
CDE,2025,IT,Op,Budget,Dec,-74382180
CDE,2025,IT,Op,Budget,Feb,-2608461
CDE,2025,IT,Op,Budget,Jan,66842319
CDE,2025,IT,Op,Budget,Jul,6485539
CDE,2025,IT,Op,Budget,Jun,27649610
CDE,2025,IT,Op,Budget,Mar,29122115
CDE,2025,IT,Op,Budget,May,15349470
CDE,2025,IT,Op,Budget,Nov,359144555
CDE,2025,IT,Op,Budget,Oct,-20873454
CDE,2025,IT,Op,Budget,Sep,1518041
CDE,2025,IT,Op,Forecast,Apr,303887525
CDE,2025,IT,Op,Forecast,Aug,0
CDE,2025,IT,Op,Forecast,Dec,-77182034
CDE,2025,IT,Op,Forecast,Feb,-3207870
CDE,2025,IT,Op,Forecast,Jan,311585678
CDE,2025,IT,Op,Forecast,Jul,8353543
CDE,2025,IT,Op,Forecast,Jun,11622342
CDE,2025,IT,Op,Forecast,Mar,35823002
CDE,2025,IT,Op,Forecast,May,43459219
CDE,2025,IT,Op,Forecast,Nov,226489658
CDE,2025,IT,Op,Forecast,Oct,-278696
CDE,2025,IT,Op,Forecast,Sep,9019191
CDE,2025,JP,Gross,Actual,Apr,266662556
CDE,2025,JP,Gross,Actual,Aug,19637607
CDE,2025,JP,Gross,Actual,Dec,726499158
CDE,2025,JP,Gross,Actual,Feb,743511614
CDE,2025,JP,Gross,Actual,Jan,478104330
CDE,2025,JP,Gross,Actual,Jul,437114780
CDE,2025,JP,Gross,Actual,Jun,464517022
CDE,2025,JP,Gross,Actual,Mar,943945860
CDE,2025,JP,Gross,Actual,May,323755505
CDE,2025,JP,Gross,Actual,Nov,89832289
CDE,2025,JP,Gross,Actual,Oct,459076083
CDE,2025,JP,Gross,Actual,Sep,596056554
CDE,2025,JP,Gross,Budget,Apr,683863589
CDE,2025,JP,Gross,Budget,Aug,492384031
CDE,2025,JP,Gross,Budget,Dec,220562463
CDE,2025,JP,Gross,Budget,Feb,299926081
CDE,2025,JP,Gross,Budget,Jan,706855901
CDE,2025,JP,Gross,Budget,Jul,851761188
CDE,2025,JP,Gross,Budget,Jun,820033626
CDE,2025,JP,Gross,Budget,Mar,1324027353
CDE,2025,JP,Gross,Budget,May,588427295
CDE,2025,JP,Gross,Budget,Nov,295250121
CDE,2025,JP,Gross,Budget,Oct,50718066
CDE,2025,JP,Gross,Budget,Sep,762755831
CDE,2025,JP,Gross,Forecast,Apr,346397970
CDE,2025,JP,Gross,Forecast,Aug,437705332
CDE,2025,JP,Gross,Forecast,Dec,103119129
CDE,2025,JP,Gross,Forecast,Feb,382959649
CDE,2025,JP,Gross,Forecast,Jan,604390334
CDE,2025,JP,Gross,Forecast,Jul,521837538
CDE,2025,JP,Gross,Forecast,Jun,1070607566
CDE,2025,JP,Gross,Forecast,Mar,801451663
CDE,2025,JP,Gross,Forecast,May,601027640
CDE,2025,JP,Gross,Forecast,Nov,17913410
CDE,2025,JP,Gross,Forecast,Oct,759246914
CDE,2025,JP,Gross,Forecast,Sep,785425319
CDE,2025,JP,Net,Actual,Apr,844127675
CDE,2025,JP,Net,Actual,Aug,327097151
CDE,2025,JP,Net,Actual,Dec,718720980
CDE,2025,JP,Net,Actual,Feb,416281123
CDE,2025,JP,Net,Actual,Jan,632251949
CDE,2025,JP,Net,Actual,Jul,14493537
CDE,2025,JP,Net,Actual,Jun,981549516
CDE,2025,JP,Net,Actual,Mar,1283802824
CDE,2025,JP,Net,Actual,May,666484180
CDE,2025,JP,Net,Actual,Nov,559867743
CDE,2025,JP,Net,Actual,Oct,681678373
CDE,2025,JP,Net,Actual,Sep,483156216
CDE,2025,JP,Net,Budget,Apr,859285358
CDE,2025,JP,Net,Budget,Aug,527336228
CDE,2025,JP,Net,Budget,Dec,236559036
CDE,2025,JP,Net,Budget,Feb,1222944095
CDE,2025,JP,Net,Budget,Jan,634772105
CDE,2025,JP,Net,Budget,Jul,109480421
CDE,2025,JP,Net,Budget,Jun,998481209
CDE,2025,JP,Net,Budget,Mar,667162665
CDE,2025,JP,Net,Budget,May,322525495
CDE,2025,JP,Net,Budget,Nov,447312429
CDE,2025,JP,Net,Budget,Oct,370067434
CDE,2025,JP,Net,Budget,Sep,888664068
CDE,2025,JP,Net,Forecast,Apr,674462116
CDE,2025,JP,Net,Forecast,Aug,398388811
CDE,2025,JP,Net,Forecast,Dec,1178814621
CDE,2025,JP,Net,Forecast,Feb,1197143908
CDE,2025,JP,Net,Forecast,Jan,912762507
CDE,2025,JP,Net,Forecast,Jul,410304264
CDE,2025,JP,Net,Forecast,Jun,170071862
CDE,2025,JP,Net,Forecast,Mar,1206218215
CDE,2025,JP,Net,Forecast,May,404077167
CDE,2025,JP,Net,Forecast,Nov,297477701
CDE,2025,JP,Net,Forecast,Oct,50442358
CDE,2025,JP,Net,Forecast,Sep,2087646
CDE,2025,JP,Op,Actual,Apr,815149456
CDE,2025,JP,Op,Actual,Aug,55107458
CDE,2025,JP,Op,Actual,Dec,927731565
CDE,2025,JP,Op,Actual,Feb,752539945
CDE,2025,JP,Op,Actual,Jan,6156805
CDE,2025,JP,Op,Actual,Jul,311190758
CDE,2025,JP,Op,Actual,Jun,266758174
CDE,2025,JP,Op,Actual,Mar,187499796
CDE,2025,JP,Op,Actual,May,162116411
CDE,2025,JP,Op,Actual,Nov,20673791
CDE,2025,JP,Op,Actual,Oct,4943780
CDE,2025,JP,Op,Actual,Sep,668546478
CDE,2025,JP,Op,Budget,Apr,90470828
CDE,2025,JP,Op,Budget,Aug,587764454
CDE,2025,JP,Op,Budget,Dec,131971888
CDE,2025,JP,Op,Budget,Feb,706062258
CDE,2025,JP,Op,Budget,Jan,164785742
CDE,2025,JP,Op,Budget,Jul,855994400
CDE,2025,JP,Op,Budget,Jun,617871958
CDE,2025,JP,Op,Budget,Mar,839825298
CDE,2025,JP,Op,Budget,May,199599346
CDE,2025,JP,Op,Budget,Nov,567991871
CDE,2025,JP,Op,Budget,Oct,300423598
CDE,2025,JP,Op,Budget,Sep,976567945
CDE,2025,JP,Op,Forecast,Apr,521848096
CDE,2025,JP,Op,Forecast,Aug,778065394
CDE,2025,JP,Op,Forecast,Dec,86761931
CDE,2025,JP,Op,Forecast,Feb,1048571966
CDE,2025,JP,Op,Forecast,Jan,614298415
CDE,2025,JP,Op,Forecast,Jul,203284919
CDE,2025,JP,Op,Forecast,Jun,603655118
CDE,2025,JP,Op,Forecast,Mar,1095414627
CDE,2025,JP,Op,Forecast,May,285778769
CDE,2025,JP,Op,Forecast,Nov,425924487
CDE,2025,JP,Op,Forecast,Oct,741478091
CDE,2025,JP,Op,Forecast,Sep,630534459
CDE,2025,KR,Gross,Actual,Apr,2228194526
CDE,2025,KR,Gross,Actual,Aug,2572921497
CDE,2025,KR,Gross,Actual,Dec,8764175578
CDE,2025,KR,Gross,Actual,Feb,841428293
CDE,2025,KR,Gross,Actual,Jan,1450115142
CDE,2025,KR,Gross,Actual,Jul,2710300115
CDE,2025,KR,Gross,Actual,Jun,3054637855
CDE,2025,KR,Gross,Actual,Mar,3127669970
CDE,2025,KR,Gross,Actual,May,2202491171
CDE,2025,KR,Gross,Actual,Nov,168798623
CDE,2025,KR,Gross,Actual,Oct,1176145960
CDE,2025,KR,Gross,Actual,Sep,1661893417
CDE,2025,KR,Gross,Budget,Apr,2403363237
CDE,2025,KR,Gross,Budget,Aug,1683968035
CDE,2025,KR,Gross,Budget,Dec,1431415673
CDE,2025,KR,Gross,Budget,Feb,5625578412
CDE,2025,KR,Gross,Budget,Jan,3330791929
CDE,2025,KR,Gross,Budget,Jul,2046306070
CDE,2025,KR,Gross,Budget,Jun,2666196534
CDE,2025,KR,Gross,Budget,Mar,3654567655
CDE,2025,KR,Gross,Budget,May,733402640
CDE,2025,KR,Gross,Budget,Nov,3884969823
CDE,2025,KR,Gross,Budget,Oct,2552654664
CDE,2025,KR,Gross,Budget,Sep,5089697331
CDE,2025,KR,Gross,Forecast,Apr,2204378669
CDE,2025,KR,Gross,Forecast,Aug,431043305
CDE,2025,KR,Gross,Forecast,Dec,10015340071
CDE,2025,KR,Gross,Forecast,Feb,3177479648
CDE,2025,KR,Gross,Forecast,Jan,1399590182
CDE,2025,KR,Gross,Forecast,Jul,995402520
CDE,2025,KR,Gross,Forecast,Jun,7327277005
CDE,2025,KR,Gross,Forecast,Mar,467179421
CDE,2025,KR,Gross,Forecast,May,814336571
CDE,2025,KR,Gross,Forecast,Nov,4576949121
CDE,2025,KR,Gross,Forecast,Oct,2469205380
CDE,2025,KR,Gross,Forecast,Sep,1929908582
CDE,2025,KR,Net,Actual,Apr,4745085154
CDE,2025,KR,Net,Actual,Aug,2537324548
CDE,2025,KR,Net,Actual,Dec,8052883255
CDE,2025,KR,Net,Actual,Feb,681768623
CDE,2025,KR,Net,Actual,Jan,2133360509
CDE,2025,KR,Net,Actual,Jul,2723963322
CDE,2025,KR,Net,Actual,Jun,5355002467
CDE,2025,KR,Net,Actual,Mar,2581055022
CDE,2025,KR,Net,Actual,May,4526528749
CDE,2025,KR,Net,Actual,Nov,6660512157
CDE,2025,KR,Net,Actual,Oct,920482357
CDE,2025,KR,Net,Actual,Sep,1215748574
CDE,2025,KR,Net,Budget,Apr,2997226000
CDE,2025,KR,Net,Budget,Aug,1740420521
CDE,2025,KR,Net,Budget,Dec,9547246727
CDE,2025,KR,Net,Budget,Feb,3593539204
CDE,2025,KR,Net,Budget,Jan,2062484645
CDE,2025,KR,Net,Budget,Jul,3830553426
CDE,2025,KR,Net,Budget,Jun,7602880090
CDE,2025,KR,Net,Budget,Mar,7178360206
CDE,2025,KR,Net,Budget,May,3434026438
CDE,2025,KR,Net,Budget,Nov,5690148595
CDE,2025,KR,Net,Budget,Oct,1784261972
CDE,2025,KR,Net,Budget,Sep,917507690
CDE,2025,KR,Net,Forecast,Apr,4758301941
CDE,2025,KR,Net,Forecast,Aug,756548111
CDE,2025,KR,Net,Forecast,Dec,3948339473
CDE,2025,KR,Net,Forecast,Feb,2245878392
CDE,2025,KR,Net,Forecast,Jan,3463473340
CDE,2025,KR,Net,Forecast,Jul,1430061877
CDE,2025,KR,Net,Forecast,Jun,7434294044
CDE,2025,KR,Net,Forecast,Mar,3296189007
CDE,2025,KR,Net,Forecast,May,3491389845
CDE,2025,KR,Net,Forecast,Nov,4063871472
CDE,2025,KR,Net,Forecast,Oct,1713206796
CDE,2025,KR,Net,Forecast,Sep,5365007857
CDE,2025,KR,Op,Actual,Apr,824832389
CDE,2025,KR,Op,Actual,Aug,2460631521
CDE,2025,KR,Op,Actual,Dec,6680403692
CDE,2025,KR,Op,Actual,Feb,1027482244
CDE,2025,KR,Op,Actual,Jan,384880706
CDE,2025,KR,Op,Actual,Jul,1081596897
CDE,2025,KR,Op,Actual,Jun,1221897249
CDE,2025,KR,Op,Actual,Mar,6358952074
CDE,2025,KR,Op,Actual,May,4165315519
CDE,2025,KR,Op,Actual,Nov,3116912895
CDE,2025,KR,Op,Actual,Oct,1545116111
CDE,2025,KR,Op,Actual,Sep,3416703367
CDE,2025,KR,Op,Budget,Apr,4404974008
CDE,2025,KR,Op,Budget,Aug,2597063133
CDE,2025,KR,Op,Budget,Dec,8851820583
CDE,2025,KR,Op,Budget,Feb,1148595617
CDE,2025,KR,Op,Budget,Jan,350653573
CDE,2025,KR,Op,Budget,Jul,2213277967
CDE,2025,KR,Op,Budget,Jun,9174954667
CDE,2025,KR,Op,Budget,Mar,3999976522
CDE,2025,KR,Op,Budget,May,243768758
CDE,2025,KR,Op,Budget,Nov,6075579198
CDE,2025,KR,Op,Budget,Oct,976568322
CDE,2025,KR,Op,Budget,Sep,2991263430
CDE,2025,KR,Op,Forecast,Apr,4506200558
CDE,2025,KR,Op,Forecast,Aug,318242626
CDE,2025,KR,Op,Forecast,Dec,6542796453
CDE,2025,KR,Op,Forecast,Feb,1871788461
CDE,2025,KR,Op,Forecast,Jan,170078408
CDE,2025,KR,Op,Forecast,Jul,4483629308
CDE,2025,KR,Op,Forecast,Jun,5529425505
CDE,2025,KR,Op,Forecast,Mar,5039631872
CDE,2025,KR,Op,Forecast,May,1552989438
CDE,2025,KR,Op,Forecast,Nov,5561758152
CDE,2025,KR,Op,Forecast,Oct,235719443
CDE,2025,KR,Op,Forecast,Sep,4212319231
CDE,2025,MA,Gross,Actual,Apr,1326052866
CDE,2025,MA,Gross,Actual,Aug,448943157
CDE,2025,MA,Gross,Actual,Dec,105017670
CDE,2025,MA,Gross,Actual,Feb,196573766
CDE,2025,MA,Gross,Actual,Jan,1517442655
CDE,2025,MA,Gross,Actual,Jul,484142599
CDE,2025,MA,Gross,Actual,Jun,454451879
CDE,2025,MA,Gross,Actual,Mar,273599202
CDE,2025,MA,Gross,Actual,May,539940247
CDE,2025,MA,Gross,Actual,Nov,151068832
CDE,2025,MA,Gross,Actual,Oct,582328209
CDE,2025,MA,Gross,Actual,Sep,944472287
CDE,2025,MA,Gross,Budget,Apr,861795584
CDE,2025,MA,Gross,Budget,Aug,398069876
CDE,2025,MA,Gross,Budget,Dec,615564812
CDE,2025,MA,Gross,Budget,Feb,5571528
CDE,2025,MA,Gross,Budget,Jan,913027688
CDE,2025,MA,Gross,Budget,Jul,600198665
CDE,2025,MA,Gross,Budget,Jun,174831068
CDE,2025,MA,Gross,Budget,Mar,920361021
CDE,2025,MA,Gross,Budget,May,226540089
CDE,2025,MA,Gross,Budget,Nov,179593722
CDE,2025,MA,Gross,Budget,Oct,905015438
CDE,2025,MA,Gross,Budget,Sep,1178408462
CDE,2025,MA,Gross,Forecast,Apr,819667315
CDE,2025,MA,Gross,Forecast,Aug,245392435
CDE,2025,MA,Gross,Forecast,Dec,559666008
CDE,2025,MA,Gross,Forecast,Feb,66177639
CDE,2025,MA,Gross,Forecast,Jan,3516679091
CDE,2025,MA,Gross,Forecast,Jul,536246462
CDE,2025,MA,Gross,Forecast,Jun,233688248
CDE,2025,MA,Gross,Forecast,Mar,505219406
CDE,2025,MA,Gross,Forecast,May,495058534
CDE,2025,MA,Gross,Forecast,Nov,219281260
CDE,2025,MA,Gross,Forecast,Oct,466892457
CDE,2025,MA,Gross,Forecast,Sep,2048015803
CDE,2025,MA,Net,Actual,Apr,401008049
CDE,2025,MA,Net,Actual,Aug,591731027
CDE,2025,MA,Net,Actual,Dec,958983709
CDE,2025,MA,Net,Actual,Feb,65269376
CDE,2025,MA,Net,Actual,Jan,2909644979
CDE,2025,MA,Net,Actual,Jul,145250918
CDE,2025,MA,Net,Actual,Jun,100388766
CDE,2025,MA,Net,Actual,Mar,1113711734
CDE,2025,MA,Net,Actual,May,157020565
CDE,2025,MA,Net,Actual,Nov,305914085
CDE,2025,MA,Net,Actual,Oct,744724833
CDE,2025,MA,Net,Actual,Sep,987902656
CDE,2025,MA,Net,Budget,Apr,1458933121
CDE,2025,MA,Net,Budget,Aug,217769847
CDE,2025,MA,Net,Budget,Dec,618386018
CDE,2025,MA,Net,Budget,Feb,115551698
CDE,2025,MA,Net,Budget,Jan,3328973738
CDE,2025,MA,Net,Budget,Jul,412517633
CDE,2025,MA,Net,Budget,Jun,75529360
CDE,2025,MA,Net,Budget,Mar,593121518
CDE,2025,MA,Net,Budget,May,487321619
CDE,2025,MA,Net,Budget,Nov,227394084
CDE,2025,MA,Net,Budget,Oct,606421264
CDE,2025,MA,Net,Budget,Sep,1959031994
CDE,2025,MA,Net,Forecast,Apr,1275354634
CDE,2025,MA,Net,Forecast,Aug,399033100
CDE,2025,MA,Net,Forecast,Dec,980208692
CDE,2025,MA,Net,Forecast,Feb,246324493
CDE,2025,MA,Net,Forecast,Jan,44990335
CDE,2025,MA,Net,Forecast,Jul,497732970
CDE,2025,MA,Net,Forecast,Jun,453000857
CDE,2025,MA,Net,Forecast,Mar,1343919889
CDE,2025,MA,Net,Forecast,May,216497004
CDE,2025,MA,Net,Forecast,Nov,81617372
CDE,2025,MA,Net,Forecast,Oct,763301716
CDE,2025,MA,Net,Forecast,Sep,921064438
CDE,2025,MA,Op,Actual,Apr,1290193194
CDE,2025,MA,Op,Actual,Aug,642331779
CDE,2025,MA,Op,Actual,Dec,399132996
CDE,2025,MA,Op,Actual,Feb,109568326
CDE,2025,MA,Op,Actual,Jan,2065174398
CDE,2025,MA,Op,Actual,Jul,128794934
CDE,2025,MA,Op,Actual,Jun,301544634
CDE,2025,MA,Op,Actual,Mar,40772071
CDE,2025,MA,Op,Actual,May,165755001
CDE,2025,MA,Op,Actual,Nov,161669744
CDE,2025,MA,Op,Actual,Oct,1664487294
CDE,2025,MA,Op,Actual,Sep,2477307262
CDE,2025,MA,Op,Budget,Apr,596779686
CDE,2025,MA,Op,Budget,Aug,157768375
CDE,2025,MA,Op,Budget,Dec,473523202
CDE,2025,MA,Op,Budget,Feb,9615971
CDE,2025,MA,Op,Budget,Jan,633704437
CDE,2025,MA,Op,Budget,Jul,587314765
CDE,2025,MA,Op,Budget,Jun,337182267
CDE,2025,MA,Op,Budget,Mar,354744040
CDE,2025,MA,Op,Budget,May,283204725
CDE,2025,MA,Op,Budget,Nov,266416321
CDE,2025,MA,Op,Budget,Oct,1121658151
CDE,2025,MA,Op,Budget,Sep,3332743845
CDE,2025,MA,Op,Forecast,Apr,493198985
CDE,2025,MA,Op,Forecast,Aug,90366897
CDE,2025,MA,Op,Forecast,Dec,794079966
CDE,2025,MA,Op,Forecast,Feb,77344524
CDE,2025,MA,Op,Forecast,Jan,227418992
CDE,2025,MA,Op,Forecast,Jul,492042957
CDE,2025,MA,Op,Forecast,Jun,124600259
CDE,2025,MA,Op,Forecast,Mar,1314931712
CDE,2025,MA,Op,Forecast,May,312134008
CDE,2025,MA,Op,Forecast,Nov,14478891
CDE,2025,MA,Op,Forecast,Oct,939391461
CDE,2025,MA,Op,Forecast,Sep,885634922
CDE,2025,MY,Gross,Actual,Apr,133325150
CDE,2025,MY,Gross,Actual,Aug,2003503279
CDE,2025,MY,Gross,Actual,Dec,53231222
CDE,2025,MY,Gross,Actual,Feb,367989
CDE,2025,MY,Gross,Actual,Jan,164957038
CDE,2025,MY,Gross,Actual,Jul,119601057
CDE,2025,MY,Gross,Actual,Jun,229799294
CDE,2025,MY,Gross,Actual,Mar,2950865292
CDE,2025,MY,Gross,Actual,May,359475311
CDE,2025,MY,Gross,Actual,Nov,271883043
CDE,2025,MY,Gross,Actual,Oct,215902397
CDE,2025,MY,Gross,Actual,Sep,967491435
CDE,2025,MY,Gross,Budget,Apr,97334789
CDE,2025,MY,Gross,Budget,Aug,389469170
CDE,2025,MY,Gross,Budget,Dec,839539528
CDE,2025,MY,Gross,Budget,Feb,170311
CDE,2025,MY,Gross,Budget,Jan,745346776
CDE,2025,MY,Gross,Budget,Jul,91434624
CDE,2025,MY,Gross,Budget,Jun,763901366
CDE,2025,MY,Gross,Budget,Mar,633608177
CDE,2025,MY,Gross,Budget,May,1119138874
CDE,2025,MY,Gross,Budget,Nov,738088056
CDE,2025,MY,Gross,Budget,Oct,90074987
CDE,2025,MY,Gross,Budget,Sep,280294543
CDE,2025,MY,Gross,Forecast,Apr,396888749
CDE,2025,MY,Gross,Forecast,Aug,1640859376
CDE,2025,MY,Gross,Forecast,Dec,74413427
CDE,2025,MY,Gross,Forecast,Feb,4104
CDE,2025,MY,Gross,Forecast,Jan,25145730
CDE,2025,MY,Gross,Forecast,Jul,98420865
CDE,2025,MY,Gross,Forecast,Jun,7055267
CDE,2025,MY,Gross,Forecast,Mar,2552524057
CDE,2025,MY,Gross,Forecast,May,575436870
CDE,2025,MY,Gross,Forecast,Nov,666370408
CDE,2025,MY,Gross,Forecast,Oct,269091684
CDE,2025,MY,Gross,Forecast,Sep,335176069
CDE,2025,MY,Net,Actual,Apr,100435393
CDE,2025,MY,Net,Actual,Aug,1790311826
CDE,2025,MY,Net,Actual,Dec,1413953545
CDE,2025,MY,Net,Actual,Feb,15121
CDE,2025,MY,Net,Actual,Jan,388588264
CDE,2025,MY,Net,Actual,Jul,128687727
CDE,2025,MY,Net,Actual,Jun,914605251
CDE,2025,MY,Net,Actual,Mar,2012526435
CDE,2025,MY,Net,Actual,May,889865971
CDE,2025,MY,Net,Actual,Nov,162847523
CDE,2025,MY,Net,Actual,Oct,48292422
CDE,2025,MY,Net,Actual,Sep,689648637
CDE,2025,MY,Net,Budget,Apr,602420253
CDE,2025,MY,Net,Budget,Aug,382213760
CDE,2025,MY,Net,Budget,Dec,759687743
CDE,2025,MY,Net,Budget,Feb,210597
CDE,2025,MY,Net,Budget,Jan,359216127
CDE,2025,MY,Net,Budget,Jul,19409465
CDE,2025,MY,Net,Budget,Jun,853726386
CDE,2025,MY,Net,Budget,Mar,2428166454
CDE,2025,MY,Net,Budget,May,643799908
CDE,2025,MY,Net,Budget,Nov,77419967
CDE,2025,MY,Net,Budget,Oct,297496557
CDE,2025,MY,Net,Budget,Sep,900432874
CDE,2025,MY,Net,Forecast,Apr,417043552
CDE,2025,MY,Net,Forecast,Aug,989682106
CDE,2025,MY,Net,Forecast,Dec,602413404
CDE,2025,MY,Net,Forecast,Feb,208865
CDE,2025,MY,Net,Forecast,Jan,199581879
CDE,2025,MY,Net,Forecast,Jul,131276208
CDE,2025,MY,Net,Forecast,Jun,5672862
CDE,2025,MY,Net,Forecast,Mar,905612211
CDE,2025,MY,Net,Forecast,May,1564473645
CDE,2025,MY,Net,Forecast,Nov,273716172
CDE,2025,MY,Net,Forecast,Oct,87672975
CDE,2025,MY,Net,Forecast,Sep,395791233
CDE,2025,MY,Op,Actual,Apr,105459348
CDE,2025,MY,Op,Actual,Aug,1709021578
CDE,2025,MY,Op,Actual,Dec,959456233
CDE,2025,MY,Op,Actual,Feb,25706
CDE,2025,MY,Op,Actual,Jan,820495154
CDE,2025,MY,Op,Actual,Jul,146603789
CDE,2025,MY,Op,Actual,Jun,83382710
CDE,2025,MY,Op,Actual,Mar,1211620233
CDE,2025,MY,Op,Actual,May,782543478
CDE,2025,MY,Op,Actual,Nov,751396562
CDE,2025,MY,Op,Actual,Oct,136741491
CDE,2025,MY,Op,Actual,Sep,458805310
CDE,2025,MY,Op,Budget,Apr,534368128
CDE,2025,MY,Op,Budget,Aug,562332581
CDE,2025,MY,Op,Budget,Dec,48283638
CDE,2025,MY,Op,Budget,Feb,288811
CDE,2025,MY,Op,Budget,Jan,548043528
CDE,2025,MY,Op,Budget,Jul,34404754
CDE,2025,MY,Op,Budget,Jun,683643144
CDE,2025,MY,Op,Budget,Mar,2558095585
CDE,2025,MY,Op,Budget,May,882592387
CDE,2025,MY,Op,Budget,Nov,214326016
CDE,2025,MY,Op,Budget,Oct,257388819
CDE,2025,MY,Op,Budget,Sep,589199275
CDE,2025,MY,Op,Forecast,Apr,326193012
CDE,2025,MY,Op,Forecast,Aug,943018757
CDE,2025,MY,Op,Forecast,Dec,2085180394
CDE,2025,MY,Op,Forecast,Feb,237360
CDE,2025,MY,Op,Forecast,Jan,262957493
CDE,2025,MY,Op,Forecast,Jul,47953553
CDE,2025,MY,Op,Forecast,Jun,147713673
CDE,2025,MY,Op,Forecast,Mar,1345050508
CDE,2025,MY,Op,Forecast,May,59460721
CDE,2025,MY,Op,Forecast,Nov,229752245
CDE,2025,MY,Op,Forecast,Oct,303685255
CDE,2025,MY,Op,Forecast,Sep,1241533297
CDE,2025,NL,Gross,Actual,Apr,536350064
CDE,2025,NL,Gross,Actual,Aug,1076611659
CDE,2025,NL,Gross,Actual,Dec,643889335
CDE,2025,NL,Gross,Actual,Feb,685058037
CDE,2025,NL,Gross,Actual,Jan,1181744054
CDE,2025,NL,Gross,Actual,Jul,166026988
CDE,2025,NL,Gross,Actual,Jun,1632003790
CDE,2025,NL,Gross,Actual,Mar,279216417
CDE,2025,NL,Gross,Actual,May,1214877518
CDE,2025,NL,Gross,Actual,Nov,21961350
CDE,2025,NL,Gross,Actual,Oct,1075982286
CDE,2025,NL,Gross,Actual,Sep,1218951492
CDE,2025,NL,Gross,Budget,Apr,537686512
CDE,2025,NL,Gross,Budget,Aug,316107880
CDE,2025,NL,Gross,Budget,Dec,651892850
CDE,2025,NL,Gross,Budget,Feb,719254412
CDE,2025,NL,Gross,Budget,Jan,1084973815
CDE,2025,NL,Gross,Budget,Jul,422753270
CDE,2025,NL,Gross,Budget,Jun,1178611742
CDE,2025,NL,Gross,Budget,Mar,66095522
CDE,2025,NL,Gross,Budget,May,1200431183
CDE,2025,NL,Gross,Budget,Nov,268234822
CDE,2025,NL,Gross,Budget,Oct,313561174
CDE,2025,NL,Gross,Budget,Sep,203659697
CDE,2025,NL,Gross,Forecast,Apr,614997286
CDE,2025,NL,Gross,Forecast,Aug,265424179
CDE,2025,NL,Gross,Forecast,Dec,541384253
CDE,2025,NL,Gross,Forecast,Feb,814652631
CDE,2025,NL,Gross,Forecast,Jan,444592206
CDE,2025,NL,Gross,Forecast,Jul,982973040
CDE,2025,NL,Gross,Forecast,Jun,32403359
CDE,2025,NL,Gross,Forecast,Mar,339670569
CDE,2025,NL,Gross,Forecast,May,784644505
CDE,2025,NL,Gross,Forecast,Nov,261885686
CDE,2025,NL,Gross,Forecast,Oct,425603196
CDE,2025,NL,Gross,Forecast,Sep,70555387
CDE,2025,NL,Net,Actual,Apr,224522499
CDE,2025,NL,Net,Actual,Aug,877900083
CDE,2025,NL,Net,Actual,Dec,465047836
CDE,2025,NL,Net,Actual,Feb,850185714
CDE,2025,NL,Net,Actual,Jan,1118210755
CDE,2025,NL,Net,Actual,Jul,582468631
CDE,2025,NL,Net,Actual,Jun,499127998
CDE,2025,NL,Net,Actual,Mar,64496562
CDE,2025,NL,Net,Actual,May,663172800
CDE,2025,NL,Net,Actual,Nov,128765365
CDE,2025,NL,Net,Actual,Oct,1410734948
CDE,2025,NL,Net,Actual,Sep,245986561
CDE,2025,NL,Net,Budget,Apr,371765713
CDE,2025,NL,Net,Budget,Aug,1234330230
CDE,2025,NL,Net,Budget,Dec,767258080
CDE,2025,NL,Net,Budget,Feb,74456208
CDE,2025,NL,Net,Budget,Jan,407768390
CDE,2025,NL,Net,Budget,Jul,1073843300
CDE,2025,NL,Net,Budget,Jun,926841250
CDE,2025,NL,Net,Budget,Mar,23526420
CDE,2025,NL,Net,Budget,May,1011539209
CDE,2025,NL,Net,Budget,Nov,151940289
CDE,2025,NL,Net,Budget,Oct,45557183
CDE,2025,NL,Net,Budget,Sep,182101707
CDE,2025,NL,Net,Forecast,Apr,589206505
CDE,2025,NL,Net,Forecast,Aug,781314737
CDE,2025,NL,Net,Forecast,Dec,491456467
CDE,2025,NL,Net,Forecast,Feb,736949581
CDE,2025,NL,Net,Forecast,Jan,1185301875
CDE,2025,NL,Net,Forecast,Jul,273513342
CDE,2025,NL,Net,Forecast,Jun,753283225
CDE,2025,NL,Net,Forecast,Mar,29489880
CDE,2025,NL,Net,Forecast,May,332756610
CDE,2025,NL,Net,Forecast,Nov,313039937
CDE,2025,NL,Net,Forecast,Oct,700413426
CDE,2025,NL,Net,Forecast,Sep,1056902248
CDE,2025,NL,Op,Actual,Apr,558159395
CDE,2025,NL,Op,Actual,Aug,179703347
CDE,2025,NL,Op,Actual,Dec,321252050
CDE,2025,NL,Op,Actual,Feb,442122032
CDE,2025,NL,Op,Actual,Jan,1100633603
CDE,2025,NL,Op,Actual,Jul,491832619
CDE,2025,NL,Op,Actual,Jun,815128804
CDE,2025,NL,Op,Actual,Mar,42894849
CDE,2025,NL,Op,Actual,May,393790425
CDE,2025,NL,Op,Actual,Nov,405889844
CDE,2025,NL,Op,Actual,Oct,1731934
CDE,2025,NL,Op,Actual,Sep,184865838
CDE,2025,NL,Op,Budget,Apr,83350145
CDE,2025,NL,Op,Budget,Aug,277697936
CDE,2025,NL,Op,Budget,Dec,687475374
CDE,2025,NL,Op,Budget,Feb,663450770
CDE,2025,NL,Op,Budget,Jan,332225520
CDE,2025,NL,Op,Budget,Jul,1261518196
CDE,2025,NL,Op,Budget,Jun,1511364042
CDE,2025,NL,Op,Budget,Mar,252010550
CDE,2025,NL,Op,Budget,May,842095252
CDE,2025,NL,Op,Budget,Nov,189794132
CDE,2025,NL,Op,Budget,Oct,43354069
CDE,2025,NL,Op,Budget,Sep,1112371716
CDE,2025,NL,Op,Forecast,Apr,22710810
CDE,2025,NL,Op,Forecast,Aug,304339432
CDE,2025,NL,Op,Forecast,Dec,278292102
CDE,2025,NL,Op,Forecast,Feb,772146135
CDE,2025,NL,Op,Forecast,Jan,752659398
CDE,2025,NL,Op,Forecast,Jul,946094015
CDE,2025,NL,Op,Forecast,Jun,1113324256
CDE,2025,NL,Op,Forecast,Mar,160742867
CDE,2025,NL,Op,Forecast,May,385956078
CDE,2025,NL,Op,Forecast,Nov,289205010
CDE,2025,NL,Op,Forecast,Oct,544158532
CDE,2025,NL,Op,Forecast,Sep,552328644
CDE,2025,NR,Gross,Actual,Apr,217266896
CDE,2025,NR,Gross,Actual,Aug,551875501
CDE,2025,NR,Gross,Actual,Dec,336946345
CDE,2025,NR,Gross,Actual,Feb,919731420
CDE,2025,NR,Gross,Actual,Jan,1532233726
CDE,2025,NR,Gross,Actual,Jul,418868495
CDE,2025,NR,Gross,Actual,Jun,372777515
CDE,2025,NR,Gross,Actual,Mar,919215303
CDE,2025,NR,Gross,Actual,May,871389663
CDE,2025,NR,Gross,Actual,Nov,841188782
CDE,2025,NR,Gross,Actual,Oct,1402741402
CDE,2025,NR,Gross,Actual,Sep,1167958096
CDE,2025,NR,Gross,Budget,Apr,817377246
CDE,2025,NR,Gross,Budget,Aug,43362286
CDE,2025,NR,Gross,Budget,Dec,759625869
CDE,2025,NR,Gross,Budget,Feb,1190182441
CDE,2025,NR,Gross,Budget,Jan,863662556
CDE,2025,NR,Gross,Budget,Jul,362176730
CDE,2025,NR,Gross,Budget,Jun,88297951
CDE,2025,NR,Gross,Budget,Mar,587513988
CDE,2025,NR,Gross,Budget,May,715368129
CDE,2025,NR,Gross,Budget,Nov,1281704486
CDE,2025,NR,Gross,Budget,Oct,984436133
CDE,2025,NR,Gross,Budget,Sep,346957435
CDE,2025,NR,Gross,Forecast,Apr,282733799
CDE,2025,NR,Gross,Forecast,Aug,253773538
CDE,2025,NR,Gross,Forecast,Dec,372967418
CDE,2025,NR,Gross,Forecast,Feb,338035877
CDE,2025,NR,Gross,Forecast,Jan,1885105121
CDE,2025,NR,Gross,Forecast,Jul,369641420
CDE,2025,NR,Gross,Forecast,Jun,412390783
CDE,2025,NR,Gross,Forecast,Mar,396087048
CDE,2025,NR,Gross,Forecast,May,484345370
CDE,2025,NR,Gross,Forecast,Nov,109871351
CDE,2025,NR,Gross,Forecast,Oct,439192557
CDE,2025,NR,Gross,Forecast,Sep,1020738335
CDE,2025,NR,Net,Actual,Apr,556116409
CDE,2025,NR,Net,Actual,Aug,234305928
CDE,2025,NR,Net,Actual,Dec,187838555
CDE,2025,NR,Net,Actual,Feb,311735756
CDE,2025,NR,Net,Actual,Jan,1971833013
CDE,2025,NR,Net,Actual,Jul,579246759
CDE,2025,NR,Net,Actual,Jun,341353578
CDE,2025,NR,Net,Actual,Mar,772772342
CDE,2025,NR,Net,Actual,May,327265245
CDE,2025,NR,Net,Actual,Nov,2024427583
CDE,2025,NR,Net,Actual,Oct,580368128
CDE,2025,NR,Net,Actual,Sep,250937590
CDE,2025,NR,Net,Budget,Apr,1023566143
CDE,2025,NR,Net,Budget,Aug,333112157
CDE,2025,NR,Net,Budget,Dec,306048273
CDE,2025,NR,Net,Budget,Feb,88247210
CDE,2025,NR,Net,Budget,Jan,586069351
CDE,2025,NR,Net,Budget,Jul,890706590
CDE,2025,NR,Net,Budget,Jun,239949053
CDE,2025,NR,Net,Budget,Mar,886282152
CDE,2025,NR,Net,Budget,May,1013952679
CDE,2025,NR,Net,Budget,Nov,1715074874
CDE,2025,NR,Net,Budget,Oct,751380275
CDE,2025,NR,Net,Budget,Sep,494753278
CDE,2025,NR,Net,Forecast,Apr,1124065889
CDE,2025,NR,Net,Forecast,Aug,102106276
CDE,2025,NR,Net,Forecast,Dec,729816812
CDE,2025,NR,Net,Forecast,Feb,1588998728
CDE,2025,NR,Net,Forecast,Jan,997924166
CDE,2025,NR,Net,Forecast,Jul,281793541
CDE,2025,NR,Net,Forecast,Jun,536518249
CDE,2025,NR,Net,Forecast,Mar,70615100
CDE,2025,NR,Net,Forecast,May,405696778
CDE,2025,NR,Net,Forecast,Nov,448490131
CDE,2025,NR,Net,Forecast,Oct,618001282
CDE,2025,NR,Net,Forecast,Sep,836230935
CDE,2025,NR,Op,Actual,Apr,556665615
CDE,2025,NR,Op,Actual,Aug,137436944
CDE,2025,NR,Op,Actual,Dec,472161351
CDE,2025,NR,Op,Actual,Feb,1227264232
CDE,2025,NR,Op,Actual,Jan,346793055
CDE,2025,NR,Op,Actual,Jul,79960190
CDE,2025,NR,Op,Actual,Jun,629410866
CDE,2025,NR,Op,Actual,Mar,370180454
CDE,2025,NR,Op,Actual,May,1120418255
CDE,2025,NR,Op,Actual,Nov,255306655
CDE,2025,NR,Op,Actual,Oct,514760238
CDE,2025,NR,Op,Actual,Sep,449017108
CDE,2025,NR,Op,Budget,Apr,595337874
CDE,2025,NR,Op,Budget,Aug,116101207
CDE,2025,NR,Op,Budget,Dec,191236449
CDE,2025,NR,Op,Budget,Feb,327613118
CDE,2025,NR,Op,Budget,Jan,1562924816
CDE,2025,NR,Op,Budget,Jul,1235282132
CDE,2025,NR,Op,Budget,Jun,355394963
CDE,2025,NR,Op,Budget,Mar,574813959
CDE,2025,NR,Op,Budget,May,48288904
CDE,2025,NR,Op,Budget,Nov,828920274
CDE,2025,NR,Op,Budget,Oct,423326482
CDE,2025,NR,Op,Budget,Sep,499510881
CDE,2025,NR,Op,Forecast,Apr,1029057876
CDE,2025,NR,Op,Forecast,Aug,8177060
CDE,2025,NR,Op,Forecast,Dec,368767398
CDE,2025,NR,Op,Forecast,Feb,437396575
CDE,2025,NR,Op,Forecast,Jan,943827320
CDE,2025,NR,Op,Forecast,Jul,208085541
CDE,2025,NR,Op,Forecast,Jun,49063109
CDE,2025,NR,Op,Forecast,Mar,615733277
CDE,2025,NR,Op,Forecast,May,467611579
CDE,2025,NR,Op,Forecast,Nov,101504845
CDE,2025,NR,Op,Forecast,Oct,1373637742
CDE,2025,NR,Op,Forecast,Sep,1202314635
CDE,2025,PH,Gross,Actual,Apr,936703046
CDE,2025,PH,Gross,Actual,Aug,1060015501
CDE,2025,PH,Gross,Actual,Dec,0
CDE,2025,PH,Gross,Actual,Feb,24139313
CDE,2025,PH,Gross,Actual,Jan,1382015366
CDE,2025,PH,Gross,Actual,Jul,963972205
CDE,2025,PH,Gross,Actual,Jun,410309054
CDE,2025,PH,Gross,Actual,Mar,121929430
CDE,2025,PH,Gross,Actual,May,279001706
CDE,2025,PH,Gross,Actual,Nov,178566082
CDE,2025,PH,Gross,Actual,Oct,0
CDE,2025,PH,Gross,Actual,Sep,0
CDE,2025,PH,Gross,Budget,Apr,524247113
CDE,2025,PH,Gross,Budget,Aug,90550447
CDE,2025,PH,Gross,Budget,Dec,0
CDE,2025,PH,Gross,Budget,Feb,15573238
CDE,2025,PH,Gross,Budget,Jan,1270733323
CDE,2025,PH,Gross,Budget,Jul,164558156
CDE,2025,PH,Gross,Budget,Jun,24925569
CDE,2025,PH,Gross,Budget,Mar,22310714
CDE,2025,PH,Gross,Budget,May,120679262
CDE,2025,PH,Gross,Budget,Nov,50393988
CDE,2025,PH,Gross,Budget,Oct,0
CDE,2025,PH,Gross,Budget,Sep,0
CDE,2025,PH,Gross,Forecast,Apr,892990991
CDE,2025,PH,Gross,Forecast,Aug,407594509
CDE,2025,PH,Gross,Forecast,Dec,0
CDE,2025,PH,Gross,Forecast,Feb,27661078
CDE,2025,PH,Gross,Forecast,Jan,559613507
CDE,2025,PH,Gross,Forecast,Jul,434741459
CDE,2025,PH,Gross,Forecast,Jun,370742043
CDE,2025,PH,Gross,Forecast,Mar,80671027
CDE,2025,PH,Gross,Forecast,May,280511727
CDE,2025,PH,Gross,Forecast,Nov,213335051
CDE,2025,PH,Gross,Forecast,Oct,0
CDE,2025,PH,Gross,Forecast,Sep,0
CDE,2025,PH,Net,Actual,Apr,385771744
CDE,2025,PH,Net,Actual,Aug,1103811644
CDE,2025,PH,Net,Actual,Dec,-21924911
CDE,2025,PH,Net,Actual,Feb,19053228
CDE,2025,PH,Net,Actual,Jan,1151530839
CDE,2025,PH,Net,Actual,Jul,246505942
CDE,2025,PH,Net,Actual,Jun,338578660
CDE,2025,PH,Net,Actual,Mar,2025785
CDE,2025,PH,Net,Actual,May,266713421
CDE,2025,PH,Net,Actual,Nov,514019822
CDE,2025,PH,Net,Actual,Oct,0
CDE,2025,PH,Net,Actual,Sep,-103920795
CDE,2025,PH,Net,Budget,Apr,665918196
CDE,2025,PH,Net,Budget,Aug,138616028
CDE,2025,PH,Net,Budget,Dec,-43997050
CDE,2025,PH,Net,Budget,Feb,36297319
CDE,2025,PH,Net,Budget,Jan,394673088
CDE,2025,PH,Net,Budget,Jul,591532285
CDE,2025,PH,Net,Budget,Jun,496392619
CDE,2025,PH,Net,Budget,Mar,44580051
CDE,2025,PH,Net,Budget,May,118484687
CDE,2025,PH,Net,Budget,Nov,607527439
CDE,2025,PH,Net,Budget,Oct,0
CDE,2025,PH,Net,Budget,Sep,-42570289
CDE,2025,PH,Net,Forecast,Apr,470607573
CDE,2025,PH,Net,Forecast,Aug,274462856
CDE,2025,PH,Net,Forecast,Dec,-76371280
CDE,2025,PH,Net,Forecast,Feb,19397001
CDE,2025,PH,Net,Forecast,Jan,75317212
CDE,2025,PH,Net,Forecast,Jul,225686180
CDE,2025,PH,Net,Forecast,Jun,4708592
CDE,2025,PH,Net,Forecast,Mar,5500741
CDE,2025,PH,Net,Forecast,May,190672657
CDE,2025,PH,Net,Forecast,Nov,587925975
CDE,2025,PH,Net,Forecast,Oct,0
CDE,2025,PH,Net,Forecast,Sep,-26690441
CDE,2025,PH,Op,Actual,Apr,114720501
CDE,2025,PH,Op,Actual,Aug,1072389882
CDE,2025,PH,Op,Actual,Dec,-10378160
CDE,2025,PH,Op,Actual,Feb,20915460
CDE,2025,PH,Op,Actual,Jan,1207733331
CDE,2025,PH,Op,Actual,Jul,635234400
CDE,2025,PH,Op,Actual,Jun,155966567
CDE,2025,PH,Op,Actual,Mar,12059671
CDE,2025,PH,Op,Actual,May,230463443
CDE,2025,PH,Op,Actual,Nov,425513311
CDE,2025,PH,Op,Actual,Oct,0
CDE,2025,PH,Op,Actual,Sep,-107647089
CDE,2025,PH,Op,Budget,Apr,46813735
CDE,2025,PH,Op,Budget,Aug,631687717
CDE,2025,PH,Op,Budget,Dec,-23393918
CDE,2025,PH,Op,Budget,Feb,14089624
CDE,2025,PH,Op,Budget,Jan,1342392743
CDE,2025,PH,Op,Budget,Jul,670780435
CDE,2025,PH,Op,Budget,Jun,276543605
CDE,2025,PH,Op,Budget,Mar,49302328
CDE,2025,PH,Op,Budget,May,85419919
CDE,2025,PH,Op,Budget,Nov,435004014
CDE,2025,PH,Op,Budget,Oct,0
CDE,2025,PH,Op,Budget,Sep,-34136127
CDE,2025,PH,Op,Forecast,Apr,169746177
CDE,2025,PH,Op,Forecast,Aug,1026547715
CDE,2025,PH,Op,Forecast,Dec,-51645962
CDE,2025,PH,Op,Forecast,Feb,15001892
CDE,2025,PH,Op,Forecast,Jan,543280516
CDE,2025,PH,Op,Forecast,Jul,1037141759
CDE,2025,PH,Op,Forecast,Jun,530472706
CDE,2025,PH,Op,Forecast,Mar,45073347
CDE,2025,PH,Op,Forecast,May,234690480
CDE,2025,PH,Op,Forecast,Nov,633730254
CDE,2025,PH,Op,Forecast,Oct,0
CDE,2025,PH,Op,Forecast,Sep,-81879689
CDE,2025,RU,Gross,Actual,Apr,0
CDE,2025,RU,Gross,Actual,Aug,0
CDE,2025,RU,Gross,Actual,Dec,0
CDE,2025,RU,Gross,Actual,Feb,0
CDE,2025,RU,Gross,Actual,Jan,0
CDE,2025,RU,Gross,Actual,Jul,0
CDE,2025,RU,Gross,Actual,Jun,0
CDE,2025,RU,Gross,Actual,Mar,0
CDE,2025,RU,Gross,Actual,May,0
CDE,2025,RU,Gross,Actual,Nov,0
CDE,2025,RU,Gross,Actual,Oct,0
CDE,2025,RU,Gross,Actual,Sep,0
CDE,2025,RU,Gross,Budget,Apr,0
CDE,2025,RU,Gross,Budget,Aug,0
CDE,2025,RU,Gross,Budget,Dec,0
CDE,2025,RU,Gross,Budget,Feb,0
CDE,2025,RU,Gross,Budget,Jan,0
CDE,2025,RU,Gross,Budget,Jul,0
CDE,2025,RU,Gross,Budget,Jun,0
CDE,2025,RU,Gross,Budget,Mar,0
CDE,2025,RU,Gross,Budget,May,0
CDE,2025,RU,Gross,Budget,Nov,0
CDE,2025,RU,Gross,Budget,Oct,0
CDE,2025,RU,Gross,Budget,Sep,0
CDE,2025,RU,Gross,Forecast,Apr,0
CDE,2025,RU,Gross,Forecast,Aug,0
CDE,2025,RU,Gross,Forecast,Dec,0
CDE,2025,RU,Gross,Forecast,Feb,0
CDE,2025,RU,Gross,Forecast,Jan,0
CDE,2025,RU,Gross,Forecast,Jul,0
CDE,2025,RU,Gross,Forecast,Jun,0
CDE,2025,RU,Gross,Forecast,Mar,0
CDE,2025,RU,Gross,Forecast,May,0
CDE,2025,RU,Gross,Forecast,Nov,0
CDE,2025,RU,Gross,Forecast,Oct,0
CDE,2025,RU,Gross,Forecast,Sep,0
CDE,2025,RU,Net,Actual,Apr,0
CDE,2025,RU,Net,Actual,Aug,0
CDE,2025,RU,Net,Actual,Dec,22566353457
CDE,2025,RU,Net,Actual,Feb,14288277936
CDE,2025,RU,Net,Actual,Jan,0
CDE,2025,RU,Net,Actual,Jul,0
CDE,2025,RU,Net,Actual,Jun,0
CDE,2025,RU,Net,Actual,Mar,18816321502
CDE,2025,RU,Net,Actual,May,0
CDE,2025,RU,Net,Actual,Nov,23132189139
CDE,2025,RU,Net,Actual,Oct,18140190494
CDE,2025,RU,Net,Actual,Sep,0
CDE,2025,RU,Net,Budget,Apr,0
CDE,2025,RU,Net,Budget,Aug,0
CDE,2025,RU,Net,Budget,Dec,52089679651
CDE,2025,RU,Net,Budget,Feb,19422790865
CDE,2025,RU,Net,Budget,Jan,0
CDE,2025,RU,Net,Budget,Jul,0
CDE,2025,RU,Net,Budget,Jun,0
CDE,2025,RU,Net,Budget,Mar,31712239328
CDE,2025,RU,Net,Budget,May,0
CDE,2025,RU,Net,Budget,Nov,51139519760
CDE,2025,RU,Net,Budget,Oct,28769412955
CDE,2025,RU,Net,Budget,Sep,0
CDE,2025,RU,Net,Forecast,Apr,0
CDE,2025,RU,Net,Forecast,Aug,0
CDE,2025,RU,Net,Forecast,Dec,33331901543
CDE,2025,RU,Net,Forecast,Feb,1343987896
CDE,2025,RU,Net,Forecast,Jan,0
CDE,2025,RU,Net,Forecast,Jul,0
CDE,2025,RU,Net,Forecast,Jun,0
CDE,2025,RU,Net,Forecast,Mar,12085906185
CDE,2025,RU,Net,Forecast,May,0
CDE,2025,RU,Net,Forecast,Nov,5197804069
CDE,2025,RU,Net,Forecast,Oct,45178559079
CDE,2025,RU,Net,Forecast,Sep,0
CDE,2025,RU,Op,Actual,Apr,0
CDE,2025,RU,Op,Actual,Aug,0
CDE,2025,RU,Op,Actual,Dec,32852429687
CDE,2025,RU,Op,Actual,Feb,22121673017
CDE,2025,RU,Op,Actual,Jan,0
CDE,2025,RU,Op,Actual,Jul,0
CDE,2025,RU,Op,Actual,Jun,0
CDE,2025,RU,Op,Actual,Mar,22337352387
CDE,2025,RU,Op,Actual,May,0
CDE,2025,RU,Op,Actual,Nov,5320981664
CDE,2025,RU,Op,Actual,Oct,5671624264
CDE,2025,RU,Op,Actual,Sep,0
CDE,2025,RU,Op,Budget,Apr,0
CDE,2025,RU,Op,Budget,Aug,0
CDE,2025,RU,Op,Budget,Dec,43123607242
CDE,2025,RU,Op,Budget,Feb,5903041860
CDE,2025,RU,Op,Budget,Jan,0
CDE,2025,RU,Op,Budget,Jul,0
CDE,2025,RU,Op,Budget,Jun,0
CDE,2025,RU,Op,Budget,Mar,1764414615
CDE,2025,RU,Op,Budget,May,0
CDE,2025,RU,Op,Budget,Nov,56384093295
CDE,2025,RU,Op,Budget,Oct,16917406438
CDE,2025,RU,Op,Budget,Sep,0
CDE,2025,RU,Op,Forecast,Apr,0
CDE,2025,RU,Op,Forecast,Aug,0
CDE,2025,RU,Op,Forecast,Dec,48996922269
CDE,2025,RU,Op,Forecast,Feb,47544744947
CDE,2025,RU,Op,Forecast,Jan,0
CDE,2025,RU,Op,Forecast,Jul,0
CDE,2025,RU,Op,Forecast,Jun,0
CDE,2025,RU,Op,Forecast,Mar,14504943552
CDE,2025,RU,Op,Forecast,May,0
CDE,2025,RU,Op,Forecast,Nov,1079535893
CDE,2025,RU,Op,Forecast,Oct,14643983107
CDE,2025,RU,Op,Forecast,Sep,0
CDE,2025,SG,Gross,Actual,Apr,289067129
CDE,2025,SG,Gross,Actual,Aug,109741214
CDE,2025,SG,Gross,Actual,Dec,227093247
CDE,2025,SG,Gross,Actual,Feb,790759718
CDE,2025,SG,Gross,Actual,Jan,1832758630
CDE,2025,SG,Gross,Actual,Jul,104674
CDE,2025,SG,Gross,Actual,Jun,446737051
CDE,2025,SG,Gross,Actual,Mar,239425029
CDE,2025,SG,Gross,Actual,May,387088272
CDE,2025,SG,Gross,Actual,Nov,1620798727
CDE,2025,SG,Gross,Actual,Oct,93432490
CDE,2025,SG,Gross,Actual,Sep,500111025
CDE,2025,SG,Gross,Budget,Apr,1157114549
CDE,2025,SG,Gross,Budget,Aug,38126155
CDE,2025,SG,Gross,Budget,Dec,236474823
CDE,2025,SG,Gross,Budget,Feb,548128354
CDE,2025,SG,Gross,Budget,Jan,1052378588
CDE,2025,SG,Gross,Budget,Jul,29454
CDE,2025,SG,Gross,Budget,Jun,326852812
CDE,2025,SG,Gross,Budget,Mar,493702382
CDE,2025,SG,Gross,Budget,May,277654936
CDE,2025,SG,Gross,Budget,Nov,1102970722
CDE,2025,SG,Gross,Budget,Oct,260225214
CDE,2025,SG,Gross,Budget,Sep,152984039
CDE,2025,SG,Gross,Forecast,Apr,27067
CDE,2025,SG,Gross,Forecast,Aug,86962090
CDE,2025,SG,Gross,Forecast,Dec,372405321
CDE,2025,SG,Gross,Forecast,Feb,741982221
CDE,2025,SG,Gross,Forecast,Jan,804337069
CDE,2025,SG,Gross,Forecast,Jul,58386
CDE,2025,SG,Gross,Forecast,Jun,189569752
CDE,2025,SG,Gross,Forecast,Mar,305659808
CDE,2025,SG,Gross,Forecast,May,192657082
CDE,2025,SG,Gross,Forecast,Nov,243047817
CDE,2025,SG,Gross,Forecast,Oct,256546722
CDE,2025,SG,Gross,Forecast,Sep,508857017
CDE,2025,SG,Net,Actual,Apr,698977459
CDE,2025,SG,Net,Actual,Aug,108136204
CDE,2025,SG,Net,Actual,Dec,310695565
CDE,2025,SG,Net,Actual,Feb,696774666
CDE,2025,SG,Net,Actual,Jan,1241972511
CDE,2025,SG,Net,Actual,Jul,-928451
CDE,2025,SG,Net,Actual,Jun,6146322
CDE,2025,SG,Net,Actual,Mar,62262435
CDE,2025,SG,Net,Actual,May,47780794
CDE,2025,SG,Net,Actual,Nov,1148814456
CDE,2025,SG,Net,Actual,Oct,122579740
CDE,2025,SG,Net,Actual,Sep,286744906
CDE,2025,SG,Net,Budget,Apr,56175147
CDE,2025,SG,Net,Budget,Aug,17955197
CDE,2025,SG,Net,Budget,Dec,91078430
CDE,2025,SG,Net,Budget,Feb,745515998
CDE,2025,SG,Net,Budget,Jan,480381801
CDE,2025,SG,Net,Budget,Jul,-792528
CDE,2025,SG,Net,Budget,Jun,113024588
CDE,2025,SG,Net,Budget,Mar,128744198
CDE,2025,SG,Net,Budget,May,274417681
CDE,2025,SG,Net,Budget,Nov,1512042668
CDE,2025,SG,Net,Budget,Oct,96285809
CDE,2025,SG,Net,Budget,Sep,17904561
CDE,2025,SG,Net,Forecast,Apr,450944913
CDE,2025,SG,Net,Forecast,Aug,197673931
CDE,2025,SG,Net,Forecast,Dec,198983722
CDE,2025,SG,Net,Forecast,Feb,18573744
CDE,2025,SG,Net,Forecast,Jan,2040079641
CDE,2025,SG,Net,Forecast,Jul,-1092130
CDE,2025,SG,Net,Forecast,Jun,460237934
CDE,2025,SG,Net,Forecast,Mar,12120795
CDE,2025,SG,Net,Forecast,May,12116891
CDE,2025,SG,Net,Forecast,Nov,872765314
CDE,2025,SG,Net,Forecast,Oct,467132385
CDE,2025,SG,Net,Forecast,Sep,721523425
CDE,2025,SG,Op,Actual,Apr,148545403
CDE,2025,SG,Op,Actual,Aug,162958781
CDE,2025,SG,Op,Actual,Dec,200257032
CDE,2025,SG,Op,Actual,Feb,386161876
CDE,2025,SG,Op,Actual,Jan,2017674366
CDE,2025,SG,Op,Actual,Jul,-175816
CDE,2025,SG,Op,Actual,Jun,369133804
CDE,2025,SG,Op,Actual,Mar,95654298
CDE,2025,SG,Op,Actual,May,427181290
CDE,2025,SG,Op,Actual,Nov,1245580106
CDE,2025,SG,Op,Actual,Oct,43921293
CDE,2025,SG,Op,Actual,Sep,355390498
CDE,2025,SG,Op,Budget,Apr,133144107
CDE,2025,SG,Op,Budget,Aug,62624822
CDE,2025,SG,Op,Budget,Dec,387691127
CDE,2025,SG,Op,Budget,Feb,433173220
CDE,2025,SG,Op,Budget,Jan,1528046529
CDE,2025,SG,Op,Budget,Jul,-477954
CDE,2025,SG,Op,Budget,Jun,366059383
CDE,2025,SG,Op,Budget,Mar,24938583
CDE,2025,SG,Op,Budget,May,348910970
CDE,2025,SG,Op,Budget,Nov,930043037
CDE,2025,SG,Op,Budget,Oct,199326028
CDE,2025,SG,Op,Budget,Sep,15864983
CDE,2025,SG,Op,Forecast,Apr,657538070
CDE,2025,SG,Op,Forecast,Aug,167215553
CDE,2025,SG,Op,Forecast,Dec,318526466
CDE,2025,SG,Op,Forecast,Feb,739083003
CDE,2025,SG,Op,Forecast,Jan,258722081
CDE,2025,SG,Op,Forecast,Jul,-181002
CDE,2025,SG,Op,Forecast,Jun,106870964
CDE,2025,SG,Op,Forecast,Mar,136465723
CDE,2025,SG,Op,Forecast,May,194164911
CDE,2025,SG,Op,Forecast,Nov,392799929
CDE,2025,SG,Op,Forecast,Oct,426581725
CDE,2025,SG,Op,Forecast,Sep,224392396
CDE,2025,TH,Gross,Actual,Apr,826396477
CDE,2025,TH,Gross,Actual,Aug,677508977
CDE,2025,TH,Gross,Actual,Dec,316204107
CDE,2025,TH,Gross,Actual,Feb,242001193
CDE,2025,TH,Gross,Actual,Jan,648873438
CDE,2025,TH,Gross,Actual,Jul,328153066
CDE,2025,TH,Gross,Actual,Jun,1160032642
CDE,2025,TH,Gross,Actual,Mar,1806223744
CDE,2025,TH,Gross,Actual,May,1392835065
CDE,2025,TH,Gross,Actual,Nov,95245242
CDE,2025,TH,Gross,Actual,Oct,1749214547
CDE,2025,TH,Gross,Actual,Sep,1007767030
CDE,2025,TH,Gross,Budget,Apr,1497762287
CDE,2025,TH,Gross,Budget,Aug,706901232
CDE,2025,TH,Gross,Budget,Dec,10588501
CDE,2025,TH,Gross,Budget,Feb,1167484199
CDE,2025,TH,Gross,Budget,Jan,1303834329
CDE,2025,TH,Gross,Budget,Jul,23849686
CDE,2025,TH,Gross,Budget,Jun,1010380612
CDE,2025,TH,Gross,Budget,Mar,315314034
CDE,2025,TH,Gross,Budget,May,1227142060
CDE,2025,TH,Gross,Budget,Nov,182568462
CDE,2025,TH,Gross,Budget,Oct,631798255
CDE,2025,TH,Gross,Budget,Sep,403650022
CDE,2025,TH,Gross,Forecast,Apr,499508387
CDE,2025,TH,Gross,Forecast,Aug,931674792
CDE,2025,TH,Gross,Forecast,Dec,758834281
CDE,2025,TH,Gross,Forecast,Feb,186653205
CDE,2025,TH,Gross,Forecast,Jan,829033343
CDE,2025,TH,Gross,Forecast,Jul,729639949
CDE,2025,TH,Gross,Forecast,Jun,1688618699
CDE,2025,TH,Gross,Forecast,Mar,647714831
CDE,2025,TH,Gross,Forecast,May,1137474562
CDE,2025,TH,Gross,Forecast,Nov,403491108
CDE,2025,TH,Gross,Forecast,Oct,1143009642
CDE,2025,TH,Gross,Forecast,Sep,903781046
CDE,2025,TH,Net,Actual,Apr,1502649502
CDE,2025,TH,Net,Actual,Aug,763267225
CDE,2025,TH,Net,Actual,Dec,49395280
CDE,2025,TH,Net,Actual,Feb,756003493
CDE,2025,TH,Net,Actual,Jan,100450265
CDE,2025,TH,Net,Actual,Jul,336742667
CDE,2025,TH,Net,Actual,Jun,521458524
CDE,2025,TH,Net,Actual,Mar,1729193854
CDE,2025,TH,Net,Actual,May,570658393
CDE,2025,TH,Net,Actual,Nov,312936159
CDE,2025,TH,Net,Actual,Oct,146655392
CDE,2025,TH,Net,Actual,Sep,859034907
CDE,2025,TH,Net,Budget,Apr,321124485
CDE,2025,TH,Net,Budget,Aug,105211011
CDE,2025,TH,Net,Budget,Dec,502653017
CDE,2025,TH,Net,Budget,Feb,1442684383
CDE,2025,TH,Net,Budget,Jan,897109269
CDE,2025,TH,Net,Budget,Jul,39803703
CDE,2025,TH,Net,Budget,Jun,645609369
CDE,2025,TH,Net,Budget,Mar,894521924
CDE,2025,TH,Net,Budget,May,1591763120
CDE,2025,TH,Net,Budget,Nov,279317619
CDE,2025,TH,Net,Budget,Oct,1266014898
CDE,2025,TH,Net,Budget,Sep,318695170
CDE,2025,TH,Net,Forecast,Apr,101888430
CDE,2025,TH,Net,Forecast,Aug,240882839
CDE,2025,TH,Net,Forecast,Dec,385604389
CDE,2025,TH,Net,Forecast,Feb,1071010877
CDE,2025,TH,Net,Forecast,Jan,1385828639
CDE,2025,TH,Net,Forecast,Jul,635821157
CDE,2025,TH,Net,Forecast,Jun,1379431013
CDE,2025,TH,Net,Forecast,Mar,325770339
CDE,2025,TH,Net,Forecast,May,514224351
CDE,2025,TH,Net,Forecast,Nov,145192771
CDE,2025,TH,Net,Forecast,Oct,1315349609
CDE,2025,TH,Net,Forecast,Sep,1019741099
CDE,2025,TH,Op,Actual,Apr,1493649312
CDE,2025,TH,Op,Actual,Aug,604754330
CDE,2025,TH,Op,Actual,Dec,38023660
CDE,2025,TH,Op,Actual,Feb,579418283
CDE,2025,TH,Op,Actual,Jan,887734137
CDE,2025,TH,Op,Actual,Jul,251135452
CDE,2025,TH,Op,Actual,Jun,1049226046
CDE,2025,TH,Op,Actual,Mar,86525569
CDE,2025,TH,Op,Actual,May,1051093480
CDE,2025,TH,Op,Actual,Nov,82164493
CDE,2025,TH,Op,Actual,Oct,69000717
CDE,2025,TH,Op,Actual,Sep,697879016
CDE,2025,TH,Op,Budget,Apr,1106908344
CDE,2025,TH,Op,Budget,Aug,232546104
CDE,2025,TH,Op,Budget,Dec,344214770
CDE,2025,TH,Op,Budget,Feb,24660335
CDE,2025,TH,Op,Budget,Jan,1746582972
CDE,2025,TH,Op,Budget,Jul,803900200
CDE,2025,TH,Op,Budget,Jun,36641199
CDE,2025,TH,Op,Budget,Mar,1231572592
CDE,2025,TH,Op,Budget,May,934282007
CDE,2025,TH,Op,Budget,Nov,173080504
CDE,2025,TH,Op,Budget,Oct,1390498540
CDE,2025,TH,Op,Budget,Sep,164449943
CDE,2025,TH,Op,Forecast,Apr,245480625
CDE,2025,TH,Op,Forecast,Aug,69043257
CDE,2025,TH,Op,Forecast,Dec,123758406
CDE,2025,TH,Op,Forecast,Feb,208861932
CDE,2025,TH,Op,Forecast,Jan,935621317
CDE,2025,TH,Op,Forecast,Jul,582197598
CDE,2025,TH,Op,Forecast,Jun,1021489497
CDE,2025,TH,Op,Forecast,Mar,710850408
CDE,2025,TH,Op,Forecast,May,989545131
CDE,2025,TH,Op,Forecast,Nov,52065922
CDE,2025,TH,Op,Forecast,Oct,1016620098
CDE,2025,TH,Op,Forecast,Sep,154576563
CDE,2025,TR,Gross,Actual,Apr,1320212744
CDE,2025,TR,Gross,Actual,Aug,3112069528
CDE,2025,TR,Gross,Actual,Dec,305401493
CDE,2025,TR,Gross,Actual,Feb,5770447446
CDE,2025,TR,Gross,Actual,Jan,11415229214
CDE,2025,TR,Gross,Actual,Jul,4586631484
CDE,2025,TR,Gross,Actual,Jun,4806034628
CDE,2025,TR,Gross,Actual,Mar,3848666140
CDE,2025,TR,Gross,Actual,May,2452852542
CDE,2025,TR,Gross,Actual,Nov,6899692259
CDE,2025,TR,Gross,Actual,Oct,563545178
CDE,2025,TR,Gross,Actual,Sep,1605063993
CDE,2025,TR,Gross,Budget,Apr,2756932244
CDE,2025,TR,Gross,Budget,Aug,5207957866
CDE,2025,TR,Gross,Budget,Dec,386998268
CDE,2025,TR,Gross,Budget,Feb,5057023546
CDE,2025,TR,Gross,Budget,Jan,7848949074
CDE,2025,TR,Gross,Budget,Jul,3655954012
CDE,2025,TR,Gross,Budget,Jun,4132606880
CDE,2025,TR,Gross,Budget,Mar,3458070323
CDE,2025,TR,Gross,Budget,May,3022948916
CDE,2025,TR,Gross,Budget,Nov,8019430563
CDE,2025,TR,Gross,Budget,Oct,2412304956
CDE,2025,TR,Gross,Budget,Sep,2135872845
CDE,2025,TR,Gross,Forecast,Apr,3944038268
CDE,2025,TR,Gross,Forecast,Aug,912488027
CDE,2025,TR,Gross,Forecast,Dec,976389794
CDE,2025,TR,Gross,Forecast,Feb,1232191680
CDE,2025,TR,Gross,Forecast,Jan,3474118042
CDE,2025,TR,Gross,Forecast,Jul,2916523253
CDE,2025,TR,Gross,Forecast,Jun,90903858
CDE,2025,TR,Gross,Forecast,Mar,798116265
CDE,2025,TR,Gross,Forecast,May,4895789525
CDE,2025,TR,Gross,Forecast,Nov,1619953061
CDE,2025,TR,Gross,Forecast,Oct,642893841
CDE,2025,TR,Gross,Forecast,Sep,1322660249
CDE,2025,TR,Net,Actual,Apr,2611345358
CDE,2025,TR,Net,Actual,Aug,100408883
CDE,2025,TR,Net,Actual,Dec,778988769
CDE,2025,TR,Net,Actual,Feb,2744710008
CDE,2025,TR,Net,Actual,Jan,8166785197
CDE,2025,TR,Net,Actual,Jul,438363899
CDE,2025,TR,Net,Actual,Jun,538683506
CDE,2025,TR,Net,Actual,Mar,2676959531
CDE,2025,TR,Net,Actual,May,3780068922
CDE,2025,TR,Net,Actual,Nov,835545052
CDE,2025,TR,Net,Actual,Oct,2416868176
CDE,2025,TR,Net,Actual,Sep,586878869
CDE,2025,TR,Net,Budget,Apr,4165331404
CDE,2025,TR,Net,Budget,Aug,2824929193
CDE,2025,TR,Net,Budget,Dec,225190322
CDE,2025,TR,Net,Budget,Feb,720669623
CDE,2025,TR,Net,Budget,Jan,10751768957
CDE,2025,TR,Net,Budget,Jul,1959727459
CDE,2025,TR,Net,Budget,Jun,3914326587
CDE,2025,TR,Net,Budget,Mar,1310166429
CDE,2025,TR,Net,Budget,May,2275890909
CDE,2025,TR,Net,Budget,Nov,2664536665
CDE,2025,TR,Net,Budget,Oct,3547631828
CDE,2025,TR,Net,Budget,Sep,1685867470
CDE,2025,TR,Net,Forecast,Apr,1093131583
CDE,2025,TR,Net,Forecast,Aug,741909071
CDE,2025,TR,Net,Forecast,Dec,531814425
CDE,2025,TR,Net,Forecast,Feb,5220756357
CDE,2025,TR,Net,Forecast,Jan,4770194326
CDE,2025,TR,Net,Forecast,Jul,3595892590
CDE,2025,TR,Net,Forecast,Jun,2830526466
CDE,2025,TR,Net,Forecast,Mar,3038840263
CDE,2025,TR,Net,Forecast,May,375870969
CDE,2025,TR,Net,Forecast,Nov,1980959605
CDE,2025,TR,Net,Forecast,Oct,1206437172
CDE,2025,TR,Net,Forecast,Sep,1592001854
CDE,2025,TR,Op,Actual,Apr,3875429387
CDE,2025,TR,Op,Actual,Aug,5858958023
CDE,2025,TR,Op,Actual,Dec,804159210
CDE,2025,TR,Op,Actual,Feb,3180162375
CDE,2025,TR,Op,Actual,Jan,5131702865
CDE,2025,TR,Op,Actual,Jul,2019450185
CDE,2025,TR,Op,Actual,Jun,2637689424
CDE,2025,TR,Op,Actual,Mar,934916249
CDE,2025,TR,Op,Actual,May,4576682803
CDE,2025,TR,Op,Actual,Nov,4342537686
CDE,2025,TR,Op,Actual,Oct,2043506258
CDE,2025,TR,Op,Actual,Sep,2653756302
CDE,2025,TR,Op,Budget,Apr,543301101
CDE,2025,TR,Op,Budget,Aug,2212510019
CDE,2025,TR,Op,Budget,Dec,58279435
CDE,2025,TR,Op,Budget,Feb,3631399072
CDE,2025,TR,Op,Budget,Jan,4532163408
CDE,2025,TR,Op,Budget,Jul,1434420732
CDE,2025,TR,Op,Budget,Jun,3573306103
CDE,2025,TR,Op,Budget,Mar,2475020779
CDE,2025,TR,Op,Budget,May,3238763050
CDE,2025,TR,Op,Budget,Nov,4850595837
CDE,2025,TR,Op,Budget,Oct,339369544
CDE,2025,TR,Op,Budget,Sep,2457934646
CDE,2025,TR,Op,Forecast,Apr,3660287703
CDE,2025,TR,Op,Forecast,Aug,635695113
CDE,2025,TR,Op,Forecast,Dec,960319584
CDE,2025,TR,Op,Forecast,Feb,2313162657
CDE,2025,TR,Op,Forecast,Jan,5486941387
CDE,2025,TR,Op,Forecast,Jul,2254103980
CDE,2025,TR,Op,Forecast,Jun,2664004394
CDE,2025,TR,Op,Forecast,Mar,908091157
CDE,2025,TR,Op,Forecast,May,1307512475
CDE,2025,TR,Op,Forecast,Nov,1686759529
CDE,2025,TR,Op,Forecast,Oct,3705922232
CDE,2025,TR,Op,Forecast,Sep,870434683
CDE,2025,TTL VSA,Gross,Actual,Apr,32511082738
CDE,2025,TTL VSA,Gross,Actual,Aug,32505743559
CDE,2025,TTL VSA,Gross,Actual,Dec,30525187200
CDE,2025,TTL VSA,Gross,Actual,Feb,6260102829
CDE,2025,TTL VSA,Gross,Actual,Jan,18242867529
CDE,2025,TTL VSA,Gross,Actual,Jul,25818711299
CDE,2025,TTL VSA,Gross,Actual,Jun,29559092463
CDE,2025,TTL VSA,Gross,Actual,Mar,16376068431
CDE,2025,TTL VSA,Gross,Actual,May,13228467912
CDE,2025,TTL VSA,Gross,Actual,Nov,13165905401
CDE,2025,TTL VSA,Gross,Actual,Oct,3863739214
CDE,2025,TTL VSA,Gross,Actual,Sep,42321632352
CDE,2025,TTL VSA,Gross,Budget,Apr,2949265169
CDE,2025,TTL VSA,Gross,Budget,Aug,18427233900
CDE,2025,TTL VSA,Gross,Budget,Dec,1195241183
CDE,2025,TTL VSA,Gross,Budget,Feb,41473817074
CDE,2025,TTL VSA,Gross,Budget,Jan,12534469424
CDE,2025,TTL VSA,Gross,Budget,Jul,2691101677
CDE,2025,TTL VSA,Gross,Budget,Jun,28340991507
CDE,2025,TTL VSA,Gross,Budget,Mar,25405345191
CDE,2025,TTL VSA,Gross,Budget,May,1270489920
CDE,2025,TTL VSA,Gross,Budget,Nov,33751640702
CDE,2025,TTL VSA,Gross,Budget,Oct,840684508
CDE,2025,TTL VSA,Gross,Budget,Sep,61927589527
CDE,2025,TTL VSA,Gross,Forecast,Apr,34451356600
CDE,2025,TTL VSA,Gross,Forecast,Aug,42334411903
CDE,2025,TTL VSA,Gross,Forecast,Dec,6307449232
CDE,2025,TTL VSA,Gross,Forecast,Feb,38697369551
CDE,2025,TTL VSA,Gross,Forecast,Jan,3974286065
CDE,2025,TTL VSA,Gross,Forecast,Jul,28458956998
CDE,2025,TTL VSA,Gross,Forecast,Jun,16366679342
CDE,2025,TTL VSA,Gross,Forecast,Mar,25552937044
CDE,2025,TTL VSA,Gross,Forecast,May,22042836941
CDE,2025,TTL VSA,Gross,Forecast,Nov,20238071773
CDE,2025,TTL VSA,Gross,Forecast,Oct,30944653296
CDE,2025,TTL VSA,Gross,Forecast,Sep,5018475740
CDE,2025,TTL VSA,Net,Actual,Apr,638229056
CDE,2025,TTL VSA,Net,Actual,Aug,9515217031
CDE,2025,TTL VSA,Net,Actual,Dec,5289915778
CDE,2025,TTL VSA,Net,Actual,Feb,28005211569
CDE,2025,TTL VSA,Net,Actual,Jan,2082468371
CDE,2025,TTL VSA,Net,Actual,Jul,32900414815
CDE,2025,TTL VSA,Net,Actual,Jun,20907244854
CDE,2025,TTL VSA,Net,Actual,Mar,12519187313
CDE,2025,TTL VSA,Net,Actual,May,10886148204
CDE,2025,TTL VSA,Net,Actual,Nov,20977044442
CDE,2025,TTL VSA,Net,Actual,Oct,27164279232
CDE,2025,TTL VSA,Net,Actual,Sep,15031229671
CDE,2025,TTL VSA,Net,Budget,Apr,20067672130
CDE,2025,TTL VSA,Net,Budget,Aug,30287297744
CDE,2025,TTL VSA,Net,Budget,Dec,15091002656
CDE,2025,TTL VSA,Net,Budget,Feb,17375033380
CDE,2025,TTL VSA,Net,Budget,Jan,15127311959
CDE,2025,TTL VSA,Net,Budget,Jul,30475054287
CDE,2025,TTL VSA,Net,Budget,Jun,9623048734
CDE,2025,TTL VSA,Net,Budget,Mar,9055471509
CDE,2025,TTL VSA,Net,Budget,May,11080046186
CDE,2025,TTL VSA,Net,Budget,Nov,24983333055
CDE,2025,TTL VSA,Net,Budget,Oct,13072482658
CDE,2025,TTL VSA,Net,Budget,Sep,44909179997
CDE,2025,TTL VSA,Net,Forecast,Apr,9986584376
CDE,2025,TTL VSA,Net,Forecast,Aug,14993041372
CDE,2025,TTL VSA,Net,Forecast,Dec,493701299
CDE,2025,TTL VSA,Net,Forecast,Feb,4949244651
CDE,2025,TTL VSA,Net,Forecast,Jan,9023309706
CDE,2025,TTL VSA,Net,Forecast,Jul,20974747769
CDE,2025,TTL VSA,Net,Forecast,Jun,1608256577
CDE,2025,TTL VSA,Net,Forecast,Mar,32521574774
CDE,2025,TTL VSA,Net,Forecast,May,8203720466
CDE,2025,TTL VSA,Net,Forecast,Nov,13447710078
CDE,2025,TTL VSA,Net,Forecast,Oct,28816271413
CDE,2025,TTL VSA,Net,Forecast,Sep,16072507443
CDE,2025,TTL VSA,Op,Actual,Apr,18946924631
CDE,2025,TTL VSA,Op,Actual,Aug,30035359580
CDE,2025,TTL VSA,Op,Actual,Dec,31209638353
CDE,2025,TTL VSA,Op,Actual,Feb,310228041
CDE,2025,TTL VSA,Op,Actual,Jan,7152846276
CDE,2025,TTL VSA,Op,Actual,Jul,32173961474
CDE,2025,TTL VSA,Op,Actual,Jun,5684325864
CDE,2025,TTL VSA,Op,Actual,Mar,23127565611
CDE,2025,TTL VSA,Op,Actual,May,9054576247
CDE,2025,TTL VSA,Op,Actual,Nov,38541371441
CDE,2025,TTL VSA,Op,Actual,Oct,34448901998
CDE,2025,TTL VSA,Op,Actual,Sep,4770612042
CDE,2025,TTL VSA,Op,Budget,Apr,19077953387
CDE,2025,TTL VSA,Op,Budget,Aug,20824646129
CDE,2025,TTL VSA,Op,Budget,Dec,39020129383
CDE,2025,TTL VSA,Op,Budget,Feb,13424792904
CDE,2025,TTL VSA,Op,Budget,Jan,11226794453
CDE,2025,TTL VSA,Op,Budget,Jul,40339321636
CDE,2025,TTL VSA,Op,Budget,Jun,24548756861
CDE,2025,TTL VSA,Op,Budget,Mar,16573994212
CDE,2025,TTL VSA,Op,Budget,May,13401875502
CDE,2025,TTL VSA,Op,Budget,Nov,34700708
CDE,2025,TTL VSA,Op,Budget,Oct,40546712370
CDE,2025,TTL VSA,Op,Budget,Sep,18957105657
CDE,2025,TTL VSA,Op,Forecast,Apr,40391782951
CDE,2025,TTL VSA,Op,Forecast,Aug,31817254558
CDE,2025,TTL VSA,Op,Forecast,Dec,20985083991
CDE,2025,TTL VSA,Op,Forecast,Feb,41443387123
CDE,2025,TTL VSA,Op,Forecast,Jan,12502455803
CDE,2025,TTL VSA,Op,Forecast,Jul,4432928648
CDE,2025,TTL VSA,Op,Forecast,Jun,884522655
CDE,2025,TTL VSA,Op,Forecast,Mar,30378925541
CDE,2025,TTL VSA,Op,Forecast,May,2496800232
CDE,2025,TTL VSA,Op,Forecast,Nov,38624501446
CDE,2025,TTL VSA,Op,Forecast,Oct,33583858818
CDE,2025,TTL VSA,Op,Forecast,Sep,8298078815
CDE,2025,TTL VSCN,Gross,Actual,Apr,3347792908
CDE,2025,TTL VSCN,Gross,Actual,Aug,9637563478
CDE,2025,TTL VSCN,Gross,Actual,Dec,8732174627
CDE,2025,TTL VSCN,Gross,Actual,Feb,2843790408
CDE,2025,TTL VSCN,Gross,Actual,Jan,3761188619
CDE,2025,TTL VSCN,Gross,Actual,Jul,7360585775
CDE,2025,TTL VSCN,Gross,Actual,Jun,4678628954
CDE,2025,TTL VSCN,Gross,Actual,Mar,10573556263
CDE,2025,TTL VSCN,Gross,Actual,May,10411662337
CDE,2025,TTL VSCN,Gross,Actual,Nov,10806352760
CDE,2025,TTL VSCN,Gross,Actual,Oct,631226838
CDE,2025,TTL VSCN,Gross,Actual,Sep,917759500
CDE,2025,TTL VSCN,Gross,Budget,Apr,3958301381
CDE,2025,TTL VSCN,Gross,Budget,Aug,5146314426
CDE,2025,TTL VSCN,Gross,Budget,Dec,5134008689
CDE,2025,TTL VSCN,Gross,Budget,Feb,7508264451
CDE,2025,TTL VSCN,Gross,Budget,Jan,2515057621
CDE,2025,TTL VSCN,Gross,Budget,Jul,1253951710
CDE,2025,TTL VSCN,Gross,Budget,Jun,4017885239
CDE,2025,TTL VSCN,Gross,Budget,Mar,8101986428
CDE,2025,TTL VSCN,Gross,Budget,May,3019227921
CDE,2025,TTL VSCN,Gross,Budget,Nov,7878712872
CDE,2025,TTL VSCN,Gross,Budget,Oct,2903309846
CDE,2025,TTL VSCN,Gross,Budget,Sep,5253674288
CDE,2025,TTL VSCN,Gross,Forecast,Apr,3333434756
CDE,2025,TTL VSCN,Gross,Forecast,Aug,6025632787
CDE,2025,TTL VSCN,Gross,Forecast,Dec,2493286671
CDE,2025,TTL VSCN,Gross,Forecast,Feb,554211409
CDE,2025,TTL VSCN,Gross,Forecast,Jan,1867213333
CDE,2025,TTL VSCN,Gross,Forecast,Jul,4453427731
CDE,2025,TTL VSCN,Gross,Forecast,Jun,7522205139
CDE,2025,TTL VSCN,Gross,Forecast,Mar,2951496181
CDE,2025,TTL VSCN,Gross,Forecast,May,6131657122
CDE,2025,TTL VSCN,Gross,Forecast,Nov,2377925423
CDE,2025,TTL VSCN,Gross,Forecast,Oct,7200616258
CDE,2025,TTL VSCN,Gross,Forecast,Sep,8182629482
CDE,2025,TTL VSCN,Net,Actual,Apr,1128585127
CDE,2025,TTL VSCN,Net,Actual,Aug,2298725305
CDE,2025,TTL VSCN,Net,Actual,Dec,5012348588
CDE,2025,TTL VSCN,Net,Actual,Feb,8359693851
CDE,2025,TTL VSCN,Net,Actual,Jan,462913553
CDE,2025,TTL VSCN,Net,Actual,Jul,4925576463
CDE,2025,TTL VSCN,Net,Actual,Jun,4274658787
CDE,2025,TTL VSCN,Net,Actual,Mar,6141356404
CDE,2025,TTL VSCN,Net,Actual,May,5425025141
CDE,2025,TTL VSCN,Net,Actual,Nov,63208023
CDE,2025,TTL VSCN,Net,Actual,Oct,9991123140
CDE,2025,TTL VSCN,Net,Actual,Sep,3155337321
CDE,2025,TTL VSCN,Net,Budget,Apr,4825963249
CDE,2025,TTL VSCN,Net,Budget,Aug,2949995555
CDE,2025,TTL VSCN,Net,Budget,Dec,6715440626
CDE,2025,TTL VSCN,Net,Budget,Feb,667804367
CDE,2025,TTL VSCN,Net,Budget,Jan,12086187883
CDE,2025,TTL VSCN,Net,Budget,Jul,8603754505
CDE,2025,TTL VSCN,Net,Budget,Jun,1287172665
CDE,2025,TTL VSCN,Net,Budget,Mar,4104725717
CDE,2025,TTL VSCN,Net,Budget,May,201339504
CDE,2025,TTL VSCN,Net,Budget,Nov,8410426069
CDE,2025,TTL VSCN,Net,Budget,Oct,9282577586
CDE,2025,TTL VSCN,Net,Budget,Sep,5469451079
CDE,2025,TTL VSCN,Net,Forecast,Apr,1786617955
CDE,2025,TTL VSCN,Net,Forecast,Aug,4332879598
CDE,2025,TTL VSCN,Net,Forecast,Dec,10478543698
CDE,2025,TTL VSCN,Net,Forecast,Feb,5326402774
CDE,2025,TTL VSCN,Net,Forecast,Jan,5422931327
CDE,2025,TTL VSCN,Net,Forecast,Jul,1590956800
CDE,2025,TTL VSCN,Net,Forecast,Jun,5037751866
CDE,2025,TTL VSCN,Net,Forecast,Mar,6401558445
CDE,2025,TTL VSCN,Net,Forecast,May,8129009740
CDE,2025,TTL VSCN,Net,Forecast,Nov,9280692212
CDE,2025,TTL VSCN,Net,Forecast,Oct,8121650094
CDE,2025,TTL VSCN,Net,Forecast,Sep,3846200977
CDE,2025,TTL VSCN,Op,Actual,Apr,3080937768
CDE,2025,TTL VSCN,Op,Actual,Aug,3505438557
CDE,2025,TTL VSCN,Op,Actual,Dec,6181241903
CDE,2025,TTL VSCN,Op,Actual,Feb,9119354131
CDE,2025,TTL VSCN,Op,Actual,Jan,7743791936
CDE,2025,TTL VSCN,Op,Actual,Jul,7594434458
CDE,2025,TTL VSCN,Op,Actual,Jun,5728293408
CDE,2025,TTL VSCN,Op,Actual,Mar,7080896491
CDE,2025,TTL VSCN,Op,Actual,May,2432270971
CDE,2025,TTL VSCN,Op,Actual,Nov,5321622448
CDE,2025,TTL VSCN,Op,Actual,Oct,7900716066
CDE,2025,TTL VSCN,Op,Actual,Sep,6509127649
CDE,2025,TTL VSCN,Op,Budget,Apr,6991394380
CDE,2025,TTL VSCN,Op,Budget,Aug,1834017713
CDE,2025,TTL VSCN,Op,Budget,Dec,6572195536
CDE,2025,TTL VSCN,Op,Budget,Feb,2607484666
CDE,2025,TTL VSCN,Op,Budget,Jan,3844156976
CDE,2025,TTL VSCN,Op,Budget,Jul,166270451
CDE,2025,TTL VSCN,Op,Budget,Jun,708470654
CDE,2025,TTL VSCN,Op,Budget,Mar,6053344056
CDE,2025,TTL VSCN,Op,Budget,May,7043979550
CDE,2025,TTL VSCN,Op,Budget,Nov,3323292861
CDE,2025,TTL VSCN,Op,Budget,Oct,2892833108
CDE,2025,TTL VSCN,Op,Budget,Sep,4902615973
CDE,2025,TTL VSCN,Op,Forecast,Apr,1150393100
CDE,2025,TTL VSCN,Op,Forecast,Aug,5869361120
CDE,2025,TTL VSCN,Op,Forecast,Dec,717214274
CDE,2025,TTL VSCN,Op,Forecast,Feb,2068045503
CDE,2025,TTL VSCN,Op,Forecast,Jan,2434091656
CDE,2025,TTL VSCN,Op,Forecast,Jul,5975637761
CDE,2025,TTL VSCN,Op,Forecast,Jun,225329575
CDE,2025,TTL VSCN,Op,Forecast,Mar,11218515863
CDE,2025,TTL VSCN,Op,Forecast,May,3360813138
CDE,2025,TTL VSCN,Op,Forecast,Nov,2323934872
CDE,2025,TTL VSCN,Op,Forecast,Oct,8126654146
CDE,2025,TTL VSCN,Op,Forecast,Sep,6601746971
CDE,2025,TTL VSE,Gross,Actual,Apr,3941222540
CDE,2025,TTL VSE,Gross,Actual,Aug,3860194656
CDE,2025,TTL VSE,Gross,Actual,Dec,18221770949
CDE,2025,TTL VSE,Gross,Actual,Feb,9207649414
CDE,2025,TTL VSE,Gross,Actual,Jan,583182765
CDE,2025,TTL VSE,Gross,Actual,Jul,10883024189
CDE,2025,TTL VSE,Gross,Actual,Jun,15449960679
CDE,2025,TTL VSE,Gross,Actual,Mar,11224538524
CDE,2025,TTL VSE,Gross,Actual,May,17263470722
CDE,2025,TTL VSE,Gross,Actual,Nov,2270408677
CDE,2025,TTL VSE,Gross,Actual,Oct,3561706131
CDE,2025,TTL VSE,Gross,Actual,Sep,3668679717
CDE,2025,TTL VSE,Gross,Budget,Apr,25955796412
CDE,2025,TTL VSE,Gross,Budget,Aug,17435210515
CDE,2025,TTL VSE,Gross,Budget,Dec,17101036159
CDE,2025,TTL VSE,Gross,Budget,Feb,19473872751
CDE,2025,TTL VSE,Gross,Budget,Jan,3672420479
CDE,2025,TTL VSE,Gross,Budget,Jul,276985575
CDE,2025,TTL VSE,Gross,Budget,Jun,6514536169
CDE,2025,TTL VSE,Gross,Budget,Mar,20391530612
CDE,2025,TTL VSE,Gross,Budget,May,18643810139
CDE,2025,TTL VSE,Gross,Budget,Nov,28417359693
CDE,2025,TTL VSE,Gross,Budget,Oct,34288975243
CDE,2025,TTL VSE,Gross,Budget,Sep,23545707667
CDE,2025,TTL VSE,Gross,Forecast,Apr,18749166626
CDE,2025,TTL VSE,Gross,Forecast,Aug,27718113992
CDE,2025,TTL VSE,Gross,Forecast,Dec,5263132964
CDE,2025,TTL VSE,Gross,Forecast,Feb,14007270719
CDE,2025,TTL VSE,Gross,Forecast,Jan,30529218748
CDE,2025,TTL VSE,Gross,Forecast,Jul,26714318163
CDE,2025,TTL VSE,Gross,Forecast,Jun,18386227932
CDE,2025,TTL VSE,Gross,Forecast,Mar,23634002347
CDE,2025,TTL VSE,Gross,Forecast,May,14667045015
CDE,2025,TTL VSE,Gross,Forecast,Nov,37277629472
CDE,2025,TTL VSE,Gross,Forecast,Oct,580513821
CDE,2025,TTL VSE,Gross,Forecast,Sep,36618840901
CDE,2025,TTL VSE,Net,Actual,Apr,3428939919
CDE,2025,TTL VSE,Net,Actual,Aug,3717443468
CDE,2025,TTL VSE,Net,Actual,Dec,28633411297
CDE,2025,TTL VSE,Net,Actual,Feb,33846846750
CDE,2025,TTL VSE,Net,Actual,Jan,32513342067
CDE,2025,TTL VSE,Net,Actual,Jul,7196418539
CDE,2025,TTL VSE,Net,Actual,Jun,20772130607
CDE,2025,TTL VSE,Net,Actual,Mar,12292957725
CDE,2025,TTL VSE,Net,Actual,May,585173404
CDE,2025,TTL VSE,Net,Actual,Nov,35430483796
CDE,2025,TTL VSE,Net,Actual,Oct,68796621861
CDE,2025,TTL VSE,Net,Actual,Sep,10149498810
CDE,2025,TTL VSE,Net,Budget,Apr,11891307192
CDE,2025,TTL VSE,Net,Budget,Aug,19802021443
CDE,2025,TTL VSE,Net,Budget,Dec,33963092969
CDE,2025,TTL VSE,Net,Budget,Feb,12478224471
CDE,2025,TTL VSE,Net,Budget,Jan,16344241337
CDE,2025,TTL VSE,Net,Budget,Jul,13672642636
CDE,2025,TTL VSE,Net,Budget,Jun,8282256182
CDE,2025,TTL VSE,Net,Budget,Mar,35453833312
CDE,2025,TTL VSE,Net,Budget,May,12598429500
CDE,2025,TTL VSE,Net,Budget,Nov,78737867808
CDE,2025,TTL VSE,Net,Budget,Oct,1952494888
CDE,2025,TTL VSE,Net,Budget,Sep,3660741707
CDE,2025,TTL VSE,Net,Forecast,Apr,7948694026
CDE,2025,TTL VSE,Net,Forecast,Aug,757132073
CDE,2025,TTL VSE,Net,Forecast,Dec,16212863857
CDE,2025,TTL VSE,Net,Forecast,Feb,65262022159
CDE,2025,TTL VSE,Net,Forecast,Jan,8002588859
CDE,2025,TTL VSE,Net,Forecast,Jul,6174490238
CDE,2025,TTL VSE,Net,Forecast,Jun,987604334
CDE,2025,TTL VSE,Net,Forecast,Mar,75265085310
CDE,2025,TTL VSE,Net,Forecast,May,10852138666
CDE,2025,TTL VSE,Net,Forecast,Nov,32433110083
CDE,2025,TTL VSE,Net,Forecast,Oct,52761775513
CDE,2025,TTL VSE,Net,Forecast,Sep,5349920514
CDE,2025,TTL VSE,Op,Actual,Apr,11815835536
CDE,2025,TTL VSE,Op,Actual,Aug,23687176718
CDE,2025,TTL VSE,Op,Actual,Dec,13762274711
CDE,2025,TTL VSE,Op,Actual,Feb,12872313731
CDE,2025,TTL VSE,Op,Actual,Jan,23191420477
CDE,2025,TTL VSE,Op,Actual,Jul,1092323508
CDE,2025,TTL VSE,Op,Actual,Jun,10772634936
CDE,2025,TTL VSE,Op,Actual,Mar,47297520811
CDE,2025,TTL VSE,Op,Actual,May,7937040016
CDE,2025,TTL VSE,Op,Actual,Nov,39706309629
CDE,2025,TTL VSE,Op,Actual,Oct,62135920532
CDE,2025,TTL VSE,Op,Actual,Sep,12456436418
CDE,2025,TTL VSE,Op,Budget,Apr,1595172036
CDE,2025,TTL VSE,Op,Budget,Aug,6676107304
CDE,2025,TTL VSE,Op,Budget,Dec,51182768507
CDE,2025,TTL VSE,Op,Budget,Feb,29163051921
CDE,2025,TTL VSE,Op,Budget,Jan,23385822510
CDE,2025,TTL VSE,Op,Budget,Jul,23061362053
CDE,2025,TTL VSE,Op,Budget,Jun,9519600835
CDE,2025,TTL VSE,Op,Budget,Mar,60268406441
CDE,2025,TTL VSE,Op,Budget,May,12425395839
CDE,2025,TTL VSE,Op,Budget,Nov,22298694642
CDE,2025,TTL VSE,Op,Budget,Oct,1642735528
CDE,2025,TTL VSE,Op,Budget,Sep,17061664940
CDE,2025,TTL VSE,Op,Forecast,Apr,16691410775
CDE,2025,TTL VSE,Op,Forecast,Aug,24112135603
CDE,2025,TTL VSE,Op,Forecast,Dec,29932306635
CDE,2025,TTL VSE,Op,Forecast,Feb,10675643757
CDE,2025,TTL VSE,Op,Forecast,Jan,14034588189
CDE,2025,TTL VSE,Op,Forecast,Jul,21447120958
CDE,2025,TTL VSE,Op,Forecast,Jun,3721471109
CDE,2025,TTL VSE,Op,Forecast,Mar,32004351750
CDE,2025,TTL VSE,Op,Forecast,May,8078118906
CDE,2025,TTL VSE,Op,Forecast,Nov,25925388377
CDE,2025,TTL VSE,Op,Forecast,Oct,37852124154
CDE,2025,TTL VSE,Op,Forecast,Sep,29662491383
CDE,2025,TTL VSEE,Gross,Actual,Apr,3354807642
CDE,2025,TTL VSEE,Gross,Actual,Aug,1052131506
CDE,2025,TTL VSEE,Gross,Actual,Dec,3149863274
CDE,2025,TTL VSEE,Gross,Actual,Feb,1665061396
CDE,2025,TTL VSEE,Gross,Actual,Jan,2439064819
CDE,2025,TTL VSEE,Gross,Actual,Jul,2217707333
CDE,2025,TTL VSEE,Gross,Actual,Jun,9751228504
CDE,2025,TTL VSEE,Gross,Actual,Mar,642476357
CDE,2025,TTL VSEE,Gross,Actual,May,3263418394
CDE,2025,TTL VSEE,Gross,Actual,Nov,15691592312
CDE,2025,TTL VSEE,Gross,Actual,Oct,3019292915
CDE,2025,TTL VSEE,Gross,Actual,Sep,38284632
CDE,2025,TTL VSEE,Gross,Budget,Apr,2037451979
CDE,2025,TTL VSEE,Gross,Budget,Aug,6653422680
CDE,2025,TTL VSEE,Gross,Budget,Dec,1286440828
CDE,2025,TTL VSEE,Gross,Budget,Feb,5783642968
CDE,2025,TTL VSEE,Gross,Budget,Jan,9357313223
CDE,2025,TTL VSEE,Gross,Budget,Jul,3410530408
CDE,2025,TTL VSEE,Gross,Budget,Jun,4874670172
CDE,2025,TTL VSEE,Gross,Budget,Mar,8280492244
CDE,2025,TTL VSEE,Gross,Budget,May,5070045554
CDE,2025,TTL VSEE,Gross,Budget,Nov,7834115528
CDE,2025,TTL VSEE,Gross,Budget,Oct,1410464184
CDE,2025,TTL VSEE,Gross,Budget,Sep,16499881557
CDE,2025,TTL VSEE,Gross,Forecast,Apr,7412021596
CDE,2025,TTL VSEE,Gross,Forecast,Aug,8730066564
CDE,2025,TTL VSEE,Gross,Forecast,Dec,2329909009
CDE,2025,TTL VSEE,Gross,Forecast,Feb,3203889067
CDE,2025,TTL VSEE,Gross,Forecast,Jan,14808624520
CDE,2025,TTL VSEE,Gross,Forecast,Jul,5716418639
CDE,2025,TTL VSEE,Gross,Forecast,Jun,9110362864
CDE,2025,TTL VSEE,Gross,Forecast,Mar,9573891960
CDE,2025,TTL VSEE,Gross,Forecast,May,4881206817
CDE,2025,TTL VSEE,Gross,Forecast,Nov,342869155
CDE,2025,TTL VSEE,Gross,Forecast,Oct,8100522558
CDE,2025,TTL VSEE,Gross,Forecast,Sep,8531539756
CDE,2025,TTL VSEE,Net,Actual,Apr,977288069
CDE,2025,TTL VSEE,Net,Actual,Aug,1692928004
CDE,2025,TTL VSEE,Net,Actual,Dec,5376041853
CDE,2025,TTL VSEE,Net,Actual,Feb,42384471255
CDE,2025,TTL VSEE,Net,Actual,Jan,8034795561
CDE,2025,TTL VSEE,Net,Actual,Jul,2688896029
CDE,2025,TTL VSEE,Net,Actual,Jun,4281928202
CDE,2025,TTL VSEE,Net,Actual,Mar,43834701182
CDE,2025,TTL VSEE,Net,Actual,May,1196139249
CDE,2025,TTL VSEE,Net,Actual,Nov,58948154921
CDE,2025,TTL VSEE,Net,Actual,Oct,14634162767
CDE,2025,TTL VSEE,Net,Actual,Sep,12564460922
CDE,2025,TTL VSEE,Net,Budget,Apr,2644317397
CDE,2025,TTL VSEE,Net,Budget,Aug,4757633775
CDE,2025,TTL VSEE,Net,Budget,Dec,33344360151
CDE,2025,TTL VSEE,Net,Budget,Feb,51087341279
CDE,2025,TTL VSEE,Net,Budget,Jan,9404677445
CDE,2025,TTL VSEE,Net,Budget,Jul,466809988
CDE,2025,TTL VSEE,Net,Budget,Jun,2668350116
CDE,2025,TTL VSEE,Net,Budget,Mar,40173429344
CDE,2025,TTL VSEE,Net,Budget,May,1242253397
CDE,2025,TTL VSEE,Net,Budget,Nov,18540467689
CDE,2025,TTL VSEE,Net,Budget,Oct,42592203022
CDE,2025,TTL VSEE,Net,Budget,Sep,10287451526
CDE,2025,TTL VSEE,Net,Forecast,Apr,3645457765
CDE,2025,TTL VSEE,Net,Forecast,Aug,1945900259
CDE,2025,TTL VSEE,Net,Forecast,Dec,26600094769
CDE,2025,TTL VSEE,Net,Forecast,Feb,35901718382
CDE,2025,TTL VSEE,Net,Forecast,Jan,7759927301
CDE,2025,TTL VSEE,Net,Forecast,Jul,1723011481
CDE,2025,TTL VSEE,Net,Forecast,Jun,177828314
CDE,2025,TTL VSEE,Net,Forecast,Mar,33785286350
CDE,2025,TTL VSEE,Net,Forecast,May,4379398297
CDE,2025,TTL VSEE,Net,Forecast,Nov,58044111736
CDE,2025,TTL VSEE,Net,Forecast,Oct,52167131014
CDE,2025,TTL VSEE,Net,Forecast,Sep,6640308377
CDE,2025,TTL VSEE,Op,Actual,Apr,4757779253
CDE,2025,TTL VSEE,Op,Actual,Aug,4602866756
CDE,2025,TTL VSEE,Op,Actual,Dec,9770009987
CDE,2025,TTL VSEE,Op,Actual,Feb,22610453342
CDE,2025,TTL VSEE,Op,Actual,Jan,12902545708
CDE,2025,TTL VSEE,Op,Actual,Jul,6735395338
CDE,2025,TTL VSEE,Op,Actual,Jun,7380151192
CDE,2025,TTL VSEE,Op,Actual,Mar,45036079745
CDE,2025,TTL VSEE,Op,Actual,May,2551197405
CDE,2025,TTL VSEE,Op,Actual,Nov,52664815692
CDE,2025,TTL VSEE,Op,Actual,Oct,16583004671
CDE,2025,TTL VSEE,Op,Actual,Sep,12430652186
CDE,2025,TTL VSEE,Op,Budget,Apr,4584947735
CDE,2025,TTL VSEE,Op,Budget,Aug,6114845490
CDE,2025,TTL VSEE,Op,Budget,Dec,13504912896
CDE,2025,TTL VSEE,Op,Budget,Feb,52435191349
CDE,2025,TTL VSEE,Op,Budget,Jan,4025787341
CDE,2025,TTL VSEE,Op,Budget,Jul,3658582511
CDE,2025,TTL VSEE,Op,Budget,Jun,6343634935
CDE,2025,TTL VSEE,Op,Budget,Mar,59852880997
CDE,2025,TTL VSEE,Op,Budget,May,1830451327
CDE,2025,TTL VSEE,Op,Budget,Nov,24082156135
CDE,2025,TTL VSEE,Op,Budget,Oct,21088426211
CDE,2025,TTL VSEE,Op,Budget,Sep,385670655
CDE,2025,TTL VSEE,Op,Forecast,Apr,3356450771
CDE,2025,TTL VSEE,Op,Forecast,Aug,1312486053
CDE,2025,TTL VSEE,Op,Forecast,Dec,45153926398
CDE,2025,TTL VSEE,Op,Forecast,Feb,46430082810
CDE,2025,TTL VSEE,Op,Forecast,Jan,2704563525
CDE,2025,TTL VSEE,Op,Forecast,Jul,2586094465
CDE,2025,TTL VSEE,Op,Forecast,Jun,4731763908
CDE,2025,TTL VSEE,Op,Forecast,Mar,1945625532
CDE,2025,TTL VSEE,Op,Forecast,May,767974619
CDE,2025,TTL VSEE,Op,Forecast,Nov,43899603946
CDE,2025,TTL VSEE,Op,Forecast,Oct,2499724253
CDE,2025,TTL VSEE,Op,Forecast,Sep,10341546867
CDE,2025,TTL VSEW,Gross,Actual,Apr,3325898930
CDE,2025,TTL VSEW,Gross,Actual,Aug,8924662600
CDE,2025,TTL VSEW,Gross,Actual,Dec,4013314172
CDE,2025,TTL VSEW,Gross,Actual,Feb,1233895751
CDE,2025,TTL VSEW,Gross,Actual,Jan,9365960779
CDE,2025,TTL VSEW,Gross,Actual,Jul,7662354218
CDE,2025,TTL VSEW,Gross,Actual,Jun,13519380545
CDE,2025,TTL VSEW,Gross,Actual,Mar,13670637013
CDE,2025,TTL VSEW,Gross,Actual,May,5781819654
CDE,2025,TTL VSEW,Gross,Actual,Nov,2719671042
CDE,2025,TTL VSEW,Gross,Actual,Oct,607845420
CDE,2025,TTL VSEW,Gross,Actual,Sep,671248712
CDE,2025,TTL VSEW,Gross,Budget,Apr,5460428450
CDE,2025,TTL VSEW,Gross,Budget,Aug,1200597952
CDE,2025,TTL VSEW,Gross,Budget,Dec,622504627
CDE,2025,TTL VSEW,Gross,Budget,Feb,12772736652
CDE,2025,TTL VSEW,Gross,Budget,Jan,964731205
CDE,2025,TTL VSEW,Gross,Budget,Jul,1077976203
CDE,2025,TTL VSEW,Gross,Budget,Jun,13251009566
CDE,2025,TTL VSEW,Gross,Budget,Mar,675026868
CDE,2025,TTL VSEW,Gross,Budget,May,9862913460
CDE,2025,TTL VSEW,Gross,Budget,Nov,10664096055
CDE,2025,TTL VSEW,Gross,Budget,Oct,4133843974
CDE,2025,TTL VSEW,Gross,Budget,Sep,3000489307
CDE,2025,TTL VSEW,Gross,Forecast,Apr,5317052679
CDE,2025,TTL VSEW,Gross,Forecast,Aug,2893259692
CDE,2025,TTL VSEW,Gross,Forecast,Dec,4087399173
CDE,2025,TTL VSEW,Gross,Forecast,Feb,11505097304
CDE,2025,TTL VSEW,Gross,Forecast,Jan,729253083
CDE,2025,TTL VSEW,Gross,Forecast,Jul,12406844244
CDE,2025,TTL VSEW,Gross,Forecast,Jun,14364115085
CDE,2025,TTL VSEW,Gross,Forecast,Mar,7804678377
CDE,2025,TTL VSEW,Gross,Forecast,May,5112981259
CDE,2025,TTL VSEW,Gross,Forecast,Nov,4260723399
CDE,2025,TTL VSEW,Gross,Forecast,Oct,7765187407
CDE,2025,TTL VSEW,Gross,Forecast,Sep,8148846234
CDE,2025,TTL VSEW,Net,Actual,Apr,4381622948
CDE,2025,TTL VSEW,Net,Actual,Aug,9907929563
CDE,2025,TTL VSEW,Net,Actual,Dec,9127926061
CDE,2025,TTL VSEW,Net,Actual,Feb,1880677108
CDE,2025,TTL VSEW,Net,Actual,Jan,5874931733
CDE,2025,TTL VSEW,Net,Actual,Jul,13556649720
CDE,2025,TTL VSEW,Net,Actual,Jun,6267884630
CDE,2025,TTL VSEW,Net,Actual,Mar,2618593266
CDE,2025,TTL VSEW,Net,Actual,May,6679335924
CDE,2025,TTL VSEW,Net,Actual,Nov,10409134714
CDE,2025,TTL VSEW,Net,Actual,Oct,268763029
CDE,2025,TTL VSEW,Net,Actual,Sep,9309681138
CDE,2025,TTL VSEW,Net,Budget,Apr,7435013450
CDE,2025,TTL VSEW,Net,Budget,Aug,8769754579
CDE,2025,TTL VSEW,Net,Budget,Dec,6151306763
CDE,2025,TTL VSEW,Net,Budget,Feb,9838260616
CDE,2025,TTL VSEW,Net,Budget,Jan,14613714908
CDE,2025,TTL VSEW,Net,Budget,Jul,13248019304
CDE,2025,TTL VSEW,Net,Budget,Jun,12866656751
CDE,2025,TTL VSEW,Net,Budget,Mar,10314324778
CDE,2025,TTL VSEW,Net,Budget,May,1326481896
CDE,2025,TTL VSEW,Net,Budget,Nov,7956127182
CDE,2025,TTL VSEW,Net,Budget,Oct,290126232
CDE,2025,TTL VSEW,Net,Budget,Sep,1207808565
CDE,2025,TTL VSEW,Net,Forecast,Apr,9702198158
CDE,2025,TTL VSEW,Net,Forecast,Aug,12229381380
CDE,2025,TTL VSEW,Net,Forecast,Dec,2674851001
CDE,2025,TTL VSEW,Net,Forecast,Feb,2546607669
CDE,2025,TTL VSEW,Net,Forecast,Jan,1296111070
CDE,2025,TTL VSEW,Net,Forecast,Jul,6272713528
CDE,2025,TTL VSEW,Net,Forecast,Jun,10431580594
CDE,2025,TTL VSEW,Net,Forecast,Mar,2440713073
CDE,2025,TTL VSEW,Net,Forecast,May,9711197260
CDE,2025,TTL VSEW,Net,Forecast,Nov,6648045693
CDE,2025,TTL VSEW,Net,Forecast,Oct,2748717090
CDE,2025,TTL VSEW,Net,Forecast,Sep,12016024661
CDE,2025,TTL VSEW,Op,Actual,Apr,11921467269
CDE,2025,TTL VSEW,Op,Actual,Aug,7510056731
CDE,2025,TTL VSEW,Op,Actual,Dec,7717089235
CDE,2025,TTL VSEW,Op,Actual,Feb,6802577951
CDE,2025,TTL VSEW,Op,Actual,Jan,9972226365
CDE,2025,TTL VSEW,Op,Actual,Jul,8252223928
CDE,2025,TTL VSEW,Op,Actual,Jun,6664606321
CDE,2025,TTL VSEW,Op,Actual,Mar,10817888984
CDE,2025,TTL VSEW,Op,Actual,May,9419290373
CDE,2025,TTL VSEW,Op,Actual,Nov,10166415144
CDE,2025,TTL VSEW,Op,Actual,Oct,234380504
CDE,2025,TTL VSEW,Op,Actual,Sep,9421944766
CDE,2025,TTL VSEW,Op,Budget,Apr,5066505685
CDE,2025,TTL VSEW,Op,Budget,Aug,12575781902
CDE,2025,TTL VSEW,Op,Budget,Dec,6738813382
CDE,2025,TTL VSEW,Op,Budget,Feb,9283255409
CDE,2025,TTL VSEW,Op,Budget,Jan,5767818044
CDE,2025,TTL VSEW,Op,Budget,Jul,3037989952
CDE,2025,TTL VSEW,Op,Budget,Jun,8020872927
CDE,2025,TTL VSEW,Op,Budget,Mar,5824269429
CDE,2025,TTL VSEW,Op,Budget,May,3679741372
CDE,2025,TTL VSEW,Op,Budget,Nov,9930744973
CDE,2025,TTL VSEW,Op,Budget,Oct,6342987415
CDE,2025,TTL VSEW,Op,Budget,Sep,5120096683
CDE,2025,TTL VSEW,Op,Forecast,Apr,11983810717
CDE,2025,TTL VSEW,Op,Forecast,Aug,13106473532
CDE,2025,TTL VSEW,Op,Forecast,Dec,4058804888
CDE,2025,TTL VSEW,Op,Forecast,Feb,1784774229
CDE,2025,TTL VSEW,Op,Forecast,Jan,5448709785
CDE,2025,TTL VSEW,Op,Forecast,Jul,14411469396
CDE,2025,TTL VSEW,Op,Forecast,Jun,5485759928
CDE,2025,TTL VSEW,Op,Forecast,Mar,7317353957
CDE,2025,TTL VSEW,Op,Forecast,May,10121688476
CDE,2025,TTL VSEW,Op,Forecast,Nov,11759621344
CDE,2025,TTL VSEW,Op,Forecast,Oct,13194132626
CDE,2025,TTL VSEW,Op,Forecast,Sep,2755752203
CDE,2025,TTL VSI,Gross,Actual,Apr,24787548854
CDE,2025,TTL VSI,Gross,Actual,Aug,1254663050
CDE,2025,TTL VSI,Gross,Actual,Dec,14149684351
CDE,2025,TTL VSI,Gross,Actual,Feb,8839783553
CDE,2025,TTL VSI,Gross,Actual,Jan,4869514109
CDE,2025,TTL VSI,Gross,Actual,Jul,12357694194
CDE,2025,TTL VSI,Gross,Actual,Jun,28796003320
CDE,2025,TTL VSI,Gross,Actual,Mar,26874463666
CDE,2025,TTL VSI,Gross,Actual,May,14146627594
CDE,2025,TTL VSI,Gross,Actual,Nov,3216097896
CDE,2025,TTL VSI,Gross,Actual,Oct,6578751975
CDE,2025,TTL VSI,Gross,Actual,Sep,14944277365
CDE,2025,TTL VSI,Gross,Budget,Apr,6920299785
CDE,2025,TTL VSI,Gross,Budget,Aug,15656954082
CDE,2025,TTL VSI,Gross,Budget,Dec,18343349516
CDE,2025,TTL VSI,Gross,Budget,Feb,19321830834
CDE,2025,TTL VSI,Gross,Budget,Jan,948572839
CDE,2025,TTL VSI,Gross,Budget,Jul,16505806560
CDE,2025,TTL VSI,Gross,Budget,Jun,15181920209
CDE,2025,TTL VSI,Gross,Budget,Mar,22411433760
CDE,2025,TTL VSI,Gross,Budget,May,12144173743
CDE,2025,TTL VSI,Gross,Budget,Nov,19937596901
CDE,2025,TTL VSI,Gross,Budget,Oct,7759294838
CDE,2025,TTL VSI,Gross,Budget,Sep,22723941623
CDE,2025,TTL VSI,Gross,Forecast,Apr,3925600882
CDE,2025,TTL VSI,Gross,Forecast,Aug,3083039917
CDE,2025,TTL VSI,Gross,Forecast,Dec,14868433652
CDE,2025,TTL VSI,Gross,Forecast,Feb,9360431314
CDE,2025,TTL VSI,Gross,Forecast,Jan,9910980069
CDE,2025,TTL VSI,Gross,Forecast,Jul,8592251644
CDE,2025,TTL VSI,Gross,Forecast,Jun,1712175218
CDE,2025,TTL VSI,Gross,Forecast,Mar,21896790828
CDE,2025,TTL VSI,Gross,Forecast,May,16150516424
CDE,2025,TTL VSI,Gross,Forecast,Nov,20440316164
CDE,2025,TTL VSI,Gross,Forecast,Oct,788889401
CDE,2025,TTL VSI,Gross,Forecast,Sep,2195789853
CDE,2025,TTL VSI,Net,Actual,Apr,9340571168
CDE,2025,TTL VSI,Net,Actual,Aug,7483035214
CDE,2025,TTL VSI,Net,Actual,Dec,3156217206
CDE,2025,TTL VSI,Net,Actual,Feb,14494791923
CDE,2025,TTL VSI,Net,Actual,Jan,15261280658
CDE,2025,TTL VSI,Net,Actual,Jul,339524956
CDE,2025,TTL VSI,Net,Actual,Jun,876545087
CDE,2025,TTL VSI,Net,Actual,Mar,15749670273
CDE,2025,TTL VSI,Net,Actual,May,4376327554
CDE,2025,TTL VSI,Net,Actual,Nov,12106236321
CDE,2025,TTL VSI,Net,Actual,Oct,2293025280
CDE,2025,TTL VSI,Net,Actual,Sep,22495251834
CDE,2025,TTL VSI,Net,Budget,Apr,10196160575
CDE,2025,TTL VSI,Net,Budget,Aug,13150199403
CDE,2025,TTL VSI,Net,Budget,Dec,19584869502
CDE,2025,TTL VSI,Net,Budget,Feb,416453706
CDE,2025,TTL VSI,Net,Budget,Jan,17638749152
CDE,2025,TTL VSI,Net,Budget,Jul,13895691517
CDE,2025,TTL VSI,Net,Budget,Jun,15407086740
CDE,2025,TTL VSI,Net,Budget,Mar,21007439416
CDE,2025,TTL VSI,Net,Budget,May,221359899
CDE,2025,TTL VSI,Net,Budget,Nov,18196170335
CDE,2025,TTL VSI,Net,Budget,Oct,8095533120
CDE,2025,TTL VSI,Net,Budget,Sep,694531939
CDE,2025,TTL VSI,Net,Forecast,Apr,8264101057
CDE,2025,TTL VSI,Net,Forecast,Aug,4796872498
CDE,2025,TTL VSI,Net,Forecast,Dec,4495972346
CDE,2025,TTL VSI,Net,Forecast,Feb,12007326225
CDE,2025,TTL VSI,Net,Forecast,Jan,22954111367
CDE,2025,TTL VSI,Net,Forecast,Jul,2112502359
CDE,2025,TTL VSI,Net,Forecast,Jun,8444375729
CDE,2025,TTL VSI,Net,Forecast,Mar,2283849407
CDE,2025,TTL VSI,Net,Forecast,May,7095728419
CDE,2025,TTL VSI,Net,Forecast,Nov,21528489003
CDE,2025,TTL VSI,Net,Forecast,Oct,4436211820
CDE,2025,TTL VSI,Net,Forecast,Sep,4433486085
CDE,2025,TTL VSI,Op,Actual,Apr,24139027707
CDE,2025,TTL VSI,Op,Actual,Aug,5610370340
CDE,2025,TTL VSI,Op,Actual,Dec,22530272614
CDE,2025,TTL VSI,Op,Actual,Feb,5644471665
CDE,2025,TTL VSI,Op,Actual,Jan,16637873266
CDE,2025,TTL VSI,Op,Actual,Jul,10215043607
CDE,2025,TTL VSI,Op,Actual,Jun,14354653332
CDE,2025,TTL VSI,Op,Actual,Mar,173827756
CDE,2025,TTL VSI,Op,Actual,May,11684929588
CDE,2025,TTL VSI,Op,Actual,Nov,13652342615
CDE,2025,TTL VSI,Op,Actual,Oct,10934667146
CDE,2025,TTL VSI,Op,Actual,Sep,8066081906
CDE,2025,TTL VSI,Op,Budget,Apr,5537548931
CDE,2025,TTL VSI,Op,Budget,Aug,538162822
CDE,2025,TTL VSI,Op,Budget,Dec,9903313299
CDE,2025,TTL VSI,Op,Budget,Feb,6591656960
CDE,2025,TTL VSI,Op,Budget,Jan,18971798097
CDE,2025,TTL VSI,Op,Budget,Jul,15828095423
CDE,2025,TTL VSI,Op,Budget,Jun,10695332387
CDE,2025,TTL VSI,Op,Budget,Mar,27707556142
CDE,2025,TTL VSI,Op,Budget,May,17535690814
CDE,2025,TTL VSI,Op,Budget,Nov,9323970093
CDE,2025,TTL VSI,Op,Budget,Oct,3605126400
CDE,2025,TTL VSI,Op,Budget,Sep,12178143612
CDE,2025,TTL VSI,Op,Forecast,Apr,2312898320
CDE,2025,TTL VSI,Op,Forecast,Aug,16957555800
CDE,2025,TTL VSI,Op,Forecast,Dec,6322280858
CDE,2025,TTL VSI,Op,Forecast,Feb,15171416716
CDE,2025,TTL VSI,Op,Forecast,Jan,22309888418
CDE,2025,TTL VSI,Op,Forecast,Jul,10782722512
CDE,2025,TTL VSI,Op,Forecast,Jun,23487178821
CDE,2025,TTL VSI,Op,Forecast,Mar,15133085443
CDE,2025,TTL VSI,Op,Forecast,May,831648412
CDE,2025,TTL VSI,Op,Forecast,Nov,11013464576
CDE,2025,TTL VSI,Op,Forecast,Oct,3168977523
CDE,2025,TTL VSI,Op,Forecast,Sep,22557908663
CDE,2025,TW,Gross,Actual,Apr,1057799528
CDE,2025,TW,Gross,Actual,Apr,1046425745
CDE,2025,TW,Gross,Actual,Aug,1352833529
CDE,2025,TW,Gross,Actual,Aug,1601801137
CDE,2025,TW,Gross,Actual,Dec,1065493154
CDE,2025,TW,Gross,Actual,Dec,562814718
CDE,2025,TW,Gross,Actual,Feb,1140967257
CDE,2025,TW,Gross,Actual,Feb,1618456692
CDE,2025,TW,Gross,Actual,Jan,1103477174
CDE,2025,TW,Gross,Actual,Jan,2132290078
CDE,2025,TW,Gross,Actual,Jul,141978531
CDE,2025,TW,Gross,Actual,Jul,1394378178
CDE,2025,TW,Gross,Actual,Jun,1622685051
CDE,2025,TW,Gross,Actual,Jun,430658966
CDE,2025,TW,Gross,Actual,Mar,2479689652
CDE,2025,TW,Gross,Actual,Mar,1503959848
CDE,2025,TW,Gross,Actual,May,1885418393
CDE,2025,TW,Gross,Actual,May,926572350
CDE,2025,TW,Gross,Actual,Nov,62014177
CDE,2025,TW,Gross,Actual,Nov,322646555
CDE,2025,TW,Gross,Actual,Oct,723737212
CDE,2025,TW,Gross,Actual,Oct,437142402
CDE,2025,TW,Gross,Actual,Sep,843823627
CDE,2025,TW,Gross,Actual,Sep,400715984
CDE,2025,TW,Gross,Budget,Apr,1800924332
CDE,2025,TW,Gross,Budget,Apr,2244640523
CDE,2025,TW,Gross,Budget,Aug,2139891100
CDE,2025,TW,Gross,Budget,Aug,2401825602
CDE,2025,TW,Gross,Budget,Dec,1223349844
CDE,2025,TW,Gross,Budget,Dec,402412457
CDE,2025,TW,Gross,Budget,Feb,1409683064
CDE,2025,TW,Gross,Budget,Feb,782837598
CDE,2025,TW,Gross,Budget,Jan,1585007485
CDE,2025,TW,Gross,Budget,Jan,2167206714
CDE,2025,TW,Gross,Budget,Jul,531643206
CDE,2025,TW,Gross,Budget,Jul,1920314353
CDE,2025,TW,Gross,Budget,Jun,820390102
CDE,2025,TW,Gross,Budget,Jun,1803851977
CDE,2025,TW,Gross,Budget,Mar,254556340
CDE,2025,TW,Gross,Budget,Mar,869272204
CDE,2025,TW,Gross,Budget,May,305041664
CDE,2025,TW,Gross,Budget,May,164525698
CDE,2025,TW,Gross,Budget,Nov,2028567130
CDE,2025,TW,Gross,Budget,Nov,1549625801
CDE,2025,TW,Gross,Budget,Oct,1102334027
CDE,2025,TW,Gross,Budget,Oct,945770599
CDE,2025,TW,Gross,Budget,Sep,111038861
CDE,2025,TW,Gross,Budget,Sep,1169054680
CDE,2025,TW,Gross,Forecast,Apr,578360309
CDE,2025,TW,Gross,Forecast,Apr,1824320279
CDE,2025,TW,Gross,Forecast,Aug,1033507438
CDE,2025,TW,Gross,Forecast,Aug,1249750345
CDE,2025,TW,Gross,Forecast,Dec,376622318
CDE,2025,TW,Gross,Forecast,Dec,328010846
CDE,2025,TW,Gross,Forecast,Feb,990469254
CDE,2025,TW,Gross,Forecast,Feb,46224707
CDE,2025,TW,Gross,Forecast,Jan,2606644183
CDE,2025,TW,Gross,Forecast,Jan,2299974917
CDE,2025,TW,Gross,Forecast,Jul,1912891658
CDE,2025,TW,Gross,Forecast,Jul,1109240966
CDE,2025,TW,Gross,Forecast,Jun,1105936369
CDE,2025,TW,Gross,Forecast,Jun,599505347
CDE,2025,TW,Gross,Forecast,Mar,2945538302
CDE,2025,TW,Gross,Forecast,Mar,274157704
CDE,2025,TW,Gross,Forecast,May,1402587444
CDE,2025,TW,Gross,Forecast,May,1701092468
CDE,2025,TW,Gross,Forecast,Nov,791351938
CDE,2025,TW,Gross,Forecast,Nov,1061067505
CDE,2025,TW,Gross,Forecast,Oct,1925750207
CDE,2025,TW,Gross,Forecast,Oct,1676218030
CDE,2025,TW,Gross,Forecast,Sep,825884843
CDE,2025,TW,Gross,Forecast,Sep,450800502
CDE,2025,TW,Net,Actual,Apr,1888338426
CDE,2025,TW,Net,Actual,Apr,586648210
CDE,2025,TW,Net,Actual,Aug,715939091
CDE,2025,TW,Net,Actual,Aug,782385623
CDE,2025,TW,Net,Actual,Dec,1463416692
CDE,2025,TW,Net,Actual,Dec,502831421
CDE,2025,TW,Net,Actual,Feb,1771239032
CDE,2025,TW,Net,Actual,Feb,1072444481
CDE,2025,TW,Net,Actual,Jan,419818771
CDE,2025,TW,Net,Actual,Jan,512097839
CDE,2025,TW,Net,Actual,Jul,1674162759
CDE,2025,TW,Net,Actual,Jul,805245310
CDE,2025,TW,Net,Actual,Jun,1450047514
CDE,2025,TW,Net,Actual,Jun,1517916574
CDE,2025,TW,Net,Actual,Mar,1129516192
CDE,2025,TW,Net,Actual,Mar,2652218777
CDE,2025,TW,Net,Actual,May,976153721
CDE,2025,TW,Net,Actual,May,225392598
CDE,2025,TW,Net,Actual,Nov,1707925134
CDE,2025,TW,Net,Actual,Nov,2986137046
CDE,2025,TW,Net,Actual,Oct,1140577466
CDE,2025,TW,Net,Actual,Oct,182075548
CDE,2025,TW,Net,Actual,Sep,882740885
CDE,2025,TW,Net,Actual,Sep,655179800
CDE,2025,TW,Net,Budget,Apr,287106114
CDE,2025,TW,Net,Budget,Apr,1661154258
CDE,2025,TW,Net,Budget,Aug,290098652
CDE,2025,TW,Net,Budget,Aug,986830710
CDE,2025,TW,Net,Budget,Dec,268427597
CDE,2025,TW,Net,Budget,Dec,1211796872
CDE,2025,TW,Net,Budget,Feb,629939628
CDE,2025,TW,Net,Budget,Feb,1424429661
CDE,2025,TW,Net,Budget,Jan,2975127475
CDE,2025,TW,Net,Budget,Jan,1924603021
CDE,2025,TW,Net,Budget,Jul,829076034
CDE,2025,TW,Net,Budget,Jul,890626758
CDE,2025,TW,Net,Budget,Jun,1262523137
CDE,2025,TW,Net,Budget,Jun,463664341
CDE,2025,TW,Net,Budget,Mar,1582917088
CDE,2025,TW,Net,Budget,Mar,671917709
CDE,2025,TW,Net,Budget,May,946955582
CDE,2025,TW,Net,Budget,May,1282315077
CDE,2025,TW,Net,Budget,Nov,922747436
CDE,2025,TW,Net,Budget,Nov,698967419
CDE,2025,TW,Net,Budget,Oct,1553399755
CDE,2025,TW,Net,Budget,Oct,1050818356
CDE,2025,TW,Net,Budget,Sep,1404132372
CDE,2025,TW,Net,Budget,Sep,865505424
CDE,2025,TW,Net,Forecast,Apr,462514375
CDE,2025,TW,Net,Forecast,Apr,1213550257
CDE,2025,TW,Net,Forecast,Aug,633427569
CDE,2025,TW,Net,Forecast,Aug,583960993
CDE,2025,TW,Net,Forecast,Dec,1521332225
CDE,2025,TW,Net,Forecast,Dec,532881394
CDE,2025,TW,Net,Forecast,Feb,738687312
CDE,2025,TW,Net,Forecast,Feb,1739539320
CDE,2025,TW,Net,Forecast,Jan,235294725
CDE,2025,TW,Net,Forecast,Jan,218442689
CDE,2025,TW,Net,Forecast,Jul,2172062914
CDE,2025,TW,Net,Forecast,Jul,1968789021
CDE,2025,TW,Net,Forecast,Jun,1366465576
CDE,2025,TW,Net,Forecast,Jun,2062193642
CDE,2025,TW,Net,Forecast,Mar,984520930
CDE,2025,TW,Net,Forecast,Mar,2128917062
CDE,2025,TW,Net,Forecast,May,1026535684
CDE,2025,TW,Net,Forecast,May,2710908162
CDE,2025,TW,Net,Forecast,Nov,4354793153
CDE,2025,TW,Net,Forecast,Nov,1969680593
CDE,2025,TW,Net,Forecast,Oct,1407503145
CDE,2025,TW,Net,Forecast,Oct,1038317111
CDE,2025,TW,Net,Forecast,Sep,301588492
CDE,2025,TW,Net,Forecast,Sep,1455155387
CDE,2025,TW,Op,Actual,Apr,781901073
CDE,2025,TW,Op,Actual,Apr,264460965
CDE,2025,TW,Op,Actual,Aug,1176484483
CDE,2025,TW,Op,Actual,Aug,1861785223
CDE,2025,TW,Op,Actual,Dec,839112403
CDE,2025,TW,Op,Actual,Dec,1435735537
CDE,2025,TW,Op,Actual,Feb,482107562
CDE,2025,TW,Op,Actual,Feb,2094955213
CDE,2025,TW,Op,Actual,Jan,2659604380
CDE,2025,TW,Op,Actual,Jan,1019521215
CDE,2025,TW,Op,Actual,Jul,821393591
CDE,2025,TW,Op,Actual,Jul,1903815651
CDE,2025,TW,Op,Actual,Jun,652107331
CDE,2025,TW,Op,Actual,Jun,263546345
CDE,2025,TW,Op,Actual,Mar,1825146865
CDE,2025,TW,Op,Actual,Mar,1744361872
CDE,2025,TW,Op,Actual,May,1777799583
CDE,2025,TW,Op,Actual,May,2521288928
CDE,2025,TW,Op,Actual,Nov,1542111138
CDE,2025,TW,Op,Actual,Nov,608937752
CDE,2025,TW,Op,Actual,Oct,2147359799
CDE,2025,TW,Op,Actual,Oct,391940315
CDE,2025,TW,Op,Actual,Sep,544728547
CDE,2025,TW,Op,Actual,Sep,1553454065
CDE,2025,TW,Op,Budget,Apr,86017812
CDE,2025,TW,Op,Budget,Apr,173626974
CDE,2025,TW,Op,Budget,Aug,356964354
CDE,2025,TW,Op,Budget,Aug,2297114702
CDE,2025,TW,Op,Budget,Dec,1224203653
CDE,2025,TW,Op,Budget,Dec,710298293
CDE,2025,TW,Op,Budget,Feb,2159327400
CDE,2025,TW,Op,Budget,Feb,320571144
CDE,2025,TW,Op,Budget,Jan,872725816
CDE,2025,TW,Op,Budget,Jan,1468300791
CDE,2025,TW,Op,Budget,Jul,982710592
CDE,2025,TW,Op,Budget,Jul,234795361
CDE,2025,TW,Op,Budget,Jun,36619433
CDE,2025,TW,Op,Budget,Jun,964550724
CDE,2025,TW,Op,Budget,Mar,783769461
CDE,2025,TW,Op,Budget,Mar,2502549443
CDE,2025,TW,Op,Budget,May,1780435886
CDE,2025,TW,Op,Budget,May,2138170827
CDE,2025,TW,Op,Budget,Nov,4453587347
CDE,2025,TW,Op,Budget,Nov,3583105220
CDE,2025,TW,Op,Budget,Oct,414296439
CDE,2025,TW,Op,Budget,Oct,2236196793
CDE,2025,TW,Op,Budget,Sep,107885201
CDE,2025,TW,Op,Budget,Sep,699418749
CDE,2025,TW,Op,Forecast,Apr,1152541221
CDE,2025,TW,Op,Forecast,Apr,1559978318
CDE,2025,TW,Op,Forecast,Aug,2039351789
CDE,2025,TW,Op,Forecast,Aug,2432532836
CDE,2025,TW,Op,Forecast,Dec,26451842
CDE,2025,TW,Op,Forecast,Dec,1334001420
CDE,2025,TW,Op,Forecast,Feb,1538903561
CDE,2025,TW,Op,Forecast,Feb,526207490
CDE,2025,TW,Op,Forecast,Jan,2282232432
CDE,2025,TW,Op,Forecast,Jan,720715726
CDE,2025,TW,Op,Forecast,Jul,536188541
CDE,2025,TW,Op,Forecast,Jul,957210237
CDE,2025,TW,Op,Forecast,Jun,281564866
CDE,2025,TW,Op,Forecast,Jun,1869401403
CDE,2025,TW,Op,Forecast,Mar,1072388974
CDE,2025,TW,Op,Forecast,Mar,848412954
CDE,2025,TW,Op,Forecast,May,56217354
CDE,2025,TW,Op,Forecast,May,739263730
CDE,2025,TW,Op,Forecast,Nov,2912538219
CDE,2025,TW,Op,Forecast,Nov,42426882
CDE,2025,TW,Op,Forecast,Oct,778695765
CDE,2025,TW,Op,Forecast,Oct,881504113
CDE,2025,TW,Op,Forecast,Sep,148280477
CDE,2025,TW,Op,Forecast,Sep,1239061685
CDE,2025,UK,Gross,Actual,Apr,91474331
CDE,2025,UK,Gross,Actual,Aug,154132979
CDE,2025,UK,Gross,Actual,Dec,44708938
CDE,2025,UK,Gross,Actual,Feb,803631569
CDE,2025,UK,Gross,Actual,Jan,1650550584
CDE,2025,UK,Gross,Actual,Jul,2209102868
CDE,2025,UK,Gross,Actual,Jun,1573503181
CDE,2025,UK,Gross,Actual,Mar,2659446869
CDE,2025,UK,Gross,Actual,May,1831271526
CDE,2025,UK,Gross,Actual,Nov,791855982
CDE,2025,UK,Gross,Actual,Oct,1022920276
CDE,2025,UK,Gross,Actual,Sep,1899392645
CDE,2025,UK,Gross,Budget,Apr,558926432
CDE,2025,UK,Gross,Budget,Aug,782659797
CDE,2025,UK,Gross,Budget,Dec,93375964
CDE,2025,UK,Gross,Budget,Feb,2228208933
CDE,2025,UK,Gross,Budget,Jan,1336782355
CDE,2025,UK,Gross,Budget,Jul,568816470
CDE,2025,UK,Gross,Budget,Jun,1719501115
CDE,2025,UK,Gross,Budget,Mar,646923260
CDE,2025,UK,Gross,Budget,May,2030008881
CDE,2025,UK,Gross,Budget,Nov,309495476
CDE,2025,UK,Gross,Budget,Oct,298436938
CDE,2025,UK,Gross,Budget,Sep,952068729
CDE,2025,UK,Gross,Forecast,Apr,104477081
CDE,2025,UK,Gross,Forecast,Aug,1456287018
CDE,2025,UK,Gross,Forecast,Dec,60565512
CDE,2025,UK,Gross,Forecast,Feb,1560681535
CDE,2025,UK,Gross,Forecast,Jan,1484909931
CDE,2025,UK,Gross,Forecast,Jul,348066228
CDE,2025,UK,Gross,Forecast,Jun,501579645
CDE,2025,UK,Gross,Forecast,Mar,2553930317
CDE,2025,UK,Gross,Forecast,May,1048327334
CDE,2025,UK,Gross,Forecast,Nov,78283583
CDE,2025,UK,Gross,Forecast,Oct,1167149101
CDE,2025,UK,Gross,Forecast,Sep,486745577
CDE,2025,UK,Net,Actual,Apr,372341313
CDE,2025,UK,Net,Actual,Aug,482915230
CDE,2025,UK,Net,Actual,Dec,2199222
CDE,2025,UK,Net,Actual,Feb,90217269
CDE,2025,UK,Net,Actual,Jan,992263513
CDE,2025,UK,Net,Actual,Jul,55729437
CDE,2025,UK,Net,Actual,Jun,265244417
CDE,2025,UK,Net,Actual,Mar,162834138
CDE,2025,UK,Net,Actual,May,151951084
CDE,2025,UK,Net,Actual,Nov,350835517
CDE,2025,UK,Net,Actual,Oct,209681431
CDE,2025,UK,Net,Actual,Sep,23045896
CDE,2025,UK,Net,Budget,Apr,1299565671
CDE,2025,UK,Net,Budget,Aug,287846246
CDE,2025,UK,Net,Budget,Dec,46374384
CDE,2025,UK,Net,Budget,Feb,100957138
CDE,2025,UK,Net,Budget,Jan,515482800
CDE,2025,UK,Net,Budget,Jul,802234832
CDE,2025,UK,Net,Budget,Jun,539331688
CDE,2025,UK,Net,Budget,Mar,1985905979
CDE,2025,UK,Net,Budget,May,1595500445
CDE,2025,UK,Net,Budget,Nov,72618088
CDE,2025,UK,Net,Budget,Oct,986748309
CDE,2025,UK,Net,Budget,Sep,294167416
CDE,2025,UK,Net,Forecast,Apr,368265809
CDE,2025,UK,Net,Forecast,Aug,910547019
CDE,2025,UK,Net,Forecast,Dec,37643660
CDE,2025,UK,Net,Forecast,Feb,1449368731
CDE,2025,UK,Net,Forecast,Jan,674370349
CDE,2025,UK,Net,Forecast,Jul,1097252019
CDE,2025,UK,Net,Forecast,Jun,836159431
CDE,2025,UK,Net,Forecast,Mar,1965310991
CDE,2025,UK,Net,Forecast,May,221970792
CDE,2025,UK,Net,Forecast,Nov,867332314
CDE,2025,UK,Net,Forecast,Oct,166483370
CDE,2025,UK,Net,Forecast,Sep,980908305
CDE,2025,UK,Op,Actual,Apr,1216775772
CDE,2025,UK,Op,Actual,Aug,877448234
CDE,2025,UK,Op,Actual,Dec,73869167
CDE,2025,UK,Op,Actual,Feb,1894007884
CDE,2025,UK,Op,Actual,Jan,1293241591
CDE,2025,UK,Op,Actual,Jul,672868817
CDE,2025,UK,Op,Actual,Jun,1336920063
CDE,2025,UK,Op,Actual,Mar,2372283446
CDE,2025,UK,Op,Actual,May,254656471
CDE,2025,UK,Op,Actual,Nov,224976500
CDE,2025,UK,Op,Actual,Oct,2030651417
CDE,2025,UK,Op,Actual,Sep,1247813646
CDE,2025,UK,Op,Budget,Apr,734368959
CDE,2025,UK,Op,Budget,Aug,222256457
CDE,2025,UK,Op,Budget,Dec,22937907
CDE,2025,UK,Op,Budget,Feb,2619613914
CDE,2025,UK,Op,Budget,Jan,2127221709
CDE,2025,UK,Op,Budget,Jul,707998349
CDE,2025,UK,Op,Budget,Jun,969849797
CDE,2025,UK,Op,Budget,Mar,2223789293
CDE,2025,UK,Op,Budget,May,344927535
CDE,2025,UK,Op,Budget,Nov,705712915
CDE,2025,UK,Op,Budget,Oct,1903720868
CDE,2025,UK,Op,Budget,Sep,1164148960
CDE,2025,UK,Op,Forecast,Apr,256453000
CDE,2025,UK,Op,Forecast,Aug,695954360
CDE,2025,UK,Op,Forecast,Dec,115152688
CDE,2025,UK,Op,Forecast,Feb,1769427609
CDE,2025,UK,Op,Forecast,Jan,1064697589
CDE,2025,UK,Op,Forecast,Jul,1132440635
CDE,2025,UK,Op,Forecast,Jun,257775712
CDE,2025,UK,Op,Forecast,Mar,1590355240
CDE,2025,UK,Op,Forecast,May,445990486
CDE,2025,UK,Op,Forecast,Nov,324332820
CDE,2025,UK,Op,Forecast,Oct,1441633257
CDE,2025,UK,Op,Forecast,Sep,280803729
CDE,2025,VN,Gross,Actual,Apr,2861270917
CDE,2025,VN,Gross,Actual,Aug,660607830
CDE,2025,VN,Gross,Actual,Dec,703782943
CDE,2025,VN,Gross,Actual,Feb,193479983
CDE,2025,VN,Gross,Actual,Jan,38892877
CDE,2025,VN,Gross,Actual,Jul,739924809
CDE,2025,VN,Gross,Actual,Jun,1538571778
CDE,2025,VN,Gross,Actual,Mar,1023342507
CDE,2025,VN,Gross,Actual,May,149865937
CDE,2025,VN,Gross,Actual,Nov,162790422
CDE,2025,VN,Gross,Actual,Oct,177120992
CDE,2025,VN,Gross,Actual,Sep,495387208
CDE,2025,VN,Gross,Budget,Apr,2559660818
CDE,2025,VN,Gross,Budget,Aug,601373946
CDE,2025,VN,Gross,Budget,Dec,778742716
CDE,2025,VN,Gross,Budget,Feb,513486997
CDE,2025,VN,Gross,Budget,Jan,379332293
CDE,2025,VN,Gross,Budget,Jul,105440627
CDE,2025,VN,Gross,Budget,Jun,1391102256
CDE,2025,VN,Gross,Budget,Mar,881947536
CDE,2025,VN,Gross,Budget,May,1597019681
CDE,2025,VN,Gross,Budget,Nov,252033208
CDE,2025,VN,Gross,Budget,Oct,167494481
CDE,2025,VN,Gross,Budget,Sep,571522323
CDE,2025,VN,Gross,Forecast,Apr,2023976081
CDE,2025,VN,Gross,Forecast,Aug,182699257
CDE,2025,VN,Gross,Forecast,Dec,755185127
CDE,2025,VN,Gross,Forecast,Feb,382472930
CDE,2025,VN,Gross,Forecast,Jan,46265145
CDE,2025,VN,Gross,Forecast,Jul,444122262
CDE,2025,VN,Gross,Forecast,Jun,990123420
CDE,2025,VN,Gross,Forecast,Mar,1658501904
CDE,2025,VN,Gross,Forecast,May,1296975265
CDE,2025,VN,Gross,Forecast,Nov,280820597
CDE,2025,VN,Gross,Forecast,Oct,38899215
CDE,2025,VN,Gross,Forecast,Sep,332935015
CDE,2025,VN,Net,Actual,Apr,92321378
CDE,2025,VN,Net,Actual,Aug,831722110
CDE,2025,VN,Net,Actual,Dec,681971357
CDE,2025,VN,Net,Actual,Feb,508326248
CDE,2025,VN,Net,Actual,Jan,684723133
CDE,2025,VN,Net,Actual,Jul,752534229
CDE,2025,VN,Net,Actual,Jun,1365474033
CDE,2025,VN,Net,Actual,Mar,2193851271
CDE,2025,VN,Net,Actual,May,278819427
CDE,2025,VN,Net,Actual,Nov,213685721
CDE,2025,VN,Net,Actual,Oct,17854852
CDE,2025,VN,Net,Actual,Sep,602059104
CDE,2025,VN,Net,Budget,Apr,223837286
CDE,2025,VN,Net,Budget,Aug,82868708
CDE,2025,VN,Net,Budget,Dec,936177739
CDE,2025,VN,Net,Budget,Feb,33519259
CDE,2025,VN,Net,Budget,Jan,439986370
CDE,2025,VN,Net,Budget,Jul,206859051
CDE,2025,VN,Net,Budget,Jun,904011115
CDE,2025,VN,Net,Budget,Mar,2336244126
CDE,2025,VN,Net,Budget,May,131681410
CDE,2025,VN,Net,Budget,Nov,36844673
CDE,2025,VN,Net,Budget,Oct,577856642
CDE,2025,VN,Net,Budget,Sep,607057607
CDE,2025,VN,Net,Forecast,Apr,44552520
CDE,2025,VN,Net,Forecast,Aug,759666207
CDE,2025,VN,Net,Forecast,Dec,86780096
CDE,2025,VN,Net,Forecast,Feb,535001731
CDE,2025,VN,Net,Forecast,Jan,400940514
CDE,2025,VN,Net,Forecast,Jul,138793230
CDE,2025,VN,Net,Forecast,Jun,1361964126
CDE,2025,VN,Net,Forecast,Mar,2612126947
CDE,2025,VN,Net,Forecast,May,1193388377
CDE,2025,VN,Net,Forecast,Nov,133521706
CDE,2025,VN,Net,Forecast,Oct,306781559
CDE,2025,VN,Net,Forecast,Sep,278656242
CDE,2025,VN,Op,Actual,Apr,1669864606
CDE,2025,VN,Op,Actual,Aug,522361368
CDE,2025,VN,Op,Actual,Dec,407791848
CDE,2025,VN,Op,Actual,Feb,345066711
CDE,2025,VN,Op,Actual,Jan,245264157
CDE,2025,VN,Op,Actual,Jul,641262223
CDE,2025,VN,Op,Actual,Jun,190104474
CDE,2025,VN,Op,Actual,Mar,702818280
CDE,2025,VN,Op,Actual,May,395006307
CDE,2025,VN,Op,Actual,Nov,212558118
CDE,2025,VN,Op,Actual,Oct,57979907
CDE,2025,VN,Op,Actual,Sep,679784591
CDE,2025,VN,Op,Budget,Apr,2044426314
CDE,2025,VN,Op,Budget,Aug,258190594
CDE,2025,VN,Op,Budget,Dec,260027932
CDE,2025,VN,Op,Budget,Feb,148870395
CDE,2025,VN,Op,Budget,Jan,191998948
CDE,2025,VN,Op,Budget,Jul,811473052
CDE,2025,VN,Op,Budget,Jun,801156775
CDE,2025,VN,Op,Budget,Mar,912415251
CDE,2025,VN,Op,Budget,May,391675875
CDE,2025,VN,Op,Budget,Nov,221365527
CDE,2025,VN,Op,Budget,Oct,566201807
CDE,2025,VN,Op,Budget,Sep,432179532
CDE,2025,VN,Op,Forecast,Apr,1780173671
CDE,2025,VN,Op,Forecast,Aug,854407260
CDE,2025,VN,Op,Forecast,Dec,476595156
CDE,2025,VN,Op,Forecast,Feb,579264500
CDE,2025,VN,Op,Forecast,Jan,305287623
CDE,2025,VN,Op,Forecast,Jul,224248065
CDE,2025,VN,Op,Forecast,Jun,266474551
CDE,2025,VN,Op,Forecast,Mar,1460090000
CDE,2025,VN,Op,Forecast,May,794097903
CDE,2025,VN,Op,Forecast,Nov,10243696
CDE,2025,VN,Op,Forecast,Oct,354549427
CDE,2025,VN,Op,Forecast,Sep,409215517
CDE,2025,VSA,Gross,Actual,Apr,45413516994
CDE,2025,VSA,Gross,Actual,Aug,37438136537
CDE,2025,VSA,Gross,Actual,Dec,43027487609
CDE,2025,VSA,Gross,Actual,Feb,5487535323
CDE,2025,VSA,Gross,Actual,Jan,19421083305
CDE,2025,VSA,Gross,Actual,Jul,30791500492
CDE,2025,VSA,Gross,Actual,Jun,22127083800
CDE,2025,VSA,Gross,Actual,Mar,2067326756
CDE,2025,VSA,Gross,Actual,May,179381404
CDE,2025,VSA,Gross,Actual,Nov,19037924083
CDE,2025,VSA,Gross,Actual,Oct,34665979474
CDE,2025,VSA,Gross,Actual,Sep,1518963053
CDE,2025,VSA,Gross,Budget,Apr,41642254528
CDE,2025,VSA,Gross,Budget,Aug,1070693061
CDE,2025,VSA,Gross,Budget,Dec,38103784290
CDE,2025,VSA,Gross,Budget,Feb,49233600824
CDE,2025,VSA,Gross,Budget,Jan,4203608175
CDE,2025,VSA,Gross,Budget,Jul,44013424851
CDE,2025,VSA,Gross,Budget,Jun,5840293338
CDE,2025,VSA,Gross,Budget,Mar,33538608674
CDE,2025,VSA,Gross,Budget,May,16785870961
CDE,2025,VSA,Gross,Budget,Nov,30808093246
CDE,2025,VSA,Gross,Budget,Oct,28631804930
CDE,2025,VSA,Gross,Budget,Sep,52261322725
CDE,2025,VSA,Gross,Forecast,Apr,8097806958
CDE,2025,VSA,Gross,Forecast,Aug,24162113316
CDE,2025,VSA,Gross,Forecast,Dec,47129806517
CDE,2025,VSA,Gross,Forecast,Feb,7697677286
CDE,2025,VSA,Gross,Forecast,Jan,6081367273
CDE,2025,VSA,Gross,Forecast,Jul,8121945321
CDE,2025,VSA,Gross,Forecast,Jun,22911157772
CDE,2025,VSA,Gross,Forecast,Mar,993091717
CDE,2025,VSA,Gross,Forecast,May,13736287184
CDE,2025,VSA,Gross,Forecast,Nov,55172396528
CDE,2025,VSA,Gross,Forecast,Oct,32835190770
CDE,2025,VSA,Gross,Forecast,Sep,12657656284
CDE,2025,VSA,Net,Actual,Apr,41159050417
CDE,2025,VSA,Net,Actual,Aug,16952660787
CDE,2025,VSA,Net,Actual,Dec,16429194861
CDE,2025,VSA,Net,Actual,Feb,6580629624
CDE,2025,VSA,Net,Actual,Jan,27318931685
CDE,2025,VSA,Net,Actual,Jul,10042670712
CDE,2025,VSA,Net,Actual,Jun,1770010062
CDE,2025,VSA,Net,Actual,Mar,7330891519
CDE,2025,VSA,Net,Actual,May,12738521827
CDE,2025,VSA,Net,Actual,Nov,34151091377
CDE,2025,VSA,Net,Actual,Oct,4724398895
CDE,2025,VSA,Net,Actual,Sep,32148406403
CDE,2025,VSA,Net,Budget,Apr,35492979276
CDE,2025,VSA,Net,Budget,Aug,15825274343
CDE,2025,VSA,Net,Budget,Dec,21659481656
CDE,2025,VSA,Net,Budget,Feb,4747691934
CDE,2025,VSA,Net,Budget,Jan,6808125428
CDE,2025,VSA,Net,Budget,Jul,42369945853
CDE,2025,VSA,Net,Budget,Jun,14515662302
CDE,2025,VSA,Net,Budget,Mar,3853795230
CDE,2025,VSA,Net,Budget,May,9840844530
CDE,2025,VSA,Net,Budget,Nov,30677290840
CDE,2025,VSA,Net,Budget,Oct,36204778145
CDE,2025,VSA,Net,Budget,Sep,19747528759
CDE,2025,VSA,Net,Forecast,Apr,5482774156
CDE,2025,VSA,Net,Forecast,Aug,16444586852
CDE,2025,VSA,Net,Forecast,Dec,1674462732
CDE,2025,VSA,Net,Forecast,Feb,8363469448
CDE,2025,VSA,Net,Forecast,Jan,20373285041
CDE,2025,VSA,Net,Forecast,Jul,34501296949
CDE,2025,VSA,Net,Forecast,Jun,19349130329
CDE,2025,VSA,Net,Forecast,Mar,14224597520
CDE,2025,VSA,Net,Forecast,May,17393779018
CDE,2025,VSA,Net,Forecast,Nov,1186098142
CDE,2025,VSA,Net,Forecast,Oct,32546760970
CDE,2025,VSA,Net,Forecast,Sep,11567448214
CDE,2025,VSA,Op,Actual,Apr,23486202881
CDE,2025,VSA,Op,Actual,Aug,14433980768
CDE,2025,VSA,Op,Actual,Dec,39197843263
CDE,2025,VSA,Op,Actual,Feb,8830114135
CDE,2025,VSA,Op,Actual,Jan,18886145386
CDE,2025,VSA,Op,Actual,Jul,10463285694
CDE,2025,VSA,Op,Actual,Jun,25216356434
CDE,2025,VSA,Op,Actual,Mar,23409850086
CDE,2025,VSA,Op,Actual,May,6427813388
CDE,2025,VSA,Op,Actual,Nov,45459767162
CDE,2025,VSA,Op,Actual,Oct,32164591150
CDE,2025,VSA,Op,Actual,Sep,30066635612
CDE,2025,VSA,Op,Budget,Apr,11058986063
CDE,2025,VSA,Op,Budget,Aug,8680343785
CDE,2025,VSA,Op,Budget,Dec,37656375185
CDE,2025,VSA,Op,Budget,Feb,11356433984
CDE,2025,VSA,Op,Budget,Jan,18529752792
CDE,2025,VSA,Op,Budget,Jul,21224178971
CDE,2025,VSA,Op,Budget,Jun,27000220968
CDE,2025,VSA,Op,Budget,Mar,28874588868
CDE,2025,VSA,Op,Budget,May,5243874543
CDE,2025,VSA,Op,Budget,Nov,40213894166
CDE,2025,VSA,Op,Budget,Oct,19146865224
CDE,2025,VSA,Op,Budget,Sep,34636894794
CDE,2025,VSA,Op,Forecast,Apr,35935605520
CDE,2025,VSA,Op,Forecast,Aug,12529670972
CDE,2025,VSA,Op,Forecast,Dec,22626379314
CDE,2025,VSA,Op,Forecast,Feb,19053459384
CDE,2025,VSA,Op,Forecast,Jan,20294489486
CDE,2025,VSA,Op,Forecast,Jul,33736184660
CDE,2025,VSA,Op,Forecast,Jun,24717904747
CDE,2025,VSA,Op,Forecast,Mar,19735791589
CDE,2025,VSA,Op,Forecast,May,15195432041
CDE,2025,VSA,Op,Forecast,Nov,12655966233
CDE,2025,VSA,Op,Forecast,Oct,36782417092
CDE,2025,VSA,Op,Forecast,Sep,42609919733
CDE,2025,VSC,Gross,Actual,Apr,30465290833
CDE,2025,VSC,Gross,Actual,Aug,11233913761
CDE,2025,VSC,Gross,Actual,Dec,172314343
CDE,2025,VSC,Gross,Actual,Feb,19374600657
CDE,2025,VSC,Gross,Actual,Jan,35158084102
CDE,2025,VSC,Gross,Actual,Jul,107991610170
CDE,2025,VSC,Gross,Actual,Jun,32422946874
CDE,2025,VSC,Gross,Actual,Mar,24720564232
CDE,2025,VSC,Gross,Actual,May,47325860373
CDE,2025,VSC,Gross,Actual,Nov,9270515588
CDE,2025,VSC,Gross,Actual,Oct,106572280916
CDE,2025,VSC,Gross,Actual,Sep,11247018542
CDE,2025,VSC,Gross,Budget,Apr,112139749018
CDE,2025,VSC,Gross,Budget,Aug,47954255012
CDE,2025,VSC,Gross,Budget,Dec,10559841474
CDE,2025,VSC,Gross,Budget,Feb,39310129081
CDE,2025,VSC,Gross,Budget,Jan,102579948378
CDE,2025,VSC,Gross,Budget,Jul,105662434062
CDE,2025,VSC,Gross,Budget,Jun,78219949411
CDE,2025,VSC,Gross,Budget,Mar,110223945908
CDE,2025,VSC,Gross,Budget,May,10290188022
CDE,2025,VSC,Gross,Budget,Nov,28471550430
CDE,2025,VSC,Gross,Budget,Oct,115550750635
CDE,2025,VSC,Gross,Budget,Sep,125580487126
CDE,2025,VSC,Gross,Forecast,Apr,29587963535
CDE,2025,VSC,Gross,Forecast,Aug,40644639436
CDE,2025,VSC,Gross,Forecast,Dec,81118280374
CDE,2025,VSC,Gross,Forecast,Feb,34549682407
CDE,2025,VSC,Gross,Forecast,Jan,113057209564
CDE,2025,VSC,Gross,Forecast,Jul,11806651787
CDE,2025,VSC,Gross,Forecast,Jun,25240307436
CDE,2025,VSC,Gross,Forecast,Mar,88212937044
CDE,2025,VSC,Gross,Forecast,May,32594981906
CDE,2025,VSC,Gross,Forecast,Nov,17213073655
CDE,2025,VSC,Gross,Forecast,Oct,33852813284
CDE,2025,VSC,Gross,Forecast,Sep,2228767570
CDE,2025,VSC,Net,Actual,Apr,87239829976
CDE,2025,VSC,Net,Actual,Aug,64596560150
CDE,2025,VSC,Net,Actual,Dec,27487456386
CDE,2025,VSC,Net,Actual,Feb,2738824995
CDE,2025,VSC,Net,Actual,Jan,17142449635
CDE,2025,VSC,Net,Actual,Jul,93510194508
CDE,2025,VSC,Net,Actual,Jun,64723488138
CDE,2025,VSC,Net,Actual,Mar,27424966548
CDE,2025,VSC,Net,Actual,May,70907128239
CDE,2025,VSC,Net,Actual,Nov,109220523671
CDE,2025,VSC,Net,Actual,Oct,117795597767
CDE,2025,VSC,Net,Actual,Sep,68587583567
CDE,2025,VSC,Net,Budget,Apr,7987543476
CDE,2025,VSC,Net,Budget,Aug,44445440800
CDE,2025,VSC,Net,Budget,Dec,55034145454
CDE,2025,VSC,Net,Budget,Feb,75930214059
CDE,2025,VSC,Net,Budget,Jan,71462992103
CDE,2025,VSC,Net,Budget,Jul,17404174833
CDE,2025,VSC,Net,Budget,Jun,56164065898
CDE,2025,VSC,Net,Budget,Mar,91629300344
CDE,2025,VSC,Net,Budget,May,3197577033
CDE,2025,VSC,Net,Budget,Nov,17908551905
CDE,2025,VSC,Net,Budget,Oct,115973452774
CDE,2025,VSC,Net,Budget,Sep,24182815597
CDE,2025,VSC,Net,Forecast,Apr,7274729735
CDE,2025,VSC,Net,Forecast,Aug,71455726675
CDE,2025,VSC,Net,Forecast,Dec,3121444802
CDE,2025,VSC,Net,Forecast,Feb,902089393
CDE,2025,VSC,Net,Forecast,Jan,103118537840
CDE,2025,VSC,Net,Forecast,Jul,4922470048
CDE,2025,VSC,Net,Forecast,Jun,48022072697
CDE,2025,VSC,Net,Forecast,Mar,70457591596
CDE,2025,VSC,Net,Forecast,May,4686225268
CDE,2025,VSC,Net,Forecast,Nov,167367063248
CDE,2025,VSC,Net,Forecast,Oct,68867033666
CDE,2025,VSC,Net,Forecast,Sep,25440234400
CDE,2025,VSC,Op,Actual,Apr,31067644267
CDE,2025,VSC,Op,Actual,Aug,35809298690
CDE,2025,VSC,Op,Actual,Dec,37138900495
CDE,2025,VSC,Op,Actual,Feb,28537989841
CDE,2025,VSC,Op,Actual,Jan,29952093551
CDE,2025,VSC,Op,Actual,Jul,63454567873
CDE,2025,VSC,Op,Actual,Jun,72258933525
CDE,2025,VSC,Op,Actual,Mar,63706750195
CDE,2025,VSC,Op,Actual,May,70523443851
CDE,2025,VSC,Op,Actual,Nov,7182704446
CDE,2025,VSC,Op,Actual,Oct,30123411017
CDE,2025,VSC,Op,Actual,Sep,23842793465
CDE,2025,VSC,Op,Budget,Apr,47155753422
CDE,2025,VSC,Op,Budget,Aug,93471568649
CDE,2025,VSC,Op,Budget,Dec,124407782308
CDE,2025,VSC,Op,Budget,Feb,84417004331
CDE,2025,VSC,Op,Budget,Jan,17228727331
CDE,2025,VSC,Op,Budget,Jul,93210151657
CDE,2025,VSC,Op,Budget,Jun,27984170240
CDE,2025,VSC,Op,Budget,Mar,40029413081
CDE,2025,VSC,Op,Budget,May,24813435673
CDE,2025,VSC,Op,Budget,Nov,84644181664
CDE,2025,VSC,Op,Budget,Oct,24947702654
CDE,2025,VSC,Op,Budget,Sep,30723429458
CDE,2025,VSC,Op,Forecast,Apr,84290154482
CDE,2025,VSC,Op,Forecast,Aug,28046855114
CDE,2025,VSC,Op,Forecast,Dec,42672394812
CDE,2025,VSC,Op,Forecast,Feb,52140730671
CDE,2025,VSC,Op,Forecast,Jan,47686453448
CDE,2025,VSC,Op,Forecast,Jul,22197884490
CDE,2025,VSC,Op,Forecast,Jun,82878726503
CDE,2025,VSC,Op,Forecast,Mar,96966402370
CDE,2025,VSC,Op,Forecast,May,12654825412
CDE,2025,VSC,Op,Forecast,Nov,111460670469
CDE,2025,VSC,Op,Forecast,Oct,61741656354
CDE,2025,VSC,Op,Forecast,Sep,86695534526
CDE,2025,VSCN,Gross,Actual,Apr,4751712149
CDE,2025,VSCN,Gross,Actual,Aug,3146309185
CDE,2025,VSCN,Gross,Actual,Dec,7953766803
CDE,2025,VSCN,Gross,Actual,Feb,12297979409
CDE,2025,VSCN,Gross,Actual,Jan,8213928733
CDE,2025,VSCN,Gross,Actual,Jul,309720822
CDE,2025,VSCN,Gross,Actual,Jun,3419262923
CDE,2025,VSCN,Gross,Actual,Mar,7938871611
CDE,2025,VSCN,Gross,Actual,May,4156663889
CDE,2025,VSCN,Gross,Actual,Nov,8878083125
CDE,2025,VSCN,Gross,Actual,Oct,8847154462
CDE,2025,VSCN,Gross,Actual,Sep,3311702750
CDE,2025,VSCN,Gross,Budget,Apr,8383661710
CDE,2025,VSCN,Gross,Budget,Aug,6462642363
CDE,2025,VSCN,Gross,Budget,Dec,10605137808
CDE,2025,VSCN,Gross,Budget,Feb,4022073033
CDE,2025,VSCN,Gross,Budget,Jan,2271972144
CDE,2025,VSCN,Gross,Budget,Jul,6335407529
CDE,2025,VSCN,Gross,Budget,Jun,3548880044
CDE,2025,VSCN,Gross,Budget,Mar,7088548149
CDE,2025,VSCN,Gross,Budget,May,3026976998
CDE,2025,VSCN,Gross,Budget,Nov,7840403089
CDE,2025,VSCN,Gross,Budget,Oct,10239751743
CDE,2025,VSCN,Gross,Budget,Sep,8363635091
CDE,2025,VSCN,Gross,Forecast,Apr,2906318691
CDE,2025,VSCN,Gross,Forecast,Aug,5581827041
CDE,2025,VSCN,Gross,Forecast,Dec,10770006298
CDE,2025,VSCN,Gross,Forecast,Feb,11606390518
CDE,2025,VSCN,Gross,Forecast,Jan,12561770003
CDE,2025,VSCN,Gross,Forecast,Jul,2661250199
CDE,2025,VSCN,Gross,Forecast,Jun,2739697660
CDE,2025,VSCN,Gross,Forecast,Mar,11026845266
CDE,2025,VSCN,Gross,Forecast,May,2717800192
CDE,2025,VSCN,Gross,Forecast,Nov,6139050969
CDE,2025,VSCN,Gross,Forecast,Oct,2718737119
CDE,2025,VSCN,Gross,Forecast,Sep,1088665029
CDE,2025,VSCN,Net,Actual,Apr,4532073942
CDE,2025,VSCN,Net,Actual,Aug,6573621434
CDE,2025,VSCN,Net,Actual,Dec,11135581467
CDE,2025,VSCN,Net,Actual,Feb,9402679574
CDE,2025,VSCN,Net,Actual,Jan,6250114032
CDE,2025,VSCN,Net,Actual,Jul,7319185396
CDE,2025,VSCN,Net,Actual,Jun,8655838261
CDE,2025,VSCN,Net,Actual,Mar,2141048323
CDE,2025,VSCN,Net,Actual,May,11089938435
CDE,2025,VSCN,Net,Actual,Nov,8583625952
CDE,2025,VSCN,Net,Actual,Oct,10046544177
CDE,2025,VSCN,Net,Actual,Sep,7003081520
CDE,2025,VSCN,Net,Budget,Apr,2084875052
CDE,2025,VSCN,Net,Budget,Aug,5287740394
CDE,2025,VSCN,Net,Budget,Dec,2951145246
CDE,2025,VSCN,Net,Budget,Feb,12247686134
CDE,2025,VSCN,Net,Budget,Jan,5390991845
CDE,2025,VSCN,Net,Budget,Jul,7774908852
CDE,2025,VSCN,Net,Budget,Jun,2522068909
CDE,2025,VSCN,Net,Budget,Mar,8676971637
CDE,2025,VSCN,Net,Budget,May,6027672051
CDE,2025,VSCN,Net,Budget,Nov,10347263572
CDE,2025,VSCN,Net,Budget,Oct,8726999855
CDE,2025,VSCN,Net,Budget,Sep,4054982677
CDE,2025,VSCN,Net,Forecast,Apr,4073196559
CDE,2025,VSCN,Net,Forecast,Aug,7778482220
CDE,2025,VSCN,Net,Forecast,Dec,9557017196
CDE,2025,VSCN,Net,Forecast,Feb,8192428776
CDE,2025,VSCN,Net,Forecast,Jan,10244347111
CDE,2025,VSCN,Net,Forecast,Jul,2876643835
CDE,2025,VSCN,Net,Forecast,Jun,571167851
CDE,2025,VSCN,Net,Forecast,Mar,12022885767
CDE,2025,VSCN,Net,Forecast,May,4303579390
CDE,2025,VSCN,Net,Forecast,Nov,1401485839
CDE,2025,VSCN,Net,Forecast,Oct,9689777101
CDE,2025,VSCN,Net,Forecast,Sep,7224926161
CDE,2025,VSCN,Op,Actual,Apr,2472389726
CDE,2025,VSCN,Op,Actual,Aug,2289430222
CDE,2025,VSCN,Op,Actual,Dec,11310772370
CDE,2025,VSCN,Op,Actual,Feb,12066288103
CDE,2025,VSCN,Op,Actual,Jan,9271565615
CDE,2025,VSCN,Op,Actual,Jul,8225734257
CDE,2025,VSCN,Op,Actual,Jun,5157976870
CDE,2025,VSCN,Op,Actual,Mar,1027888624
CDE,2025,VSCN,Op,Actual,May,6580966066
CDE,2025,VSCN,Op,Actual,Nov,3310999399
CDE,2025,VSCN,Op,Actual,Oct,3597216436
CDE,2025,VSCN,Op,Actual,Sep,8023052344
CDE,2025,VSCN,Op,Budget,Apr,5229332182
CDE,2025,VSCN,Op,Budget,Aug,10018557846
CDE,2025,VSCN,Op,Budget,Dec,5589672819
CDE,2025,VSCN,Op,Budget,Feb,4060667199
CDE,2025,VSCN,Op,Budget,Jan,5672403646
CDE,2025,VSCN,Op,Budget,Jul,8759786325
CDE,2025,VSCN,Op,Budget,Jun,4696547316
CDE,2025,VSCN,Op,Budget,Mar,3201210494
CDE,2025,VSCN,Op,Budget,May,9574901528
CDE,2025,VSCN,Op,Budget,Nov,7147422488
CDE,2025,VSCN,Op,Budget,Oct,3910913456
CDE,2025,VSCN,Op,Budget,Sep,6767610067
CDE,2025,VSCN,Op,Forecast,Apr,7616591097
CDE,2025,VSCN,Op,Forecast,Aug,1292174055
CDE,2025,VSCN,Op,Forecast,Dec,1140717706
CDE,2025,VSCN,Op,Forecast,Feb,11692943000
CDE,2025,VSCN,Op,Forecast,Jan,7265845634
CDE,2025,VSCN,Op,Forecast,Jul,2309476013
CDE,2025,VSCN,Op,Forecast,Jun,4742534780
CDE,2025,VSCN,Op,Forecast,Mar,8242123135
CDE,2025,VSCN,Op,Forecast,May,10212866432
CDE,2025,VSCN,Op,Forecast,Nov,2699695811
CDE,2025,VSCN,Op,Forecast,Oct,10580474402
CDE,2025,VSCN,Op,Forecast,Sep,3950495758
PJ,2024,AZ,Gross,Actual,Apr,142273310
PJ,2024,AZ,Gross,Actual,Aug,101126905
PJ,2024,AZ,Gross,Actual,Dec,134091187
PJ,2024,AZ,Gross,Actual,Feb,156906432
PJ,2024,AZ,Gross,Actual,Jan,677466099
PJ,2024,AZ,Gross,Actual,Jul,700738324
PJ,2024,AZ,Gross,Actual,Jun,206629942
PJ,2024,AZ,Gross,Actual,Mar,522532831
PJ,2024,AZ,Gross,Actual,May,1284937260
PJ,2024,AZ,Gross,Actual,Nov,436642802
PJ,2024,AZ,Gross,Actual,Oct,120182685
PJ,2024,AZ,Gross,Actual,Sep,391890619
PJ,2024,AZ,Gross,Budget,Apr,81715137
PJ,2024,AZ,Gross,Budget,Aug,92953056
PJ,2024,AZ,Gross,Budget,Dec,81996455
PJ,2024,AZ,Gross,Budget,Feb,32729019
PJ,2024,AZ,Gross,Budget,Jan,866968142
PJ,2024,AZ,Gross,Budget,Jul,86838262
PJ,2024,AZ,Gross,Budget,Jun,96298428
PJ,2024,AZ,Gross,Budget,Mar,249029713
PJ,2024,AZ,Gross,Budget,May,156341562
PJ,2024,AZ,Gross,Budget,Nov,351983596
PJ,2024,AZ,Gross,Budget,Oct,36889332
PJ,2024,AZ,Gross,Budget,Sep,1561878474
PJ,2024,AZ,Gross,Forecast,Apr,85332753
PJ,2024,AZ,Gross,Forecast,Aug,87391710
PJ,2024,AZ,Gross,Forecast,Dec,122424519
PJ,2024,AZ,Gross,Forecast,Feb,235691426
PJ,2024,AZ,Gross,Forecast,Jan,564862421
PJ,2024,AZ,Gross,Forecast,Jul,973619784
PJ,2024,AZ,Gross,Forecast,Jun,31756184
PJ,2024,AZ,Gross,Forecast,Mar,466180053
PJ,2024,AZ,Gross,Forecast,May,2033106001
PJ,2024,AZ,Gross,Forecast,Nov,127623608
PJ,2024,AZ,Gross,Forecast,Oct,41803332
PJ,2024,AZ,Gross,Forecast,Sep,552855435
PJ,2024,AZ,Net,Actual,Apr,125597522
PJ,2024,AZ,Net,Actual,Aug,115619702
PJ,2024,AZ,Net,Actual,Dec,109869876
PJ,2024,AZ,Net,Actual,Feb,33330491
PJ,2024,AZ,Net,Actual,Jan,705091564
PJ,2024,AZ,Net,Actual,Jul,898558428
PJ,2024,AZ,Net,Actual,Jun,100058969
PJ,2024,AZ,Net,Actual,Mar,487032539
PJ,2024,AZ,Net,Actual,May,1888443183
PJ,2024,AZ,Net,Actual,Nov,88246529
PJ,2024,AZ,Net,Actual,Oct,87866384
PJ,2024,AZ,Net,Actual,Sep,1750901150
PJ,2024,AZ,Net,Budget,Apr,93102616
PJ,2024,AZ,Net,Budget,Aug,95146323
PJ,2024,AZ,Net,Budget,Dec,63628224
PJ,2024,AZ,Net,Budget,Feb,82935048
PJ,2024,AZ,Net,Budget,Jan,945343585
PJ,2024,AZ,Net,Budget,Jul,794996233
PJ,2024,AZ,Net,Budget,Jun,93561085
PJ,2024,AZ,Net,Budget,Mar,1245646821
PJ,2024,AZ,Net,Budget,May,794016716
PJ,2024,AZ,Net,Budget,Nov,190333955
PJ,2024,AZ,Net,Budget,Oct,89753554
PJ,2024,AZ,Net,Budget,Sep,1319975146
PJ,2024,AZ,Net,Forecast,Apr,14713828
PJ,2024,AZ,Net,Forecast,Aug,76029159
PJ,2024,AZ,Net,Forecast,Dec,67254776
PJ,2024,AZ,Net,Forecast,Feb,113219372
PJ,2024,AZ,Net,Forecast,Jan,21438139
PJ,2024,AZ,Net,Forecast,Jul,230614116
PJ,2024,AZ,Net,Forecast,Jun,218417855
PJ,2024,AZ,Net,Forecast,Mar,25606386
PJ,2024,AZ,Net,Forecast,May,951614368
PJ,2024,AZ,Net,Forecast,Nov,186733172
PJ,2024,AZ,Net,Forecast,Oct,105621430
PJ,2024,AZ,Net,Forecast,Sep,1029276654
PJ,2024,AZ,Op,Actual,Apr,121546233
PJ,2024,AZ,Op,Actual,Aug,98830635
PJ,2024,AZ,Op,Actual,Dec,20456411
PJ,2024,AZ,Op,Actual,Feb,77115837
PJ,2024,AZ,Op,Actual,Jan,628496489
PJ,2024,AZ,Op,Actual,Jul,130527711
PJ,2024,AZ,Op,Actual,Jun,146169867
PJ,2024,AZ,Op,Actual,Mar,398553436
PJ,2024,AZ,Op,Actual,May,1191792419
PJ,2024,AZ,Op,Actual,Nov,878288075
PJ,2024,AZ,Op,Actual,Oct,119461364
PJ,2024,AZ,Op,Actual,Sep,69729808
PJ,2024,AZ,Op,Budget,Apr,3875396
PJ,2024,AZ,Op,Budget,Aug,88715195
PJ,2024,AZ,Op,Budget,Dec,57225591
PJ,2024,AZ,Op,Budget,Feb,8474063
PJ,2024,AZ,Op,Budget,Jan,9193554
PJ,2024,AZ,Op,Budget,Jul,679160137
PJ,2024,AZ,Op,Budget,Jun,299450843
PJ,2024,AZ,Op,Budget,Mar,736050074
PJ,2024,AZ,Op,Budget,May,1077510972
PJ,2024,AZ,Op,Budget,Nov,446777472
PJ,2024,AZ,Op,Budget,Oct,81271588
PJ,2024,AZ,Op,Budget,Sep,2050116771
PJ,2024,AZ,Op,Forecast,Apr,70129466
PJ,2024,AZ,Op,Forecast,Aug,96545181
PJ,2024,AZ,Op,Forecast,Dec,42771208
PJ,2024,AZ,Op,Forecast,Feb,53848264
PJ,2024,AZ,Op,Forecast,Jan,677460607
PJ,2024,AZ,Op,Forecast,Jul,777374984
PJ,2024,AZ,Op,Forecast,Jun,335000316
PJ,2024,AZ,Op,Forecast,Mar,1727275956
PJ,2024,AZ,Op,Forecast,May,901592595
PJ,2024,AZ,Op,Forecast,Nov,345568648
PJ,2024,AZ,Op,Forecast,Oct,48503255
PJ,2024,AZ,Op,Forecast,Sep,1957011937
PJ,2024,BD+,Gross,Actual,Apr,1124377801
PJ,2024,BD+,Gross,Actual,Aug,239245148
PJ,2024,BD+,Gross,Actual,Dec,3329341617
PJ,2024,BD+,Gross,Actual,Feb,155127613
PJ,2024,BD+,Gross,Actual,Jan,229486414
PJ,2024,BD+,Gross,Actual,Jul,1233209890
PJ,2024,BD+,Gross,Actual,Jun,3054622162
PJ,2024,BD+,Gross,Actual,Mar,1010545586
PJ,2024,BD+,Gross,Actual,May,2237138683
PJ,2024,BD+,Gross,Actual,Nov,2757723865
PJ,2024,BD+,Gross,Actual,Oct,540160549
PJ,2024,BD+,Gross,Actual,Sep,2721962567
PJ,2024,BD+,Gross,Budget,Apr,625828532
PJ,2024,BD+,Gross,Budget,Aug,1349428477
PJ,2024,BD+,Gross,Budget,Dec,3313322819
PJ,2024,BD+,Gross,Budget,Feb,420551456
PJ,2024,BD+,Gross,Budget,Jan,232908708
PJ,2024,BD+,Gross,Budget,Jul,976011850
PJ,2024,BD+,Gross,Budget,Jun,5964391571
PJ,2024,BD+,Gross,Budget,Mar,1982035112
PJ,2024,BD+,Gross,Budget,May,2458836088
PJ,2024,BD+,Gross,Budget,Nov,408915863
PJ,2024,BD+,Gross,Budget,Oct,804049447
PJ,2024,BD+,Gross,Budget,Sep,2891784901
PJ,2024,BD+,Gross,Forecast,Apr,1593850185
PJ,2024,BD+,Gross,Forecast,Aug,209359557
PJ,2024,BD+,Gross,Forecast,Dec,699039124
PJ,2024,BD+,Gross,Forecast,Feb,144638004
PJ,2024,BD+,Gross,Forecast,Jan,652486171
PJ,2024,BD+,Gross,Forecast,Jul,1178414340
PJ,2024,BD+,Gross,Forecast,Jun,6727218616
PJ,2024,BD+,Gross,Forecast,Mar,1477304781
PJ,2024,BD+,Gross,Forecast,May,1833552764
PJ,2024,BD+,Gross,Forecast,Nov,2118722271
PJ,2024,BD+,Gross,Forecast,Oct,601993543
PJ,2024,BD+,Gross,Forecast,Sep,104030206
PJ,2024,BD+,Net,Actual,Apr,1342945380
PJ,2024,BD+,Net,Actual,Aug,784540875
PJ,2024,BD+,Net,Actual,Dec,2123880776
PJ,2024,BD+,Net,Actual,Feb,276694272
PJ,2024,BD+,Net,Actual,Jan,481243061
PJ,2024,BD+,Net,Actual,Jul,372412142
PJ,2024,BD+,Net,Actual,Jun,7105994105
PJ,2024,BD+,Net,Actual,Mar,960086553
PJ,2024,BD+,Net,Actual,May,2827181024
PJ,2024,BD+,Net,Actual,Nov,2924546715
PJ,2024,BD+,Net,Actual,Oct,21752811
PJ,2024,BD+,Net,Actual,Sep,3041482057
PJ,2024,BD+,Net,Budget,Apr,1125273054
PJ,2024,BD+,Net,Budget,Aug,1736851241
PJ,2024,BD+,Net,Budget,Dec,3560353009
PJ,2024,BD+,Net,Budget,Feb,42866642
PJ,2024,BD+,Net,Budget,Jan,178227227
PJ,2024,BD+,Net,Budget,Jul,1007624420
PJ,2024,BD+,Net,Budget,Jun,810773224
PJ,2024,BD+,Net,Budget,Mar,948741902
PJ,2024,BD+,Net,Budget,May,744566720
PJ,2024,BD+,Net,Budget,Nov,1923580607
PJ,2024,BD+,Net,Budget,Oct,1553684331
PJ,2024,BD+,Net,Budget,Sep,2639744673
PJ,2024,BD+,Net,Forecast,Apr,1616060719
PJ,2024,BD+,Net,Forecast,Aug,789333499
PJ,2024,BD+,Net,Forecast,Dec,2887078248
PJ,2024,BD+,Net,Forecast,Feb,369620274
PJ,2024,BD+,Net,Forecast,Jan,631724741
PJ,2024,BD+,Net,Forecast,Jul,68791707
PJ,2024,BD+,Net,Forecast,Jun,4800208086
PJ,2024,BD+,Net,Forecast,Mar,274034769
PJ,2024,BD+,Net,Forecast,May,898154110
PJ,2024,BD+,Net,Forecast,Nov,2079625349
PJ,2024,BD+,Net,Forecast,Oct,724960932
PJ,2024,BD+,Net,Forecast,Sep,2365213403
PJ,2024,BD+,Op,Actual,Apr,620156263
PJ,2024,BD+,Op,Actual,Aug,1029558730
PJ,2024,BD+,Op,Actual,Dec,1047142223
PJ,2024,BD+,Op,Actual,Feb,128158035
PJ,2024,BD+,Op,Actual,Jan,386206685
PJ,2024,BD+,Op,Actual,Jul,85021616
PJ,2024,BD+,Op,Actual,Jun,6179351176
PJ,2024,BD+,Op,Actual,Mar,6211405
PJ,2024,BD+,Op,Actual,May,2155745960
PJ,2024,BD+,Op,Actual,Nov,352093501
PJ,2024,BD+,Op,Actual,Oct,98337277
PJ,2024,BD+,Op,Actual,Sep,2233741879
PJ,2024,BD+,Op,Budget,Apr,1050442782
PJ,2024,BD+,Op,Budget,Aug,725079534
PJ,2024,BD+,Op,Budget,Dec,2243952766
PJ,2024,BD+,Op,Budget,Feb,146453251
PJ,2024,BD+,Op,Budget,Jan,305230497
PJ,2024,BD+,Op,Budget,Jul,209613205
PJ,2024,BD+,Op,Budget,Jun,7558628308
PJ,2024,BD+,Op,Budget,Mar,112418161
PJ,2024,BD+,Op,Budget,May,1579680871
PJ,2024,BD+,Op,Budget,Nov,1505278787
PJ,2024,BD+,Op,Budget,Oct,685374768
PJ,2024,BD+,Op,Budget,Sep,2107593278
PJ,2024,BD+,Op,Forecast,Apr,418286352
PJ,2024,BD+,Op,Forecast,Aug,1417521893
PJ,2024,BD+,Op,Forecast,Dec,466535370
PJ,2024,BD+,Op,Forecast,Feb,413275699
PJ,2024,BD+,Op,Forecast,Jan,300359019
PJ,2024,BD+,Op,Forecast,Jul,863614821
PJ,2024,BD+,Op,Forecast,Jun,5806456015
PJ,2024,BD+,Op,Forecast,Mar,1312941702
PJ,2024,BD+,Op,Forecast,May,995779546
PJ,2024,BD+,Op,Forecast,Nov,1439152881
PJ,2024,BD+,Op,Forecast,Oct,93603008
PJ,2024,BD+,Op,Forecast,Sep,3152834595
PJ,2024,CE,Gross,Actual,Apr,2915501541
PJ,2024,CE,Gross,Actual,Aug,7631330
PJ,2024,CE,Gross,Actual,Dec,779991925
PJ,2024,CE,Gross,Actual,Feb,1354707239
PJ,2024,CE,Gross,Actual,Jan,403593494
PJ,2024,CE,Gross,Actual,Jul,3877739650
PJ,2024,CE,Gross,Actual,Jun,4021369714
PJ,2024,CE,Gross,Actual,Mar,1266230439
PJ,2024,CE,Gross,Actual,May,1002221119
PJ,2024,CE,Gross,Actual,Nov,1650164400
PJ,2024,CE,Gross,Actual,Oct,1433825664
PJ,2024,CE,Gross,Actual,Sep,1451746919
PJ,2024,CE,Gross,Budget,Apr,2469841154
PJ,2024,CE,Gross,Budget,Aug,1657393575
PJ,2024,CE,Gross,Budget,Dec,537518922
PJ,2024,CE,Gross,Budget,Feb,1019310760
PJ,2024,CE,Gross,Budget,Jan,462338385
PJ,2024,CE,Gross,Budget,Jul,868762836
PJ,2024,CE,Gross,Budget,Jun,2129574047
PJ,2024,CE,Gross,Budget,Mar,1247807215
PJ,2024,CE,Gross,Budget,May,280354338
PJ,2024,CE,Gross,Budget,Nov,4511897518
PJ,2024,CE,Gross,Budget,Oct,7913391495
PJ,2024,CE,Gross,Budget,Sep,645239935
PJ,2024,CE,Gross,Forecast,Apr,2326202989
PJ,2024,CE,Gross,Forecast,Aug,24509567
PJ,2024,CE,Gross,Forecast,Dec,1197359324
PJ,2024,CE,Gross,Forecast,Feb,687465361
PJ,2024,CE,Gross,Forecast,Jan,496163502
PJ,2024,CE,Gross,Forecast,Jul,420486091
PJ,2024,CE,Gross,Forecast,Jun,2015433274
PJ,2024,CE,Gross,Forecast,Mar,1095637725
PJ,2024,CE,Gross,Forecast,May,113535855
PJ,2024,CE,Gross,Forecast,Nov,558332053
PJ,2024,CE,Gross,Forecast,Oct,4625565463
PJ,2024,CE,Gross,Forecast,Sep,6862929937
PJ,2024,CE,Net,Actual,Apr,1848833232
PJ,2024,CE,Net,Actual,Aug,417836080
PJ,2024,CE,Net,Actual,Dec,670638494
PJ,2024,CE,Net,Actual,Feb,1134106188
PJ,2024,CE,Net,Actual,Jan,677376188
PJ,2024,CE,Net,Actual,Jul,148153056
PJ,2024,CE,Net,Actual,Jun,1176164544
PJ,2024,CE,Net,Actual,Mar,236071241
PJ,2024,CE,Net,Actual,May,639452105
PJ,2024,CE,Net,Actual,Nov,3270176138
PJ,2024,CE,Net,Actual,Oct,1768456993
PJ,2024,CE,Net,Actual,Sep,3186058295
PJ,2024,CE,Net,Budget,Apr,2533793329
PJ,2024,CE,Net,Budget,Aug,1026442937
PJ,2024,CE,Net,Budget,Dec,1247263682
PJ,2024,CE,Net,Budget,Feb,1601042
PJ,2024,CE,Net,Budget,Jan,628900805
PJ,2024,CE,Net,Budget,Jul,2763871913
PJ,2024,CE,Net,Budget,Jun,210648254
PJ,2024,CE,Net,Budget,Mar,2775087900
PJ,2024,CE,Net,Budget,May,894515938
PJ,2024,CE,Net,Budget,Nov,3468134675
PJ,2024,CE,Net,Budget,Oct,2239497105
PJ,2024,CE,Net,Budget,Sep,4316491588
PJ,2024,CE,Net,Forecast,Apr,433865833
PJ,2024,CE,Net,Forecast,Aug,2297579529
PJ,2024,CE,Net,Forecast,Dec,354803439
PJ,2024,CE,Net,Forecast,Feb,1842497121
PJ,2024,CE,Net,Forecast,Jan,1728435945
PJ,2024,CE,Net,Forecast,Jul,1906969954
PJ,2024,CE,Net,Forecast,Jun,2680702080
PJ,2024,CE,Net,Forecast,Mar,920472096
PJ,2024,CE,Net,Forecast,May,984958745
PJ,2024,CE,Net,Forecast,Nov,323301746
PJ,2024,CE,Net,Forecast,Oct,3251035095
PJ,2024,CE,Net,Forecast,Sep,76018498
PJ,2024,CE,Op,Actual,Apr,1631126952
PJ,2024,CE,Op,Actual,Aug,1860527119
PJ,2024,CE,Op,Actual,Dec,460447341
PJ,2024,CE,Op,Actual,Feb,760771659
PJ,2024,CE,Op,Actual,Jan,242415650
PJ,2024,CE,Op,Actual,Jul,2206742790
PJ,2024,CE,Op,Actual,Jun,1415923566
PJ,2024,CE,Op,Actual,Mar,928782496
PJ,2024,CE,Op,Actual,May,477467478
PJ,2024,CE,Op,Actual,Nov,2760367171
PJ,2024,CE,Op,Actual,Oct,1907019501
PJ,2024,CE,Op,Actual,Sep,4635945554
PJ,2024,CE,Op,Budget,Apr,1243344690
PJ,2024,CE,Op,Budget,Aug,1072090479
PJ,2024,CE,Op,Budget,Dec,1058985502
PJ,2024,CE,Op,Budget,Feb,310445148
PJ,2024,CE,Op,Budget,Jan,959957296
PJ,2024,CE,Op,Budget,Jul,583709863
PJ,2024,CE,Op,Budget,Jun,324834114
PJ,2024,CE,Op,Budget,Mar,5604712525
PJ,2024,CE,Op,Budget,May,211583710
PJ,2024,CE,Op,Budget,Nov,3430446248
PJ,2024,CE,Op,Budget,Oct,3924378790
PJ,2024,CE,Op,Budget,Sep,6575171306
PJ,2024,CE,Op,Forecast,Apr,671631008
PJ,2024,CE,Op,Forecast,Aug,246770619
PJ,2024,CE,Op,Forecast,Dec,1281450418
PJ,2024,CE,Op,Forecast,Feb,637100497
PJ,2024,CE,Op,Forecast,Jan,699004842
PJ,2024,CE,Op,Forecast,Jul,2400051239
PJ,2024,CE,Op,Forecast,Jun,3205310154
PJ,2024,CE,Op,Forecast,Mar,4253525166
PJ,2024,CE,Op,Forecast,May,154472670
PJ,2024,CE,Op,Forecast,Nov,919632382
PJ,2024,CE,Op,Forecast,Oct,2386686797
PJ,2024,CE,Op,Forecast,Sep,210036892
PJ,2024,CH,Gross,Actual,Apr,384193374
PJ,2024,CH,Gross,Actual,Aug,109308376
PJ,2024,CH,Gross,Actual,Dec,126930021
PJ,2024,CH,Gross,Actual,Feb,232486441
PJ,2024,CH,Gross,Actual,Jan,286935509
PJ,2024,CH,Gross,Actual,Jul,265161702
PJ,2024,CH,Gross,Actual,Jun,314432512
PJ,2024,CH,Gross,Actual,Mar,155686079
PJ,2024,CH,Gross,Actual,May,163394019
PJ,2024,CH,Gross,Actual,Nov,221141512
PJ,2024,CH,Gross,Actual,Oct,37204529
PJ,2024,CH,Gross,Actual,Sep,16676048
PJ,2024,CH,Gross,Budget,Apr,280216087
PJ,2024,CH,Gross,Budget,Aug,118386667
PJ,2024,CH,Gross,Budget,Dec,315353372
PJ,2024,CH,Gross,Budget,Feb,288295995
PJ,2024,CH,Gross,Budget,Jan,153941458
PJ,2024,CH,Gross,Budget,Jul,81397369
PJ,2024,CH,Gross,Budget,Jun,43338909
PJ,2024,CH,Gross,Budget,Mar,400556236
PJ,2024,CH,Gross,Budget,May,202279260
PJ,2024,CH,Gross,Budget,Nov,396881838
PJ,2024,CH,Gross,Budget,Oct,422477999
PJ,2024,CH,Gross,Budget,Sep,50891545
PJ,2024,CH,Gross,Forecast,Apr,243277938
PJ,2024,CH,Gross,Forecast,Aug,31255270
PJ,2024,CH,Gross,Forecast,Dec,210216501
PJ,2024,CH,Gross,Forecast,Feb,13254617
PJ,2024,CH,Gross,Forecast,Jan,439129260
PJ,2024,CH,Gross,Forecast,Jul,344518847
PJ,2024,CH,Gross,Forecast,Jun,135195473
PJ,2024,CH,Gross,Forecast,Mar,5286209
PJ,2024,CH,Gross,Forecast,May,69546481
PJ,2024,CH,Gross,Forecast,Nov,29490070
PJ,2024,CH,Gross,Forecast,Oct,57540542
PJ,2024,CH,Gross,Forecast,Sep,226343463
PJ,2024,CH,Net,Actual,Apr,277801936
PJ,2024,CH,Net,Actual,Aug,1382667
PJ,2024,CH,Net,Actual,Dec,93333214
PJ,2024,CH,Net,Actual,Feb,88580530
PJ,2024,CH,Net,Actual,Jan,129691244
PJ,2024,CH,Net,Actual,Jul,47629044
PJ,2024,CH,Net,Actual,Jun,173610016
PJ,2024,CH,Net,Actual,Mar,437045342
PJ,2024,CH,Net,Actual,May,190938557
PJ,2024,CH,Net,Actual,Nov,209797025
PJ,2024,CH,Net,Actual,Oct,481212807
PJ,2024,CH,Net,Actual,Sep,226989653
PJ,2024,CH,Net,Budget,Apr,13678133
PJ,2024,CH,Net,Budget,Aug,108987361
PJ,2024,CH,Net,Budget,Dec,147609992
PJ,2024,CH,Net,Budget,Feb,400803138
PJ,2024,CH,Net,Budget,Jan,330896061
PJ,2024,CH,Net,Budget,Jul,238204242
PJ,2024,CH,Net,Budget,Jun,322243167
PJ,2024,CH,Net,Budget,Mar,437333867
PJ,2024,CH,Net,Budget,May,63863070
PJ,2024,CH,Net,Budget,Nov,49062856
PJ,2024,CH,Net,Budget,Oct,26253686
PJ,2024,CH,Net,Budget,Sep,166184501
PJ,2024,CH,Net,Forecast,Apr,104273239
PJ,2024,CH,Net,Forecast,Aug,154885695
PJ,2024,CH,Net,Forecast,Dec,33569424
PJ,2024,CH,Net,Forecast,Feb,470057068
PJ,2024,CH,Net,Forecast,Jan,299959938
PJ,2024,CH,Net,Forecast,Jul,388553422
PJ,2024,CH,Net,Forecast,Jun,268007162
PJ,2024,CH,Net,Forecast,Mar,159957645
PJ,2024,CH,Net,Forecast,May,211610336
PJ,2024,CH,Net,Forecast,Nov,400194241
PJ,2024,CH,Net,Forecast,Oct,21013451
PJ,2024,CH,Net,Forecast,Sep,60324438
PJ,2024,CH,Op,Actual,Apr,101301240
PJ,2024,CH,Op,Actual,Aug,59013991
PJ,2024,CH,Op,Actual,Dec,310649698
PJ,2024,CH,Op,Actual,Feb,49835781
PJ,2024,CH,Op,Actual,Jan,350629431
PJ,2024,CH,Op,Actual,Jul,26604294
PJ,2024,CH,Op,Actual,Jun,223711632
PJ,2024,CH,Op,Actual,Mar,227615717
PJ,2024,CH,Op,Actual,May,166719692
PJ,2024,CH,Op,Actual,Nov,374871314
PJ,2024,CH,Op,Actual,Oct,477193839
PJ,2024,CH,Op,Actual,Sep,164977387
PJ,2024,CH,Op,Budget,Apr,14208923
PJ,2024,CH,Op,Budget,Aug,135978684
PJ,2024,CH,Op,Budget,Dec,289774734
PJ,2024,CH,Op,Budget,Feb,254230268
PJ,2024,CH,Op,Budget,Jan,518068359
PJ,2024,CH,Op,Budget,Jul,175662349
PJ,2024,CH,Op,Budget,Jun,42020109
PJ,2024,CH,Op,Budget,Mar,142893792
PJ,2024,CH,Op,Budget,May,140719960
PJ,2024,CH,Op,Budget,Nov,362371175
PJ,2024,CH,Op,Budget,Oct,576790255
PJ,2024,CH,Op,Budget,Sep,67053877
PJ,2024,CH,Op,Forecast,Apr,23649360
PJ,2024,CH,Op,Forecast,Aug,147839095
PJ,2024,CH,Op,Forecast,Dec,287133790
PJ,2024,CH,Op,Forecast,Feb,148875921
PJ,2024,CH,Op,Forecast,Jan,81717827
PJ,2024,CH,Op,Forecast,Jul,118405521
PJ,2024,CH,Op,Forecast,Jun,145432677
PJ,2024,CH,Op,Forecast,Mar,57317335
PJ,2024,CH,Op,Forecast,May,225217066
PJ,2024,CH,Op,Forecast,Nov,58593414
PJ,2024,CH,Op,Forecast,Oct,111800494
PJ,2024,CH,Op,Forecast,Sep,53541237
PJ,2024,DC,Gross,Actual,Apr,1365543287
PJ,2024,DC,Gross,Actual,Aug,40183569
PJ,2024,DC,Gross,Actual,Dec,3739417668
PJ,2024,DC,Gross,Actual,Feb,983507414
PJ,2024,DC,Gross,Actual,Jan,843083002
PJ,2024,DC,Gross,Actual,Jul,3276466441
PJ,2024,DC,Gross,Actual,Jun,1668176879
PJ,2024,DC,Gross,Actual,Mar,2228614114
PJ,2024,DC,Gross,Actual,May,183252509
PJ,2024,DC,Gross,Actual,Nov,4812872844
PJ,2024,DC,Gross,Actual,Oct,137587006
PJ,2024,DC,Gross,Actual,Sep,2491224019
PJ,2024,DC,Gross,Budget,Apr,479504832
PJ,2024,DC,Gross,Budget,Aug,1391625585
PJ,2024,DC,Gross,Budget,Dec,5469825290
PJ,2024,DC,Gross,Budget,Feb,430544584
PJ,2024,DC,Gross,Budget,Jan,1151734091
PJ,2024,DC,Gross,Budget,Jul,84556779
PJ,2024,DC,Gross,Budget,Jun,1449476032
PJ,2024,DC,Gross,Budget,Mar,298119137
PJ,2024,DC,Gross,Budget,May,1815080211
PJ,2024,DC,Gross,Budget,Nov,4399249306
PJ,2024,DC,Gross,Budget,Oct,4484081779
PJ,2024,DC,Gross,Budget,Sep,2940418348
PJ,2024,DC,Gross,Forecast,Apr,193530419
PJ,2024,DC,Gross,Forecast,Aug,1118455529
PJ,2024,DC,Gross,Forecast,Dec,1924590564
PJ,2024,DC,Gross,Forecast,Feb,221941141
PJ,2024,DC,Gross,Forecast,Jan,1978892506
PJ,2024,DC,Gross,Forecast,Jul,2266315883
PJ,2024,DC,Gross,Forecast,Jun,1608428653
PJ,2024,DC,Gross,Forecast,Mar,2206365666
PJ,2024,DC,Gross,Forecast,May,723852362
PJ,2024,DC,Gross,Forecast,Nov,2212783430
PJ,2024,DC,Gross,Forecast,Oct,3857149596
PJ,2024,DC,Gross,Forecast,Sep,2032181495
PJ,2024,DC,Net,Actual,Apr,244040285
PJ,2024,DC,Net,Actual,Aug,12713810
PJ,2024,DC,Net,Actual,Dec,115943023
PJ,2024,DC,Net,Actual,Feb,237287993
PJ,2024,DC,Net,Actual,Jan,208810051
PJ,2024,DC,Net,Actual,Jul,1993445292
PJ,2024,DC,Net,Actual,Jun,578235199
PJ,2024,DC,Net,Actual,Mar,2513441233
PJ,2024,DC,Net,Actual,May,848211090
PJ,2024,DC,Net,Actual,Nov,2836279092
PJ,2024,DC,Net,Actual,Oct,1937915249
PJ,2024,DC,Net,Actual,Sep,1551732836
PJ,2024,DC,Net,Budget,Apr,911864673
PJ,2024,DC,Net,Budget,Aug,1551906988
PJ,2024,DC,Net,Budget,Dec,2708380826
PJ,2024,DC,Net,Budget,Feb,666433798
PJ,2024,DC,Net,Budget,Jan,1052039591
PJ,2024,DC,Net,Budget,Jul,213566809
PJ,2024,DC,Net,Budget,Jun,364034742
PJ,2024,DC,Net,Budget,Mar,996219590
PJ,2024,DC,Net,Budget,May,4373838
PJ,2024,DC,Net,Budget,Nov,3920042492
PJ,2024,DC,Net,Budget,Oct,878671664
PJ,2024,DC,Net,Budget,Sep,2225590545
PJ,2024,DC,Net,Forecast,Apr,655552987
PJ,2024,DC,Net,Forecast,Aug,875033807
PJ,2024,DC,Net,Forecast,Dec,952597163
PJ,2024,DC,Net,Forecast,Feb,100305467
PJ,2024,DC,Net,Forecast,Jan,751544577
PJ,2024,DC,Net,Forecast,Jul,200106377
PJ,2024,DC,Net,Forecast,Jun,1702492802
PJ,2024,DC,Net,Forecast,Mar,1415261395
PJ,2024,DC,Net,Forecast,May,893618175
PJ,2024,DC,Net,Forecast,Nov,2043464749
PJ,2024,DC,Net,Forecast,Oct,2070356817
PJ,2024,DC,Net,Forecast,Sep,158938480
PJ,2024,DC,Op,Actual,Apr,167880796
PJ,2024,DC,Op,Actual,Aug,1698854176
PJ,2024,DC,Op,Actual,Dec,2964974698
PJ,2024,DC,Op,Actual,Feb,529974262
PJ,2024,DC,Op,Actual,Jan,818431915
PJ,2024,DC,Op,Actual,Jul,1575531144
PJ,2024,DC,Op,Actual,Jun,408459703
PJ,2024,DC,Op,Actual,Mar,2051470721
PJ,2024,DC,Op,Actual,May,754649073
PJ,2024,DC,Op,Actual,Nov,2478991438
PJ,2024,DC,Op,Actual,Oct,2301322259
PJ,2024,DC,Op,Actual,Sep,828169558
PJ,2024,DC,Op,Budget,Apr,785333954
PJ,2024,DC,Op,Budget,Aug,458136587
PJ,2024,DC,Op,Budget,Dec,740518595
PJ,2024,DC,Op,Budget,Feb,532259942
PJ,2024,DC,Op,Budget,Jan,161073172
PJ,2024,DC,Op,Budget,Jul,381889745
PJ,2024,DC,Op,Budget,Jun,76057361
PJ,2024,DC,Op,Budget,Mar,282453531
PJ,2024,DC,Op,Budget,May,1120661693
PJ,2024,DC,Op,Budget,Nov,550768368
PJ,2024,DC,Op,Budget,Oct,3214016140
PJ,2024,DC,Op,Budget,Sep,1520717089
PJ,2024,DC,Op,Forecast,Apr,645242334
PJ,2024,DC,Op,Forecast,Aug,1103692911
PJ,2024,DC,Op,Forecast,Dec,1433700292
PJ,2024,DC,Op,Forecast,Feb,438545106
PJ,2024,DC,Op,Forecast,Jan,543961240
PJ,2024,DC,Op,Forecast,Jul,1504825177
PJ,2024,DC,Op,Forecast,Jun,329758664
PJ,2024,DC,Op,Forecast,Mar,1821450140
PJ,2024,DC,Op,Forecast,May,572202687
PJ,2024,DC,Op,Forecast,Nov,397626750
PJ,2024,DC,Op,Forecast,Oct,3231390817
PJ,2024,DC,Op,Forecast,Sep,899767301
PJ,2024,DE,Gross,Actual,Apr,3773780735
PJ,2024,DE,Gross,Actual,Aug,2623941542
PJ,2024,DE,Gross,Actual,Dec,2591345395
PJ,2024,DE,Gross,Actual,Feb,414151728
PJ,2024,DE,Gross,Actual,Jan,2148798390
PJ,2024,DE,Gross,Actual,Jul,2551638747
PJ,2024,DE,Gross,Actual,Jun,2073063093
PJ,2024,DE,Gross,Actual,Mar,1114213220
PJ,2024,DE,Gross,Actual,May,1893212699
PJ,2024,DE,Gross,Actual,Nov,4576382552
PJ,2024,DE,Gross,Actual,Oct,321396316
PJ,2024,DE,Gross,Actual,Sep,676096617
PJ,2024,DE,Gross,Budget,Apr,1424455004
PJ,2024,DE,Gross,Budget,Aug,90580146
PJ,2024,DE,Gross,Budget,Dec,3218197628
PJ,2024,DE,Gross,Budget,Feb,744941985
PJ,2024,DE,Gross,Budget,Jan,749305448
PJ,2024,DE,Gross,Budget,Jul,2376930316
PJ,2024,DE,Gross,Budget,Jun,5177103635
PJ,2024,DE,Gross,Budget,Mar,97476601
PJ,2024,DE,Gross,Budget,May,2189063089
PJ,2024,DE,Gross,Budget,Nov,3884958988
PJ,2024,DE,Gross,Budget,Oct,2035670630
PJ,2024,DE,Gross,Budget,Sep,703664547
PJ,2024,DE,Gross,Forecast,Apr,2630972467
PJ,2024,DE,Gross,Forecast,Aug,1121626554
PJ,2024,DE,Gross,Forecast,Dec,3138779894
PJ,2024,DE,Gross,Forecast,Feb,257358384
PJ,2024,DE,Gross,Forecast,Jan,596611929
PJ,2024,DE,Gross,Forecast,Jul,199375533
PJ,2024,DE,Gross,Forecast,Jun,1229685890
PJ,2024,DE,Gross,Forecast,Mar,1504700739
PJ,2024,DE,Gross,Forecast,May,620866910
PJ,2024,DE,Gross,Forecast,Nov,3334162552
PJ,2024,DE,Gross,Forecast,Oct,909165293
PJ,2024,DE,Gross,Forecast,Sep,2567468942
PJ,2024,DE,Net,Actual,Apr,667297212
PJ,2024,DE,Net,Actual,Aug,3516371739
PJ,2024,DE,Net,Actual,Dec,532868727
PJ,2024,DE,Net,Actual,Feb,1375537186
PJ,2024,DE,Net,Actual,Jan,241310538
PJ,2024,DE,Net,Actual,Jul,1626584484
PJ,2024,DE,Net,Actual,Jun,3740368343
PJ,2024,DE,Net,Actual,Mar,793834230
PJ,2024,DE,Net,Actual,May,3006310088
PJ,2024,DE,Net,Actual,Nov,39894175
PJ,2024,DE,Net,Actual,Oct,3056842349
PJ,2024,DE,Net,Actual,Sep,192408688
PJ,2024,DE,Net,Budget,Apr,351395026
PJ,2024,DE,Net,Budget,Aug,753201082
PJ,2024,DE,Net,Budget,Dec,755922029
PJ,2024,DE,Net,Budget,Feb,78031590
PJ,2024,DE,Net,Budget,Jan,1155454762
PJ,2024,DE,Net,Budget,Jul,1024407718
PJ,2024,DE,Net,Budget,Jun,3871532932
PJ,2024,DE,Net,Budget,Mar,683348182
PJ,2024,DE,Net,Budget,May,204163342
PJ,2024,DE,Net,Budget,Nov,1706827024
PJ,2024,DE,Net,Budget,Oct,2672243848
PJ,2024,DE,Net,Budget,Sep,6298843754
PJ,2024,DE,Net,Forecast,Apr,4538181045
PJ,2024,DE,Net,Forecast,Aug,299796586
PJ,2024,DE,Net,Forecast,Dec,1873618589
PJ,2024,DE,Net,Forecast,Feb,1076945413
PJ,2024,DE,Net,Forecast,Jan,1601216307
PJ,2024,DE,Net,Forecast,Jul,254327757
PJ,2024,DE,Net,Forecast,Jun,4620211967
PJ,2024,DE,Net,Forecast,Mar,682725704
PJ,2024,DE,Net,Forecast,May,600538988
PJ,2024,DE,Net,Forecast,Nov,1228964086
PJ,2024,DE,Net,Forecast,Oct,3432294239
PJ,2024,DE,Net,Forecast,Sep,179605218
PJ,2024,DE,Op,Actual,Apr,369901446
PJ,2024,DE,Op,Actual,Aug,2481895637
PJ,2024,DE,Op,Actual,Dec,1630049902
PJ,2024,DE,Op,Actual,Feb,1994527145
PJ,2024,DE,Op,Actual,Jan,2877218375
PJ,2024,DE,Op,Actual,Jul,2897014464
PJ,2024,DE,Op,Actual,Jun,4481044041
PJ,2024,DE,Op,Actual,Mar,1547243584
PJ,2024,DE,Op,Actual,May,3691161323
PJ,2024,DE,Op,Actual,Nov,2125665478
PJ,2024,DE,Op,Actual,Oct,2987302514
PJ,2024,DE,Op,Actual,Sep,2160478852
PJ,2024,DE,Op,Budget,Apr,4061721361
PJ,2024,DE,Op,Budget,Aug,1616566100
PJ,2024,DE,Op,Budget,Dec,403023621
PJ,2024,DE,Op,Budget,Feb,3139491562
PJ,2024,DE,Op,Budget,Jan,3269713459
PJ,2024,DE,Op,Budget,Jul,1686657172
PJ,2024,DE,Op,Budget,Jun,2233799035
PJ,2024,DE,Op,Budget,Mar,114838274
PJ,2024,DE,Op,Budget,May,3535704271
PJ,2024,DE,Op,Budget,Nov,1338533507
PJ,2024,DE,Op,Budget,Oct,2100173067
PJ,2024,DE,Op,Budget,Sep,5263280184
PJ,2024,DE,Op,Forecast,Apr,3588438440
PJ,2024,DE,Op,Forecast,Aug,2413216953
PJ,2024,DE,Op,Forecast,Dec,3028090317
PJ,2024,DE,Op,Forecast,Feb,1636502
PJ,2024,DE,Op,Forecast,Jan,2503824639
PJ,2024,DE,Op,Forecast,Jul,4173600596
PJ,2024,DE,Op,Forecast,Jun,1524139733
PJ,2024,DE,Op,Forecast,Mar,409851055
PJ,2024,DE,Op,Forecast,May,317590699
PJ,2024,DE,Op,Forecast,Nov,362158297
PJ,2024,DE,Op,Forecast,Oct,2871644586
PJ,2024,DE,Op,Forecast,Sep,4592506929
PJ,2024,ES,Gross,Actual,Apr,486386288
PJ,2024,ES,Gross,Actual,Aug,101477718
PJ,2024,ES,Gross,Actual,Dec,135111016
PJ,2024,ES,Gross,Actual,Feb,403802816
PJ,2024,ES,Gross,Actual,Jan,360944260
PJ,2024,ES,Gross,Actual,Jul,185187171
PJ,2024,ES,Gross,Actual,Jun,448748960
PJ,2024,ES,Gross,Actual,Mar,419923509
PJ,2024,ES,Gross,Actual,May,75426945
PJ,2024,ES,Gross,Actual,Nov,80979547
PJ,2024,ES,Gross,Actual,Oct,15838830
PJ,2024,ES,Gross,Actual,Sep,9660886
PJ,2024,ES,Gross,Budget,Apr,175372798
PJ,2024,ES,Gross,Budget,Aug,158386848
PJ,2024,ES,Gross,Budget,Dec,455155064
PJ,2024,ES,Gross,Budget,Feb,200675711
PJ,2024,ES,Gross,Budget,Jan,837788337
PJ,2024,ES,Gross,Budget,Jul,379364475
PJ,2024,ES,Gross,Budget,Jun,171286788
PJ,2024,ES,Gross,Budget,Mar,659361434
PJ,2024,ES,Gross,Budget,May,85168730
PJ,2024,ES,Gross,Budget,Nov,422348601
PJ,2024,ES,Gross,Budget,Oct,124255837
PJ,2024,ES,Gross,Budget,Sep,282055229
PJ,2024,ES,Gross,Forecast,Apr,521303684
PJ,2024,ES,Gross,Forecast,Aug,311335320
PJ,2024,ES,Gross,Forecast,Dec,359566447
PJ,2024,ES,Gross,Forecast,Feb,206179991
PJ,2024,ES,Gross,Forecast,Jan,1104534922
PJ,2024,ES,Gross,Forecast,Jul,1101850320
PJ,2024,ES,Gross,Forecast,Jun,604346898
PJ,2024,ES,Gross,Forecast,Mar,7618774
PJ,2024,ES,Gross,Forecast,May,420140730
PJ,2024,ES,Gross,Forecast,Nov,180576723
PJ,2024,ES,Gross,Forecast,Oct,651045389
PJ,2024,ES,Gross,Forecast,Sep,594010343
PJ,2024,ES,Net,Actual,Apr,670423915
PJ,2024,ES,Net,Actual,Aug,12554799
PJ,2024,ES,Net,Actual,Dec,270539335
PJ,2024,ES,Net,Actual,Feb,464430634
PJ,2024,ES,Net,Actual,Jan,149845406
PJ,2024,ES,Net,Actual,Jul,888869476
PJ,2024,ES,Net,Actual,Jun,111418675
PJ,2024,ES,Net,Actual,Mar,92350901
PJ,2024,ES,Net,Actual,May,284765960
PJ,2024,ES,Net,Actual,Nov,420002286
PJ,2024,ES,Net,Actual,Oct,497695424
PJ,2024,ES,Net,Actual,Sep,482530300
PJ,2024,ES,Net,Budget,Apr,469743693
PJ,2024,ES,Net,Budget,Aug,355875892
PJ,2024,ES,Net,Budget,Dec,456143450
PJ,2024,ES,Net,Budget,Feb,239489720
PJ,2024,ES,Net,Budget,Jan,474158914
PJ,2024,ES,Net,Budget,Jul,969943716
PJ,2024,ES,Net,Budget,Jun,394628702
PJ,2024,ES,Net,Budget,Mar,897708699
PJ,2024,ES,Net,Budget,May,413078842
PJ,2024,ES,Net,Budget,Nov,269415909
PJ,2024,ES,Net,Budget,Oct,87454634
PJ,2024,ES,Net,Budget,Sep,234699213
PJ,2024,ES,Net,Forecast,Apr,184450301
PJ,2024,ES,Net,Forecast,Aug,348915569
PJ,2024,ES,Net,Forecast,Dec,534019549
PJ,2024,ES,Net,Forecast,Feb,512171082
PJ,2024,ES,Net,Forecast,Jan,66219440
PJ,2024,ES,Net,Forecast,Jul,284459504
PJ,2024,ES,Net,Forecast,Jun,188959530
PJ,2024,ES,Net,Forecast,Mar,625857810
PJ,2024,ES,Net,Forecast,May,132539999
PJ,2024,ES,Net,Forecast,Nov,735319344
PJ,2024,ES,Net,Forecast,Oct,505712149
PJ,2024,ES,Net,Forecast,Sep,412841182
PJ,2024,ES,Op,Actual,Apr,311800984
PJ,2024,ES,Op,Actual,Aug,546572064
PJ,2024,ES,Op,Actual,Dec,229821143
PJ,2024,ES,Op,Actual,Feb,306911359
PJ,2024,ES,Op,Actual,Jan,131607429
PJ,2024,ES,Op,Actual,Jul,932960927
PJ,2024,ES,Op,Actual,Jun,121651291
PJ,2024,ES,Op,Actual,Mar,362925048
PJ,2024,ES,Op,Actual,May,95156903
PJ,2024,ES,Op,Actual,Nov,138077740
PJ,2024,ES,Op,Actual,Oct,394398280
PJ,2024,ES,Op,Actual,Sep,478971299
PJ,2024,ES,Op,Budget,Apr,396305983
PJ,2024,ES,Op,Budget,Aug,49799204
PJ,2024,ES,Op,Budget,Dec,309961672
PJ,2024,ES,Op,Budget,Feb,319174824
PJ,2024,ES,Op,Budget,Jan,435151970
PJ,2024,ES,Op,Budget,Jul,1103753016
PJ,2024,ES,Op,Budget,Jun,157064153
PJ,2024,ES,Op,Budget,Mar,923926237
PJ,2024,ES,Op,Budget,May,202159074
PJ,2024,ES,Op,Budget,Nov,126064957
PJ,2024,ES,Op,Budget,Oct,573710718
PJ,2024,ES,Op,Budget,Sep,424283965
PJ,2024,ES,Op,Forecast,Apr,511347684
PJ,2024,ES,Op,Forecast,Aug,400938899
PJ,2024,ES,Op,Forecast,Dec,71648239
PJ,2024,ES,Op,Forecast,Feb,243896327
PJ,2024,ES,Op,Forecast,Jan,583318964
PJ,2024,ES,Op,Forecast,Jul,92046497
PJ,2024,ES,Op,Forecast,Jun,277157305
PJ,2024,ES,Op,Forecast,Mar,573665693
PJ,2024,ES,Op,Forecast,May,340996669
PJ,2024,ES,Op,Forecast,Nov,553457671
PJ,2024,ES,Op,Forecast,Oct,665860814
PJ,2024,ES,Op,Forecast,Sep,124086944
PJ,2024,FR,Gross,Actual,Apr,1272744429
PJ,2024,FR,Gross,Actual,Aug,754131625
PJ,2024,FR,Gross,Actual,Dec,2084542442
PJ,2024,FR,Gross,Actual,Feb,13457906
PJ,2024,FR,Gross,Actual,Jan,4911450880
PJ,2024,FR,Gross,Actual,Jul,821829062
PJ,2024,FR,Gross,Actual,Jun,1675651096
PJ,2024,FR,Gross,Actual,Mar,4284980768
PJ,2024,FR,Gross,Actual,May,1629104453
PJ,2024,FR,Gross,Actual,Nov,3319748922
PJ,2024,FR,Gross,Actual,Oct,3300839467
PJ,2024,FR,Gross,Actual,Sep,562365066
PJ,2024,FR,Gross,Budget,Apr,1430367132
PJ,2024,FR,Gross,Budget,Aug,2468124054
PJ,2024,FR,Gross,Budget,Dec,3776721051
PJ,2024,FR,Gross,Budget,Feb,438110519
PJ,2024,FR,Gross,Budget,Jan,2759093298
PJ,2024,FR,Gross,Budget,Jul,1629828024
PJ,2024,FR,Gross,Budget,Jun,3212502532
PJ,2024,FR,Gross,Budget,Mar,2108922058
PJ,2024,FR,Gross,Budget,May,1189614540
PJ,2024,FR,Gross,Budget,Nov,2088278287
PJ,2024,FR,Gross,Budget,Oct,1189929489
PJ,2024,FR,Gross,Budget,Sep,1804540316
PJ,2024,FR,Gross,Forecast,Apr,2132143749
PJ,2024,FR,Gross,Forecast,Aug,2682581678
PJ,2024,FR,Gross,Forecast,Dec,419604641
PJ,2024,FR,Gross,Forecast,Feb,391498715
PJ,2024,FR,Gross,Forecast,Jan,406325136
PJ,2024,FR,Gross,Forecast,Jul,673454824
PJ,2024,FR,Gross,Forecast,Jun,2340530588
PJ,2024,FR,Gross,Forecast,Mar,4977201193
PJ,2024,FR,Gross,Forecast,May,1064591823
PJ,2024,FR,Gross,Forecast,Nov,1641227312
PJ,2024,FR,Gross,Forecast,Oct,1921448849
PJ,2024,FR,Gross,Forecast,Sep,728379248
PJ,2024,FR,Net,Actual,Apr,1293353131
PJ,2024,FR,Net,Actual,Aug,2057945444
PJ,2024,FR,Net,Actual,Dec,1803271077
PJ,2024,FR,Net,Actual,Feb,217520149
PJ,2024,FR,Net,Actual,Jan,574660749
PJ,2024,FR,Net,Actual,Jul,240974318
PJ,2024,FR,Net,Actual,Jun,2501055310
PJ,2024,FR,Net,Actual,Mar,3354826920
PJ,2024,FR,Net,Actual,May,1440266637
PJ,2024,FR,Net,Actual,Nov,1187749382
PJ,2024,FR,Net,Actual,Oct,931376554
PJ,2024,FR,Net,Actual,Sep,1894193748
PJ,2024,FR,Net,Budget,Apr,1158858022
PJ,2024,FR,Net,Budget,Aug,2660501853
PJ,2024,FR,Net,Budget,Dec,1832176210
PJ,2024,FR,Net,Budget,Feb,258623146
PJ,2024,FR,Net,Budget,Jan,2086329694
PJ,2024,FR,Net,Budget,Jul,582896424
PJ,2024,FR,Net,Budget,Jun,2731446234
PJ,2024,FR,Net,Budget,Mar,3837402626
PJ,2024,FR,Net,Budget,May,510534430
PJ,2024,FR,Net,Budget,Nov,2712092900
PJ,2024,FR,Net,Budget,Oct,17297523
PJ,2024,FR,Net,Budget,Sep,1319567276
PJ,2024,FR,Net,Forecast,Apr,668327988
PJ,2024,FR,Net,Forecast,Aug,441248344
PJ,2024,FR,Net,Forecast,Dec,1976916562
PJ,2024,FR,Net,Forecast,Feb,215870688
PJ,2024,FR,Net,Forecast,Jan,27431223
PJ,2024,FR,Net,Forecast,Jul,1949997737
PJ,2024,FR,Net,Forecast,Jun,2899960790
PJ,2024,FR,Net,Forecast,Mar,4142663563
PJ,2024,FR,Net,Forecast,May,1290431720
PJ,2024,FR,Net,Forecast,Nov,2254309302
PJ,2024,FR,Net,Forecast,Oct,1704324000
PJ,2024,FR,Net,Forecast,Sep,1796953209
PJ,2024,FR,Op,Actual,Apr,1639359340
PJ,2024,FR,Op,Actual,Aug,2031805135
PJ,2024,FR,Op,Actual,Dec,2571877006
PJ,2024,FR,Op,Actual,Feb,199625058
PJ,2024,FR,Op,Actual,Jan,3073829570
PJ,2024,FR,Op,Actual,Jul,2639527216
PJ,2024,FR,Op,Actual,Jun,1150308934
PJ,2024,FR,Op,Actual,Mar,2279608646
PJ,2024,FR,Op,Actual,May,106071786
PJ,2024,FR,Op,Actual,Nov,1666713997
PJ,2024,FR,Op,Actual,Oct,3280674511
PJ,2024,FR,Op,Actual,Sep,2346405122
PJ,2024,FR,Op,Budget,Apr,2026665222
PJ,2024,FR,Op,Budget,Aug,2941925329
PJ,2024,FR,Op,Budget,Dec,2534142404
PJ,2024,FR,Op,Budget,Feb,158527219
PJ,2024,FR,Op,Budget,Jan,4375799588
PJ,2024,FR,Op,Budget,Jul,1835000860
PJ,2024,FR,Op,Budget,Jun,608062270
PJ,2024,FR,Op,Budget,Mar,2565617712
PJ,2024,FR,Op,Budget,May,1522652767
PJ,2024,FR,Op,Budget,Nov,544031179
PJ,2024,FR,Op,Budget,Oct,4427134554
PJ,2024,FR,Op,Budget,Sep,1615587002
PJ,2024,FR,Op,Forecast,Apr,323724736
PJ,2024,FR,Op,Forecast,Aug,4545149190
PJ,2024,FR,Op,Forecast,Dec,2255962576
PJ,2024,FR,Op,Forecast,Feb,19096052
PJ,2024,FR,Op,Forecast,Jan,2251046162
PJ,2024,FR,Op,Forecast,Jul,98926808
PJ,2024,FR,Op,Forecast,Jun,2954912040
PJ,2024,FR,Op,Forecast,Mar,2143205204
PJ,2024,FR,Op,Forecast,May,138448917
PJ,2024,FR,Op,Forecast,Nov,1361746042
PJ,2024,FR,Op,Forecast,Oct,4265874870
PJ,2024,FR,Op,Forecast,Sep,41065450
PJ,2024,ID,Gross,Actual,Apr,0
PJ,2024,ID,Gross,Actual,Aug,1792323140
PJ,2024,ID,Gross,Actual,Dec,567444467
PJ,2024,ID,Gross,Actual,Feb,0
PJ,2024,ID,Gross,Actual,Jan,213891428
PJ,2024,ID,Gross,Actual,Jul,241976463
PJ,2024,ID,Gross,Actual,Jun,1037750989
PJ,2024,ID,Gross,Actual,Mar,914319042
PJ,2024,ID,Gross,Actual,May,1750707890
PJ,2024,ID,Gross,Actual,Nov,4138769391
PJ,2024,ID,Gross,Actual,Oct,28437527
PJ,2024,ID,Gross,Actual,Sep,290590099
PJ,2024,ID,Gross,Budget,Apr,0
PJ,2024,ID,Gross,Budget,Aug,176201889
PJ,2024,ID,Gross,Budget,Dec,195975768
PJ,2024,ID,Gross,Budget,Feb,0
PJ,2024,ID,Gross,Budget,Jan,6644088100
PJ,2024,ID,Gross,Budget,Jul,1437261848
PJ,2024,ID,Gross,Budget,Jun,800868205
PJ,2024,ID,Gross,Budget,Mar,2731403796
PJ,2024,ID,Gross,Budget,May,484426250
PJ,2024,ID,Gross,Budget,Nov,2619603060
PJ,2024,ID,Gross,Budget,Oct,155432966
PJ,2024,ID,Gross,Budget,Sep,2735126
PJ,2024,ID,Gross,Forecast,Apr,0
PJ,2024,ID,Gross,Forecast,Aug,448728184
PJ,2024,ID,Gross,Forecast,Dec,95497012
PJ,2024,ID,Gross,Forecast,Feb,0
PJ,2024,ID,Gross,Forecast,Jan,4878207289
PJ,2024,ID,Gross,Forecast,Jul,1770154076
PJ,2024,ID,Gross,Forecast,Jun,828718586
PJ,2024,ID,Gross,Forecast,Mar,1419390286
PJ,2024,ID,Gross,Forecast,May,605755270
PJ,2024,ID,Gross,Forecast,Nov,2916383800
PJ,2024,ID,Gross,Forecast,Oct,54165110
PJ,2024,ID,Gross,Forecast,Sep,2039544806
PJ,2024,ID,Net,Actual,Apr,547560992
PJ,2024,ID,Net,Actual,Aug,1199582881
PJ,2024,ID,Net,Actual,Dec,256203292
PJ,2024,ID,Net,Actual,Feb,304457
PJ,2024,ID,Net,Actual,Jan,3273421048
PJ,2024,ID,Net,Actual,Jul,1560088547
PJ,2024,ID,Net,Actual,Jun,96109997
PJ,2024,ID,Net,Actual,Mar,755681797
PJ,2024,ID,Net,Actual,May,1165257509
PJ,2024,ID,Net,Actual,Nov,4945183763
PJ,2024,ID,Net,Actual,Oct,700119121
PJ,2024,ID,Net,Actual,Sep,2254050424
PJ,2024,ID,Net,Budget,Apr,432789068
PJ,2024,ID,Net,Budget,Aug,2517364682
PJ,2024,ID,Net,Budget,Dec,385243676
PJ,2024,ID,Net,Budget,Feb,243151
PJ,2024,ID,Net,Budget,Jan,5084536608
PJ,2024,ID,Net,Budget,Jul,1811444324
PJ,2024,ID,Net,Budget,Jun,187667952
PJ,2024,ID,Net,Budget,Mar,2863607310
PJ,2024,ID,Net,Budget,May,1390943521
PJ,2024,ID,Net,Budget,Nov,1553571483
PJ,2024,ID,Net,Budget,Oct,903040384
PJ,2024,ID,Net,Budget,Sep,835966761
PJ,2024,ID,Net,Forecast,Apr,50598426
PJ,2024,ID,Net,Forecast,Aug,1772107043
PJ,2024,ID,Net,Forecast,Dec,299365591
PJ,2024,ID,Net,Forecast,Feb,368210
PJ,2024,ID,Net,Forecast,Jan,4080049543
PJ,2024,ID,Net,Forecast,Jul,833536121
PJ,2024,ID,Net,Forecast,Jun,760296490
PJ,2024,ID,Net,Forecast,Mar,4996607119
PJ,2024,ID,Net,Forecast,May,1407304542
PJ,2024,ID,Net,Forecast,Nov,3185123080
PJ,2024,ID,Net,Forecast,Oct,1006980319
PJ,2024,ID,Net,Forecast,Sep,612642738
PJ,2024,ID,Op,Actual,Apr,93687201
PJ,2024,ID,Op,Actual,Aug,420881432
PJ,2024,ID,Op,Actual,Dec,254267563
PJ,2024,ID,Op,Actual,Feb,332536
PJ,2024,ID,Op,Actual,Jan,7410002169
PJ,2024,ID,Op,Actual,Jul,483882270
PJ,2024,ID,Op,Actual,Jun,18585614
PJ,2024,ID,Op,Actual,Mar,1485227753
PJ,2024,ID,Op,Actual,May,37648369
PJ,2024,ID,Op,Actual,Nov,4046602
PJ,2024,ID,Op,Actual,Oct,502707958
PJ,2024,ID,Op,Actual,Sep,2620502235
PJ,2024,ID,Op,Budget,Apr,94547554
PJ,2024,ID,Op,Budget,Aug,2405187445
PJ,2024,ID,Op,Budget,Dec,40129830
PJ,2024,ID,Op,Budget,Feb,49249
PJ,2024,ID,Op,Budget,Jan,4649790114
PJ,2024,ID,Op,Budget,Jul,699073490
PJ,2024,ID,Op,Budget,Jun,235400535
PJ,2024,ID,Op,Budget,Mar,5766752778
PJ,2024,ID,Op,Budget,May,248696970
PJ,2024,ID,Op,Budget,Nov,5083975530
PJ,2024,ID,Op,Budget,Oct,299511524
PJ,2024,ID,Op,Budget,Sep,2153682002
PJ,2024,ID,Op,Forecast,Apr,127871936
PJ,2024,ID,Op,Forecast,Aug,503515711
PJ,2024,ID,Op,Forecast,Dec,128684482
PJ,2024,ID,Op,Forecast,Feb,47502
PJ,2024,ID,Op,Forecast,Jan,5395745503
PJ,2024,ID,Op,Forecast,Jul,1285786949
PJ,2024,ID,Op,Forecast,Jun,608968987
PJ,2024,ID,Op,Forecast,Mar,4232802130
PJ,2024,ID,Op,Forecast,May,817655678
PJ,2024,ID,Op,Forecast,Nov,1923519770
PJ,2024,ID,Op,Forecast,Oct,591978672
PJ,2024,ID,Op,Forecast,Sep,3114454903
PJ,2024,IN,Gross,Actual,Apr,2183182981
PJ,2024,IN,Gross,Actual,Aug,45076590
PJ,2024,IN,Gross,Actual,Dec,4818532803
PJ,2024,IN,Gross,Actual,Feb,4201101734
PJ,2024,IN,Gross,Actual,Jan,5604023406
PJ,2024,IN,Gross,Actual,Jul,3321437360
PJ,2024,IN,Gross,Actual,Jun,5134151863
PJ,2024,IN,Gross,Actual,Mar,137730655
PJ,2024,IN,Gross,Actual,May,769371465
PJ,2024,IN,Gross,Actual,Nov,1289529218
PJ,2024,IN,Gross,Actual,Oct,1408843500
PJ,2024,IN,Gross,Actual,Sep,2742783362
PJ,2024,IN,Gross,Budget,Apr,1003339298
PJ,2024,IN,Gross,Budget,Aug,4350061682
PJ,2024,IN,Gross,Budget,Dec,2775522758
PJ,2024,IN,Gross,Budget,Feb,3989168960
PJ,2024,IN,Gross,Budget,Jan,5363442836
PJ,2024,IN,Gross,Budget,Jul,198124646
PJ,2024,IN,Gross,Budget,Jun,3397004070
PJ,2024,IN,Gross,Budget,Mar,334881951
PJ,2024,IN,Gross,Budget,May,308675
PJ,2024,IN,Gross,Budget,Nov,1287169797
PJ,2024,IN,Gross,Budget,Oct,1826620728
PJ,2024,IN,Gross,Budget,Sep,2148793137
PJ,2024,IN,Gross,Forecast,Apr,7142027293
PJ,2024,IN,Gross,Forecast,Aug,1774051273
PJ,2024,IN,Gross,Forecast,Dec,4088857846
PJ,2024,IN,Gross,Forecast,Feb,3949382781
PJ,2024,IN,Gross,Forecast,Jan,6972950716
PJ,2024,IN,Gross,Forecast,Jul,847455132
PJ,2024,IN,Gross,Forecast,Jun,1061549813
PJ,2024,IN,Gross,Forecast,Mar,651849369
PJ,2024,IN,Gross,Forecast,May,1266461064
PJ,2024,IN,Gross,Forecast,Nov,965454115
PJ,2024,IN,Gross,Forecast,Oct,2341666958
PJ,2024,IN,Gross,Forecast,Sep,1400032720
PJ,2024,IN,Net,Actual,Apr,7225976520
PJ,2024,IN,Net,Actual,Aug,1193956589
PJ,2024,IN,Net,Actual,Dec,5817802559
PJ,2024,IN,Net,Actual,Feb,269283036
PJ,2024,IN,Net,Actual,Jan,5291771989
PJ,2024,IN,Net,Actual,Jul,3031111797
PJ,2024,IN,Net,Actual,Jun,4218694458
PJ,2024,IN,Net,Actual,Mar,973641979
PJ,2024,IN,Net,Actual,May,1288703077
PJ,2024,IN,Net,Actual,Nov,774557047
PJ,2024,IN,Net,Actual,Oct,201994480
PJ,2024,IN,Net,Actual,Sep,3348062205
PJ,2024,IN,Net,Budget,Apr,4270694614
PJ,2024,IN,Net,Budget,Aug,175048317
PJ,2024,IN,Net,Budget,Dec,3262810739
PJ,2024,IN,Net,Budget,Feb,2321296959
PJ,2024,IN,Net,Budget,Jan,6575109804
PJ,2024,IN,Net,Budget,Jul,805067259
PJ,2024,IN,Net,Budget,Jun,2476459453
PJ,2024,IN,Net,Budget,Mar,348139896
PJ,2024,IN,Net,Budget,May,1201952979
PJ,2024,IN,Net,Budget,Nov,393522061
PJ,2024,IN,Net,Budget,Oct,487046551
PJ,2024,IN,Net,Budget,Sep,2742325061
PJ,2024,IN,Net,Forecast,Apr,8631228495
PJ,2024,IN,Net,Forecast,Aug,4741195696
PJ,2024,IN,Net,Forecast,Dec,3891007115
PJ,2024,IN,Net,Forecast,Feb,2371185730
PJ,2024,IN,Net,Forecast,Jan,4577080871
PJ,2024,IN,Net,Forecast,Jul,561688780
PJ,2024,IN,Net,Forecast,Jun,3706133058
PJ,2024,IN,Net,Forecast,Mar,305897485
PJ,2024,IN,Net,Forecast,May,1008052274
PJ,2024,IN,Net,Forecast,Nov,173739833
PJ,2024,IN,Net,Forecast,Oct,892963519
PJ,2024,IN,Net,Forecast,Sep,3204619684
PJ,2024,IN,Op,Actual,Apr,7441374020
PJ,2024,IN,Op,Actual,Aug,2933955560
PJ,2024,IN,Op,Actual,Dec,5402757092
PJ,2024,IN,Op,Actual,Feb,2744449388
PJ,2024,IN,Op,Actual,Jan,4343706848
PJ,2024,IN,Op,Actual,Jul,3314742908
PJ,2024,IN,Op,Actual,Jun,1101880034
PJ,2024,IN,Op,Actual,Mar,771201626
PJ,2024,IN,Op,Actual,May,630320310
PJ,2024,IN,Op,Actual,Nov,366255074
PJ,2024,IN,Op,Actual,Oct,1599131694
PJ,2024,IN,Op,Actual,Sep,1551394355
PJ,2024,IN,Op,Budget,Apr,8954789148
PJ,2024,IN,Op,Budget,Aug,4713867079
PJ,2024,IN,Op,Budget,Dec,284403844
PJ,2024,IN,Op,Budget,Feb,5148824825
PJ,2024,IN,Op,Budget,Jan,994573991
PJ,2024,IN,Op,Budget,Jul,2368991495
PJ,2024,IN,Op,Budget,Jun,6064333625
PJ,2024,IN,Op,Budget,Mar,647317216
PJ,2024,IN,Op,Budget,May,124096959
PJ,2024,IN,Op,Budget,Nov,874580997
PJ,2024,IN,Op,Budget,Oct,1680312161
PJ,2024,IN,Op,Budget,Sep,1192371032
PJ,2024,IN,Op,Forecast,Apr,6434513725
PJ,2024,IN,Op,Forecast,Aug,1916325287
PJ,2024,IN,Op,Forecast,Dec,1918596104
PJ,2024,IN,Op,Forecast,Feb,31275638
PJ,2024,IN,Op,Forecast,Jan,2568300239
PJ,2024,IN,Op,Forecast,Jul,3391909835
PJ,2024,IN,Op,Forecast,Jun,2997386860
PJ,2024,IN,Op,Forecast,Mar,1328696758
PJ,2024,IN,Op,Forecast,May,1503798488
PJ,2024,IN,Op,Forecast,Nov,1323577788
PJ,2024,IN,Op,Forecast,Oct,1215013050
PJ,2024,IN,Op,Forecast,Sep,952974840
PJ,2024,IT,Gross,Actual,Apr,238893067
PJ,2024,IT,Gross,Actual,Aug,0
PJ,2024,IT,Gross,Actual,Dec,0
PJ,2024,IT,Gross,Actual,Feb,0
PJ,2024,IT,Gross,Actual,Jan,580636293
PJ,2024,IT,Gross,Actual,Jul,7030745
PJ,2024,IT,Gross,Actual,Jun,23518314
PJ,2024,IT,Gross,Actual,Mar,10978667
PJ,2024,IT,Gross,Actual,May,153817474
PJ,2024,IT,Gross,Actual,Nov,411233764
PJ,2024,IT,Gross,Actual,Oct,3060856
PJ,2024,IT,Gross,Actual,Sep,17396647
PJ,2024,IT,Gross,Budget,Apr,58466573
PJ,2024,IT,Gross,Budget,Aug,0
PJ,2024,IT,Gross,Budget,Dec,0
PJ,2024,IT,Gross,Budget,Feb,0
PJ,2024,IT,Gross,Budget,Jan,418976065
PJ,2024,IT,Gross,Budget,Jul,7841222
PJ,2024,IT,Gross,Budget,Jun,27890149
PJ,2024,IT,Gross,Budget,Mar,36280989
PJ,2024,IT,Gross,Budget,May,53615661
PJ,2024,IT,Gross,Budget,Nov,496888130
PJ,2024,IT,Gross,Budget,Oct,6398620
PJ,2024,IT,Gross,Budget,Sep,20032266
PJ,2024,IT,Gross,Forecast,Apr,53135740
PJ,2024,IT,Gross,Forecast,Aug,0
PJ,2024,IT,Gross,Forecast,Dec,0
PJ,2024,IT,Gross,Forecast,Feb,0
PJ,2024,IT,Gross,Forecast,Jan,105437145
PJ,2024,IT,Gross,Forecast,Jul,12631839
PJ,2024,IT,Gross,Forecast,Jun,23533623
PJ,2024,IT,Gross,Forecast,Mar,10840381
PJ,2024,IT,Gross,Forecast,May,40883174
PJ,2024,IT,Gross,Forecast,Nov,312451307
PJ,2024,IT,Gross,Forecast,Oct,5300711
PJ,2024,IT,Gross,Forecast,Sep,1568331
PJ,2024,IT,Net,Actual,Apr,206294498
PJ,2024,IT,Net,Actual,Aug,0
PJ,2024,IT,Net,Actual,Dec,-149287615
PJ,2024,IT,Net,Actual,Feb,-312250
PJ,2024,IT,Net,Actual,Jan,52369517
PJ,2024,IT,Net,Actual,Jul,7287263
PJ,2024,IT,Net,Actual,Jun,17463056
PJ,2024,IT,Net,Actual,Mar,32514452
PJ,2024,IT,Net,Actual,May,118554369
PJ,2024,IT,Net,Actual,Nov,185247702
PJ,2024,IT,Net,Actual,Oct,-22273926
PJ,2024,IT,Net,Actual,Sep,2804708
PJ,2024,IT,Net,Budget,Apr,297785002
PJ,2024,IT,Net,Budget,Aug,0
PJ,2024,IT,Net,Budget,Dec,-123300605
PJ,2024,IT,Net,Budget,Feb,-1714999
PJ,2024,IT,Net,Budget,Jan,509069679
PJ,2024,IT,Net,Budget,Jul,6207256
PJ,2024,IT,Net,Budget,Jun,14106094
PJ,2024,IT,Net,Budget,Mar,38135369
PJ,2024,IT,Net,Budget,May,174621486
PJ,2024,IT,Net,Budget,Nov,170967293
PJ,2024,IT,Net,Budget,Oct,-8561480
PJ,2024,IT,Net,Budget,Sep,8151864
PJ,2024,IT,Net,Forecast,Apr,456141947
PJ,2024,IT,Net,Forecast,Aug,0
PJ,2024,IT,Net,Forecast,Dec,-161043811
PJ,2024,IT,Net,Forecast,Feb,-1252195
PJ,2024,IT,Net,Forecast,Jan,192274991
PJ,2024,IT,Net,Forecast,Jul,5695790
PJ,2024,IT,Net,Forecast,Jun,19091855
PJ,2024,IT,Net,Forecast,Mar,19459907
PJ,2024,IT,Net,Forecast,May,154811579
PJ,2024,IT,Net,Forecast,Nov,385339086
PJ,2024,IT,Net,Forecast,Oct,-16223661
PJ,2024,IT,Net,Forecast,Sep,3232731
PJ,2024,IT,Op,Actual,Apr,295148421
PJ,2024,IT,Op,Actual,Aug,0
PJ,2024,IT,Op,Actual,Dec,-44658735
PJ,2024,IT,Op,Actual,Feb,-3272030
PJ,2024,IT,Op,Actual,Jan,493691810
PJ,2024,IT,Op,Actual,Jul,6566831
PJ,2024,IT,Op,Actual,Jun,23019296
PJ,2024,IT,Op,Actual,Mar,6607228
PJ,2024,IT,Op,Actual,May,161914458
PJ,2024,IT,Op,Actual,Nov,511938790
PJ,2024,IT,Op,Actual,Oct,-12430331
PJ,2024,IT,Op,Actual,Sep,14532000
PJ,2024,IT,Op,Budget,Apr,387173712
PJ,2024,IT,Op,Budget,Aug,0
PJ,2024,IT,Op,Budget,Dec,-140473580
PJ,2024,IT,Op,Budget,Feb,-4240331
PJ,2024,IT,Op,Budget,Jan,417609928
PJ,2024,IT,Op,Budget,Jul,1725048
PJ,2024,IT,Op,Budget,Jun,19364022
PJ,2024,IT,Op,Budget,Mar,6042070
PJ,2024,IT,Op,Budget,May,36411278
PJ,2024,IT,Op,Budget,Nov,471376194
PJ,2024,IT,Op,Budget,Oct,-25025598
PJ,2024,IT,Op,Budget,Sep,14296437
PJ,2024,IT,Op,Forecast,Apr,245068034
PJ,2024,IT,Op,Forecast,Aug,0
PJ,2024,IT,Op,Forecast,Dec,-103279848
PJ,2024,IT,Op,Forecast,Feb,-5211580
PJ,2024,IT,Op,Forecast,Jan,25757341
PJ,2024,IT,Op,Forecast,Jul,1479877
PJ,2024,IT,Op,Forecast,Jun,15339186
PJ,2024,IT,Op,Forecast,Mar,5480199
PJ,2024,IT,Op,Forecast,May,91113608
PJ,2024,IT,Op,Forecast,Nov,336831712
PJ,2024,IT,Op,Forecast,Oct,-4213838
PJ,2024,IT,Op,Forecast,Sep,14660470
PJ,2024,JP,Gross,Actual,Apr,627693736
PJ,2024,JP,Gross,Actual,Aug,201585764
PJ,2024,JP,Gross,Actual,Dec,394921615
PJ,2024,JP,Gross,Actual,Feb,1210434814
PJ,2024,JP,Gross,Actual,Jan,341213227
PJ,2024,JP,Gross,Actual,Jul,925509167
PJ,2024,JP,Gross,Actual,Jun,34218191
PJ,2024,JP,Gross,Actual,Mar,809164632
PJ,2024,JP,Gross,Actual,May,427709645
PJ,2024,JP,Gross,Actual,Nov,161995797
PJ,2024,JP,Gross,Actual,Oct,394308918
PJ,2024,JP,Gross,Actual,Sep,417859205
PJ,2024,JP,Gross,Budget,Apr,589439904
PJ,2024,JP,Gross,Budget,Aug,629806424
PJ,2024,JP,Gross,Budget,Dec,273611922
PJ,2024,JP,Gross,Budget,Feb,523778562
PJ,2024,JP,Gross,Budget,Jan,546609388
PJ,2024,JP,Gross,Budget,Jul,76621288
PJ,2024,JP,Gross,Budget,Jun,952291941
PJ,2024,JP,Gross,Budget,Mar,95489958
PJ,2024,JP,Gross,Budget,May,44919423
PJ,2024,JP,Gross,Budget,Nov,74319778
PJ,2024,JP,Gross,Budget,Oct,709778798
PJ,2024,JP,Gross,Budget,Sep,726989123
PJ,2024,JP,Gross,Forecast,Apr,199135064
PJ,2024,JP,Gross,Forecast,Aug,191460238
PJ,2024,JP,Gross,Forecast,Dec,1096411623
PJ,2024,JP,Gross,Forecast,Feb,140073552
PJ,2024,JP,Gross,Forecast,Jan,382287094
PJ,2024,JP,Gross,Forecast,Jul,585946085
PJ,2024,JP,Gross,Forecast,Jun,1247177744
PJ,2024,JP,Gross,Forecast,Mar,1038035476
PJ,2024,JP,Gross,Forecast,May,953261955
PJ,2024,JP,Gross,Forecast,Nov,414351216
PJ,2024,JP,Gross,Forecast,Oct,181150218
PJ,2024,JP,Gross,Forecast,Sep,145348925
PJ,2024,JP,Net,Actual,Apr,105727198
PJ,2024,JP,Net,Actual,Aug,247919014
PJ,2024,JP,Net,Actual,Dec,35875311
PJ,2024,JP,Net,Actual,Feb,881088558
PJ,2024,JP,Net,Actual,Jan,654408714
PJ,2024,JP,Net,Actual,Jul,405062830
PJ,2024,JP,Net,Actual,Jun,71637315
PJ,2024,JP,Net,Actual,Mar,638493262
PJ,2024,JP,Net,Actual,May,640009402
PJ,2024,JP,Net,Actual,Nov,185757075
PJ,2024,JP,Net,Actual,Oct,99116779
PJ,2024,JP,Net,Actual,Sep,503636666
PJ,2024,JP,Net,Budget,Apr,191693492
PJ,2024,JP,Net,Budget,Aug,265962997
PJ,2024,JP,Net,Budget,Dec,246995779
PJ,2024,JP,Net,Budget,Feb,238571238
PJ,2024,JP,Net,Budget,Jan,72780356
PJ,2024,JP,Net,Budget,Jul,851562412
PJ,2024,JP,Net,Budget,Jun,95008081
PJ,2024,JP,Net,Budget,Mar,505599566
PJ,2024,JP,Net,Budget,May,521238716
PJ,2024,JP,Net,Budget,Nov,607033364
PJ,2024,JP,Net,Budget,Oct,739125645
PJ,2024,JP,Net,Budget,Sep,142457114
PJ,2024,JP,Net,Forecast,Apr,240533943
PJ,2024,JP,Net,Forecast,Aug,451256180
PJ,2024,JP,Net,Forecast,Dec,156053483
PJ,2024,JP,Net,Forecast,Feb,134924140
PJ,2024,JP,Net,Forecast,Jan,761009604
PJ,2024,JP,Net,Forecast,Jul,988591731
PJ,2024,JP,Net,Forecast,Jun,863484241
PJ,2024,JP,Net,Forecast,Mar,344315816
PJ,2024,JP,Net,Forecast,May,183902849
PJ,2024,JP,Net,Forecast,Nov,350597562
PJ,2024,JP,Net,Forecast,Oct,672327961
PJ,2024,JP,Net,Forecast,Sep,351135064
PJ,2024,JP,Op,Actual,Apr,749544281
PJ,2024,JP,Op,Actual,Aug,466219569
PJ,2024,JP,Op,Actual,Dec,601917715
PJ,2024,JP,Op,Actual,Feb,696077735
PJ,2024,JP,Op,Actual,Jan,433871395
PJ,2024,JP,Op,Actual,Jul,237684123
PJ,2024,JP,Op,Actual,Jun,80601368
PJ,2024,JP,Op,Actual,Mar,1328883974
PJ,2024,JP,Op,Actual,May,22986568
PJ,2024,JP,Op,Actual,Nov,308236295
PJ,2024,JP,Op,Actual,Oct,479037609
PJ,2024,JP,Op,Actual,Sep,920607230
PJ,2024,JP,Op,Budget,Apr,79310094
PJ,2024,JP,Op,Budget,Aug,349544300
PJ,2024,JP,Op,Budget,Dec,827394202
PJ,2024,JP,Op,Budget,Feb,1223569119
PJ,2024,JP,Op,Budget,Jan,738907031
PJ,2024,JP,Op,Budget,Jul,7328478
PJ,2024,JP,Op,Budget,Jun,813819591
PJ,2024,JP,Op,Budget,Mar,886098786
PJ,2024,JP,Op,Budget,May,497359466
PJ,2024,JP,Op,Budget,Nov,270831176
PJ,2024,JP,Op,Budget,Oct,180940535
PJ,2024,JP,Op,Budget,Sep,254353996
PJ,2024,JP,Op,Forecast,Apr,166689556
PJ,2024,JP,Op,Forecast,Aug,135017053
PJ,2024,JP,Op,Forecast,Dec,1129697252
PJ,2024,JP,Op,Forecast,Feb,511462166
PJ,2024,JP,Op,Forecast,Jan,714606264
PJ,2024,JP,Op,Forecast,Jul,230767413
PJ,2024,JP,Op,Forecast,Jun,732317450
PJ,2024,JP,Op,Forecast,Mar,610937126
PJ,2024,JP,Op,Forecast,May,387767056
PJ,2024,JP,Op,Forecast,Nov,607103573
PJ,2024,JP,Op,Forecast,Oct,718065427
PJ,2024,JP,Op,Forecast,Sep,499813516
PJ,2024,KR,Gross,Actual,Apr,4119110783
PJ,2024,KR,Gross,Actual,Aug,1974350628
PJ,2024,KR,Gross,Actual,Dec,7435394982
PJ,2024,KR,Gross,Actual,Feb,4364795771
PJ,2024,KR,Gross,Actual,Jan,809978989
PJ,2024,KR,Gross,Actual,Jul,3869933643
PJ,2024,KR,Gross,Actual,Jun,1693237456
PJ,2024,KR,Gross,Actual,Mar,1610472824
PJ,2024,KR,Gross,Actual,May,4816888100
PJ,2024,KR,Gross,Actual,Nov,735460225
PJ,2024,KR,Gross,Actual,Oct,295139154
PJ,2024,KR,Gross,Actual,Sep,1362416436
PJ,2024,KR,Gross,Budget,Apr,4570760553
PJ,2024,KR,Gross,Budget,Aug,1208893145
PJ,2024,KR,Gross,Budget,Dec,4477137698
PJ,2024,KR,Gross,Budget,Feb,5572952801
PJ,2024,KR,Gross,Budget,Jan,2085687116
PJ,2024,KR,Gross,Budget,Jul,3279443296
PJ,2024,KR,Gross,Budget,Jun,6918511651
PJ,2024,KR,Gross,Budget,Mar,513904562
PJ,2024,KR,Gross,Budget,May,1679949623
PJ,2024,KR,Gross,Budget,Nov,5070365745
PJ,2024,KR,Gross,Budget,Oct,2816476923
PJ,2024,KR,Gross,Budget,Sep,3277973733
PJ,2024,KR,Gross,Forecast,Apr,2908765852
PJ,2024,KR,Gross,Forecast,Aug,903582967
PJ,2024,KR,Gross,Forecast,Dec,10013573399
PJ,2024,KR,Gross,Forecast,Feb,4042905330
PJ,2024,KR,Gross,Forecast,Jan,1321861438
PJ,2024,KR,Gross,Forecast,Jul,2418170945
PJ,2024,KR,Gross,Forecast,Jun,1771736635
PJ,2024,KR,Gross,Forecast,Mar,8317154147
PJ,2024,KR,Gross,Forecast,May,3102186435
PJ,2024,KR,Gross,Forecast,Nov,2416238854
PJ,2024,KR,Gross,Forecast,Oct,411102629
PJ,2024,KR,Gross,Forecast,Sep,2157797140
PJ,2024,KR,Net,Actual,Apr,2355826915
PJ,2024,KR,Net,Actual,Aug,2423748275
PJ,2024,KR,Net,Actual,Dec,8391193348
PJ,2024,KR,Net,Actual,Feb,141024582
PJ,2024,KR,Net,Actual,Jan,2863305753
PJ,2024,KR,Net,Actual,Jul,2129016375
PJ,2024,KR,Net,Actual,Jun,1574502262
PJ,2024,KR,Net,Actual,Mar,8130599197
PJ,2024,KR,Net,Actual,May,1782150147
PJ,2024,KR,Net,Actual,Nov,3906904073
PJ,2024,KR,Net,Actual,Oct,2680024937
PJ,2024,KR,Net,Actual,Sep,844071455
PJ,2024,KR,Net,Budget,Apr,3453728310
PJ,2024,KR,Net,Budget,Aug,63855567
PJ,2024,KR,Net,Budget,Dec,5093092889
PJ,2024,KR,Net,Budget,Feb,1685891947
PJ,2024,KR,Net,Budget,Jan,1278986998
PJ,2024,KR,Net,Budget,Jul,1192863484
PJ,2024,KR,Net,Budget,Jun,7571576217
PJ,2024,KR,Net,Budget,Mar,1663566939
PJ,2024,KR,Net,Budget,May,815084744
PJ,2024,KR,Net,Budget,Nov,6077438192
PJ,2024,KR,Net,Budget,Oct,2797637248
PJ,2024,KR,Net,Budget,Sep,1532029551
PJ,2024,KR,Net,Forecast,Apr,1100762903
PJ,2024,KR,Net,Forecast,Aug,2472185027
PJ,2024,KR,Net,Forecast,Dec,2933242867
PJ,2024,KR,Net,Forecast,Feb,510885755
PJ,2024,KR,Net,Forecast,Jan,2241301622
PJ,2024,KR,Net,Forecast,Jul,1247474524
PJ,2024,KR,Net,Forecast,Jun,9205445659
PJ,2024,KR,Net,Forecast,Mar,4240166279
PJ,2024,KR,Net,Forecast,May,206320715
PJ,2024,KR,Net,Forecast,Nov,7044811389
PJ,2024,KR,Net,Forecast,Oct,2562544965
PJ,2024,KR,Net,Forecast,Sep,879607823
PJ,2024,KR,Op,Actual,Apr,2625137295
PJ,2024,KR,Op,Actual,Aug,1681767631
PJ,2024,KR,Op,Actual,Dec,9467912339
PJ,2024,KR,Op,Actual,Feb,1530727046
PJ,2024,KR,Op,Actual,Jan,911201833
PJ,2024,KR,Op,Actual,Jul,1809534159
PJ,2024,KR,Op,Actual,Jun,1072944866
PJ,2024,KR,Op,Actual,Mar,5030768644
PJ,2024,KR,Op,Actual,May,1409173372
PJ,2024,KR,Op,Actual,Nov,2694759148
PJ,2024,KR,Op,Actual,Oct,1739435732
PJ,2024,KR,Op,Actual,Sep,2034319493
PJ,2024,KR,Op,Budget,Apr,3783228360
PJ,2024,KR,Op,Budget,Aug,1254686751
PJ,2024,KR,Op,Budget,Dec,8336123582
PJ,2024,KR,Op,Budget,Feb,4932721737
PJ,2024,KR,Op,Budget,Jan,1414868146
PJ,2024,KR,Op,Budget,Jul,651468316
PJ,2024,KR,Op,Budget,Jun,4845966274
PJ,2024,KR,Op,Budget,Mar,4132772360
PJ,2024,KR,Op,Budget,May,491973269
PJ,2024,KR,Op,Budget,Nov,3531753012
PJ,2024,KR,Op,Budget,Oct,2160120806
PJ,2024,KR,Op,Budget,Sep,2237314206
PJ,2024,KR,Op,Forecast,Apr,4584478164
PJ,2024,KR,Op,Forecast,Aug,1573995611
PJ,2024,KR,Op,Forecast,Dec,1035905625
PJ,2024,KR,Op,Forecast,Feb,1267132022
PJ,2024,KR,Op,Forecast,Jan,3289245756
PJ,2024,KR,Op,Forecast,Jul,1226068364
PJ,2024,KR,Op,Forecast,Jun,9200172476
PJ,2024,KR,Op,Forecast,Mar,3252298394
PJ,2024,KR,Op,Forecast,May,4039404954
PJ,2024,KR,Op,Forecast,Nov,48146969
PJ,2024,KR,Op,Forecast,Oct,1489623090
PJ,2024,KR,Op,Forecast,Sep,4843866085
PJ,2024,MA,Gross,Actual,Apr,916815788
PJ,2024,MA,Gross,Actual,Aug,654733066
PJ,2024,MA,Gross,Actual,Dec,518482372
PJ,2024,MA,Gross,Actual,Feb,58188348
PJ,2024,MA,Gross,Actual,Jan,3091581544
PJ,2024,MA,Gross,Actual,Jul,1238579
PJ,2024,MA,Gross,Actual,Jun,890836055
PJ,2024,MA,Gross,Actual,Mar,1301865595
PJ,2024,MA,Gross,Actual,May,506573750
PJ,2024,MA,Gross,Actual,Nov,158868623
PJ,2024,MA,Gross,Actual,Oct,839168992
PJ,2024,MA,Gross,Actual,Sep,2910870379
PJ,2024,MA,Gross,Budget,Apr,352645147
PJ,2024,MA,Gross,Budget,Aug,58679197
PJ,2024,MA,Gross,Budget,Dec,786737904
PJ,2024,MA,Gross,Budget,Feb,123543385
PJ,2024,MA,Gross,Budget,Jan,1325544743
PJ,2024,MA,Gross,Budget,Jul,112827690
PJ,2024,MA,Gross,Budget,Jun,458493294
PJ,2024,MA,Gross,Budget,Mar,689955636
PJ,2024,MA,Gross,Budget,May,201102511
PJ,2024,MA,Gross,Budget,Nov,63534065
PJ,2024,MA,Gross,Budget,Oct,1931758860
PJ,2024,MA,Gross,Budget,Sep,2727132489
PJ,2024,MA,Gross,Forecast,Apr,1845945341
PJ,2024,MA,Gross,Forecast,Aug,834473186
PJ,2024,MA,Gross,Forecast,Dec,139723204
PJ,2024,MA,Gross,Forecast,Feb,90047734
PJ,2024,MA,Gross,Forecast,Jan,566025553
PJ,2024,MA,Gross,Forecast,Jul,228488951
PJ,2024,MA,Gross,Forecast,Jun,254622462
PJ,2024,MA,Gross,Forecast,Mar,1430811975
PJ,2024,MA,Gross,Forecast,May,524335959
PJ,2024,MA,Gross,Forecast,Nov,49544988
PJ,2024,MA,Gross,Forecast,Oct,26303302
PJ,2024,MA,Gross,Forecast,Sep,3785387135
PJ,2024,MA,Net,Actual,Apr,153088643
PJ,2024,MA,Net,Actual,Aug,521802318
PJ,2024,MA,Net,Actual,Dec,962569364
PJ,2024,MA,Net,Actual,Feb,71493028
PJ,2024,MA,Net,Actual,Jan,3446687045
PJ,2024,MA,Net,Actual,Jul,255028475
PJ,2024,MA,Net,Actual,Jun,666738270
PJ,2024,MA,Net,Actual,Mar,1085130536
PJ,2024,MA,Net,Actual,May,376133373
PJ,2024,MA,Net,Actual,Nov,300784227
PJ,2024,MA,Net,Actual,Oct,1895263388
PJ,2024,MA,Net,Actual,Sep,2100988260
PJ,2024,MA,Net,Budget,Apr,1322547163
PJ,2024,MA,Net,Budget,Aug,516382578
PJ,2024,MA,Net,Budget,Dec,939615010
PJ,2024,MA,Net,Budget,Feb,20201595
PJ,2024,MA,Net,Budget,Jan,1921394145
PJ,2024,MA,Net,Budget,Jul,436517990
PJ,2024,MA,Net,Budget,Jun,597830985
PJ,2024,MA,Net,Budget,Mar,85076975
PJ,2024,MA,Net,Budget,May,572592597
PJ,2024,MA,Net,Budget,Nov,235948994
PJ,2024,MA,Net,Budget,Oct,1747351066
PJ,2024,MA,Net,Budget,Sep,134827260
PJ,2024,MA,Net,Forecast,Apr,1523049943
PJ,2024,MA,Net,Forecast,Aug,489537697
PJ,2024,MA,Net,Forecast,Dec,748318890
PJ,2024,MA,Net,Forecast,Feb,184636742
PJ,2024,MA,Net,Forecast,Jan,2182824044
PJ,2024,MA,Net,Forecast,Jul,25309192
PJ,2024,MA,Net,Forecast,Jun,135037673
PJ,2024,MA,Net,Forecast,Mar,1145208282
PJ,2024,MA,Net,Forecast,May,516281539
PJ,2024,MA,Net,Forecast,Nov,322688612
PJ,2024,MA,Net,Forecast,Oct,587664825
PJ,2024,MA,Net,Forecast,Sep,1151731987
PJ,2024,MA,Op,Actual,Apr,114910265
PJ,2024,MA,Op,Actual,Aug,624392953
PJ,2024,MA,Op,Actual,Dec,888315010
PJ,2024,MA,Op,Actual,Feb,199414155
PJ,2024,MA,Op,Actual,Jan,1197084836
PJ,2024,MA,Op,Actual,Jul,373224665
PJ,2024,MA,Op,Actual,Jun,135917545
PJ,2024,MA,Op,Actual,Mar,1005935636
PJ,2024,MA,Op,Actual,May,326916405
PJ,2024,MA,Op,Actual,Nov,103147210
PJ,2024,MA,Op,Actual,Oct,985099017
PJ,2024,MA,Op,Actual,Sep,493970585
PJ,2024,MA,Op,Budget,Apr,1648830684
PJ,2024,MA,Op,Budget,Aug,455020919
PJ,2024,MA,Op,Budget,Dec,530468517
PJ,2024,MA,Op,Budget,Feb,123490984
PJ,2024,MA,Op,Budget,Jan,1587167061
PJ,2024,MA,Op,Budget,Jul,175611759
PJ,2024,MA,Op,Budget,Jun,833982233
PJ,2024,MA,Op,Budget,Mar,729265034
PJ,2024,MA,Op,Budget,May,116167190
PJ,2024,MA,Op,Budget,Nov,182902611
PJ,2024,MA,Op,Budget,Oct,1222052369
PJ,2024,MA,Op,Budget,Sep,1163697699
PJ,2024,MA,Op,Forecast,Apr,1197538354
PJ,2024,MA,Op,Forecast,Aug,370897029
PJ,2024,MA,Op,Forecast,Dec,974693255
PJ,2024,MA,Op,Forecast,Feb,43176543
PJ,2024,MA,Op,Forecast,Jan,2757351998
PJ,2024,MA,Op,Forecast,Jul,304022725
PJ,2024,MA,Op,Forecast,Jun,465517728
PJ,2024,MA,Op,Forecast,Mar,678124765
PJ,2024,MA,Op,Forecast,May,216775526
PJ,2024,MA,Op,Forecast,Nov,644989
PJ,2024,MA,Op,Forecast,Oct,351940930
PJ,2024,MA,Op,Forecast,Sep,1512196242
PJ,2024,MY,Gross,Actual,Apr,347119961
PJ,2024,MY,Gross,Actual,Aug,1669785419
PJ,2024,MY,Gross,Actual,Dec,1536670944
PJ,2024,MY,Gross,Actual,Feb,338541
PJ,2024,MY,Gross,Actual,Jan,652443858
PJ,2024,MY,Gross,Actual,Jul,50753854
PJ,2024,MY,Gross,Actual,Jun,286087909
PJ,2024,MY,Gross,Actual,Mar,697142332
PJ,2024,MY,Gross,Actual,May,116436634
PJ,2024,MY,Gross,Actual,Nov,621430462
PJ,2024,MY,Gross,Actual,Oct,69703838
PJ,2024,MY,Gross,Actual,Sep,101517523
PJ,2024,MY,Gross,Budget,Apr,309365755
PJ,2024,MY,Gross,Budget,Aug,3288175
PJ,2024,MY,Gross,Budget,Dec,258168776
PJ,2024,MY,Gross,Budget,Feb,403489
PJ,2024,MY,Gross,Budget,Jan,1086675029
PJ,2024,MY,Gross,Budget,Jul,71568660
PJ,2024,MY,Gross,Budget,Jun,225999586
PJ,2024,MY,Gross,Budget,Mar,106558409
PJ,2024,MY,Gross,Budget,May,444585842
PJ,2024,MY,Gross,Budget,Nov,421059065
PJ,2024,MY,Gross,Budget,Oct,116471793
PJ,2024,MY,Gross,Budget,Sep,163363697
PJ,2024,MY,Gross,Forecast,Apr,358265010
PJ,2024,MY,Gross,Forecast,Aug,488421529
PJ,2024,MY,Gross,Forecast,Dec,2071027220
PJ,2024,MY,Gross,Forecast,Feb,41487
PJ,2024,MY,Gross,Forecast,Jan,1013746240
PJ,2024,MY,Gross,Forecast,Jul,105934996
PJ,2024,MY,Gross,Forecast,Jun,1050132694
PJ,2024,MY,Gross,Forecast,Mar,1666897087
PJ,2024,MY,Gross,Forecast,May,287211889
PJ,2024,MY,Gross,Forecast,Nov,737856733
PJ,2024,MY,Gross,Forecast,Oct,445192113
PJ,2024,MY,Gross,Forecast,Sep,339438320
PJ,2024,MY,Net,Actual,Apr,354095685
PJ,2024,MY,Net,Actual,Aug,664809746
PJ,2024,MY,Net,Actual,Dec,1890509688
PJ,2024,MY,Net,Actual,Feb,31651
PJ,2024,MY,Net,Actual,Jan,58277292
PJ,2024,MY,Net,Actual,Jul,6543189
PJ,2024,MY,Net,Actual,Jun,1113887815
PJ,2024,MY,Net,Actual,Mar,2898566342
PJ,2024,MY,Net,Actual,May,1081872689
PJ,2024,MY,Net,Actual,Nov,499592722
PJ,2024,MY,Net,Actual,Oct,21231642
PJ,2024,MY,Net,Actual,Sep,695990473
PJ,2024,MY,Net,Budget,Apr,567772905
PJ,2024,MY,Net,Budget,Aug,1599195259
PJ,2024,MY,Net,Budget,Dec,222576799
PJ,2024,MY,Net,Budget,Feb,418040
PJ,2024,MY,Net,Budget,Jan,1010322191
PJ,2024,MY,Net,Budget,Jul,30854605
PJ,2024,MY,Net,Budget,Jun,291854673
PJ,2024,MY,Net,Budget,Mar,2565969166
PJ,2024,MY,Net,Budget,May,382193847
PJ,2024,MY,Net,Budget,Nov,52636155
PJ,2024,MY,Net,Budget,Oct,209349508
PJ,2024,MY,Net,Budget,Sep,241471676
PJ,2024,MY,Net,Forecast,Apr,327691486
PJ,2024,MY,Net,Forecast,Aug,578100976
PJ,2024,MY,Net,Forecast,Dec,1238476733
PJ,2024,MY,Net,Forecast,Feb,90286
PJ,2024,MY,Net,Forecast,Jan,505420585
PJ,2024,MY,Net,Forecast,Jul,118437996
PJ,2024,MY,Net,Forecast,Jun,783283706
PJ,2024,MY,Net,Forecast,Mar,1519529287
PJ,2024,MY,Net,Forecast,May,973043268
PJ,2024,MY,Net,Forecast,Nov,348378412
PJ,2024,MY,Net,Forecast,Oct,170103883
PJ,2024,MY,Net,Forecast,Sep,1000184643
PJ,2024,MY,Op,Actual,Apr,509300147
PJ,2024,MY,Op,Actual,Aug,193557613
PJ,2024,MY,Op,Actual,Dec,1237517976
PJ,2024,MY,Op,Actual,Feb,78115
PJ,2024,MY,Op,Actual,Jan,339968473
PJ,2024,MY,Op,Actual,Jul,36301200
PJ,2024,MY,Op,Actual,Jun,947427592
PJ,2024,MY,Op,Actual,Mar,1443883114
PJ,2024,MY,Op,Actual,May,1465712959
PJ,2024,MY,Op,Actual,Nov,302416035
PJ,2024,MY,Op,Actual,Oct,194247063
PJ,2024,MY,Op,Actual,Sep,412988171
PJ,2024,MY,Op,Budget,Apr,624684220
PJ,2024,MY,Op,Budget,Aug,487919655
PJ,2024,MY,Op,Budget,Dec,94666034
PJ,2024,MY,Op,Budget,Feb,159538
PJ,2024,MY,Op,Budget,Jan,94966661
PJ,2024,MY,Op,Budget,Jul,35564025
PJ,2024,MY,Op,Budget,Jun,1194278058
PJ,2024,MY,Op,Budget,Mar,1978405168
PJ,2024,MY,Op,Budget,May,806017782
PJ,2024,MY,Op,Budget,Nov,732430965
PJ,2024,MY,Op,Budget,Oct,413987599
PJ,2024,MY,Op,Budget,Sep,798635149
PJ,2024,MY,Op,Forecast,Apr,284109733
PJ,2024,MY,Op,Forecast,Aug,1863441096
PJ,2024,MY,Op,Forecast,Dec,492078791
PJ,2024,MY,Op,Forecast,Feb,315554
PJ,2024,MY,Op,Forecast,Jan,842714924
PJ,2024,MY,Op,Forecast,Jul,107202806
PJ,2024,MY,Op,Forecast,Jun,894546905
PJ,2024,MY,Op,Forecast,Mar,399160569
PJ,2024,MY,Op,Forecast,May,57602719
PJ,2024,MY,Op,Forecast,Nov,62235947
PJ,2024,MY,Op,Forecast,Oct,314894719
PJ,2024,MY,Op,Forecast,Sep,483629574
PJ,2024,NL,Gross,Actual,Apr,412421652
PJ,2024,NL,Gross,Actual,Aug,529164247
PJ,2024,NL,Gross,Actual,Dec,104615156
PJ,2024,NL,Gross,Actual,Feb,347235181
PJ,2024,NL,Gross,Actual,Jan,944307843
PJ,2024,NL,Gross,Actual,Jul,642948900
PJ,2024,NL,Gross,Actual,Jun,1216519718
PJ,2024,NL,Gross,Actual,Mar,290390274
PJ,2024,NL,Gross,Actual,May,1064205875
PJ,2024,NL,Gross,Actual,Nov,122750169
PJ,2024,NL,Gross,Actual,Oct,781398217
PJ,2024,NL,Gross,Actual,Sep,228316646
PJ,2024,NL,Gross,Budget,Apr,625229369
PJ,2024,NL,Gross,Budget,Aug,800037213
PJ,2024,NL,Gross,Budget,Dec,379203153
PJ,2024,NL,Gross,Budget,Feb,178217736
PJ,2024,NL,Gross,Budget,Jan,148941559
PJ,2024,NL,Gross,Budget,Jul,611841628
PJ,2024,NL,Gross,Budget,Jun,1049055929
PJ,2024,NL,Gross,Budget,Mar,191740989
PJ,2024,NL,Gross,Budget,May,765580417
PJ,2024,NL,Gross,Budget,Nov,226835588
PJ,2024,NL,Gross,Budget,Oct,1535844420
PJ,2024,NL,Gross,Budget,Sep,1227316447
PJ,2024,NL,Gross,Forecast,Apr,62976277
PJ,2024,NL,Gross,Forecast,Aug,1246909648
PJ,2024,NL,Gross,Forecast,Dec,617932817
PJ,2024,NL,Gross,Forecast,Feb,798267482
PJ,2024,NL,Gross,Forecast,Jan,349663427
PJ,2024,NL,Gross,Forecast,Jul,693322817
PJ,2024,NL,Gross,Forecast,Jun,497012
PJ,2024,NL,Gross,Forecast,Mar,341419835
PJ,2024,NL,Gross,Forecast,May,1016564581
PJ,2024,NL,Gross,Forecast,Nov,228681158
PJ,2024,NL,Gross,Forecast,Oct,1071383174
PJ,2024,NL,Gross,Forecast,Sep,172984387
PJ,2024,NL,Net,Actual,Apr,494075550
PJ,2024,NL,Net,Actual,Aug,817293705
PJ,2024,NL,Net,Actual,Dec,138063384
PJ,2024,NL,Net,Actual,Feb,13602917
PJ,2024,NL,Net,Actual,Jan,713716572
PJ,2024,NL,Net,Actual,Jul,829218117
PJ,2024,NL,Net,Actual,Jun,1089226442
PJ,2024,NL,Net,Actual,Mar,97541840
PJ,2024,NL,Net,Actual,May,73403978
PJ,2024,NL,Net,Actual,Nov,211754694
PJ,2024,NL,Net,Actual,Oct,574973880
PJ,2024,NL,Net,Actual,Sep,255414125
PJ,2024,NL,Net,Budget,Apr,412726707
PJ,2024,NL,Net,Budget,Aug,930261898
PJ,2024,NL,Net,Budget,Dec,357670994
PJ,2024,NL,Net,Budget,Feb,550893801
PJ,2024,NL,Net,Budget,Jan,745538165
PJ,2024,NL,Net,Budget,Jul,932064655
PJ,2024,NL,Net,Budget,Jun,1209977877
PJ,2024,NL,Net,Budget,Mar,36085122
PJ,2024,NL,Net,Budget,May,207795498
PJ,2024,NL,Net,Budget,Nov,210156187
PJ,2024,NL,Net,Budget,Oct,265756020
PJ,2024,NL,Net,Budget,Sep,827238238
PJ,2024,NL,Net,Forecast,Apr,156680804
PJ,2024,NL,Net,Forecast,Aug,934578353
PJ,2024,NL,Net,Forecast,Dec,712014782
PJ,2024,NL,Net,Forecast,Feb,387335603
PJ,2024,NL,Net,Forecast,Jan,985436428
PJ,2024,NL,Net,Forecast,Jul,1610364458
PJ,2024,NL,Net,Forecast,Jun,1438523519
PJ,2024,NL,Net,Forecast,Mar,221222625
PJ,2024,NL,Net,Forecast,May,35029002
PJ,2024,NL,Net,Forecast,Nov,315590848
PJ,2024,NL,Net,Forecast,Oct,902684002
PJ,2024,NL,Net,Forecast,Sep,1003627048
PJ,2024,NL,Op,Actual,Apr,534155653
PJ,2024,NL,Op,Actual,Aug,2378932
PJ,2024,NL,Op,Actual,Dec,154783571
PJ,2024,NL,Op,Actual,Feb,649431958
PJ,2024,NL,Op,Actual,Jan,1040576384
PJ,2024,NL,Op,Actual,Jul,249926087
PJ,2024,NL,Op,Actual,Jun,64491290
PJ,2024,NL,Op,Actual,Mar,217496765
PJ,2024,NL,Op,Actual,May,905367664
PJ,2024,NL,Op,Actual,Nov,4221029
PJ,2024,NL,Op,Actual,Oct,71090712
PJ,2024,NL,Op,Actual,Sep,1175139681
PJ,2024,NL,Op,Budget,Apr,402422244
PJ,2024,NL,Op,Budget,Aug,979207384
PJ,2024,NL,Op,Budget,Dec,161161944
PJ,2024,NL,Op,Budget,Feb,38011923
PJ,2024,NL,Op,Budget,Jan,1033613980
PJ,2024,NL,Op,Budget,Jul,689965653
PJ,2024,NL,Op,Budget,Jun,776518448
PJ,2024,NL,Op,Budget,Mar,328789145
PJ,2024,NL,Op,Budget,May,52851652
PJ,2024,NL,Op,Budget,Nov,144744835
PJ,2024,NL,Op,Budget,Oct,1032877712
PJ,2024,NL,Op,Budget,Sep,1020560267
PJ,2024,NL,Op,Forecast,Apr,117277904
PJ,2024,NL,Op,Forecast,Aug,51191667
PJ,2024,NL,Op,Forecast,Dec,302425440
PJ,2024,NL,Op,Forecast,Feb,282496816
PJ,2024,NL,Op,Forecast,Jan,733042918
PJ,2024,NL,Op,Forecast,Jul,398312642
PJ,2024,NL,Op,Forecast,Jun,847897500
PJ,2024,NL,Op,Forecast,Mar,331828262
PJ,2024,NL,Op,Forecast,May,1037557326
PJ,2024,NL,Op,Forecast,Nov,314413146
PJ,2024,NL,Op,Forecast,Oct,901645840
PJ,2024,NL,Op,Forecast,Sep,545310229
PJ,2024,NR,Gross,Actual,Apr,335834595
PJ,2024,NR,Gross,Actual,Aug,423411082
PJ,2024,NR,Gross,Actual,Dec,31811903
PJ,2024,NR,Gross,Actual,Feb,1297378145
PJ,2024,NR,Gross,Actual,Jan,137443725
PJ,2024,NR,Gross,Actual,Jul,569349094
PJ,2024,NR,Gross,Actual,Jun,724873598
PJ,2024,NR,Gross,Actual,Mar,231011698
PJ,2024,NR,Gross,Actual,May,131886902
PJ,2024,NR,Gross,Actual,Nov,99229138
PJ,2024,NR,Gross,Actual,Oct,1329414236
PJ,2024,NR,Gross,Actual,Sep,937837756
PJ,2024,NR,Gross,Budget,Apr,1227328431
PJ,2024,NR,Gross,Budget,Aug,355108033
PJ,2024,NR,Gross,Budget,Dec,836680296
PJ,2024,NR,Gross,Budget,Feb,237374729
PJ,2024,NR,Gross,Budget,Jan,1752918515
PJ,2024,NR,Gross,Budget,Jul,192560175
PJ,2024,NR,Gross,Budget,Jun,395442766
PJ,2024,NR,Gross,Budget,Mar,53562185
PJ,2024,NR,Gross,Budget,May,1199495095
PJ,2024,NR,Gross,Budget,Nov,1613941530
PJ,2024,NR,Gross,Budget,Oct,220532870
PJ,2024,NR,Gross,Budget,Sep,1646208101
PJ,2024,NR,Gross,Forecast,Apr,168487047
PJ,2024,NR,Gross,Forecast,Aug,370904103
PJ,2024,NR,Gross,Forecast,Dec,375924873
PJ,2024,NR,Gross,Forecast,Feb,1838483825
PJ,2024,NR,Gross,Forecast,Jan,719244349
PJ,2024,NR,Gross,Forecast,Jul,1251591162
PJ,2024,NR,Gross,Forecast,Jun,353935838
PJ,2024,NR,Gross,Forecast,Mar,783544353
PJ,2024,NR,Gross,Forecast,May,1079720667
PJ,2024,NR,Gross,Forecast,Nov,720967062
PJ,2024,NR,Gross,Forecast,Oct,303142566
PJ,2024,NR,Gross,Forecast,Sep,1618602410
PJ,2024,NR,Net,Actual,Apr,125637168
PJ,2024,NR,Net,Actual,Aug,253758161
PJ,2024,NR,Net,Actual,Dec,292078973
PJ,2024,NR,Net,Actual,Feb,1260688190
PJ,2024,NR,Net,Actual,Jan,1231985570
PJ,2024,NR,Net,Actual,Jul,727259358
PJ,2024,NR,Net,Actual,Jun,177193906
PJ,2024,NR,Net,Actual,Mar,442072360
PJ,2024,NR,Net,Actual,May,426261077
PJ,2024,NR,Net,Actual,Nov,272079836
PJ,2024,NR,Net,Actual,Oct,890485140
PJ,2024,NR,Net,Actual,Sep,566217363
PJ,2024,NR,Net,Budget,Apr,798092665
PJ,2024,NR,Net,Budget,Aug,223124567
PJ,2024,NR,Net,Budget,Dec,380460376
PJ,2024,NR,Net,Budget,Feb,845718382
PJ,2024,NR,Net,Budget,Jan,315508797
PJ,2024,NR,Net,Budget,Jul,749387480
PJ,2024,NR,Net,Budget,Jun,572479122
PJ,2024,NR,Net,Budget,Mar,550838887
PJ,2024,NR,Net,Budget,May,1145760294
PJ,2024,NR,Net,Budget,Nov,859068144
PJ,2024,NR,Net,Budget,Oct,1370682330
PJ,2024,NR,Net,Budget,Sep,1163863835
PJ,2024,NR,Net,Forecast,Apr,485016417
PJ,2024,NR,Net,Forecast,Aug,319548433
PJ,2024,NR,Net,Forecast,Dec,368109152
PJ,2024,NR,Net,Forecast,Feb,1333238754
PJ,2024,NR,Net,Forecast,Jan,1902830570
PJ,2024,NR,Net,Forecast,Jul,490460672
PJ,2024,NR,Net,Forecast,Jun,432537341
PJ,2024,NR,Net,Forecast,Mar,989951611
PJ,2024,NR,Net,Forecast,May,916006508
PJ,2024,NR,Net,Forecast,Nov,830655139
PJ,2024,NR,Net,Forecast,Oct,692339744
PJ,2024,NR,Net,Forecast,Sep,808498597
PJ,2024,NR,Op,Actual,Apr,11569696
PJ,2024,NR,Op,Actual,Aug,166320808
PJ,2024,NR,Op,Actual,Dec,381381706
PJ,2024,NR,Op,Actual,Feb,1402485303
PJ,2024,NR,Op,Actual,Jan,524998021
PJ,2024,NR,Op,Actual,Jul,351350711
PJ,2024,NR,Op,Actual,Jun,601525895
PJ,2024,NR,Op,Actual,Mar,620184857
PJ,2024,NR,Op,Actual,May,44452458
PJ,2024,NR,Op,Actual,Nov,636805848
PJ,2024,NR,Op,Actual,Oct,1196800028
PJ,2024,NR,Op,Actual,Sep,122394556
PJ,2024,NR,Op,Budget,Apr,1016211118
PJ,2024,NR,Op,Budget,Aug,60564175
PJ,2024,NR,Op,Budget,Dec,589270461
PJ,2024,NR,Op,Budget,Feb,1184903515
PJ,2024,NR,Op,Budget,Jan,157721650
PJ,2024,NR,Op,Budget,Jul,323498933
PJ,2024,NR,Op,Budget,Jun,307848505
PJ,2024,NR,Op,Budget,Mar,368410628
PJ,2024,NR,Op,Budget,May,713521621
PJ,2024,NR,Op,Budget,Nov,1028742481
PJ,2024,NR,Op,Budget,Oct,1350913061
PJ,2024,NR,Op,Budget,Sep,449486171
PJ,2024,NR,Op,Forecast,Apr,1027191560
PJ,2024,NR,Op,Forecast,Aug,278340478
PJ,2024,NR,Op,Forecast,Dec,429494710
PJ,2024,NR,Op,Forecast,Feb,1296916640
PJ,2024,NR,Op,Forecast,Jan,1786200013
PJ,2024,NR,Op,Forecast,Jul,168978805
PJ,2024,NR,Op,Forecast,Jun,631253361
PJ,2024,NR,Op,Forecast,Mar,408835470
PJ,2024,NR,Op,Forecast,May,922220585
PJ,2024,NR,Op,Forecast,Nov,657622010
PJ,2024,NR,Op,Forecast,Oct,1443636943
PJ,2024,NR,Op,Forecast,Sep,592075808
PJ,2024,PH,Gross,Actual,Apr,454383180
PJ,2024,PH,Gross,Actual,Aug,732714672
PJ,2024,PH,Gross,Actual,Dec,0
PJ,2024,PH,Gross,Actual,Feb,14680643
PJ,2024,PH,Gross,Actual,Jan,844902857
PJ,2024,PH,Gross,Actual,Jul,818031697
PJ,2024,PH,Gross,Actual,Jun,140274581
PJ,2024,PH,Gross,Actual,Mar,114812218
PJ,2024,PH,Gross,Actual,May,201186255
PJ,2024,PH,Gross,Actual,Nov,51750598
PJ,2024,PH,Gross,Actual,Oct,0
PJ,2024,PH,Gross,Actual,Sep,0
PJ,2024,PH,Gross,Budget,Apr,275874806
PJ,2024,PH,Gross,Budget,Aug,555361039
PJ,2024,PH,Gross,Budget,Dec,0
PJ,2024,PH,Gross,Budget,Feb,1718311
PJ,2024,PH,Gross,Budget,Jan,911826125
PJ,2024,PH,Gross,Budget,Jul,331998399
PJ,2024,PH,Gross,Budget,Jun,146365668
PJ,2024,PH,Gross,Budget,Mar,137973782
PJ,2024,PH,Gross,Budget,May,262443246
PJ,2024,PH,Gross,Budget,Nov,551617282
PJ,2024,PH,Gross,Budget,Oct,0
PJ,2024,PH,Gross,Budget,Sep,0
PJ,2024,PH,Gross,Forecast,Apr,54544837
PJ,2024,PH,Gross,Forecast,Aug,484566980
PJ,2024,PH,Gross,Forecast,Dec,0
PJ,2024,PH,Gross,Forecast,Feb,17724959
PJ,2024,PH,Gross,Forecast,Jan,159210363
PJ,2024,PH,Gross,Forecast,Jul,728188338
PJ,2024,PH,Gross,Forecast,Jun,116804638
PJ,2024,PH,Gross,Forecast,Mar,91757887
PJ,2024,PH,Gross,Forecast,May,293646484
PJ,2024,PH,Gross,Forecast,Nov,697085480
PJ,2024,PH,Gross,Forecast,Oct,0
PJ,2024,PH,Gross,Forecast,Sep,0
PJ,2024,PH,Net,Actual,Apr,819658885
PJ,2024,PH,Net,Actual,Aug,550043268
PJ,2024,PH,Net,Actual,Dec,-1531256
PJ,2024,PH,Net,Actual,Feb,16229654
PJ,2024,PH,Net,Actual,Jan,614687161
PJ,2024,PH,Net,Actual,Jul,645870123
PJ,2024,PH,Net,Actual,Jun,391851322
PJ,2024,PH,Net,Actual,Mar,22307973
PJ,2024,PH,Net,Actual,May,255358727
PJ,2024,PH,Net,Actual,Nov,187248765
PJ,2024,PH,Net,Actual,Oct,0
PJ,2024,PH,Net,Actual,Sep,-86070079
PJ,2024,PH,Net,Budget,Apr,937453432
PJ,2024,PH,Net,Budget,Aug,118799106
PJ,2024,PH,Net,Budget,Dec,-80283914
PJ,2024,PH,Net,Budget,Feb,34176360
PJ,2024,PH,Net,Budget,Jan,387698669
PJ,2024,PH,Net,Budget,Jul,776495380
PJ,2024,PH,Net,Budget,Jun,41420870
PJ,2024,PH,Net,Budget,Mar,18175776
PJ,2024,PH,Net,Budget,May,95861526
PJ,2024,PH,Net,Budget,Nov,16952780
PJ,2024,PH,Net,Budget,Oct,0
PJ,2024,PH,Net,Budget,Sep,-97945564
PJ,2024,PH,Net,Forecast,Apr,789202014
PJ,2024,PH,Net,Forecast,Aug,944296052
PJ,2024,PH,Net,Forecast,Dec,-35225404
PJ,2024,PH,Net,Forecast,Feb,29712770
PJ,2024,PH,Net,Forecast,Jan,1519235215
PJ,2024,PH,Net,Forecast,Jul,480179427
PJ,2024,PH,Net,Forecast,Jun,162954593
PJ,2024,PH,Net,Forecast,Mar,44583494
PJ,2024,PH,Net,Forecast,May,54528151
PJ,2024,PH,Net,Forecast,Nov,365981975
PJ,2024,PH,Net,Forecast,Oct,0
PJ,2024,PH,Net,Forecast,Sep,-17290634
PJ,2024,PH,Op,Actual,Apr,600235856
PJ,2024,PH,Op,Actual,Aug,710707723
PJ,2024,PH,Op,Actual,Dec,-28028595
PJ,2024,PH,Op,Actual,Feb,19497363
PJ,2024,PH,Op,Actual,Jan,1641899686
PJ,2024,PH,Op,Actual,Jul,615452918
PJ,2024,PH,Op,Actual,Jun,66305124
PJ,2024,PH,Op,Actual,Mar,49629588
PJ,2024,PH,Op,Actual,May,66991783
PJ,2024,PH,Op,Actual,Nov,392383023
PJ,2024,PH,Op,Actual,Oct,0
PJ,2024,PH,Op,Actual,Sep,-29647298
PJ,2024,PH,Op,Budget,Apr,634173522
PJ,2024,PH,Op,Budget,Aug,782357925
PJ,2024,PH,Op,Budget,Dec,-75664225
PJ,2024,PH,Op,Budget,Feb,19657787
PJ,2024,PH,Op,Budget,Jan,1337336066
PJ,2024,PH,Op,Budget,Jul,527440515
PJ,2024,PH,Op,Budget,Jun,401470683
PJ,2024,PH,Op,Budget,Mar,50416108
PJ,2024,PH,Op,Budget,May,216653316
PJ,2024,PH,Op,Budget,Nov,34964333
PJ,2024,PH,Op,Budget,Oct,0
PJ,2024,PH,Op,Budget,Sep,-60248836
PJ,2024,PH,Op,Forecast,Apr,524130747
PJ,2024,PH,Op,Forecast,Aug,1205538520
PJ,2024,PH,Op,Forecast,Dec,-54814630
PJ,2024,PH,Op,Forecast,Feb,30546760
PJ,2024,PH,Op,Forecast,Jan,597727620
PJ,2024,PH,Op,Forecast,Jul,1036550138
PJ,2024,PH,Op,Forecast,Jun,198323164
PJ,2024,PH,Op,Forecast,Mar,36828043
PJ,2024,PH,Op,Forecast,May,227639318
PJ,2024,PH,Op,Forecast,Nov,498754947
PJ,2024,PH,Op,Forecast,Oct,0
PJ,2024,PH,Op,Forecast,Sep,-48094774
PJ,2024,RU,Gross,Actual,Apr,0
PJ,2024,RU,Gross,Actual,Aug,0
PJ,2024,RU,Gross,Actual,Dec,0
PJ,2024,RU,Gross,Actual,Feb,0
PJ,2024,RU,Gross,Actual,Jan,0
PJ,2024,RU,Gross,Actual,Jul,0
PJ,2024,RU,Gross,Actual,Jun,0
PJ,2024,RU,Gross,Actual,Mar,0
PJ,2024,RU,Gross,Actual,May,0
PJ,2024,RU,Gross,Actual,Nov,0
PJ,2024,RU,Gross,Actual,Oct,0
PJ,2024,RU,Gross,Actual,Sep,0
PJ,2024,RU,Gross,Budget,Apr,0
PJ,2024,RU,Gross,Budget,Aug,0
PJ,2024,RU,Gross,Budget,Dec,0
PJ,2024,RU,Gross,Budget,Feb,0
PJ,2024,RU,Gross,Budget,Jan,0
PJ,2024,RU,Gross,Budget,Jul,0
PJ,2024,RU,Gross,Budget,Jun,0
PJ,2024,RU,Gross,Budget,Mar,0
PJ,2024,RU,Gross,Budget,May,0
PJ,2024,RU,Gross,Budget,Nov,0
PJ,2024,RU,Gross,Budget,Oct,0
PJ,2024,RU,Gross,Budget,Sep,0
PJ,2024,RU,Gross,Forecast,Apr,0
PJ,2024,RU,Gross,Forecast,Aug,0
PJ,2024,RU,Gross,Forecast,Dec,0
PJ,2024,RU,Gross,Forecast,Feb,0
PJ,2024,RU,Gross,Forecast,Jan,0
PJ,2024,RU,Gross,Forecast,Jul,0
PJ,2024,RU,Gross,Forecast,Jun,0
PJ,2024,RU,Gross,Forecast,Mar,0
PJ,2024,RU,Gross,Forecast,May,0
PJ,2024,RU,Gross,Forecast,Nov,0
PJ,2024,RU,Gross,Forecast,Oct,0
PJ,2024,RU,Gross,Forecast,Sep,0
PJ,2024,RU,Net,Actual,Apr,0
PJ,2024,RU,Net,Actual,Aug,0
PJ,2024,RU,Net,Actual,Dec,48542753639
PJ,2024,RU,Net,Actual,Feb,26141714186
PJ,2024,RU,Net,Actual,Jan,0
PJ,2024,RU,Net,Actual,Jul,0
PJ,2024,RU,Net,Actual,Jun,0
PJ,2024,RU,Net,Actual,Mar,27954421027
PJ,2024,RU,Net,Actual,May,0
PJ,2024,RU,Net,Actual,Nov,43624471326
PJ,2024,RU,Net,Actual,Oct,26375984101
PJ,2024,RU,Net,Actual,Sep,0
PJ,2024,RU,Net,Budget,Apr,0
PJ,2024,RU,Net,Budget,Aug,0
PJ,2024,RU,Net,Budget,Dec,50554131682
PJ,2024,RU,Net,Budget,Feb,31581855687
PJ,2024,RU,Net,Budget,Jan,0
PJ,2024,RU,Net,Budget,Jul,0
PJ,2024,RU,Net,Budget,Jun,0
PJ,2024,RU,Net,Budget,Mar,18616886496
PJ,2024,RU,Net,Budget,May,0
PJ,2024,RU,Net,Budget,Nov,13379174966
PJ,2024,RU,Net,Budget,Oct,49495554241
PJ,2024,RU,Net,Budget,Sep,0
PJ,2024,RU,Net,Forecast,Apr,0
PJ,2024,RU,Net,Forecast,Aug,0
PJ,2024,RU,Net,Forecast,Dec,22753800615
PJ,2024,RU,Net,Forecast,Feb,43014267908
PJ,2024,RU,Net,Forecast,Jan,0
PJ,2024,RU,Net,Forecast,Jul,0
PJ,2024,RU,Net,Forecast,Jun,0
PJ,2024,RU,Net,Forecast,Mar,37682128012
PJ,2024,RU,Net,Forecast,May,0
PJ,2024,RU,Net,Forecast,Nov,52628746031
PJ,2024,RU,Net,Forecast,Oct,32587351960
PJ,2024,RU,Net,Forecast,Sep,0
PJ,2024,RU,Op,Actual,Apr,0
PJ,2024,RU,Op,Actual,Aug,0
PJ,2024,RU,Op,Actual,Dec,9145015676
PJ,2024,RU,Op,Actual,Feb,37349692679
PJ,2024,RU,Op,Actual,Jan,0
PJ,2024,RU,Op,Actual,Jul,0
PJ,2024,RU,Op,Actual,Jun,0
PJ,2024,RU,Op,Actual,Mar,26334161426
PJ,2024,RU,Op,Actual,May,0
PJ,2024,RU,Op,Actual,Nov,15160484958
PJ,2024,RU,Op,Actual,Oct,48411784171
PJ,2024,RU,Op,Actual,Sep,0
PJ,2024,RU,Op,Budget,Apr,0
PJ,2024,RU,Op,Budget,Aug,0
PJ,2024,RU,Op,Budget,Dec,5327153869
PJ,2024,RU,Op,Budget,Feb,4866308851
PJ,2024,RU,Op,Budget,Jan,0
PJ,2024,RU,Op,Budget,Jul,0
PJ,2024,RU,Op,Budget,Jun,0
PJ,2024,RU,Op,Budget,Mar,13416180956
PJ,2024,RU,Op,Budget,May,0
PJ,2024,RU,Op,Budget,Nov,24937684222
PJ,2024,RU,Op,Budget,Oct,19599517557
PJ,2024,RU,Op,Budget,Sep,0
PJ,2024,RU,Op,Forecast,Apr,0
PJ,2024,RU,Op,Forecast,Aug,0
PJ,2024,RU,Op,Forecast,Dec,23356030639
PJ,2024,RU,Op,Forecast,Feb,9502441701
PJ,2024,RU,Op,Forecast,Jan,0
PJ,2024,RU,Op,Forecast,Jul,0
PJ,2024,RU,Op,Forecast,Jun,0
PJ,2024,RU,Op,Forecast,Mar,15602840871
PJ,2024,RU,Op,Forecast,May,0
PJ,2024,RU,Op,Forecast,Nov,22569533593
PJ,2024,RU,Op,Forecast,Oct,23936681450
PJ,2024,RU,Op,Forecast,Sep,0
PJ,2024,SG,Gross,Actual,Apr,220946618
PJ,2024,SG,Gross,Actual,Aug,188686100
PJ,2024,SG,Gross,Actual,Dec,252007005
PJ,2024,SG,Gross,Actual,Feb,118588545
PJ,2024,SG,Gross,Actual,Jan,83565033
PJ,2024,SG,Gross,Actual,Jul,23130
PJ,2024,SG,Gross,Actual,Jun,252504273
PJ,2024,SG,Gross,Actual,Mar,150184285
PJ,2024,SG,Gross,Actual,May,177006930
PJ,2024,SG,Gross,Actual,Nov,857358941
PJ,2024,SG,Gross,Actual,Oct,88253093
PJ,2024,SG,Gross,Actual,Sep,588133011
PJ,2024,SG,Gross,Budget,Apr,551263105
PJ,2024,SG,Gross,Budget,Aug,162980224
PJ,2024,SG,Gross,Budget,Dec,127417008
PJ,2024,SG,Gross,Budget,Feb,544949931
PJ,2024,SG,Gross,Budget,Jan,208791196
PJ,2024,SG,Gross,Budget,Jul,50961
PJ,2024,SG,Gross,Budget,Jun,401280798
PJ,2024,SG,Gross,Budget,Mar,46825045
PJ,2024,SG,Gross,Budget,May,153623423
PJ,2024,SG,Gross,Budget,Nov,1215570420
PJ,2024,SG,Gross,Budget,Oct,548830332
PJ,2024,SG,Gross,Budget,Sep,736105279
PJ,2024,SG,Gross,Forecast,Apr,66199025
PJ,2024,SG,Gross,Forecast,Aug,40174062
PJ,2024,SG,Gross,Forecast,Dec,143470805
PJ,2024,SG,Gross,Forecast,Feb,326796920
PJ,2024,SG,Gross,Forecast,Jan,917063967
PJ,2024,SG,Gross,Forecast,Jul,72466
PJ,2024,SG,Gross,Forecast,Jun,202597819
PJ,2024,SG,Gross,Forecast,Mar,125393499
PJ,2024,SG,Gross,Forecast,May,281310876
PJ,2024,SG,Gross,Forecast,Nov,1182512532
PJ,2024,SG,Gross,Forecast,Oct,5792012
PJ,2024,SG,Gross,Forecast,Sep,395683099
PJ,2024,SG,Net,Actual,Apr,216198848
PJ,2024,SG,Net,Actual,Aug,187321355
PJ,2024,SG,Net,Actual,Dec,362991889
PJ,2024,SG,Net,Actual,Feb,855457315
PJ,2024,SG,Net,Actual,Jan,716468870
PJ,2024,SG,Net,Actual,Jul,-1240595
PJ,2024,SG,Net,Actual,Jun,334246223
PJ,2024,SG,Net,Actual,Mar,58199253
PJ,2024,SG,Net,Actual,May,138372574
PJ,2024,SG,Net,Actual,Nov,1713665240
PJ,2024,SG,Net,Actual,Oct,104242423
PJ,2024,SG,Net,Actual,Sep,6504596
PJ,2024,SG,Net,Budget,Apr,296467199
PJ,2024,SG,Net,Budget,Aug,7560621
PJ,2024,SG,Net,Budget,Dec,112613150
PJ,2024,SG,Net,Budget,Feb,783430528
PJ,2024,SG,Net,Budget,Jan,419819373
PJ,2024,SG,Net,Budget,Jul,-431610
PJ,2024,SG,Net,Budget,Jun,219110442
PJ,2024,SG,Net,Budget,Mar,76096346
PJ,2024,SG,Net,Budget,May,490029974
PJ,2024,SG,Net,Budget,Nov,348244002
PJ,2024,SG,Net,Budget,Oct,131734726
PJ,2024,SG,Net,Budget,Sep,189840414
PJ,2024,SG,Net,Forecast,Apr,173484140
PJ,2024,SG,Net,Forecast,Aug,113871981
PJ,2024,SG,Net,Forecast,Dec,315044625
PJ,2024,SG,Net,Forecast,Feb,838762015
PJ,2024,SG,Net,Forecast,Jan,825293312
PJ,2024,SG,Net,Forecast,Jul,-728671
PJ,2024,SG,Net,Forecast,Jun,381337168
PJ,2024,SG,Net,Forecast,Mar,35025651
PJ,2024,SG,Net,Forecast,May,483811670
PJ,2024,SG,Net,Forecast,Nov,1084934138
PJ,2024,SG,Net,Forecast,Oct,151580115
PJ,2024,SG,Net,Forecast,Sep,121169191
PJ,2024,SG,Op,Actual,Apr,303556636
PJ,2024,SG,Op,Actual,Aug,178710633
PJ,2024,SG,Op,Actual,Dec,286171862
PJ,2024,SG,Op,Actual,Feb,152323657
PJ,2024,SG,Op,Actual,Jan,1515083765
PJ,2024,SG,Op,Actual,Jul,-791545
PJ,2024,SG,Op,Actual,Jun,395217008
PJ,2024,SG,Op,Actual,Mar,1131904
PJ,2024,SG,Op,Actual,May,144638497
PJ,2024,SG,Op,Actual,Nov,1276297161
PJ,2024,SG,Op,Actual,Oct,308329576
PJ,2024,SG,Op,Actual,Sep,56955908
PJ,2024,SG,Op,Budget,Apr,649737879
PJ,2024,SG,Op,Budget,Aug,140103848
PJ,2024,SG,Op,Budget,Dec,61597459
PJ,2024,SG,Op,Budget,Feb,752936840
PJ,2024,SG,Op,Budget,Jan,1351861480
PJ,2024,SG,Op,Budget,Jul,-488709
PJ,2024,SG,Op,Budget,Jun,405315232
PJ,2024,SG,Op,Budget,Mar,24762103
PJ,2024,SG,Op,Budget,May,128577392
PJ,2024,SG,Op,Budget,Nov,589590536
PJ,2024,SG,Op,Budget,Oct,281375356
PJ,2024,SG,Op,Budget,Sep,421759773
PJ,2024,SG,Op,Forecast,Apr,323343982
PJ,2024,SG,Op,Forecast,Aug,178430085
PJ,2024,SG,Op,Forecast,Dec,140436709
PJ,2024,SG,Op,Forecast,Feb,384703288
PJ,2024,SG,Op,Forecast,Jan,331048915
PJ,2024,SG,Op,Forecast,Jul,-361026
PJ,2024,SG,Op,Forecast,Jun,30151150
PJ,2024,SG,Op,Forecast,Mar,84914511
PJ,2024,SG,Op,Forecast,May,284840832
PJ,2024,SG,Op,Forecast,Nov,1078864268
PJ,2024,SG,Op,Forecast,Oct,87480738
PJ,2024,SG,Op,Forecast,Sep,15848674
PJ,2024,TH,Gross,Actual,Apr,719405586
PJ,2024,TH,Gross,Actual,Aug,188121740
PJ,2024,TH,Gross,Actual,Dec,879552460
PJ,2024,TH,Gross,Actual,Feb,1373245527
PJ,2024,TH,Gross,Actual,Jan,1137497863
PJ,2024,TH,Gross,Actual,Jul,676381973
PJ,2024,TH,Gross,Actual,Jun,404859001
PJ,2024,TH,Gross,Actual,Mar,280633957
PJ,2024,TH,Gross,Actual,May,632603973
PJ,2024,TH,Gross,Actual,Nov,412569209
PJ,2024,TH,Gross,Actual,Oct,431243496
PJ,2024,TH,Gross,Actual,Sep,955064703
PJ,2024,TH,Gross,Budget,Apr,1125512717
PJ,2024,TH,Gross,Budget,Aug,630681964
PJ,2024,TH,Gross,Budget,Dec,103059949
PJ,2024,TH,Gross,Budget,Feb,732386759
PJ,2024,TH,Gross,Budget,Jan,258859347
PJ,2024,TH,Gross,Budget,Jul,740542524
PJ,2024,TH,Gross,Budget,Jun,1753680337
PJ,2024,TH,Gross,Budget,Mar,1270273769
PJ,2024,TH,Gross,Budget,May,1480314266
PJ,2024,TH,Gross,Budget,Nov,18485773
PJ,2024,TH,Gross,Budget,Oct,1594592670
PJ,2024,TH,Gross,Budget,Sep,607722174
PJ,2024,TH,Gross,Forecast,Apr,692161125
PJ,2024,TH,Gross,Forecast,Aug,550148023
PJ,2024,TH,Gross,Forecast,Dec,163455100
PJ,2024,TH,Gross,Forecast,Feb,414322772
PJ,2024,TH,Gross,Forecast,Jan,855196236
PJ,2024,TH,Gross,Forecast,Jul,140087582
PJ,2024,TH,Gross,Forecast,Jun,1127807822
PJ,2024,TH,Gross,Forecast,Mar,977907960
PJ,2024,TH,Gross,Forecast,May,398379629
PJ,2024,TH,Gross,Forecast,Nov,274242217
PJ,2024,TH,Gross,Forecast,Oct,918438596
PJ,2024,TH,Gross,Forecast,Sep,218518650
PJ,2024,TH,Net,Actual,Apr,1362260512
PJ,2024,TH,Net,Actual,Aug,504941658
PJ,2024,TH,Net,Actual,Dec,224983925
PJ,2024,TH,Net,Actual,Feb,1583751063
PJ,2024,TH,Net,Actual,Jan,1139254813
PJ,2024,TH,Net,Actual,Jul,230664257
PJ,2024,TH,Net,Actual,Jun,535833518
PJ,2024,TH,Net,Actual,Mar,649838991
PJ,2024,TH,Net,Actual,May,120624306
PJ,2024,TH,Net,Actual,Nov,75597145
PJ,2024,TH,Net,Actual,Oct,612293437
PJ,2024,TH,Net,Actual,Sep,1079824968
PJ,2024,TH,Net,Budget,Apr,1386743670
PJ,2024,TH,Net,Budget,Aug,384861771
PJ,2024,TH,Net,Budget,Dec,585913610
PJ,2024,TH,Net,Budget,Feb,990657590
PJ,2024,TH,Net,Budget,Jan,831074677
PJ,2024,TH,Net,Budget,Jul,750074912
PJ,2024,TH,Net,Budget,Jun,231698704
PJ,2024,TH,Net,Budget,Mar,592529477
PJ,2024,TH,Net,Budget,May,1342859419
PJ,2024,TH,Net,Budget,Nov,285807001
PJ,2024,TH,Net,Budget,Oct,1367833848
PJ,2024,TH,Net,Budget,Sep,202696452
PJ,2024,TH,Net,Forecast,Apr,1625252542
PJ,2024,TH,Net,Forecast,Aug,655521816
PJ,2024,TH,Net,Forecast,Dec,458595920
PJ,2024,TH,Net,Forecast,Feb,655934533
PJ,2024,TH,Net,Forecast,Jan,2103757496
PJ,2024,TH,Net,Forecast,Jul,46471445
PJ,2024,TH,Net,Forecast,Jun,758363336
PJ,2024,TH,Net,Forecast,Mar,174307232
PJ,2024,TH,Net,Forecast,May,146584794
PJ,2024,TH,Net,Forecast,Nov,396583588
PJ,2024,TH,Net,Forecast,Oct,538204104
PJ,2024,TH,Net,Forecast,Sep,1086536586
PJ,2024,TH,Op,Actual,Apr,1030081532
PJ,2024,TH,Op,Actual,Aug,63919521
PJ,2024,TH,Op,Actual,Dec,366740877
PJ,2024,TH,Op,Actual,Feb,1514983248
PJ,2024,TH,Op,Actual,Jan,1823978038
PJ,2024,TH,Op,Actual,Jul,314798130
PJ,2024,TH,Op,Actual,Jun,1510869451
PJ,2024,TH,Op,Actual,Mar,642621163
PJ,2024,TH,Op,Actual,May,55397767
PJ,2024,TH,Op,Actual,Nov,109042119
PJ,2024,TH,Op,Actual,Oct,1173340669
PJ,2024,TH,Op,Actual,Sep,763510670
PJ,2024,TH,Op,Budget,Apr,1037999538
PJ,2024,TH,Op,Budget,Aug,451650676
PJ,2024,TH,Op,Budget,Dec,274882382
PJ,2024,TH,Op,Budget,Feb,1551802699
PJ,2024,TH,Op,Budget,Jan,239957446
PJ,2024,TH,Op,Budget,Jul,765622396
PJ,2024,TH,Op,Budget,Jun,155412379
PJ,2024,TH,Op,Budget,Mar,1284738710
PJ,2024,TH,Op,Budget,May,1427441264
PJ,2024,TH,Op,Budget,Nov,403605950
PJ,2024,TH,Op,Budget,Oct,1510855117
PJ,2024,TH,Op,Budget,Sep,600141578
PJ,2024,TH,Op,Forecast,Apr,1102656842
PJ,2024,TH,Op,Forecast,Aug,564532297
PJ,2024,TH,Op,Forecast,Dec,259328994
PJ,2024,TH,Op,Forecast,Feb,1487168259
PJ,2024,TH,Op,Forecast,Jan,643667283
PJ,2024,TH,Op,Forecast,Jul,824949909
PJ,2024,TH,Op,Forecast,Jun,1625023769
PJ,2024,TH,Op,Forecast,Mar,1359094361
PJ,2024,TH,Op,Forecast,May,228497101
PJ,2024,TH,Op,Forecast,Nov,34678937
PJ,2024,TH,Op,Forecast,Oct,465209768
PJ,2024,TH,Op,Forecast,Sep,148933894
PJ,2024,TR,Gross,Actual,Apr,4225140897
PJ,2024,TR,Gross,Actual,Aug,4626682167
PJ,2024,TR,Gross,Actual,Dec,2320131
PJ,2024,TR,Gross,Actual,Feb,3221611195
PJ,2024,TR,Gross,Actual,Jan,4288313734
PJ,2024,TR,Gross,Actual,Jul,4938385380
PJ,2024,TR,Gross,Actual,Jun,4333326150
PJ,2024,TR,Gross,Actual,Mar,142590662
PJ,2024,TR,Gross,Actual,May,2440895595
PJ,2024,TR,Gross,Actual,Nov,9103567119
PJ,2024,TR,Gross,Actual,Oct,1868996238
PJ,2024,TR,Gross,Actual,Sep,656528241
PJ,2024,TR,Gross,Budget,Apr,1256719631
PJ,2024,TR,Gross,Budget,Aug,2047240968
PJ,2024,TR,Gross,Budget,Dec,127256218
PJ,2024,TR,Gross,Budget,Feb,3088032508
PJ,2024,TR,Gross,Budget,Jan,9126518100
PJ,2024,TR,Gross,Budget,Jul,1643540841
PJ,2024,TR,Gross,Budget,Jun,4193560369
PJ,2024,TR,Gross,Budget,Mar,2446257458
PJ,2024,TR,Gross,Budget,May,1300657608
PJ,2024,TR,Gross,Budget,Nov,5393256408
PJ,2024,TR,Gross,Budget,Oct,560273424
PJ,2024,TR,Gross,Budget,Sep,1699992041
PJ,2024,TR,Gross,Forecast,Apr,2515628337
PJ,2024,TR,Gross,Forecast,Aug,5043822655
PJ,2024,TR,Gross,Forecast,Dec,1249050495
PJ,2024,TR,Gross,Forecast,Feb,4778697586
PJ,2024,TR,Gross,Forecast,Jan,647802898
PJ,2024,TR,Gross,Forecast,Jul,3399710354
PJ,2024,TR,Gross,Forecast,Jun,3867896934
PJ,2024,TR,Gross,Forecast,Mar,3563745620
PJ,2024,TR,Gross,Forecast,May,1464332931
PJ,2024,TR,Gross,Forecast,Nov,3216373289
PJ,2024,TR,Gross,Forecast,Oct,913509145
PJ,2024,TR,Gross,Forecast,Sep,1377154857
PJ,2024,TR,Net,Actual,Apr,1880106648
PJ,2024,TR,Net,Actual,Aug,3990392632
PJ,2024,TR,Net,Actual,Dec,189612248
PJ,2024,TR,Net,Actual,Feb,446467352
PJ,2024,TR,Net,Actual,Jan,4041492210
PJ,2024,TR,Net,Actual,Jul,1649418682
PJ,2024,TR,Net,Actual,Jun,2430243813
PJ,2024,TR,Net,Actual,Mar,1813070670
PJ,2024,TR,Net,Actual,May,2530089621
PJ,2024,TR,Net,Actual,Nov,4368151732
PJ,2024,TR,Net,Actual,Oct,1855093495
PJ,2024,TR,Net,Actual,Sep,72941255
PJ,2024,TR,Net,Budget,Apr,2910826329
PJ,2024,TR,Net,Budget,Aug,2221108598
PJ,2024,TR,Net,Budget,Dec,591185616
PJ,2024,TR,Net,Budget,Feb,644320846
PJ,2024,TR,Net,Budget,Jan,1447968846
PJ,2024,TR,Net,Budget,Jul,530042646
PJ,2024,TR,Net,Budget,Jun,3130023046
PJ,2024,TR,Net,Budget,Mar,2978178435
PJ,2024,TR,Net,Budget,May,2613463275
PJ,2024,TR,Net,Budget,Nov,4385197349
PJ,2024,TR,Net,Budget,Oct,1666744730
PJ,2024,TR,Net,Budget,Sep,1779827350
PJ,2024,TR,Net,Forecast,Apr,802684903
PJ,2024,TR,Net,Forecast,Aug,3251199735
PJ,2024,TR,Net,Forecast,Dec,345813429
PJ,2024,TR,Net,Forecast,Feb,1523727182
PJ,2024,TR,Net,Forecast,Jan,4910594967
PJ,2024,TR,Net,Forecast,Jul,1327198544
PJ,2024,TR,Net,Forecast,Jun,4377526393
PJ,2024,TR,Net,Forecast,Mar,1168597022
PJ,2024,TR,Net,Forecast,May,3883878423
PJ,2024,TR,Net,Forecast,Nov,3126244573
PJ,2024,TR,Net,Forecast,Oct,918497443
PJ,2024,TR,Net,Forecast,Sep,1339759318
PJ,2024,TR,Op,Actual,Apr,3162363943
PJ,2024,TR,Op,Actual,Aug,2772334296
PJ,2024,TR,Op,Actual,Dec,905772547
PJ,2024,TR,Op,Actual,Feb,3239415270
PJ,2024,TR,Op,Actual,Jan,4897071077
PJ,2024,TR,Op,Actual,Jul,2985622371
PJ,2024,TR,Op,Actual,Jun,1781559729
PJ,2024,TR,Op,Actual,Mar,3195240872
PJ,2024,TR,Op,Actual,May,1809934147
PJ,2024,TR,Op,Actual,Nov,4551390277
PJ,2024,TR,Op,Actual,Oct,2512446645
PJ,2024,TR,Op,Actual,Sep,2123152287
PJ,2024,TR,Op,Budget,Apr,3235189785
PJ,2024,TR,Op,Budget,Aug,5796495649
PJ,2024,TR,Op,Budget,Dec,555737714
PJ,2024,TR,Op,Budget,Feb,4265152446
PJ,2024,TR,Op,Budget,Jan,8354764779
PJ,2024,TR,Op,Budget,Jul,1018188360
PJ,2024,TR,Op,Budget,Jun,1036923187
PJ,2024,TR,Op,Budget,Mar,1155057212
PJ,2024,TR,Op,Budget,May,3620828263
PJ,2024,TR,Op,Budget,Nov,1157741452
PJ,2024,TR,Op,Budget,Oct,3079701432
PJ,2024,TR,Op,Budget,Sep,317960403
PJ,2024,TR,Op,Forecast,Apr,2385219828
PJ,2024,TR,Op,Forecast,Aug,1530717114
PJ,2024,TR,Op,Forecast,Dec,47039710
PJ,2024,TR,Op,Forecast,Feb,111350846
PJ,2024,TR,Op,Forecast,Jan,1610107860
PJ,2024,TR,Op,Forecast,Jul,17043814
PJ,2024,TR,Op,Forecast,Jun,1453290923
PJ,2024,TR,Op,Forecast,Mar,1603208215
PJ,2024,TR,Op,Forecast,May,3634045523
PJ,2024,TR,Op,Forecast,Nov,5167390556
PJ,2024,TR,Op,Forecast,Oct,985899844
PJ,2024,TR,Op,Forecast,Sep,161529000
PJ,2024,TTL VSA,Gross,Actual,Apr,31099131191
PJ,2024,TTL VSA,Gross,Actual,Aug,4881566190
PJ,2024,TTL VSA,Gross,Actual,Dec,39982561265
PJ,2024,TTL VSA,Gross,Actual,Feb,48726414868
PJ,2024,TTL VSA,Gross,Actual,Jan,8736979739
PJ,2024,TTL VSA,Gross,Actual,Jul,22563858436
PJ,2024,TTL VSA,Gross,Actual,Jun,25470943181
PJ,2024,TTL VSA,Gross,Actual,Mar,23673673114
PJ,2024,TTL VSA,Gross,Actual,May,10869609897
PJ,2024,TTL VSA,Gross,Actual,Nov,12653117828
PJ,2024,TTL VSA,Gross,Actual,Oct,12600425363
PJ,2024,TTL VSA,Gross,Actual,Sep,1197452279
PJ,2024,TTL VSA,Gross,Budget,Apr,30998243038
PJ,2024,TTL VSA,Gross,Budget,Aug,17801332297
PJ,2024,TTL VSA,Gross,Budget,Dec,48542388583
PJ,2024,TTL VSA,Gross,Budget,Feb,5074082841
PJ,2024,TTL VSA,Gross,Budget,Jan,3122276751
PJ,2024,TTL VSA,Gross,Budget,Jul,23204499563
PJ,2024,TTL VSA,Gross,Budget,Jun,30124639059
PJ,2024,TTL VSA,Gross,Budget,Mar,28289971862
PJ,2024,TTL VSA,Gross,Budget,May,16207301084
PJ,2024,TTL VSA,Gross,Budget,Nov,798518320
PJ,2024,TTL VSA,Gross,Budget,Oct,38234179777
PJ,2024,TTL VSA,Gross,Budget,Sep,39242909439
PJ,2024,TTL VSA,Gross,Forecast,Apr,20502488411
PJ,2024,TTL VSA,Gross,Forecast,Aug,29319175250
PJ,2024,TTL VSA,Gross,Forecast,Dec,742209455
PJ,2024,TTL VSA,Gross,Forecast,Feb,16763955837
PJ,2024,TTL VSA,Gross,Forecast,Jan,6648242338
PJ,2024,TTL VSA,Gross,Forecast,Jul,38047278065
PJ,2024,TTL VSA,Gross,Forecast,Jun,10499641820
PJ,2024,TTL VSA,Gross,Forecast,Mar,20602256744
PJ,2024,TTL VSA,Gross,Forecast,May,11114395843
PJ,2024,TTL VSA,Gross,Forecast,Nov,33457503692
PJ,2024,TTL VSA,Gross,Forecast,Oct,33489314555
PJ,2024,TTL VSA,Gross,Forecast,Sep,61312040129
PJ,2024,TTL VSA,Net,Actual,Apr,5541926871
PJ,2024,TTL VSA,Net,Actual,Aug,35973741809
PJ,2024,TTL VSA,Net,Actual,Dec,6404440658
PJ,2024,TTL VSA,Net,Actual,Feb,8144439007
PJ,2024,TTL VSA,Net,Actual,Jan,3761205897
PJ,2024,TTL VSA,Net,Actual,Jul,22334664314
PJ,2024,TTL VSA,Net,Actual,Jun,21668404281
PJ,2024,TTL VSA,Net,Actual,Mar,35467639400
PJ,2024,TTL VSA,Net,Actual,May,14691570097
PJ,2024,TTL VSA,Net,Actual,Nov,12174058993
PJ,2024,TTL VSA,Net,Actual,Oct,9164341408
PJ,2024,TTL VSA,Net,Actual,Sep,10998775328
PJ,2024,TTL VSA,Net,Budget,Apr,27003861170
PJ,2024,TTL VSA,Net,Budget,Aug,77398611
PJ,2024,TTL VSA,Net,Budget,Dec,38556328466
PJ,2024,TTL VSA,Net,Budget,Feb,23988392570
PJ,2024,TTL VSA,Net,Budget,Jan,17491932363
PJ,2024,TTL VSA,Net,Budget,Jul,4862982504
PJ,2024,TTL VSA,Net,Budget,Jun,23614252143
PJ,2024,TTL VSA,Net,Budget,Mar,11641458489
PJ,2024,TTL VSA,Net,Budget,May,10535533605
PJ,2024,TTL VSA,Net,Budget,Nov,24475173781
PJ,2024,TTL VSA,Net,Budget,Oct,19766173280
PJ,2024,TTL VSA,Net,Budget,Sep,13087554960
PJ,2024,TTL VSA,Net,Forecast,Apr,17639838278
PJ,2024,TTL VSA,Net,Forecast,Aug,31325553405
PJ,2024,TTL VSA,Net,Forecast,Dec,27854466988
PJ,2024,TTL VSA,Net,Forecast,Feb,27485725371
PJ,2024,TTL VSA,Net,Forecast,Jan,3190808465
PJ,2024,TTL VSA,Net,Forecast,Jul,22845226220
PJ,2024,TTL VSA,Net,Forecast,Jun,10459224939
PJ,2024,TTL VSA,Net,Forecast,Mar,10887848666
PJ,2024,TTL VSA,Net,Forecast,May,17310019449
PJ,2024,TTL VSA,Net,Forecast,Nov,41990943331
PJ,2024,TTL VSA,Net,Forecast,Oct,23602238103
PJ,2024,TTL VSA,Net,Forecast,Sep,48011105330
PJ,2024,TTL VSA,Op,Actual,Apr,15313807820
PJ,2024,TTL VSA,Op,Actual,Aug,7039340652
PJ,2024,TTL VSA,Op,Actual,Dec,17145299275
PJ,2024,TTL VSA,Op,Actual,Feb,14724140359
PJ,2024,TTL VSA,Op,Actual,Jan,2727338394
PJ,2024,TTL VSA,Op,Actual,Jul,40938189900
PJ,2024,TTL VSA,Op,Actual,Jun,9237974843
PJ,2024,TTL VSA,Op,Actual,Mar,29518033648
PJ,2024,TTL VSA,Op,Actual,May,9235526900
PJ,2024,TTL VSA,Op,Actual,Nov,113147104
PJ,2024,TTL VSA,Op,Actual,Oct,14133279909
PJ,2024,TTL VSA,Op,Actual,Sep,35723545098
PJ,2024,TTL VSA,Op,Budget,Apr,27301008842
PJ,2024,TTL VSA,Op,Budget,Aug,34100803144
PJ,2024,TTL VSA,Op,Budget,Dec,16066050502
PJ,2024,TTL VSA,Op,Budget,Feb,42817340306
PJ,2024,TTL VSA,Op,Budget,Jan,8088039921
PJ,2024,TTL VSA,Op,Budget,Jul,33991651426
PJ,2024,TTL VSA,Op,Budget,Jun,7921557197
PJ,2024,TTL VSA,Op,Budget,Mar,14169370773
PJ,2024,TTL VSA,Op,Budget,May,13154366204
PJ,2024,TTL VSA,Op,Budget,Nov,51701666456
PJ,2024,TTL VSA,Op,Budget,Oct,40250261226
PJ,2024,TTL VSA,Op,Budget,Sep,12195559836
PJ,2024,TTL VSA,Op,Forecast,Apr,27271057326
PJ,2024,TTL VSA,Op,Forecast,Aug,30573309766
PJ,2024,TTL VSA,Op,Forecast,Dec,26125155603
PJ,2024,TTL VSA,Op,Forecast,Feb,6061688836
PJ,2024,TTL VSA,Op,Forecast,Jan,25143640532
PJ,2024,TTL VSA,Op,Forecast,Jul,33309697637
PJ,2024,TTL VSA,Op,Forecast,Jun,18245622415
PJ,2024,TTL VSA,Op,Forecast,Mar,26410453939
PJ,2024,TTL VSA,Op,Forecast,May,10154207750
PJ,2024,TTL VSA,Op,Forecast,Nov,16863426830
PJ,2024,TTL VSA,Op,Forecast,Oct,13090743635
PJ,2024,TTL VSA,Op,Forecast,Sep,42862006540
PJ,2024,TTL VSCN,Gross,Actual,Apr,5385806385
PJ,2024,TTL VSCN,Gross,Actual,Aug,8405786887
PJ,2024,TTL VSCN,Gross,Actual,Dec,11658901522
PJ,2024,TTL VSCN,Gross,Actual,Feb,5686314113
PJ,2024,TTL VSCN,Gross,Actual,Jan,5231181109
PJ,2024,TTL VSCN,Gross,Actual,Jul,3706449249
PJ,2024,TTL VSCN,Gross,Actual,Jun,94694365
PJ,2024,TTL VSCN,Gross,Actual,Mar,9910552348
PJ,2024,TTL VSCN,Gross,Actual,May,8673712486
PJ,2024,TTL VSCN,Gross,Actual,Nov,5194464633
PJ,2024,TTL VSCN,Gross,Actual,Oct,8276293356
PJ,2024,TTL VSCN,Gross,Actual,Sep,987118882
PJ,2024,TTL VSCN,Gross,Budget,Apr,8567459318
PJ,2024,TTL VSCN,Gross,Budget,Aug,8880120714
PJ,2024,TTL VSCN,Gross,Budget,Dec,4551000334
PJ,2024,TTL VSCN,Gross,Budget,Feb,11954648939
PJ,2024,TTL VSCN,Gross,Budget,Jan,11798001245
PJ,2024,TTL VSCN,Gross,Budget,Jul,3024721189
PJ,2024,TTL VSCN,Gross,Budget,Jun,6323761445
PJ,2024,TTL VSCN,Gross,Budget,Mar,7802028290
PJ,2024,TTL VSCN,Gross,Budget,May,4038181388
PJ,2024,TTL VSCN,Gross,Budget,Nov,1548291231
PJ,2024,TTL VSCN,Gross,Budget,Oct,6394141774
PJ,2024,TTL VSCN,Gross,Budget,Sep,6528393349
PJ,2024,TTL VSCN,Gross,Forecast,Apr,9244933713
PJ,2024,TTL VSCN,Gross,Forecast,Aug,9653553854
PJ,2024,TTL VSCN,Gross,Forecast,Dec,6115728018
PJ,2024,TTL VSCN,Gross,Forecast,Feb,10283865457
PJ,2024,TTL VSCN,Gross,Forecast,Jan,8063607857
PJ,2024,TTL VSCN,Gross,Forecast,Jul,8106758860
PJ,2024,TTL VSCN,Gross,Forecast,Jun,2689970758
PJ,2024,TTL VSCN,Gross,Forecast,Mar,3284993201
PJ,2024,TTL VSCN,Gross,Forecast,May,2338456537
PJ,2024,TTL VSCN,Gross,Forecast,Nov,675214753
PJ,2024,TTL VSCN,Gross,Forecast,Oct,5015946548
PJ,2024,TTL VSCN,Gross,Forecast,Sep,5785193155
PJ,2024,TTL VSCN,Net,Actual,Apr,496483814
PJ,2024,TTL VSCN,Net,Actual,Aug,1492510084
PJ,2024,TTL VSCN,Net,Actual,Dec,4605948979
PJ,2024,TTL VSCN,Net,Actual,Feb,11648371243
PJ,2024,TTL VSCN,Net,Actual,Jan,10781606709
PJ,2024,TTL VSCN,Net,Actual,Jul,3855541165
PJ,2024,TTL VSCN,Net,Actual,Jun,7093616891
PJ,2024,TTL VSCN,Net,Actual,Mar,6645568782
PJ,2024,TTL VSCN,Net,Actual,May,909242471
PJ,2024,TTL VSCN,Net,Actual,Nov,6466975388
PJ,2024,TTL VSCN,Net,Actual,Oct,8712598798
PJ,2024,TTL VSCN,Net,Actual,Sep,273954844
PJ,2024,TTL VSCN,Net,Budget,Apr,3869284380
PJ,2024,TTL VSCN,Net,Budget,Aug,2280475545
PJ,2024,TTL VSCN,Net,Budget,Dec,9835292736
PJ,2024,TTL VSCN,Net,Budget,Feb,3604458854
PJ,2024,TTL VSCN,Net,Budget,Jan,6585667412
PJ,2024,TTL VSCN,Net,Budget,Jul,7798224466
PJ,2024,TTL VSCN,Net,Budget,Jun,769760066
PJ,2024,TTL VSCN,Net,Budget,Mar,1538062815
PJ,2024,TTL VSCN,Net,Budget,May,4053623076
PJ,2024,TTL VSCN,Net,Budget,Nov,7047817539
PJ,2024,TTL VSCN,Net,Budget,Oct,10103523400
PJ,2024,TTL VSCN,Net,Budget,Sep,1913242525
PJ,2024,TTL VSCN,Net,Forecast,Apr,8531758263
PJ,2024,TTL VSCN,Net,Forecast,Aug,8265364036
PJ,2024,TTL VSCN,Net,Forecast,Dec,10246216220
PJ,2024,TTL VSCN,Net,Forecast,Feb,4146997763
PJ,2024,TTL VSCN,Net,Forecast,Jan,10856000822
PJ,2024,TTL VSCN,Net,Forecast,Jul,148118458
PJ,2024,TTL VSCN,Net,Forecast,Jun,8245546110
PJ,2024,TTL VSCN,Net,Forecast,Mar,4661762223
PJ,2024,TTL VSCN,Net,Forecast,May,214543687
PJ,2024,TTL VSCN,Net,Forecast,Nov,676601252
PJ,2024,TTL VSCN,Net,Forecast,Oct,523735298
PJ,2024,TTL VSCN,Net,Forecast,Sep,7194555011
PJ,2024,TTL VSCN,Op,Actual,Apr,8642761134
PJ,2024,TTL VSCN,Op,Actual,Aug,1759505197
PJ,2024,TTL VSCN,Op,Actual,Dec,9660692325
PJ,2024,TTL VSCN,Op,Actual,Feb,284508972
PJ,2024,TTL VSCN,Op,Actual,Jan,3240866390
PJ,2024,TTL VSCN,Op,Actual,Jul,1225877273
PJ,2024,TTL VSCN,Op,Actual,Jun,1543189000
PJ,2024,TTL VSCN,Op,Actual,Mar,6048139429
PJ,2024,TTL VSCN,Op,Actual,May,6967674166
PJ,2024,TTL VSCN,Op,Actual,Nov,2538981897
PJ,2024,TTL VSCN,Op,Actual,Oct,10677816310
PJ,2024,TTL VSCN,Op,Actual,Sep,1170750947
PJ,2024,TTL VSCN,Op,Budget,Apr,4551389078
PJ,2024,TTL VSCN,Op,Budget,Aug,3995578584
PJ,2024,TTL VSCN,Op,Budget,Dec,612445802
PJ,2024,TTL VSCN,Op,Budget,Feb,605805533
PJ,2024,TTL VSCN,Op,Budget,Jan,9415017780
PJ,2024,TTL VSCN,Op,Budget,Jul,5626597833
PJ,2024,TTL VSCN,Op,Budget,Jun,8074121631
PJ,2024,TTL VSCN,Op,Budget,Mar,11516998666
PJ,2024,TTL VSCN,Op,Budget,May,2182329021
PJ,2024,TTL VSCN,Op,Budget,Nov,7037771965
PJ,2024,TTL VSCN,Op,Budget,Oct,1232334008
PJ,2024,TTL VSCN,Op,Budget,Sep,9459510827
PJ,2024,TTL VSCN,Op,Forecast,Apr,3467166235
PJ,2024,TTL VSCN,Op,Forecast,Aug,9954652079
PJ,2024,TTL VSCN,Op,Forecast,Dec,4607115453
PJ,2024,TTL VSCN,Op,Forecast,Feb,439544205
PJ,2024,TTL VSCN,Op,Forecast,Jan,7382173900
PJ,2024,TTL VSCN,Op,Forecast,Jul,2681003824
PJ,2024,TTL VSCN,Op,Forecast,Jun,7408340651
PJ,2024,TTL VSCN,Op,Forecast,Mar,9965580948
PJ,2024,TTL VSCN,Op,Forecast,May,1437976820
PJ,2024,TTL VSCN,Op,Forecast,Nov,359594893
PJ,2024,TTL VSCN,Op,Forecast,Oct,1809076305
PJ,2024,TTL VSCN,Op,Forecast,Sep,1038584112
PJ,2024,TTL VSE,Gross,Actual,Apr,24031204242
PJ,2024,TTL VSE,Gross,Actual,Aug,25657388040
PJ,2024,TTL VSE,Gross,Actual,Dec,5821346922
PJ,2024,TTL VSE,Gross,Actual,Feb,5013858588
PJ,2024,TTL VSE,Gross,Actual,Jan,13489971660
PJ,2024,TTL VSE,Gross,Actual,Jul,9052553398
PJ,2024,TTL VSE,Gross,Actual,Jun,13592321420
PJ,2024,TTL VSE,Gross,Actual,Mar,22557968596
PJ,2024,TTL VSE,Gross,Actual,May,16594927026
PJ,2024,TTL VSE,Gross,Actual,Nov,1337388226
PJ,2024,TTL VSE,Gross,Actual,Oct,27863352841
PJ,2024,TTL VSE,Gross,Actual,Sep,8765349158
PJ,2024,TTL VSE,Gross,Budget,Apr,11122123346
PJ,2024,TTL VSE,Gross,Budget,Aug,26637726888
PJ,2024,TTL VSE,Gross,Budget,Dec,4619129424
PJ,2024,TTL VSE,Gross,Budget,Feb,22427922415
PJ,2024,TTL VSE,Gross,Budget,Jan,33352543057
PJ,2024,TTL VSE,Gross,Budget,Jul,814087633
PJ,2024,TTL VSE,Gross,Budget,Jun,21429278218
PJ,2024,TTL VSE,Gross,Budget,Mar,22027273904
PJ,2024,TTL VSE,Gross,Budget,May,13989256365
PJ,2024,TTL VSE,Gross,Budget,Nov,4117009088
PJ,2024,TTL VSE,Gross,Budget,Oct,12347524645
PJ,2024,TTL VSE,Gross,Budget,Sep,1174970153
PJ,2024,TTL VSE,Gross,Forecast,Apr,10535416389
PJ,2024,TTL VSE,Gross,Forecast,Aug,12535697698
PJ,2024,TTL VSE,Gross,Forecast,Dec,14477808749
PJ,2024,TTL VSE,Gross,Forecast,Feb,651959045
PJ,2024,TTL VSE,Gross,Forecast,Jan,9633394604
PJ,2024,TTL VSE,Gross,Forecast,Jul,12189978612
PJ,2024,TTL VSE,Gross,Forecast,Jun,3944122707
PJ,2024,TTL VSE,Gross,Forecast,Mar,26677607755
PJ,2024,TTL VSE,Gross,Forecast,May,2382184975
PJ,2024,TTL VSE,Gross,Forecast,Nov,17774335775
PJ,2024,TTL VSE,Gross,Forecast,Oct,21552865506
PJ,2024,TTL VSE,Gross,Forecast,Sep,10814651047
PJ,2024,TTL VSE,Net,Actual,Apr,18853956307
PJ,2024,TTL VSE,Net,Actual,Aug,2785283713
PJ,2024,TTL VSE,Net,Actual,Dec,70036800604
PJ,2024,TTL VSE,Net,Actual,Feb,52639591486
PJ,2024,TTL VSE,Net,Actual,Jan,27597982381
PJ,2024,TTL VSE,Net,Actual,Jul,8757929910
PJ,2024,TTL VSE,Net,Actual,Jun,579225158
PJ,2024,TTL VSE,Net,Actual,Mar,2335388163
PJ,2024,TTL VSE,Net,Actual,May,5207102025
PJ,2024,TTL VSE,Net,Actual,Nov,69840044894
PJ,2024,TTL VSE,Net,Actual,Oct,70447121598
PJ,2024,TTL VSE,Net,Actual,Sep,11752285859
PJ,2024,TTL VSE,Net,Budget,Apr,22944162959
PJ,2024,TTL VSE,Net,Budget,Aug,19823769807
PJ,2024,TTL VSE,Net,Budget,Dec,16121691984
PJ,2024,TTL VSE,Net,Budget,Feb,63204400467
PJ,2024,TTL VSE,Net,Budget,Jan,6826484329
PJ,2024,TTL VSE,Net,Budget,Jul,12812528983
PJ,2024,TTL VSE,Net,Budget,Jun,6890650768
PJ,2024,TTL VSE,Net,Budget,Mar,4049446976
PJ,2024,TTL VSE,Net,Budget,May,18247965357
PJ,2024,TTL VSE,Net,Budget,Nov,8818670043
PJ,2024,TTL VSE,Net,Budget,Oct,46440939062
PJ,2024,TTL VSE,Net,Budget,Sep,24480905943
PJ,2024,TTL VSE,Net,Forecast,Apr,7504641636
PJ,2024,TTL VSE,Net,Forecast,Aug,9722763215
PJ,2024,TTL VSE,Net,Forecast,Dec,12550248837
PJ,2024,TTL VSE,Net,Forecast,Feb,63896010692
PJ,2024,TTL VSE,Net,Forecast,Jan,21987549646
PJ,2024,TTL VSE,Net,Forecast,Jul,172628551
PJ,2024,TTL VSE,Net,Forecast,Jun,1968954133
PJ,2024,TTL VSE,Net,Forecast,Mar,69119672488
PJ,2024,TTL VSE,Net,Forecast,May,15071328191
PJ,2024,TTL VSE,Net,Forecast,Nov,34003252299
PJ,2024,TTL VSE,Net,Forecast,Oct,57618088179
PJ,2024,TTL VSE,Net,Forecast,Sep,17003511687
PJ,2024,TTL VSE,Op,Actual,Apr,9241497700
PJ,2024,TTL VSE,Op,Actual,Aug,7511925204
PJ,2024,TTL VSE,Op,Actual,Dec,52185939464
PJ,2024,TTL VSE,Op,Actual,Feb,3093244107
PJ,2024,TTL VSE,Op,Actual,Jan,32839243127
PJ,2024,TTL VSE,Op,Actual,Jul,6210565902
PJ,2024,TTL VSE,Op,Actual,Jun,6786779704
PJ,2024,TTL VSE,Op,Actual,Mar,8362952184
PJ,2024,TTL VSE,Op,Actual,May,15057171656
PJ,2024,TTL VSE,Op,Actual,Nov,75104834406
PJ,2024,TTL VSE,Op,Actual,Oct,50103019559
PJ,2024,TTL VSE,Op,Actual,Sep,12598978515
PJ,2024,TTL VSE,Op,Budget,Apr,11141756037
PJ,2024,TTL VSE,Op,Budget,Aug,2034758488
PJ,2024,TTL VSE,Op,Budget,Dec,55578015725
PJ,2024,TTL VSE,Op,Budget,Feb,27002557008
PJ,2024,TTL VSE,Op,Budget,Jan,12443427698
PJ,2024,TTL VSE,Op,Budget,Jul,22675824201
PJ,2024,TTL VSE,Op,Budget,Jun,15015797491
PJ,2024,TTL VSE,Op,Budget,Mar,43686002052
PJ,2024,TTL VSE,Op,Budget,May,4775034672
PJ,2024,TTL VSE,Op,Budget,Nov,18304236067
PJ,2024,TTL VSE,Op,Budget,Oct,39989717553
PJ,2024,TTL VSE,Op,Budget,Sep,11884057442
PJ,2024,TTL VSE,Op,Forecast,Apr,5411170295
PJ,2024,TTL VSE,Op,Forecast,Aug,17775832991
PJ,2024,TTL VSE,Op,Forecast,Dec,46046011594
PJ,2024,TTL VSE,Op,Forecast,Feb,19592903481
PJ,2024,TTL VSE,Op,Forecast,Jan,17112828476
PJ,2024,TTL VSE,Op,Forecast,Jul,982098577
PJ,2024,TTL VSE,Op,Forecast,Jun,7961615384
PJ,2024,TTL VSE,Op,Forecast,Mar,24190083231
PJ,2024,TTL VSE,Op,Forecast,May,3454573125
PJ,2024,TTL VSE,Op,Forecast,Nov,83624335699
PJ,2024,TTL VSE,Op,Forecast,Oct,69565965593
PJ,2024,TTL VSE,Op,Forecast,Sep,7520557534
PJ,2024,TTL VSEE,Gross,Actual,Apr,2741790911
PJ,2024,TTL VSEE,Gross,Actual,Aug,2399689313
PJ,2024,TTL VSEE,Gross,Actual,Dec,2400318225
PJ,2024,TTL VSEE,Gross,Actual,Feb,4203146543
PJ,2024,TTL VSEE,Gross,Actual,Jan,14445870947
PJ,2024,TTL VSEE,Gross,Actual,Jul,5563546965
PJ,2024,TTL VSEE,Gross,Actual,Jun,8737281861
PJ,2024,TTL VSEE,Gross,Actual,Mar,8731551887
PJ,2024,TTL VSEE,Gross,Actual,May,4081974176
PJ,2024,TTL VSEE,Gross,Actual,Nov,9938233099
PJ,2024,TTL VSEE,Gross,Actual,Oct,10443678893
PJ,2024,TTL VSEE,Gross,Actual,Sep,10692474603
PJ,2024,TTL VSEE,Gross,Budget,Apr,2759721104
PJ,2024,TTL VSEE,Gross,Budget,Aug,556356380
PJ,2024,TTL VSEE,Gross,Budget,Dec,2831974498
PJ,2024,TTL VSEE,Gross,Budget,Feb,283956175
PJ,2024,TTL VSEE,Gross,Budget,Jan,1889128365
PJ,2024,TTL VSEE,Gross,Budget,Jul,2308302283
PJ,2024,TTL VSEE,Gross,Budget,Jun,2701669423
PJ,2024,TTL VSEE,Gross,Budget,Mar,2026282761
PJ,2024,TTL VSEE,Gross,Budget,May,4743688368
PJ,2024,TTL VSEE,Gross,Budget,Nov,2671254121
PJ,2024,TTL VSEE,Gross,Budget,Oct,6975359815
PJ,2024,TTL VSEE,Gross,Budget,Sep,11535396027
PJ,2024,TTL VSEE,Gross,Forecast,Apr,2177245415
PJ,2024,TTL VSEE,Gross,Forecast,Aug,951281254
PJ,2024,TTL VSEE,Gross,Forecast,Dec,2257360390
PJ,2024,TTL VSEE,Gross,Forecast,Feb,3683935109
PJ,2024,TTL VSEE,Gross,Forecast,Jan,823099357
PJ,2024,TTL VSEE,Gross,Forecast,Jul,5774053762
PJ,2024,TTL VSEE,Gross,Forecast,Jun,1800991307
PJ,2024,TTL VSEE,Gross,Forecast,Mar,4944043413
PJ,2024,TTL VSEE,Gross,Forecast,May,191471439
PJ,2024,TTL VSEE,Gross,Forecast,Nov,5138285230
PJ,2024,TTL VSEE,Gross,Forecast,Oct,11387066475
PJ,2024,TTL VSEE,Gross,Forecast,Sep,14307464231
PJ,2024,TTL VSEE,Net,Actual,Apr,8612456214
PJ,2024,TTL VSEE,Net,Actual,Aug,8332860033
PJ,2024,TTL VSEE,Net,Actual,Dec,5432702250
PJ,2024,TTL VSEE,Net,Actual,Feb,22516204904
PJ,2024,TTL VSEE,Net,Actual,Jan,7723648232
PJ,2024,TTL VSEE,Net,Actual,Jul,5612319194
PJ,2024,TTL VSEE,Net,Actual,Jun,9026201617
PJ,2024,TTL VSEE,Net,Actual,Mar,26949389173
PJ,2024,TTL VSEE,Net,Actual,May,5070927464
PJ,2024,TTL VSEE,Net,Actual,Nov,24746921659
PJ,2024,TTL VSEE,Net,Actual,Oct,22131318472
PJ,2024,TTL VSEE,Net,Actual,Sep,6796708280
PJ,2024,TTL VSEE,Net,Budget,Apr,5463571626
PJ,2024,TTL VSEE,Net,Budget,Aug,692532831
PJ,2024,TTL VSEE,Net,Budget,Dec,46356815959
PJ,2024,TTL VSEE,Net,Budget,Feb,23578506416
PJ,2024,TTL VSEE,Net,Budget,Jan,831689727
PJ,2024,TTL VSEE,Net,Budget,Jul,6546807740
PJ,2024,TTL VSEE,Net,Budget,Jun,1292531216
PJ,2024,TTL VSEE,Net,Budget,Mar,54787052991
PJ,2024,TTL VSEE,Net,Budget,May,2117298776
PJ,2024,TTL VSEE,Net,Budget,Nov,66230982001
PJ,2024,TTL VSEE,Net,Budget,Oct,17199068765
PJ,2024,TTL VSEE,Net,Budget,Sep,1921262488
PJ,2024,TTL VSEE,Net,Forecast,Apr,8049028824
PJ,2024,TTL VSEE,Net,Forecast,Aug,2904826197
PJ,2024,TTL VSEE,Net,Forecast,Dec,39199223055
PJ,2024,TTL VSEE,Net,Forecast,Feb,10277624745
PJ,2024,TTL VSEE,Net,Forecast,Jan,8038506955
PJ,2024,TTL VSEE,Net,Forecast,Jul,1487841201
PJ,2024,TTL VSEE,Net,Forecast,Jun,1743214770
PJ,2024,TTL VSEE,Net,Forecast,Mar,29895535360
PJ,2024,TTL VSEE,Net,Forecast,May,4307054982
PJ,2024,TTL VSEE,Net,Forecast,Nov,58159164917
PJ,2024,TTL VSEE,Net,Forecast,Oct,59520485734
PJ,2024,TTL VSEE,Net,Forecast,Sep,213100394
PJ,2024,TTL VSEE,Op,Actual,Apr,8492771858
PJ,2024,TTL VSEE,Op,Actual,Aug,4661558279
PJ,2024,TTL VSEE,Op,Actual,Dec,38343758232
PJ,2024,TTL VSEE,Op,Actual,Feb,35767522119
PJ,2024,TTL VSEE,Op,Actual,Jan,2184616204
PJ,2024,TTL VSEE,Op,Actual,Jul,2443092097
PJ,2024,TTL VSEE,Op,Actual,Jun,2982287142
PJ,2024,TTL VSEE,Op,Actual,Mar,19755522836
PJ,2024,TTL VSEE,Op,Actual,May,1688089325
PJ,2024,TTL VSEE,Op,Actual,Nov,41887502981
PJ,2024,TTL VSEE,Op,Actual,Oct,12786457324
PJ,2024,TTL VSEE,Op,Actual,Sep,9965544527
PJ,2024,TTL VSEE,Op,Budget,Apr,619433089
PJ,2024,TTL VSEE,Op,Budget,Aug,2986083333
PJ,2024,TTL VSEE,Op,Budget,Dec,34801726488
PJ,2024,TTL VSEE,Op,Budget,Feb,57916680631
PJ,2024,TTL VSEE,Op,Budget,Jan,5403364870
PJ,2024,TTL VSEE,Op,Budget,Jul,4335854771
PJ,2024,TTL VSEE,Op,Budget,Jun,4919149999
PJ,2024,TTL VSEE,Op,Budget,Mar,50619400208
PJ,2024,TTL VSEE,Op,Budget,May,3916975997
PJ,2024,TTL VSEE,Op,Budget,Nov,3136429661
PJ,2024,TTL VSEE,Op,Budget,Oct,61159262068
PJ,2024,TTL VSEE,Op,Budget,Sep,6506220275
PJ,2024,TTL VSEE,Op,Forecast,Apr,4257471426
PJ,2024,TTL VSEE,Op,Forecast,Aug,1192032239
PJ,2024,TTL VSEE,Op,Forecast,Dec,23755146590
PJ,2024,TTL VSEE,Op,Forecast,Feb,13412173412
PJ,2024,TTL VSEE,Op,Forecast,Jan,1819831168
PJ,2024,TTL VSEE,Op,Forecast,Jul,6849057485
PJ,2024,TTL VSEE,Op,Forecast,Jun,4165127272
PJ,2024,TTL VSEE,Op,Forecast,Mar,37628151894
PJ,2024,TTL VSEE,Op,Forecast,May,6051291002
PJ,2024,TTL VSEE,Op,Forecast,Nov,48228420999
PJ,2024,TTL VSEE,Op,Forecast,Oct,26930922771
PJ,2024,TTL VSEE,Op,Forecast,Sep,13367319125
PJ,2024,TTL VSEW,Gross,Actual,Apr,3038638299
PJ,2024,TTL VSEW,Gross,Actual,Aug,1833847432
PJ,2024,TTL VSEW,Gross,Actual,Dec,6567617395
PJ,2024,TTL VSEW,Gross,Actual,Feb,6598898765
PJ,2024,TTL VSEW,Gross,Actual,Jan,6502134573
PJ,2024,TTL VSEW,Gross,Actual,Jul,10977656853
PJ,2024,TTL VSEW,Gross,Actual,Jun,6482072739
PJ,2024,TTL VSEW,Gross,Actual,Mar,10209189051
PJ,2024,TTL VSEW,Gross,Actual,May,1344266533
PJ,2024,TTL VSEW,Gross,Actual,Nov,9701285089
PJ,2024,TTL VSEW,Gross,Actual,Oct,11904435805
PJ,2024,TTL VSEW,Gross,Actual,Sep,8239731147
PJ,2024,TTL VSEW,Gross,Budget,Apr,11994640967
PJ,2024,TTL VSEW,Gross,Budget,Aug,1981207261
PJ,2024,TTL VSEW,Gross,Budget,Dec,3661121389
PJ,2024,TTL VSEW,Gross,Budget,Feb,12837808650
PJ,2024,TTL VSEW,Gross,Budget,Jan,14131878395
PJ,2024,TTL VSEW,Gross,Budget,Jul,8381841015
PJ,2024,TTL VSEW,Gross,Budget,Jun,8751652659
PJ,2024,TTL VSEW,Gross,Budget,Mar,8357515846
PJ,2024,TTL VSEW,Gross,Budget,May,8236128502
PJ,2024,TTL VSEW,Gross,Budget,Nov,9799661712
PJ,2024,TTL VSEW,Gross,Budget,Oct,6759069135
PJ,2024,TTL VSEW,Gross,Budget,Sep,1884389114
PJ,2024,TTL VSEW,Gross,Forecast,Apr,6603455546
PJ,2024,TTL VSEW,Gross,Forecast,Aug,3666534139
PJ,2024,TTL VSEW,Gross,Forecast,Dec,3231615528
PJ,2024,TTL VSEW,Gross,Forecast,Feb,2129063239
PJ,2024,TTL VSEW,Gross,Forecast,Jan,15632809832
PJ,2024,TTL VSEW,Gross,Forecast,Jul,4935982231
PJ,2024,TTL VSEW,Gross,Forecast,Jun,727079113
PJ,2024,TTL VSEW,Gross,Forecast,Mar,3438031332
PJ,2024,TTL VSEW,Gross,Forecast,May,5484208520
PJ,2024,TTL VSEW,Gross,Forecast,Nov,1795793780
PJ,2024,TTL VSEW,Gross,Forecast,Oct,12167537261
PJ,2024,TTL VSEW,Gross,Forecast,Sep,3813585773
PJ,2024,TTL VSEW,Net,Actual,Apr,6522911400
PJ,2024,TTL VSEW,Net,Actual,Aug,10247273165
PJ,2024,TTL VSEW,Net,Actual,Dec,2097853360
PJ,2024,TTL VSEW,Net,Actual,Feb,3205779835
PJ,2024,TTL VSEW,Net,Actual,Jan,6663649197
PJ,2024,TTL VSEW,Net,Actual,Jul,11034177147
PJ,2024,TTL VSEW,Net,Actual,Jun,13169589622
PJ,2024,TTL VSEW,Net,Actual,Mar,5101670645
PJ,2024,TTL VSEW,Net,Actual,May,5306237509
PJ,2024,TTL VSEW,Net,Actual,Nov,7738482072
PJ,2024,TTL VSEW,Net,Actual,Oct,8841320590
PJ,2024,TTL VSEW,Net,Actual,Sep,4936632647
PJ,2024,TTL VSEW,Net,Budget,Apr,9932734544
PJ,2024,TTL VSEW,Net,Budget,Aug,2301290110
PJ,2024,TTL VSEW,Net,Budget,Dec,1283600159
PJ,2024,TTL VSEW,Net,Budget,Feb,7167966200
PJ,2024,TTL VSEW,Net,Budget,Jan,14931223160
PJ,2024,TTL VSEW,Net,Budget,Jul,293872269
PJ,2024,TTL VSEW,Net,Budget,Jun,4298962025
PJ,2024,TTL VSEW,Net,Budget,Mar,8705615550
PJ,2024,TTL VSEW,Net,Budget,May,9815596423
PJ,2024,TTL VSEW,Net,Budget,Nov,12083769858
PJ,2024,TTL VSEW,Net,Budget,Oct,7375466212
PJ,2024,TTL VSEW,Net,Budget,Sep,7490854149
PJ,2024,TTL VSEW,Net,Forecast,Apr,4248213489
PJ,2024,TTL VSEW,Net,Forecast,Aug,11322762995
PJ,2024,TTL VSEW,Net,Forecast,Dec,4417904966
PJ,2024,TTL VSEW,Net,Forecast,Feb,8736426461
PJ,2024,TTL VSEW,Net,Forecast,Jan,15973186166
PJ,2024,TTL VSEW,Net,Forecast,Jul,3371623135
PJ,2024,TTL VSEW,Net,Forecast,Jun,10429646160
PJ,2024,TTL VSEW,Net,Forecast,Mar,6546104184
PJ,2024,TTL VSEW,Net,Forecast,May,8856950801
PJ,2024,TTL VSEW,Net,Forecast,Nov,6799532256
PJ,2024,TTL VSEW,Net,Forecast,Oct,6171570506
PJ,2024,TTL VSEW,Net,Forecast,Sep,3989746085
PJ,2024,TTL VSEW,Op,Actual,Apr,12222811581
PJ,2024,TTL VSEW,Op,Actual,Aug,12315516795
PJ,2024,TTL VSEW,Op,Actual,Dec,5343608933
PJ,2024,TTL VSEW,Op,Actual,Feb,4268661584
PJ,2024,TTL VSEW,Op,Actual,Jan,17165745840
PJ,2024,TTL VSEW,Op,Actual,Jul,6285134365
PJ,2024,TTL VSEW,Op,Actual,Jun,11638223777
PJ,2024,TTL VSEW,Op,Actual,Mar,3763294412
PJ,2024,TTL VSEW,Op,Actual,May,6162408905
PJ,2024,TTL VSEW,Op,Actual,Nov,3037293129
PJ,2024,TTL VSEW,Op,Actual,Oct,7267664804
PJ,2024,TTL VSEW,Op,Actual,Sep,12304425161
PJ,2024,TTL VSEW,Op,Budget,Apr,10236474406
PJ,2024,TTL VSEW,Op,Budget,Aug,6197294647
PJ,2024,TTL VSEW,Op,Budget,Dec,115435390
PJ,2024,TTL VSEW,Op,Budget,Feb,8082036538
PJ,2024,TTL VSEW,Op,Budget,Jan,4146056134
PJ,2024,TTL VSEW,Op,Budget,Jul,13780708414
PJ,2024,TTL VSEW,Op,Budget,Jun,544614271
PJ,2024,TTL VSEW,Op,Budget,Mar,3431277083
PJ,2024,TTL VSEW,Op,Budget,May,3341070474
PJ,2024,TTL VSEW,Op,Budget,Nov,8362448502
PJ,2024,TTL VSEW,Op,Budget,Oct,7207179672
PJ,2024,TTL VSEW,Op,Budget,Sep,1405701044
PJ,2024,TTL VSEW,Op,Forecast,Apr,6644420150
PJ,2024,TTL VSEW,Op,Forecast,Aug,2159473179
PJ,2024,TTL VSEW,Op,Forecast,Dec,4349695542
PJ,2024,TTL VSEW,Op,Forecast,Feb,77779052
PJ,2024,TTL VSEW,Op,Forecast,Jan,7015950760
PJ,2024,TTL VSEW,Op,Forecast,Jul,749019465
PJ,2024,TTL VSEW,Op,Forecast,Jun,606200575
PJ,2024,TTL VSEW,Op,Forecast,Mar,10822294399
PJ,2024,TTL VSEW,Op,Forecast,May,9299357505
PJ,2024,TTL VSEW,Op,Forecast,Nov,11355829113
PJ,2024,TTL VSEW,Op,Forecast,Oct,9303753153
PJ,2024,TTL VSEW,Op,Forecast,Sep,6051996466
PJ,2024,TTL VSI,Gross,Actual,Apr,6980235146
PJ,2024,TTL VSI,Gross,Actual,Aug,13858687983
PJ,2024,TTL VSI,Gross,Actual,Dec,9956694178
PJ,2024,TTL VSI,Gross,Actual,Feb,6579314231
PJ,2024,TTL VSI,Gross,Actual,Jan,17699656411
PJ,2024,TTL VSI,Gross,Actual,Jul,14079926644
PJ,2024,TTL VSI,Gross,Actual,Jun,12583783223
PJ,2024,TTL VSI,Gross,Actual,Mar,22836700243
PJ,2024,TTL VSI,Gross,Actual,May,6768463981
PJ,2024,TTL VSI,Gross,Actual,Nov,3690191797
PJ,2024,TTL VSI,Gross,Actual,Oct,7045258178
PJ,2024,TTL VSI,Gross,Actual,Sep,169517987
PJ,2024,TTL VSI,Gross,Budget,Apr,19175056627
PJ,2024,TTL VSI,Gross,Budget,Aug,8042688472
PJ,2024,TTL VSI,Gross,Budget,Dec,5912437053
PJ,2024,TTL VSI,Gross,Budget,Feb,16748147785
PJ,2024,TTL VSI,Gross,Budget,Jan,25531909604
PJ,2024,TTL VSI,Gross,Budget,Jul,6240932183
PJ,2024,TTL VSI,Gross,Budget,Jun,32194281738
PJ,2024,TTL VSI,Gross,Budget,Mar,26615693736
PJ,2024,TTL VSI,Gross,Budget,May,1148632409
PJ,2024,TTL VSI,Gross,Budget,Nov,13845560231
PJ,2024,TTL VSI,Gross,Budget,Oct,10262025810
PJ,2024,TTL VSI,Gross,Budget,Sep,23130957616
PJ,2024,TTL VSI,Gross,Forecast,Apr,21443928418
PJ,2024,TTL VSI,Gross,Forecast,Aug,12540784874
PJ,2024,TTL VSI,Gross,Forecast,Dec,3843769673
PJ,2024,TTL VSI,Gross,Forecast,Feb,6337863515
PJ,2024,TTL VSI,Gross,Forecast,Jan,21846875857
PJ,2024,TTL VSI,Gross,Forecast,Jul,8983484446
PJ,2024,TTL VSI,Gross,Forecast,Jun,5415719677
PJ,2024,TTL VSI,Gross,Forecast,Mar,14613393910
PJ,2024,TTL VSI,Gross,Forecast,May,18674381244
PJ,2024,TTL VSI,Gross,Forecast,Nov,2830830394
PJ,2024,TTL VSI,Gross,Forecast,Oct,6131141491
PJ,2024,TTL VSI,Gross,Forecast,Sep,2189058081
PJ,2024,TTL VSI,Net,Actual,Apr,17632011186
PJ,2024,TTL VSI,Net,Actual,Aug,19103079582
PJ,2024,TTL VSI,Net,Actual,Dec,442437033
PJ,2024,TTL VSI,Net,Actual,Feb,2348882401
PJ,2024,TTL VSI,Net,Actual,Jan,10920766715
PJ,2024,TTL VSI,Net,Actual,Jul,1963175254
PJ,2024,TTL VSI,Net,Actual,Jun,18309389905
PJ,2024,TTL VSI,Net,Actual,Mar,1690448176
PJ,2024,TTL VSI,Net,Actual,May,11444034047
PJ,2024,TTL VSI,Net,Actual,Nov,14494820403
PJ,2024,TTL VSI,Net,Actual,Oct,9067029680
PJ,2024,TTL VSI,Net,Actual,Sep,12414001723
PJ,2024,TTL VSI,Net,Budget,Apr,2765828805
PJ,2024,TTL VSI,Net,Budget,Aug,9481748180
PJ,2024,TTL VSI,Net,Budget,Dec,23668706082
PJ,2024,TTL VSI,Net,Budget,Feb,3068253561
PJ,2024,TTL VSI,Net,Budget,Jan,14228247091
PJ,2024,TTL VSI,Net,Budget,Jul,6402180756
PJ,2024,TTL VSI,Net,Budget,Jun,16705710037
PJ,2024,TTL VSI,Net,Budget,Mar,25793718825
PJ,2024,TTL VSI,Net,Budget,May,16850293652
PJ,2024,TTL VSI,Net,Budget,Nov,17372059565
PJ,2024,TTL VSI,Net,Budget,Oct,10235133340
PJ,2024,TTL VSI,Net,Budget,Sep,9161323837
PJ,2024,TTL VSI,Net,Forecast,Apr,5739075792
PJ,2024,TTL VSI,Net,Forecast,Aug,486909013
PJ,2024,TTL VSI,Net,Forecast,Dec,24667172841
PJ,2024,TTL VSI,Net,Forecast,Feb,872363842
PJ,2024,TTL VSI,Net,Forecast,Jan,26863138788
PJ,2024,TTL VSI,Net,Forecast,Jul,788941881
PJ,2024,TTL VSI,Net,Forecast,Jun,3051845635
PJ,2024,TTL VSI,Net,Forecast,Mar,15951669231
PJ,2024,TTL VSI,Net,Forecast,May,18966327809
PJ,2024,TTL VSI,Net,Forecast,Nov,5408800971
PJ,2024,TTL VSI,Net,Forecast,Oct,8962659840
PJ,2024,TTL VSI,Net,Forecast,Sep,227301651
PJ,2024,TTL VSI,Op,Actual,Apr,20375336146
PJ,2024,TTL VSI,Op,Actual,Aug,12967094119
PJ,2024,TTL VSI,Op,Actual,Dec,18442000330
PJ,2024,TTL VSI,Op,Actual,Feb,10005701463
PJ,2024,TTL VSI,Op,Actual,Jan,25651320010
PJ,2024,TTL VSI,Op,Actual,Jul,13596403762
PJ,2024,TTL VSI,Op,Actual,Jun,30650507634
PJ,2024,TTL VSI,Op,Actual,Mar,6698676027
PJ,2024,TTL VSI,Op,Actual,May,9614226867
PJ,2024,TTL VSI,Op,Actual,Nov,12356924104
PJ,2024,TTL VSI,Op,Actual,Oct,3288294774
PJ,2024,TTL VSI,Op,Actual,Sep,3421034379
PJ,2024,TTL VSI,Op,Budget,Apr,8838062296
PJ,2024,TTL VSI,Op,Budget,Aug,6009016900
PJ,2024,TTL VSI,Op,Budget,Dec,2348470386
PJ,2024,TTL VSI,Op,Budget,Feb,5994721006
PJ,2024,TTL VSI,Op,Budget,Jan,236319806
PJ,2024,TTL VSI,Op,Budget,Jul,11810350181
PJ,2024,TTL VSI,Op,Budget,Jun,31947943706
PJ,2024,TTL VSI,Op,Budget,Mar,4491920312
PJ,2024,TTL VSI,Op,Budget,May,18880360157
PJ,2024,TTL VSI,Op,Budget,Nov,8351317577
PJ,2024,TTL VSI,Op,Budget,Oct,8645288933
PJ,2024,TTL VSI,Op,Budget,Sep,8550631809
PJ,2024,TTL VSI,Op,Forecast,Apr,21391672566
PJ,2024,TTL VSI,Op,Forecast,Aug,14962076539
PJ,2024,TTL VSI,Op,Forecast,Dec,25130521032
PJ,2024,TTL VSI,Op,Forecast,Feb,14395704486
PJ,2024,TTL VSI,Op,Forecast,Jan,10758525421
PJ,2024,TTL VSI,Op,Forecast,Jul,14463361173
PJ,2024,TTL VSI,Op,Forecast,Jun,25309525335
PJ,2024,TTL VSI,Op,Forecast,Mar,4643945300
PJ,2024,TTL VSI,Op,Forecast,May,13563511484
PJ,2024,TTL VSI,Op,Forecast,Nov,3628201761
PJ,2024,TTL VSI,Op,Forecast,Oct,10588524808
PJ,2024,TTL VSI,Op,Forecast,Sep,6443111917
PJ,2024,TW,Gross,Actual,Apr,455911405
PJ,2024,TW,Gross,Actual,Apr,815844929
PJ,2024,TW,Gross,Actual,Aug,1787701612
PJ,2024,TW,Gross,Actual,Aug,2662440157
PJ,2024,TW,Gross,Actual,Dec,1127655498
PJ,2024,TW,Gross,Actual,Dec,971666705
PJ,2024,TW,Gross,Actual,Feb,1806699311
PJ,2024,TW,Gross,Actual,Feb,2238315795
PJ,2024,TW,Gross,Actual,Jan,2143331888
PJ,2024,TW,Gross,Actual,Jan,2444182997
PJ,2024,TW,Gross,Actual,Jul,245274576
PJ,2024,TW,Gross,Actual,Jul,549442904
PJ,2024,TW,Gross,Actual,Jun,1137668088
PJ,2024,TW,Gross,Actual,Jun,2245217833
PJ,2024,TW,Gross,Actual,Mar,3442753925
PJ,2024,TW,Gross,Actual,Mar,1334611676
PJ,2024,TW,Gross,Actual,May,1543189643
PJ,2024,TW,Gross,Actual,May,671819119
PJ,2024,TW,Gross,Actual,Nov,1241699581
PJ,2024,TW,Gross,Actual,Nov,2264309728
PJ,2024,TW,Gross,Actual,Oct,1258234476
PJ,2024,TW,Gross,Actual,Oct,2002987081
PJ,2024,TW,Gross,Actual,Sep,1059447555
PJ,2024,TW,Gross,Actual,Sep,38836650
PJ,2024,TW,Gross,Budget,Apr,23653185
PJ,2024,TW,Gross,Budget,Apr,887387521
PJ,2024,TW,Gross,Budget,Aug,1849378973
PJ,2024,TW,Gross,Budget,Aug,1530212046
PJ,2024,TW,Gross,Budget,Dec,1737365466
PJ,2024,TW,Gross,Budget,Dec,1999765867
PJ,2024,TW,Gross,Budget,Feb,824475178
PJ,2024,TW,Gross,Budget,Feb,1884297448
PJ,2024,TW,Gross,Budget,Jan,1110246339
PJ,2024,TW,Gross,Budget,Jan,1037529691
PJ,2024,TW,Gross,Budget,Jul,452005376
PJ,2024,TW,Gross,Budget,Jul,428333617
PJ,2024,TW,Gross,Budget,Jun,480665324
PJ,2024,TW,Gross,Budget,Jun,1772670739
PJ,2024,TW,Gross,Budget,Mar,1408954952
PJ,2024,TW,Gross,Budget,Mar,1119149892
PJ,2024,TW,Gross,Budget,May,1266450944
PJ,2024,TW,Gross,Budget,May,1095870180
PJ,2024,TW,Gross,Budget,Nov,1357148956
PJ,2024,TW,Gross,Budget,Nov,284064185
PJ,2024,TW,Gross,Budget,Oct,572204179
PJ,2024,TW,Gross,Budget,Oct,1203605516
PJ,2024,TW,Gross,Budget,Sep,1160542232
PJ,2024,TW,Gross,Budget,Sep,1424874099
PJ,2024,TW,Gross,Forecast,Apr,879943679
PJ,2024,TW,Gross,Forecast,Apr,71092441
PJ,2024,TW,Gross,Forecast,Aug,1506817175
PJ,2024,TW,Gross,Forecast,Aug,33097088
PJ,2024,TW,Gross,Forecast,Dec,1671944034
PJ,2024,TW,Gross,Forecast,Dec,1888353328
PJ,2024,TW,Gross,Forecast,Feb,1355590970
PJ,2024,TW,Gross,Forecast,Feb,1614780393
PJ,2024,TW,Gross,Forecast,Jan,2445517824
PJ,2024,TW,Gross,Forecast,Jan,719861847
PJ,2024,TW,Gross,Forecast,Jul,1460927917
PJ,2024,TW,Gross,Forecast,Jul,2179452986
PJ,2024,TW,Gross,Forecast,Jun,188846188
PJ,2024,TW,Gross,Forecast,Jun,1108265244
PJ,2024,TW,Gross,Forecast,Mar,1605734910
PJ,2024,TW,Gross,Forecast,Mar,2288792264
PJ,2024,TW,Gross,Forecast,May,1280900742
PJ,2024,TW,Gross,Forecast,May,1751184655
PJ,2024,TW,Gross,Forecast,Nov,696851240
PJ,2024,TW,Gross,Forecast,Nov,1991858396
PJ,2024,TW,Gross,Forecast,Oct,1568715006
PJ,2024,TW,Gross,Forecast,Oct,1008989675
PJ,2024,TW,Gross,Forecast,Sep,981174378
PJ,2024,TW,Gross,Forecast,Sep,1081009790
PJ,2024,TW,Net,Actual,Apr,1222937027
PJ,2024,TW,Net,Actual,Apr,1079001633
PJ,2024,TW,Net,Actual,Aug,513959360
PJ,2024,TW,Net,Actual,Aug,1866532791
PJ,2024,TW,Net,Actual,Dec,143080699
PJ,2024,TW,Net,Actual,Dec,50280833
PJ,2024,TW,Net,Actual,Feb,1006818209
PJ,2024,TW,Net,Actual,Feb,1944122149
PJ,2024,TW,Net,Actual,Jan,273526334
PJ,2024,TW,Net,Actual,Jan,2992758977
PJ,2024,TW,Net,Actual,Jul,2101032766
PJ,2024,TW,Net,Actual,Jul,1631392861
PJ,2024,TW,Net,Actual,Jun,978528806
PJ,2024,TW,Net,Actual,Jun,1981016381
PJ,2024,TW,Net,Actual,Mar,1833066454
PJ,2024,TW,Net,Actual,Mar,367424557
PJ,2024,TW,Net,Actual,May,37546936
PJ,2024,TW,Net,Actual,May,1663707039
PJ,2024,TW,Net,Actual,Nov,629795431
PJ,2024,TW,Net,Actual,Nov,3567845678
PJ,2024,TW,Net,Actual,Oct,2320806358
PJ,2024,TW,Net,Actual,Oct,2226751714
PJ,2024,TW,Net,Actual,Sep,30120338
PJ,2024,TW,Net,Actual,Sep,465592869
PJ,2024,TW,Net,Budget,Apr,1025659140
PJ,2024,TW,Net,Budget,Apr,313053166
PJ,2024,TW,Net,Budget,Aug,92853420
PJ,2024,TW,Net,Budget,Aug,1597700431
PJ,2024,TW,Net,Budget,Dec,546246478
PJ,2024,TW,Net,Budget,Dec,1534614672
PJ,2024,TW,Net,Budget,Feb,513053000
PJ,2024,TW,Net,Budget,Feb,60017694
PJ,2024,TW,Net,Budget,Jan,2985488217
PJ,2024,TW,Net,Budget,Jan,503484808
PJ,2024,TW,Net,Budget,Jul,13245404
PJ,2024,TW,Net,Budget,Jul,117420114
PJ,2024,TW,Net,Budget,Jun,2294283696
PJ,2024,TW,Net,Budget,Jun,2515443975
PJ,2024,TW,Net,Budget,Mar,2137572228
PJ,2024,TW,Net,Budget,Mar,1982948918
PJ,2024,TW,Net,Budget,May,2196958727
PJ,2024,TW,Net,Budget,May,416010808
PJ,2024,TW,Net,Budget,Nov,2838883536
PJ,2024,TW,Net,Budget,Nov,3544458880
PJ,2024,TW,Net,Budget,Oct,2096353260
PJ,2024,TW,Net,Budget,Oct,1847971640
PJ,2024,TW,Net,Budget,Sep,1339685860
PJ,2024,TW,Net,Budget,Sep,184230648
PJ,2024,TW,Net,Forecast,Apr,1164978706
PJ,2024,TW,Net,Forecast,Apr,1109226957
PJ,2024,TW,Net,Forecast,Aug,1724666333
PJ,2024,TW,Net,Forecast,Aug,1812022576
PJ,2024,TW,Net,Forecast,Dec,1287189605
PJ,2024,TW,Net,Forecast,Dec,1153006244
PJ,2024,TW,Net,Forecast,Feb,1822395907
PJ,2024,TW,Net,Forecast,Feb,1290441045
PJ,2024,TW,Net,Forecast,Jan,2568726480
PJ,2024,TW,Net,Forecast,Jan,139068724
PJ,2024,TW,Net,Forecast,Jul,1265775073
PJ,2024,TW,Net,Forecast,Jul,1464373890
PJ,2024,TW,Net,Forecast,Jun,541038786
PJ,2024,TW,Net,Forecast,Jun,1110100655
PJ,2024,TW,Net,Forecast,Mar,3746446615
PJ,2024,TW,Net,Forecast,Mar,455931769
PJ,2024,TW,Net,Forecast,May,31649914
PJ,2024,TW,Net,Forecast,May,2550641994
PJ,2024,TW,Net,Forecast,Nov,1204959049
PJ,2024,TW,Net,Forecast,Nov,4013664281
PJ,2024,TW,Net,Forecast,Oct,593188794
PJ,2024,TW,Net,Forecast,Oct,2424345193
PJ,2024,TW,Net,Forecast,Sep,936373507
PJ,2024,TW,Net,Forecast,Sep,515228236
PJ,2024,TW,Op,Actual,Apr,272413447
PJ,2024,TW,Op,Actual,Apr,1731475597
PJ,2024,TW,Op,Actual,Aug,2539063332
PJ,2024,TW,Op,Actual,Aug,1950843232
PJ,2024,TW,Op,Actual,Dec,1016801596
PJ,2024,TW,Op,Actual,Dec,1045978960
PJ,2024,TW,Op,Actual,Feb,153020470
PJ,2024,TW,Op,Actual,Feb,1086725299
PJ,2024,TW,Op,Actual,Jan,722665506
PJ,2024,TW,Op,Actual,Jan,452405393
PJ,2024,TW,Op,Actual,Jul,1697000822
PJ,2024,TW,Op,Actual,Jul,1440422350
PJ,2024,TW,Op,Actual,Jun,1342830548
PJ,2024,TW,Op,Actual,Jun,1290428349
PJ,2024,TW,Op,Actual,Mar,1213528331
PJ,2024,TW,Op,Actual,Mar,1613709289
PJ,2024,TW,Op,Actual,May,2682235355
PJ,2024,TW,Op,Actual,May,2233468234
PJ,2024,TW,Op,Actual,Nov,3254947316
PJ,2024,TW,Op,Actual,Nov,4337711397
PJ,2024,TW,Op,Actual,Oct,971703268
PJ,2024,TW,Op,Actual,Oct,1615500333
PJ,2024,TW,Op,Actual,Sep,1343437605
PJ,2024,TW,Op,Actual,Sep,341144939
PJ,2024,TW,Op,Budget,Apr,1468134974
PJ,2024,TW,Op,Budget,Apr,880523478
PJ,2024,TW,Op,Budget,Aug,1032706403
PJ,2024,TW,Op,Budget,Aug,1687277795
PJ,2024,TW,Op,Budget,Dec,300995029
PJ,2024,TW,Op,Budget,Dec,40328855
PJ,2024,TW,Op,Budget,Feb,723108903
PJ,2024,TW,Op,Budget,Feb,103322993
PJ,2024,TW,Op,Budget,Jan,2716414677
PJ,2024,TW,Op,Budget,Jan,26023743
PJ,2024,TW,Op,Budget,Jul,1014144522
PJ,2024,TW,Op,Budget,Jul,2145104956
PJ,2024,TW,Op,Budget,Jun,424406576
PJ,2024,TW,Op,Budget,Jun,483843513
PJ,2024,TW,Op,Budget,Mar,1440119665
PJ,2024,TW,Op,Budget,Mar,3378551808
PJ,2024,TW,Op,Budget,May,1765125269
PJ,2024,TW,Op,Budget,May,777097426
PJ,2024,TW,Op,Budget,Nov,1812390260
PJ,2024,TW,Op,Budget,Nov,868860243
PJ,2024,TW,Op,Budget,Oct,1572555880
PJ,2024,TW,Op,Budget,Oct,2149751268
PJ,2024,TW,Op,Budget,Sep,1117538505
PJ,2024,TW,Op,Budget,Sep,617765314
PJ,2024,TW,Op,Forecast,Apr,891172747
PJ,2024,TW,Op,Forecast,Apr,580857753
PJ,2024,TW,Op,Forecast,Aug,217695875
PJ,2024,TW,Op,Forecast,Aug,1062933995
PJ,2024,TW,Op,Forecast,Dec,926436390
PJ,2024,TW,Op,Forecast,Dec,1530921313
PJ,2024,TW,Op,Forecast,Feb,1844403101
PJ,2024,TW,Op,Forecast,Feb,1483630321
PJ,2024,TW,Op,Forecast,Jan,2537808645
PJ,2024,TW,Op,Forecast,Jan,2157955879
PJ,2024,TW,Op,Forecast,Jul,481095585
PJ,2024,TW,Op,Forecast,Jul,2065355354
PJ,2024,TW,Op,Forecast,Jun,1179219732
PJ,2024,TW,Op,Forecast,Jun,883630057
PJ,2024,TW,Op,Forecast,Mar,3538855789
PJ,2024,TW,Op,Forecast,Mar,1547553294
PJ,2024,TW,Op,Forecast,May,2285458089
PJ,2024,TW,Op,Forecast,May,2318688572
PJ,2024,TW,Op,Forecast,Nov,2030379364
PJ,2024,TW,Op,Forecast,Nov,1644715142
PJ,2024,TW,Op,Forecast,Oct,580728474
PJ,2024,TW,Op,Forecast,Oct,1267985123
PJ,2024,TW,Op,Forecast,Sep,46490322
PJ,2024,TW,Op,Forecast,Sep,1511484604
PJ,2024,UK,Gross,Actual,Apr,2429594118
PJ,2024,UK,Gross,Actual,Aug,1094656743
PJ,2024,UK,Gross,Actual,Dec,22481456
PJ,2024,UK,Gross,Actual,Feb,2291860263
PJ,2024,UK,Gross,Actual,Jan,2604188570
PJ,2024,UK,Gross,Actual,Jul,2073298189
PJ,2024,UK,Gross,Actual,Jun,1512301771
PJ,2024,UK,Gross,Actual,Mar,881915208
PJ,2024,UK,Gross,Actual,May,162698044
PJ,2024,UK,Gross,Actual,Nov,1284368564
PJ,2024,UK,Gross,Actual,Oct,42137996
PJ,2024,UK,Gross,Actual,Sep,283252554
PJ,2024,UK,Gross,Budget,Apr,309981811
PJ,2024,UK,Gross,Budget,Aug,181264596
PJ,2024,UK,Gross,Budget,Dec,103077583
PJ,2024,UK,Gross,Budget,Feb,1309925843
PJ,2024,UK,Gross,Budget,Jan,3109711980
PJ,2024,UK,Gross,Budget,Jul,2271465960
PJ,2024,UK,Gross,Budget,Jun,1315161979
PJ,2024,UK,Gross,Budget,Mar,480297718
PJ,2024,UK,Gross,Budget,May,663509673
PJ,2024,UK,Gross,Budget,Nov,1098572357
PJ,2024,UK,Gross,Budget,Oct,20002422
PJ,2024,UK,Gross,Budget,Sep,1517341126
PJ,2024,UK,Gross,Forecast,Apr,1727972908
PJ,2024,UK,Gross,Forecast,Aug,1031312329
PJ,2024,UK,Gross,Forecast,Dec,38353966
PJ,2024,UK,Gross,Forecast,Feb,2072891688
PJ,2024,UK,Gross,Forecast,Jan,328892463
PJ,2024,UK,Gross,Forecast,Jul,2134700507
PJ,2024,UK,Gross,Forecast,Jun,861487249
PJ,2024,UK,Gross,Forecast,Mar,2761013156
PJ,2024,UK,Gross,Forecast,May,325045891
PJ,2024,UK,Gross,Forecast,Nov,897100342
PJ,2024,UK,Gross,Forecast,Oct,1839925350
PJ,2024,UK,Gross,Forecast,Sep,1351108935
PJ,2024,UK,Net,Actual,Apr,2033026007
PJ,2024,UK,Net,Actual,Aug,891522801
PJ,2024,UK,Net,Actual,Dec,34407402
PJ,2024,UK,Net,Actual,Feb,993409974
PJ,2024,UK,Net,Actual,Jan,2061035582
PJ,2024,UK,Net,Actual,Jul,1917472017
PJ,2024,UK,Net,Actual,Jun,665810991
PJ,2024,UK,Net,Actual,Mar,770568210
PJ,2024,UK,Net,Actual,May,729987555
PJ,2024,UK,Net,Actual,Nov,679203188
PJ,2024,UK,Net,Actual,Oct,1864870042
PJ,2024,UK,Net,Actual,Sep,379312540
PJ,2024,UK,Net,Budget,Apr,108729982
PJ,2024,UK,Net,Budget,Aug,742190485
PJ,2024,UK,Net,Budget,Dec,29514682
PJ,2024,UK,Net,Budget,Feb,1012955601
PJ,2024,UK,Net,Budget,Jan,75661146
PJ,2024,UK,Net,Budget,Jul,551894544
PJ,2024,UK,Net,Budget,Jun,1100935837
PJ,2024,UK,Net,Budget,Mar,1690401873
PJ,2024,UK,Net,Budget,May,690098044
PJ,2024,UK,Net,Budget,Nov,23975904
PJ,2024,UK,Net,Budget,Oct,1718966150
PJ,2024,UK,Net,Budget,Sep,738471104
PJ,2024,UK,Net,Forecast,Apr,199239879
PJ,2024,UK,Net,Forecast,Aug,426223384
PJ,2024,UK,Net,Forecast,Dec,8629822
PJ,2024,UK,Net,Forecast,Feb,366224467
PJ,2024,UK,Net,Forecast,Jan,402022744
PJ,2024,UK,Net,Forecast,Jul,1064197685
PJ,2024,UK,Net,Forecast,Jun,1122264449
PJ,2024,UK,Net,Forecast,Mar,1232834186
PJ,2024,UK,Net,Forecast,May,1120056262
PJ,2024,UK,Net,Forecast,Nov,9713709
PJ,2024,UK,Net,Forecast,Oct,1386065559
PJ,2024,UK,Net,Forecast,Sep,569841845
PJ,2024,UK,Op,Actual,Apr,1375728746
PJ,2024,UK,Op,Actual,Aug,742369271
PJ,2024,UK,Op,Actual,Dec,60322657
PJ,2024,UK,Op,Actual,Feb,1079661746
PJ,2024,UK,Op,Actual,Jan,1374559742
PJ,2024,UK,Op,Actual,Jul,636420205
PJ,2024,UK,Op,Actual,Jun,971034689
PJ,2024,UK,Op,Actual,Mar,243045112
PJ,2024,UK,Op,Actual,May,402476078
PJ,2024,UK,Op,Actual,Nov,170854579
PJ,2024,UK,Op,Actual,Oct,357051720
PJ,2024,UK,Op,Actual,Sep,1508973210
PJ,2024,UK,Op,Budget,Apr,1049763533
PJ,2024,UK,Op,Budget,Aug,954024270
PJ,2024,UK,Op,Budget,Dec,10315348
PJ,2024,UK,Op,Budget,Feb,1577042674
PJ,2024,UK,Op,Budget,Jan,2046727343
PJ,2024,UK,Op,Budget,Jul,293356422
PJ,2024,UK,Op,Budget,Jun,940753789
PJ,2024,UK,Op,Budget,Mar,2370457904
PJ,2024,UK,Op,Budget,May,605899860
PJ,2024,UK,Op,Budget,Nov,487735779
PJ,2024,UK,Op,Budget,Oct,1634150010
PJ,2024,UK,Op,Budget,Sep,29910326
PJ,2024,UK,Op,Forecast,Apr,505281014
PJ,2024,UK,Op,Forecast,Aug,264364600
PJ,2024,UK,Op,Forecast,Dec,32566237
PJ,2024,UK,Op,Forecast,Feb,927451410
PJ,2024,UK,Op,Forecast,Jan,796088800
PJ,2024,UK,Op,Forecast,Jul,1333629005
PJ,2024,UK,Op,Forecast,Jun,428387728
PJ,2024,UK,Op,Forecast,Mar,1209494559
PJ,2024,UK,Op,Forecast,May,1033187775
PJ,2024,UK,Op,Forecast,Nov,792321014
PJ,2024,UK,Op,Forecast,Oct,1402111953
PJ,2024,UK,Op,Forecast,Sep,1821558346
PJ,2024,VN,Gross,Actual,Apr,735268770
PJ,2024,VN,Gross,Actual,Aug,474361960
PJ,2024,VN,Gross,Actual,Dec,296725512
PJ,2024,VN,Gross,Actual,Feb,4216965
PJ,2024,VN,Gross,Actual,Jan,214948567
PJ,2024,VN,Gross,Actual,Jul,630516287
PJ,2024,VN,Gross,Actual,Jun,370789879
PJ,2024,VN,Gross,Actual,Mar,888320736
PJ,2024,VN,Gross,Actual,May,928662404
PJ,2024,VN,Gross,Actual,Nov,25725847
PJ,2024,VN,Gross,Actual,Oct,232832927
PJ,2024,VN,Gross,Actual,Sep,493779215
PJ,2024,VN,Gross,Budget,Apr,1872132627
PJ,2024,VN,Gross,Budget,Aug,388900236
PJ,2024,VN,Gross,Budget,Dec,528549906
PJ,2024,VN,Gross,Budget,Feb,637517365
PJ,2024,VN,Gross,Budget,Jan,588237884
PJ,2024,VN,Gross,Budget,Jul,71254843
PJ,2024,VN,Gross,Budget,Jun,93264462
PJ,2024,VN,Gross,Budget,Mar,1921328905
PJ,2024,VN,Gross,Budget,May,1127348282
PJ,2024,VN,Gross,Budget,Nov,268873116
PJ,2024,VN,Gross,Budget,Oct,526531270
PJ,2024,VN,Gross,Budget,Sep,398476034
PJ,2024,VN,Gross,Forecast,Apr,2434612596
PJ,2024,VN,Gross,Forecast,Aug,786864285
PJ,2024,VN,Gross,Forecast,Dec,69953054
PJ,2024,VN,Gross,Forecast,Feb,718938370
PJ,2024,VN,Gross,Forecast,Jan,695360124
PJ,2024,VN,Gross,Forecast,Jul,256030231
PJ,2024,VN,Gross,Forecast,Jun,1337837426
PJ,2024,VN,Gross,Forecast,Mar,2589915519
PJ,2024,VN,Gross,Forecast,May,571688304
PJ,2024,VN,Gross,Forecast,Nov,22426632
PJ,2024,VN,Gross,Forecast,Oct,577519834
PJ,2024,VN,Gross,Forecast,Sep,432500614
PJ,2024,VN,Net,Actual,Apr,1658889172
PJ,2024,VN,Net,Actual,Aug,779461364
PJ,2024,VN,Net,Actual,Dec,378355026
PJ,2024,VN,Net,Actual,Feb,51726066
PJ,2024,VN,Net,Actual,Jan,478405982
PJ,2024,VN,Net,Actual,Jul,471529959
PJ,2024,VN,Net,Actual,Jun,315719854
PJ,2024,VN,Net,Actual,Mar,2146365117
PJ,2024,VN,Net,Actual,May,208845992
PJ,2024,VN,Net,Actual,Nov,249007629
PJ,2024,VN,Net,Actual,Oct,479872254
PJ,2024,VN,Net,Actual,Sep,213457085
PJ,2024,VN,Net,Budget,Apr,221674668
PJ,2024,VN,Net,Budget,Aug,366155297
PJ,2024,VN,Net,Budget,Dec,840311766
PJ,2024,VN,Net,Budget,Feb,23751788
PJ,2024,VN,Net,Budget,Jan,413607880
PJ,2024,VN,Net,Budget,Jul,651104805
PJ,2024,VN,Net,Budget,Jun,1909145090
PJ,2024,VN,Net,Budget,Mar,435742961
PJ,2024,VN,Net,Budget,May,116394879
PJ,2024,VN,Net,Budget,Nov,135738831
PJ,2024,VN,Net,Budget,Oct,324452554
PJ,2024,VN,Net,Budget,Sep,293353862
PJ,2024,VN,Net,Forecast,Apr,2847575959
PJ,2024,VN,Net,Forecast,Aug,467708122
PJ,2024,VN,Net,Forecast,Dec,814755965
PJ,2024,VN,Net,Forecast,Feb,183849627
PJ,2024,VN,Net,Forecast,Jan,754980107
PJ,2024,VN,Net,Forecast,Jul,126186859
PJ,2024,VN,Net,Forecast,Jun,1468597157
PJ,2024,VN,Net,Forecast,Mar,624056388
PJ,2024,VN,Net,Forecast,May,363661815
PJ,2024,VN,Net,Forecast,Nov,11974750
PJ,2024,VN,Net,Forecast,Oct,527164960
PJ,2024,VN,Net,Forecast,Sep,469166978
PJ,2024,VN,Op,Actual,Apr,2844103390
PJ,2024,VN,Op,Actual,Aug,324250669
PJ,2024,VN,Op,Actual,Dec,144744171
PJ,2024,VN,Op,Actual,Feb,442258788
PJ,2024,VN,Op,Actual,Jan,647573208
PJ,2024,VN,Op,Actual,Jul,564841066
PJ,2024,VN,Op,Actual,Jun,769858797
PJ,2024,VN,Op,Actual,Mar,2436436858
PJ,2024,VN,Op,Actual,May,158124242
PJ,2024,VN,Op,Actual,Nov,182721216
PJ,2024,VN,Op,Actual,Oct,189410392
PJ,2024,VN,Op,Actual,Sep,898805379
PJ,2024,VN,Op,Budget,Apr,548139400
PJ,2024,VN,Op,Budget,Aug,242574080
PJ,2024,VN,Op,Budget,Dec,900240694
PJ,2024,VN,Op,Budget,Feb,87490790
PJ,2024,VN,Op,Budget,Jan,319381680
PJ,2024,VN,Op,Budget,Jul,815851282
PJ,2024,VN,Op,Budget,Jun,1101533633
PJ,2024,VN,Op,Budget,Mar,495295924
PJ,2024,VN,Op,Budget,May,1512941717
PJ,2024,VN,Op,Budget,Nov,107726833
PJ,2024,VN,Op,Budget,Oct,398480630
PJ,2024,VN,Op,Budget,Sep,463637516
PJ,2024,VN,Op,Forecast,Apr,1251756837
PJ,2024,VN,Op,Forecast,Aug,550643141
PJ,2024,VN,Op,Forecast,Dec,30720352
PJ,2024,VN,Op,Forecast,Feb,281920854
PJ,2024,VN,Op,Forecast,Jan,625331971
PJ,2024,VN,Op,Forecast,Jul,523841102
PJ,2024,VN,Op,Forecast,Jun,1631857796
PJ,2024,VN,Op,Forecast,Mar,2072068965
PJ,2024,VN,Op,Forecast,May,1384590010
PJ,2024,VN,Op,Forecast,Nov,223365767
PJ,2024,VN,Op,Forecast,Oct,59028894
PJ,2024,VN,Op,Forecast,Sep,14108857
PJ,2024,VSA,Gross,Actual,Apr,28913766069
PJ,2024,VSA,Gross,Actual,Aug,11777847009
PJ,2024,VSA,Gross,Actual,Dec,46271443759
PJ,2024,VSA,Gross,Actual,Feb,49807004403
PJ,2024,VSA,Gross,Actual,Jan,7904252731
PJ,2024,VSA,Gross,Actual,Jul,30549612959
PJ,2024,VSA,Gross,Actual,Jun,20482327300
PJ,2024,VSA,Gross,Actual,Mar,41765177065
PJ,2024,VSA,Gross,Actual,May,13002401078
PJ,2024,VSA,Gross,Actual,Nov,8559679454
PJ,2024,VSA,Gross,Actual,Oct,25624270184
PJ,2024,VSA,Gross,Actual,Sep,42650742029
PJ,2024,VSA,Gross,Budget,Apr,398422672
PJ,2024,VSA,Gross,Budget,Aug,11976219080
PJ,2024,VSA,Gross,Budget,Dec,44225639024
PJ,2024,VSA,Gross,Budget,Feb,37268129511
PJ,2024,VSA,Gross,Budget,Jan,1211618966
PJ,2024,VSA,Gross,Budget,Jul,44106225635
PJ,2024,VSA,Gross,Budget,Jun,12785089210
PJ,2024,VSA,Gross,Budget,Mar,20675408010
PJ,2024,VSA,Gross,Budget,May,4611850051
PJ,2024,VSA,Gross,Budget,Nov,48206064858
PJ,2024,VSA,Gross,Budget,Oct,20129556158
PJ,2024,VSA,Gross,Budget,Sep,46486598013
PJ,2024,VSA,Gross,Forecast,Apr,15198063581
PJ,2024,VSA,Gross,Forecast,Aug,3086013793
PJ,2024,VSA,Gross,Forecast,Dec,53329929665
PJ,2024,VSA,Gross,Forecast,Feb,49193475617
PJ,2024,VSA,Gross,Forecast,Jan,31997289384
PJ,2024,VSA,Gross,Forecast,Jul,46040057841
PJ,2024,VSA,Gross,Forecast,Jun,7789261875
PJ,2024,VSA,Gross,Forecast,Mar,9446663917
PJ,2024,VSA,Gross,Forecast,May,3152310558
PJ,2024,VSA,Gross,Forecast,Nov,49444400128
PJ,2024,VSA,Gross,Forecast,Oct,39447502236
PJ,2024,VSA,Gross,Forecast,Sep,50490496104
PJ,2024,VSA,Net,Actual,Apr,19155467425
PJ,2024,VSA,Net,Actual,Aug,19897058610
PJ,2024,VSA,Net,Actual,Dec,14819771470
PJ,2024,VSA,Net,Actual,Feb,5601797568
PJ,2024,VSA,Net,Actual,Jan,28904187423
PJ,2024,VSA,Net,Actual,Jul,42038043211
PJ,2024,VSA,Net,Actual,Jun,9902512441
PJ,2024,VSA,Net,Actual,Mar,23625182417
PJ,2024,VSA,Net,Actual,May,13331758445
PJ,2024,VSA,Net,Actual,Nov,38166445026
PJ,2024,VSA,Net,Actual,Oct,31875345879
PJ,2024,VSA,Net,Actual,Sep,49229582484
PJ,2024,VSA,Net,Budget,Apr,40498242851
PJ,2024,VSA,Net,Budget,Aug,25345891833
PJ,2024,VSA,Net,Budget,Dec,1048687900
PJ,2024,VSA,Net,Budget,Feb,6541757149
PJ,2024,VSA,Net,Budget,Jan,4623993110
PJ,2024,VSA,Net,Budget,Jul,31547068949
PJ,2024,VSA,Net,Budget,Jun,24735072805
PJ,2024,VSA,Net,Budget,Mar,11488130102
PJ,2024,VSA,Net,Budget,May,8035694437
PJ,2024,VSA,Net,Budget,Nov,4213671257
PJ,2024,VSA,Net,Budget,Oct,14723456729
PJ,2024,VSA,Net,Budget,Sep,3480307444
PJ,2024,VSA,Net,Forecast,Apr,43805746719
PJ,2024,VSA,Net,Forecast,Aug,23183516300
PJ,2024,VSA,Net,Forecast,Dec,10761330146
PJ,2024,VSA,Net,Forecast,Feb,37584437096
PJ,2024,VSA,Net,Forecast,Jan,17783349084
PJ,2024,VSA,Net,Forecast,Jul,15493972379
PJ,2024,VSA,Net,Forecast,Jun,14923479188
PJ,2024,VSA,Net,Forecast,Mar,14988280746
PJ,2024,VSA,Net,Forecast,May,15196288575
PJ,2024,VSA,Net,Forecast,Nov,47661650393
PJ,2024,VSA,Net,Forecast,Oct,19521454898
PJ,2024,VSA,Net,Forecast,Sep,14602455306
PJ,2024,VSA,Op,Actual,Apr,31658860635
PJ,2024,VSA,Op,Actual,Aug,33633124394
PJ,2024,VSA,Op,Actual,Dec,19716955020
PJ,2024,VSA,Op,Actual,Feb,4194284162
PJ,2024,VSA,Op,Actual,Jan,15575996635
PJ,2024,VSA,Op,Actual,Jul,19329409566
PJ,2024,VSA,Op,Actual,Jun,15021598535
PJ,2024,VSA,Op,Actual,Mar,28114273793
PJ,2024,VSA,Op,Actual,May,13744133563
PJ,2024,VSA,Op,Actual,Nov,6594379181
PJ,2024,VSA,Op,Actual,Oct,41557840018
PJ,2024,VSA,Op,Actual,Sep,4144230419
PJ,2024,VSA,Op,Budget,Apr,30887353799
PJ,2024,VSA,Op,Budget,Aug,5662827598
PJ,2024,VSA,Op,Budget,Dec,3094398106
PJ,2024,VSA,Op,Budget,Feb,24566245037
PJ,2024,VSA,Op,Budget,Jan,19255769170
PJ,2024,VSA,Op,Budget,Jul,17022378963
PJ,2024,VSA,Op,Budget,Jun,24769797194
PJ,2024,VSA,Op,Budget,Mar,16666776068
PJ,2024,VSA,Op,Budget,May,5863325991
PJ,2024,VSA,Op,Budget,Nov,6955355051
PJ,2024,VSA,Op,Budget,Oct,589460182
PJ,2024,VSA,Op,Budget,Sep,38723276555
PJ,2024,VSA,Op,Forecast,Apr,32878841628
PJ,2024,VSA,Op,Forecast,Aug,21040611355
PJ,2024,VSA,Op,Forecast,Dec,27831097181
PJ,2024,VSA,Op,Forecast,Feb,18265596239
PJ,2024,VSA,Op,Forecast,Jan,5690969618
PJ,2024,VSA,Op,Forecast,Jul,18062131882
PJ,2024,VSA,Op,Forecast,Jun,28601059756
PJ,2024,VSA,Op,Forecast,Mar,34704027013
PJ,2024,VSA,Op,Forecast,May,17919489589
PJ,2024,VSA,Op,Forecast,Nov,39628035240
PJ,2024,VSA,Op,Forecast,Oct,2809636571
PJ,2024,VSA,Op,Forecast,Sep,33588777990
PJ,2024,VSC,Gross,Actual,Apr,55041304402
PJ,2024,VSC,Gross,Actual,Aug,44590161590
PJ,2024,VSC,Gross,Actual,Dec,76506740013
PJ,2024,VSC,Gross,Actual,Feb,108744446412
PJ,2024,VSC,Gross,Actual,Jan,21749199905
PJ,2024,VSC,Gross,Actual,Jul,81263570663
PJ,2024,VSC,Gross,Actual,Jun,69722819680
PJ,2024,VSC,Gross,Actual,Mar,46453074447
PJ,2024,VSC,Gross,Actual,May,60272614217
PJ,2024,VSC,Gross,Actual,Nov,5904999696
PJ,2024,VSC,Gross,Actual,Oct,67662951796
PJ,2024,VSC,Gross,Actual,Sep,116431079789
PJ,2024,VSC,Gross,Budget,Apr,88570696761
PJ,2024,VSC,Gross,Budget,Aug,76453796749
PJ,2024,VSC,Gross,Budget,Dec,52545545583
PJ,2024,VSC,Gross,Budget,Feb,67002668717
PJ,2024,VSC,Gross,Budget,Jan,12711262336
PJ,2024,VSC,Gross,Budget,Jul,36240248361
PJ,2024,VSC,Gross,Budget,Jun,71411524599
PJ,2024,VSC,Gross,Budget,Mar,92037918034
PJ,2024,VSC,Gross,Budget,May,33963789624
PJ,2024,VSC,Gross,Budget,Nov,107425664933
PJ,2024,VSC,Gross,Budget,Oct,43643411689
PJ,2024,VSC,Gross,Budget,Sep,122492946942
PJ,2024,VSC,Gross,Forecast,Apr,104936552379
PJ,2024,VSC,Gross,Forecast,Aug,7904763709
PJ,2024,VSC,Gross,Forecast,Dec,4279271816
PJ,2024,VSC,Gross,Forecast,Feb,74483985095
PJ,2024,VSC,Gross,Forecast,Jan,123182291283
PJ,2024,VSC,Gross,Forecast,Jul,8330291487
PJ,2024,VSC,Gross,Forecast,Jun,88588727973
PJ,2024,VSC,Gross,Forecast,Mar,117247237950
PJ,2024,VSC,Gross,Forecast,May,67309872265
PJ,2024,VSC,Gross,Forecast,Nov,11420888431
PJ,2024,VSC,Gross,Forecast,Oct,26437016149
PJ,2024,VSC,Gross,Forecast,Sep,63008567195
PJ,2024,VSC,Net,Actual,Apr,9357486060
PJ,2024,VSC,Net,Actual,Aug,50434148274
PJ,2024,VSC,Net,Actual,Dec,3114294287
PJ,2024,VSC,Net,Actual,Feb,25508440239
PJ,2024,VSC,Net,Actual,Jan,74406724161
PJ,2024,VSC,Net,Actual,Jul,90789325795
PJ,2024,VSC,Net,Actual,Jun,54694297094
PJ,2024,VSC,Net,Actual,Mar,157057253069
PJ,2024,VSC,Net,Actual,May,54903005616
PJ,2024,VSC,Net,Actual,Nov,31948802933
PJ,2024,VSC,Net,Actual,Oct,95383893773
PJ,2024,VSC,Net,Actual,Sep,52482505420
PJ,2024,VSC,Net,Budget,Apr,66085955461
PJ,2024,VSC,Net,Budget,Aug,41443392763
PJ,2024,VSC,Net,Budget,Dec,78371996295
PJ,2024,VSC,Net,Budget,Feb,94546497738
PJ,2024,VSC,Net,Budget,Jan,34799126824
PJ,2024,VSC,Net,Budget,Jul,7038581853
PJ,2024,VSC,Net,Budget,Jun,41983491505
PJ,2024,VSC,Net,Budget,Mar,149616805444
PJ,2024,VSC,Net,Budget,May,70426022466
PJ,2024,VSC,Net,Budget,Nov,101875871418
PJ,2024,VSC,Net,Budget,Oct,143075713362
PJ,2024,VSC,Net,Budget,Sep,41288288589
PJ,2024,VSC,Net,Forecast,Apr,37572643740
PJ,2024,VSC,Net,Forecast,Aug,4055217239
PJ,2024,VSC,Net,Forecast,Dec,15142291836
PJ,2024,VSC,Net,Forecast,Feb,63632745684
PJ,2024,VSC,Net,Forecast,Jan,26589919492
PJ,2024,VSC,Net,Forecast,Jul,38081467682
PJ,2024,VSC,Net,Forecast,Jun,30417368029
PJ,2024,VSC,Net,Forecast,Mar,90509029019
PJ,2024,VSC,Net,Forecast,May,16159976962
PJ,2024,VSC,Net,Forecast,Nov,41033644367
PJ,2024,VSC,Net,Forecast,Oct,144423608598
PJ,2024,VSC,Net,Forecast,Sep,52718186682
PJ,2024,VSC,Op,Actual,Apr,59770380375
PJ,2024,VSC,Op,Actual,Aug,84709673785
PJ,2024,VSC,Op,Actual,Dec,73588700955
PJ,2024,VSC,Op,Actual,Feb,71847393676
PJ,2024,VSC,Op,Actual,Jan,91273430864
PJ,2024,VSC,Op,Actual,Jul,92844034696
PJ,2024,VSC,Op,Actual,Jun,96334028037
PJ,2024,VSC,Op,Actual,Mar,124656971328
PJ,2024,VSC,Op,Actual,May,793265946
PJ,2024,VSC,Op,Actual,Nov,52858214244
PJ,2024,VSC,Op,Actual,Oct,79707447038
PJ,2024,VSC,Op,Actual,Sep,29681823496
PJ,2024,VSC,Op,Budget,Apr,63958846888
PJ,2024,VSC,Op,Budget,Aug,58582656178
PJ,2024,VSC,Op,Budget,Dec,49183635810
PJ,2024,VSC,Op,Budget,Feb,18455512341
PJ,2024,VSC,Op,Budget,Jan,42455022728
PJ,2024,VSC,Op,Budget,Jul,21824093151
PJ,2024,VSC,Op,Budget,Jun,27431059901
PJ,2024,VSC,Op,Budget,Mar,152429353134
PJ,2024,VSC,Op,Budget,May,4817213929
PJ,2024,VSC,Op,Budget,Nov,136373267789
PJ,2024,VSC,Op,Budget,Oct,68562082130
PJ,2024,VSC,Op,Budget,Sep,54435875225
PJ,2024,VSC,Op,Forecast,Apr,80966106083
PJ,2024,VSC,Op,Forecast,Aug,66714455036
PJ,2024,VSC,Op,Forecast,Dec,42281446451
PJ,2024,VSC,Op,Forecast,Feb,44925776264
PJ,2024,VSC,Op,Forecast,Jan,48685595438
PJ,2024,VSC,Op,Forecast,Jul,91345486427
PJ,2024,VSC,Op,Forecast,Jun,64928232799
PJ,2024,VSC,Op,Forecast,Mar,83228681479
PJ,2024,VSC,Op,Forecast,May,28965233490
PJ,2024,VSC,Op,Forecast,Nov,112406877877
PJ,2024,VSC,Op,Forecast,Oct,2552963767
PJ,2024,VSC,Op,Forecast,Sep,94464565328
PJ,2024,VSCN,Gross,Actual,Apr,6763462433
PJ,2024,VSCN,Gross,Actual,Aug,6205616431
PJ,2024,VSCN,Gross,Actual,Dec,9541159709
PJ,2024,VSCN,Gross,Actual,Feb,10169330623
PJ,2024,VSCN,Gross,Actual,Jan,4501592276
PJ,2024,VSCN,Gross,Actual,Jul,7798389235
PJ,2024,VSCN,Gross,Actual,Jun,8715715322
PJ,2024,VSCN,Gross,Actual,Mar,12188056310
PJ,2024,VSCN,Gross,Actual,May,9027830220
PJ,2024,VSCN,Gross,Actual,Nov,3927810026
PJ,2024,VSCN,Gross,Actual,Oct,6021487599
PJ,2024,VSCN,Gross,Actual,Sep,3218940332
PJ,2024,VSCN,Gross,Budget,Apr,2574396602
PJ,2024,VSCN,Gross,Budget,Aug,7138017871
PJ,2024,VSCN,Gross,Budget,Dec,2923950384
PJ,2024,VSCN,Gross,Budget,Feb,3166780228
PJ,2024,VSCN,Gross,Budget,Jan,1551850549
PJ,2024,VSCN,Gross,Budget,Jul,8445497680
PJ,2024,VSCN,Gross,Budget,Jun,4706641313
PJ,2024,VSCN,Gross,Budget,Mar,11570728999
PJ,2024,VSCN,Gross,Budget,May,10339344669
PJ,2024,VSCN,Gross,Budget,Nov,4735248549
PJ,2024,VSCN,Gross,Budget,Oct,4856815128
PJ,2024,VSCN,Gross,Budget,Sep,1449652733
PJ,2024,VSCN,Gross,Forecast,Apr,2115737911
PJ,2024,VSCN,Gross,Forecast,Aug,10345306055
PJ,2024,VSCN,Gross,Forecast,Dec,11944802131
PJ,2024,VSCN,Gross,Forecast,Feb,11909110462
PJ,2024,VSCN,Gross,Forecast,Jan,1772071042
PJ,2024,VSCN,Gross,Forecast,Jul,8134104383
PJ,2024,VSCN,Gross,Forecast,Jun,1195999933
PJ,2024,VSCN,Gross,Forecast,Mar,4482240030
PJ,2024,VSCN,Gross,Forecast,May,1259896059
PJ,2024,VSCN,Gross,Forecast,Nov,8956770282
PJ,2024,VSCN,Gross,Forecast,Oct,1396597133
PJ,2024,VSCN,Gross,Forecast,Sep,9696601775
PJ,2024,VSCN,Net,Actual,Apr,5366588424
PJ,2024,VSCN,Net,Actual,Aug,85042748
PJ,2024,VSCN,Net,Actual,Dec,1328959324
PJ,2024,VSCN,Net,Actual,Feb,3069499029
PJ,2024,VSCN,Net,Actual,Jan,5711601218
PJ,2024,VSCN,Net,Actual,Jul,293155081
PJ,2024,VSCN,Net,Actual,Jun,5189805550
PJ,2024,VSCN,Net,Actual,Mar,8747874917
PJ,2024,VSCN,Net,Actual,May,9369575063
PJ,2024,VSCN,Net,Actual,Nov,3358227353
PJ,2024,VSCN,Net,Actual,Oct,3719260333
PJ,2024,VSCN,Net,Actual,Sep,8946600612
PJ,2024,VSCN,Net,Budget,Apr,805935429
PJ,2024,VSCN,Net,Budget,Aug,2239568085
PJ,2024,VSCN,Net,Budget,Dec,6201467015
PJ,2024,VSCN,Net,Budget,Feb,2918699687
PJ,2024,VSCN,Net,Budget,Jan,3563346309
PJ,2024,VSCN,Net,Budget,Jul,3130286475
PJ,2024,VSCN,Net,Budget,Jun,571607701
PJ,2024,VSCN,Net,Budget,Mar,3308857856
PJ,2024,VSCN,Net,Budget,May,9234067618
PJ,2024,VSCN,Net,Budget,Nov,6317068324
PJ,2024,VSCN,Net,Budget,Oct,9259006290
PJ,2024,VSCN,Net,Budget,Sep,583607780
PJ,2024,VSCN,Net,Forecast,Apr,8911582443
PJ,2024,VSCN,Net,Forecast,Aug,7624557019
PJ,2024,VSCN,Net,Forecast,Dec,1810418625
PJ,2024,VSCN,Net,Forecast,Feb,11443944975
PJ,2024,VSCN,Net,Forecast,Jan,9539540011
PJ,2024,VSCN,Net,Forecast,Jul,4744847001
PJ,2024,VSCN,Net,Forecast,Jun,6185600260
PJ,2024,VSCN,Net,Forecast,Mar,3568040342
PJ,2024,VSCN,Net,Forecast,May,1360842889
PJ,2024,VSCN,Net,Forecast,Nov,9529114930
PJ,2024,VSCN,Net,Forecast,Oct,3671782023
PJ,2024,VSCN,Net,Forecast,Sep,4857920978
PJ,2024,VSCN,Op,Actual,Apr,2348321962
PJ,2024,VSCN,Op,Actual,Aug,6334770121
PJ,2024,VSCN,Op,Actual,Dec,11342421306
PJ,2024,VSCN,Op,Actual,Feb,4747492888
PJ,2024,VSCN,Op,Actual,Jan,5676970540
PJ,2024,VSCN,Op,Actual,Jul,3064985941
PJ,2024,VSCN,Op,Actual,Jun,1041406021
PJ,2024,VSCN,Op,Actual,Mar,4439040884
PJ,2024,VSCN,Op,Actual,May,6342375004
PJ,2024,VSCN,Op,Actual,Nov,317300432
PJ,2024,VSCN,Op,Actual,Oct,1745777299
PJ,2024,VSCN,Op,Actual,Sep,924263459
PJ,2024,VSCN,Op,Budget,Apr,4173018623
PJ,2024,VSCN,Op,Budget,Aug,9120277830
PJ,2024,VSCN,Op,Budget,Dec,5326217887
PJ,2024,VSCN,Op,Budget,Feb,8794222776
PJ,2024,VSCN,Op,Budget,Jan,9766114166
PJ,2024,VSCN,Op,Budget,Jul,6324663284
PJ,2024,VSCN,Op,Budget,Jun,8518311697
PJ,2024,VSCN,Op,Budget,Mar,3299060874
PJ,2024,VSCN,Op,Budget,May,442200334
PJ,2024,VSCN,Op,Budget,Nov,7308278843
PJ,2024,VSCN,Op,Budget,Oct,5806316540
PJ,2024,VSCN,Op,Budget,Sep,2691916738
PJ,2024,VSCN,Op,Forecast,Apr,6840960270
PJ,2024,VSCN,Op,Forecast,Aug,7688487947
PJ,2024,VSCN,Op,Forecast,Dec,7472781322
PJ,2024,VSCN,Op,Forecast,Feb,1544786796
PJ,2024,VSCN,Op,Forecast,Jan,11328974021
PJ,2024,VSCN,Op,Forecast,Jul,248744307
PJ,2024,VSCN,Op,Forecast,Jun,4293339373
PJ,2024,VSCN,Op,Forecast,Mar,12092418817
PJ,2024,VSCN,Op,Forecast,May,2461054873
PJ,2024,VSCN,Op,Forecast,Nov,6159564447
PJ,2024,VSCN,Op,Forecast,Oct,6385472577
PJ,2024,VSCN,Op,Forecast,Sep,5659541172
PJ,2025,AZ,Gross,Actual,Apr,120080000
PJ,2025,AZ,Gross,Actual,Aug,112260000
PJ,2025,AZ,Gross,Actual,Dec,118851300
PJ,2025,AZ,Gross,Actual,Feb,161010000
PJ,2025,AZ,Gross,Actual,Jan,797890000
PJ,2025,AZ,Gross,Actual,Jul,688490000
PJ,2025,AZ,Gross,Actual,Jun,328138800
PJ,2025,AZ,Gross,Actual,Mar,1349510000
PJ,2025,AZ,Gross,Actual,May,1376500000
PJ,2025,AZ,Gross,Actual,Nov,691672900
PJ,2025,AZ,Gross,Actual,Oct,105898700
PJ,2025,AZ,Gross,Actual,Sep,1680431600
PJ,2025,AZ,Gross,Budget,Apr,27294855
PJ,2025,AZ,Gross,Budget,Aug,96186911
PJ,2025,AZ,Gross,Budget,Dec,95762309
PJ,2025,AZ,Gross,Budget,Feb,163168819
PJ,2025,AZ,Gross,Budget,Jan,476165160
PJ,2025,AZ,Gross,Budget,Jul,913486448
PJ,2025,AZ,Gross,Budget,Jun,404658123
PJ,2025,AZ,Gross,Budget,Mar,775731285
PJ,2025,AZ,Gross,Budget,May,1004950959
PJ,2025,AZ,Gross,Budget,Nov,609889255
PJ,2025,AZ,Gross,Budget,Oct,71094600
PJ,2025,AZ,Gross,Budget,Sep,289735827
PJ,2025,AZ,Gross,Forecast,Apr,162140985
PJ,2025,AZ,Gross,Forecast,Aug,157982704
PJ,2025,AZ,Gross,Forecast,Dec,75073206
PJ,2025,AZ,Gross,Forecast,Feb,96124144
PJ,2025,AZ,Gross,Forecast,Jan,108403305
PJ,2025,AZ,Gross,Forecast,Jul,649713743
PJ,2025,AZ,Gross,Forecast,Jun,12243498
PJ,2025,AZ,Gross,Forecast,Mar,1031715213
PJ,2025,AZ,Gross,Forecast,May,293668123
PJ,2025,AZ,Gross,Forecast,Nov,852586366
PJ,2025,AZ,Gross,Forecast,Oct,108856458
PJ,2025,AZ,Gross,Forecast,Sep,1860480563
PJ,2025,AZ,Net,Actual,Apr,86080000
PJ,2025,AZ,Net,Actual,Aug,78220000
PJ,2025,AZ,Net,Actual,Dec,107411600
PJ,2025,AZ,Net,Actual,Feb,79720000
PJ,2025,AZ,Net,Actual,Jan,785060000
PJ,2025,AZ,Net,Actual,Jul,630650000
PJ,2025,AZ,Net,Actual,Jun,263305600
PJ,2025,AZ,Net,Actual,Mar,1186170000
PJ,2025,AZ,Net,Actual,May,1349850000
PJ,2025,AZ,Net,Actual,Nov,658258300
PJ,2025,AZ,Net,Actual,Oct,79814100
PJ,2025,AZ,Net,Actual,Sep,1668087000
PJ,2025,AZ,Net,Budget,Apr,22646239
PJ,2025,AZ,Net,Budget,Aug,75187127
PJ,2025,AZ,Net,Budget,Dec,20073285
PJ,2025,AZ,Net,Budget,Feb,56980344
PJ,2025,AZ,Net,Budget,Jan,910817286
PJ,2025,AZ,Net,Budget,Jul,428745556
PJ,2025,AZ,Net,Budget,Jun,223894086
PJ,2025,AZ,Net,Budget,Mar,687786582
PJ,2025,AZ,Net,Budget,May,521411948
PJ,2025,AZ,Net,Budget,Nov,873786614
PJ,2025,AZ,Net,Budget,Oct,5204328
PJ,2025,AZ,Net,Budget,Sep,459607139
PJ,2025,AZ,Net,Forecast,Apr,80223456
PJ,2025,AZ,Net,Forecast,Aug,104187486
PJ,2025,AZ,Net,Forecast,Dec,129095019
PJ,2025,AZ,Net,Forecast,Feb,9941155
PJ,2025,AZ,Net,Forecast,Jan,230949501
PJ,2025,AZ,Net,Forecast,Jul,685218397
PJ,2025,AZ,Net,Forecast,Jun,225583830
PJ,2025,AZ,Net,Forecast,Mar,27724708
PJ,2025,AZ,Net,Forecast,May,1936039730
PJ,2025,AZ,Net,Forecast,Nov,592096469
PJ,2025,AZ,Net,Forecast,Oct,118587680
PJ,2025,AZ,Net,Forecast,Sep,290240227
PJ,2025,AZ,Op,Actual,Apr,86080000
PJ,2025,AZ,Op,Actual,Aug,78220000
PJ,2025,AZ,Op,Actual,Dec,107411600
PJ,2025,AZ,Op,Actual,Feb,79720000
PJ,2025,AZ,Op,Actual,Jan,785060000
PJ,2025,AZ,Op,Actual,Jul,630650000
PJ,2025,AZ,Op,Actual,Jun,263305600
PJ,2025,AZ,Op,Actual,Mar,1186170000
PJ,2025,AZ,Op,Actual,May,1349850000
PJ,2025,AZ,Op,Actual,Nov,658258300
PJ,2025,AZ,Op,Actual,Oct,79814100
PJ,2025,AZ,Op,Actual,Sep,1668087000
PJ,2025,AZ,Op,Budget,Apr,112737346
PJ,2025,AZ,Op,Budget,Aug,57369479
PJ,2025,AZ,Op,Budget,Dec,137753932
PJ,2025,AZ,Op,Budget,Feb,63088749
PJ,2025,AZ,Op,Budget,Jan,100341824
PJ,2025,AZ,Op,Budget,Jul,633840511
PJ,2025,AZ,Op,Budget,Jun,4554198
PJ,2025,AZ,Op,Budget,Mar,1776767945
PJ,2025,AZ,Op,Budget,May,1174073444
PJ,2025,AZ,Op,Budget,Nov,967670143
PJ,2025,AZ,Op,Budget,Oct,69138964
PJ,2025,AZ,Op,Budget,Sep,1384825388
PJ,2025,AZ,Op,Forecast,Apr,116664554
PJ,2025,AZ,Op,Forecast,Aug,25843903
PJ,2025,AZ,Op,Forecast,Dec,67102537
PJ,2025,AZ,Op,Forecast,Feb,117965644
PJ,2025,AZ,Op,Forecast,Jan,876655227
PJ,2025,AZ,Op,Forecast,Jul,360417542
PJ,2025,AZ,Op,Forecast,Jun,158620865
PJ,2025,AZ,Op,Forecast,Mar,149656742
PJ,2025,AZ,Op,Forecast,May,413525175
PJ,2025,AZ,Op,Forecast,Nov,97899578
PJ,2025,AZ,Op,Forecast,Oct,63075999
PJ,2025,AZ,Op,Forecast,Sep,1113789668
PJ,2025,BD+,Gross,Actual,Apr,1500140000
PJ,2025,BD+,Gross,Actual,Aug,1350970000
PJ,2025,BD+,Gross,Actual,Dec,2804019600
PJ,2025,BD+,Gross,Actual,Feb,302970000
PJ,2025,BD+,Gross,Actual,Jan,465760000
PJ,2025,BD+,Gross,Actual,Jul,1148920000
PJ,2025,BD+,Gross,Actual,Jun,5892473300
PJ,2025,BD+,Gross,Actual,Mar,1406160000
PJ,2025,BD+,Gross,Actual,May,2003480000
PJ,2025,BD+,Gross,Actual,Nov,2811209500
PJ,2025,BD+,Gross,Actual,Oct,1171583800
PJ,2025,BD+,Gross,Actual,Sep,2192720500
PJ,2025,BD+,Gross,Budget,Apr,597335102
PJ,2025,BD+,Gross,Budget,Aug,1544933283
PJ,2025,BD+,Gross,Budget,Dec,400955096
PJ,2025,BD+,Gross,Budget,Feb,122855700
PJ,2025,BD+,Gross,Budget,Jan,76929664
PJ,2025,BD+,Gross,Budget,Jul,1607478426
PJ,2025,BD+,Gross,Budget,Jun,8065624669
PJ,2025,BD+,Gross,Budget,Mar,805474714
PJ,2025,BD+,Gross,Budget,May,1705056765
PJ,2025,BD+,Gross,Budget,Nov,765068612
PJ,2025,BD+,Gross,Budget,Oct,977070344
PJ,2025,BD+,Gross,Budget,Sep,3169944305
PJ,2025,BD+,Gross,Forecast,Apr,185234161
PJ,2025,BD+,Gross,Forecast,Aug,1921230885
PJ,2025,BD+,Gross,Forecast,Dec,571151358
PJ,2025,BD+,Gross,Forecast,Feb,39039809
PJ,2025,BD+,Gross,Forecast,Jan,204848554
PJ,2025,BD+,Gross,Forecast,Jul,193146231
PJ,2025,BD+,Gross,Forecast,Jun,3263263892
PJ,2025,BD+,Gross,Forecast,Mar,828273301
PJ,2025,BD+,Gross,Forecast,May,614362831
PJ,2025,BD+,Gross,Forecast,Nov,363851896
PJ,2025,BD+,Gross,Forecast,Oct,961121453
PJ,2025,BD+,Gross,Forecast,Sep,2861541520
PJ,2025,BD+,Net,Actual,Apr,1444630000
PJ,2025,BD+,Net,Actual,Aug,1323950000
PJ,2025,BD+,Net,Actual,Dec,2778794800
PJ,2025,BD+,Net,Actual,Feb,291760000
PJ,2025,BD+,Net,Actual,Jan,448520000
PJ,2025,BD+,Net,Actual,Jul,1126020000
PJ,2025,BD+,Net,Actual,Jun,5842285800
PJ,2025,BD+,Net,Actual,Mar,1376470000
PJ,2025,BD+,Net,Actual,May,1929350000
PJ,2025,BD+,Net,Actual,Nov,2754985500
PJ,2025,BD+,Net,Actual,Oct,1148242100
PJ,2025,BD+,Net,Actual,Sep,2175845500
PJ,2025,BD+,Net,Budget,Apr,985655898
PJ,2025,BD+,Net,Budget,Aug,921380386
PJ,2025,BD+,Net,Budget,Dec,1149399300
PJ,2025,BD+,Net,Budget,Feb,111774976
PJ,2025,BD+,Net,Budget,Jan,630300360
PJ,2025,BD+,Net,Budget,Jul,624267778
PJ,2025,BD+,Net,Budget,Jun,461311127
PJ,2025,BD+,Net,Budget,Mar,1362978963
PJ,2025,BD+,Net,Budget,May,911642056
PJ,2025,BD+,Net,Budget,Nov,2752315384
PJ,2025,BD+,Net,Budget,Oct,1708020255
PJ,2025,BD+,Net,Budget,Sep,853315779
PJ,2025,BD+,Net,Forecast,Apr,826951974
PJ,2025,BD+,Net,Forecast,Aug,340294251
PJ,2025,BD+,Net,Forecast,Dec,2998134141
PJ,2025,BD+,Net,Forecast,Feb,417886665
PJ,2025,BD+,Net,Forecast,Jan,36776356
PJ,2025,BD+,Net,Forecast,Jul,1582977481
PJ,2025,BD+,Net,Forecast,Jun,4742695256
PJ,2025,BD+,Net,Forecast,Mar,1089880503
PJ,2025,BD+,Net,Forecast,May,2860104876
PJ,2025,BD+,Net,Forecast,Nov,3276684936
PJ,2025,BD+,Net,Forecast,Oct,1205716950
PJ,2025,BD+,Net,Forecast,Sep,1308695530
PJ,2025,BD+,Op,Actual,Apr,1444630000
PJ,2025,BD+,Op,Actual,Aug,1323950000
PJ,2025,BD+,Op,Actual,Dec,2778794800
PJ,2025,BD+,Op,Actual,Feb,291760000
PJ,2025,BD+,Op,Actual,Jan,448520000
PJ,2025,BD+,Op,Actual,Jul,1126020000
PJ,2025,BD+,Op,Actual,Jun,5842285800
PJ,2025,BD+,Op,Actual,Mar,1376470000
PJ,2025,BD+,Op,Actual,May,1929350000
PJ,2025,BD+,Op,Actual,Nov,2754985500
PJ,2025,BD+,Op,Actual,Oct,1148242100
PJ,2025,BD+,Op,Actual,Sep,2175845500
PJ,2025,BD+,Op,Budget,Apr,1820262772
PJ,2025,BD+,Op,Budget,Aug,897949238
PJ,2025,BD+,Op,Budget,Dec,2514673995
PJ,2025,BD+,Op,Budget,Feb,226947356
PJ,2025,BD+,Op,Budget,Jan,59761823
PJ,2025,BD+,Op,Budget,Jul,1587409435
PJ,2025,BD+,Op,Budget,Jun,8021526645
PJ,2025,BD+,Op,Budget,Mar,1389639350
PJ,2025,BD+,Op,Budget,May,2800292496
PJ,2025,BD+,Op,Budget,Nov,1135568622
PJ,2025,BD+,Op,Budget,Oct,1137970782
PJ,2025,BD+,Op,Budget,Sep,3165643442
PJ,2025,BD+,Op,Forecast,Apr,2023777533
PJ,2025,BD+,Op,Forecast,Aug,1542473468
PJ,2025,BD+,Op,Forecast,Dec,1307469234
PJ,2025,BD+,Op,Forecast,Feb,84396630
PJ,2025,BD+,Op,Forecast,Jan,524458406
PJ,2025,BD+,Op,Forecast,Jul,1656357293
PJ,2025,BD+,Op,Forecast,Jun,8091029246
PJ,2025,BD+,Op,Forecast,Mar,1631642175
PJ,2025,BD+,Op,Forecast,May,2411739925
PJ,2025,BD+,Op,Forecast,Nov,389652547
PJ,2025,BD+,Op,Forecast,Oct,678185370
PJ,2025,BD+,Op,Forecast,Sep,2141692314
PJ,2025,CE,Gross,Actual,Apr,2102330000
PJ,2025,CE,Gross,Actual,Aug,1822920000
PJ,2025,CE,Gross,Actual,Dec,846580000
PJ,2025,CE,Gross,Actual,Feb,988880000
PJ,2025,CE,Gross,Actual,Jan,1597470000
PJ,2025,CE,Gross,Actual,Jul,2617510000
PJ,2025,CE,Gross,Actual,Jun,2932770000
PJ,2025,CE,Gross,Actual,Mar,4141870000
PJ,2025,CE,Gross,Actual,May,671620000
PJ,2025,CE,Gross,Actual,Nov,4779080000
PJ,2025,CE,Gross,Actual,Oct,5590910000
PJ,2025,CE,Gross,Actual,Sep,5795430000
PJ,2025,CE,Gross,Budget,Apr,508705973
PJ,2025,CE,Gross,Budget,Aug,1047955921
PJ,2025,CE,Gross,Budget,Dec,563559579
PJ,2025,CE,Gross,Budget,Feb,354174070
PJ,2025,CE,Gross,Budget,Jan,203283934
PJ,2025,CE,Gross,Budget,Jul,2745066074
PJ,2025,CE,Gross,Budget,Jun,2632505236
PJ,2025,CE,Gross,Budget,Mar,4386520121
PJ,2025,CE,Gross,Budget,May,173310666
PJ,2025,CE,Gross,Budget,Nov,6003353944
PJ,2025,CE,Gross,Budget,Oct,5749780096
PJ,2025,CE,Gross,Budget,Sep,4381024327
PJ,2025,CE,Gross,Forecast,Apr,1231814907
PJ,2025,CE,Gross,Forecast,Aug,1169276613
PJ,2025,CE,Gross,Forecast,Dec,395303285
PJ,2025,CE,Gross,Forecast,Feb,470833492
PJ,2025,CE,Gross,Forecast,Jan,118685508
PJ,2025,CE,Gross,Forecast,Jul,2374513438
PJ,2025,CE,Gross,Forecast,Jun,4068971005
PJ,2025,CE,Gross,Forecast,Mar,4822329821
PJ,2025,CE,Gross,Forecast,May,176647894
PJ,2025,CE,Gross,Forecast,Nov,79584650
PJ,2025,CE,Gross,Forecast,Oct,4486807651
PJ,2025,CE,Gross,Forecast,Sep,2522418729
PJ,2025,CE,Net,Actual,Apr,2040000000
PJ,2025,CE,Net,Actual,Aug,1801970000
PJ,2025,CE,Net,Actual,Dec,939780000
PJ,2025,CE,Net,Actual,Feb,1481150000
PJ,2025,CE,Net,Actual,Jan,1384990000
PJ,2025,CE,Net,Actual,Jul,2040790000
PJ,2025,CE,Net,Actual,Jun,2959170000
PJ,2025,CE,Net,Actual,Mar,3897700000
PJ,2025,CE,Net,Actual,May,668270000
PJ,2025,CE,Net,Actual,Nov,3879560000
PJ,2025,CE,Net,Actual,Oct,4574840000
PJ,2025,CE,Net,Actual,Sep,4613690000
PJ,2025,CE,Net,Budget,Apr,709178452
PJ,2025,CE,Net,Budget,Aug,865767972
PJ,2025,CE,Net,Budget,Dec,756541284
PJ,2025,CE,Net,Budget,Feb,444215464
PJ,2025,CE,Net,Budget,Jan,623690606
PJ,2025,CE,Net,Budget,Jul,120587636
PJ,2025,CE,Net,Budget,Jun,4222004077
PJ,2025,CE,Net,Budget,Mar,4291291519
PJ,2025,CE,Net,Budget,May,661323999
PJ,2025,CE,Net,Budget,Nov,3218631897
PJ,2025,CE,Net,Budget,Oct,2218425131
PJ,2025,CE,Net,Budget,Sep,1751341801
PJ,2025,CE,Net,Forecast,Apr,47491605
PJ,2025,CE,Net,Forecast,Aug,2294649421
PJ,2025,CE,Net,Forecast,Dec,606366637
PJ,2025,CE,Net,Forecast,Feb,373834754
PJ,2025,CE,Net,Forecast,Jan,1222784297
PJ,2025,CE,Net,Forecast,Jul,1717745700
PJ,2025,CE,Net,Forecast,Jun,3777928218
PJ,2025,CE,Net,Forecast,Mar,3793941765
PJ,2025,CE,Net,Forecast,May,225279528
PJ,2025,CE,Net,Forecast,Nov,1163638132
PJ,2025,CE,Net,Forecast,Oct,1942288949
PJ,2025,CE,Net,Forecast,Sep,381196661
PJ,2025,CE,Op,Actual,Apr,2040000000
PJ,2025,CE,Op,Actual,Aug,1801970000
PJ,2025,CE,Op,Actual,Dec,939780000
PJ,2025,CE,Op,Actual,Feb,1481150000
PJ,2025,CE,Op,Actual,Jan,1384990000
PJ,2025,CE,Op,Actual,Jul,2040790000
PJ,2025,CE,Op,Actual,Jun,2959170000
PJ,2025,CE,Op,Actual,Mar,3897700000
PJ,2025,CE,Op,Actual,May,668270000
PJ,2025,CE,Op,Actual,Nov,3879560000
PJ,2025,CE,Op,Actual,Oct,4574840000
PJ,2025,CE,Op,Actual,Sep,4613690000
PJ,2025,CE,Op,Budget,Apr,1488707216
PJ,2025,CE,Op,Budget,Aug,900789142
PJ,2025,CE,Op,Budget,Dec,924548614
PJ,2025,CE,Op,Budget,Feb,1318518115
PJ,2025,CE,Op,Budget,Jan,907305911
PJ,2025,CE,Op,Budget,Jul,1555747744
PJ,2025,CE,Op,Budget,Jun,1777230999
PJ,2025,CE,Op,Budget,Mar,4488657884
PJ,2025,CE,Op,Budget,May,341241230
PJ,2025,CE,Op,Budget,Nov,4076969340
PJ,2025,CE,Op,Budget,Oct,3714916343
PJ,2025,CE,Op,Budget,Sep,6503859867
PJ,2025,CE,Op,Forecast,Apr,2602802851
PJ,2025,CE,Op,Forecast,Aug,1230173577
PJ,2025,CE,Op,Forecast,Dec,1275552448
PJ,2025,CE,Op,Forecast,Feb,1477471103
PJ,2025,CE,Op,Forecast,Jan,1602000567
PJ,2025,CE,Op,Forecast,Jul,1293238815
PJ,2025,CE,Op,Forecast,Jun,3257686041
PJ,2025,CE,Op,Forecast,Mar,142464159
PJ,2025,CE,Op,Forecast,May,380526888
PJ,2025,CE,Op,Forecast,Nov,2579022250
PJ,2025,CE,Op,Forecast,Oct,6314890376
PJ,2025,CE,Op,Forecast,Sep,2426388623
PJ,2025,CH,Gross,Actual,Apr,265340000
PJ,2025,CH,Gross,Actual,Aug,176000000
PJ,2025,CH,Gross,Actual,Dec,224490000
PJ,2025,CH,Gross,Actual,Feb,318150000
PJ,2025,CH,Gross,Actual,Jan,433890000
PJ,2025,CH,Gross,Actual,Jul,336350000
PJ,2025,CH,Gross,Actual,Jun,270210000
PJ,2025,CH,Gross,Actual,Mar,310940000
PJ,2025,CH,Gross,Actual,May,164680000
PJ,2025,CH,Gross,Actual,Nov,291500000
PJ,2025,CH,Gross,Actual,Oct,405840000
PJ,2025,CH,Gross,Actual,Sep,185540000
PJ,2025,CH,Gross,Budget,Apr,385275959
PJ,2025,CH,Gross,Budget,Aug,85017169
PJ,2025,CH,Gross,Budget,Dec,221774834
PJ,2025,CH,Gross,Budget,Feb,418163688
PJ,2025,CH,Gross,Budget,Jan,70970567
PJ,2025,CH,Gross,Budget,Jul,461898677
PJ,2025,CH,Gross,Budget,Jun,324582622
PJ,2025,CH,Gross,Budget,Mar,323616712
PJ,2025,CH,Gross,Budget,May,237994791
PJ,2025,CH,Gross,Budget,Nov,33818293
PJ,2025,CH,Gross,Budget,Oct,469683692
PJ,2025,CH,Gross,Budget,Sep,207041869
PJ,2025,CH,Gross,Forecast,Apr,285296051
PJ,2025,CH,Gross,Forecast,Aug,145333901
PJ,2025,CH,Gross,Forecast,Dec,332045156
PJ,2025,CH,Gross,Forecast,Feb,49666546
PJ,2025,CH,Gross,Forecast,Jan,55353038
PJ,2025,CH,Gross,Forecast,Jul,241540066
PJ,2025,CH,Gross,Forecast,Jun,65381950
PJ,2025,CH,Gross,Forecast,Mar,51071621
PJ,2025,CH,Gross,Forecast,May,46106079
PJ,2025,CH,Gross,Forecast,Nov,162930731
PJ,2025,CH,Gross,Forecast,Oct,526010116
PJ,2025,CH,Gross,Forecast,Sep,181027278
PJ,2025,CH,Net,Actual,Apr,254100000
PJ,2025,CH,Net,Actual,Aug,134160000
PJ,2025,CH,Net,Actual,Dec,214960000
PJ,2025,CH,Net,Actual,Feb,316940000
PJ,2025,CH,Net,Actual,Jan,408210000
PJ,2025,CH,Net,Actual,Jul,328620000
PJ,2025,CH,Net,Actual,Jun,267070000
PJ,2025,CH,Net,Actual,Mar,301330000
PJ,2025,CH,Net,Actual,May,163110000
PJ,2025,CH,Net,Actual,Nov,275480000
PJ,2025,CH,Net,Actual,Oct,405840000
PJ,2025,CH,Net,Actual,Sep,165680000
PJ,2025,CH,Net,Budget,Apr,351439914
PJ,2025,CH,Net,Budget,Aug,15526852
PJ,2025,CH,Net,Budget,Dec,176253131
PJ,2025,CH,Net,Budget,Feb,360136401
PJ,2025,CH,Net,Budget,Jan,492559596
PJ,2025,CH,Net,Budget,Jul,379943621
PJ,2025,CH,Net,Budget,Jun,379203981
PJ,2025,CH,Net,Budget,Mar,175360149
PJ,2025,CH,Net,Budget,May,155469748
PJ,2025,CH,Net,Budget,Nov,177470898
PJ,2025,CH,Net,Budget,Oct,34374880
PJ,2025,CH,Net,Budget,Sep,59557689
PJ,2025,CH,Net,Forecast,Apr,224825824
PJ,2025,CH,Net,Forecast,Aug,147646152
PJ,2025,CH,Net,Forecast,Dec,289898853
PJ,2025,CH,Net,Forecast,Feb,130154837
PJ,2025,CH,Net,Forecast,Jan,419862858
PJ,2025,CH,Net,Forecast,Jul,41854679
PJ,2025,CH,Net,Forecast,Jun,283253653
PJ,2025,CH,Net,Forecast,Mar,321591907
PJ,2025,CH,Net,Forecast,May,180487383
PJ,2025,CH,Net,Forecast,Nov,124154311
PJ,2025,CH,Net,Forecast,Oct,600990147
PJ,2025,CH,Net,Forecast,Sep,7406562
PJ,2025,CH,Op,Actual,Apr,254100000
PJ,2025,CH,Op,Actual,Aug,134160000
PJ,2025,CH,Op,Actual,Dec,214960000
PJ,2025,CH,Op,Actual,Feb,316940000
PJ,2025,CH,Op,Actual,Jan,408210000
PJ,2025,CH,Op,Actual,Jul,328620000
PJ,2025,CH,Op,Actual,Jun,267070000
PJ,2025,CH,Op,Actual,Mar,301330000
PJ,2025,CH,Op,Actual,May,163110000
PJ,2025,CH,Op,Actual,Nov,275480000
PJ,2025,CH,Op,Actual,Oct,405840000
PJ,2025,CH,Op,Actual,Sep,165680000
PJ,2025,CH,Op,Budget,Apr,198016646
PJ,2025,CH,Op,Budget,Aug,24272996
PJ,2025,CH,Op,Budget,Dec,3071653
PJ,2025,CH,Op,Budget,Feb,395300293
PJ,2025,CH,Op,Budget,Jan,529206535
PJ,2025,CH,Op,Budget,Jul,88971992
PJ,2025,CH,Op,Budget,Jun,103595383
PJ,2025,CH,Op,Budget,Mar,213849235
PJ,2025,CH,Op,Budget,May,36121927
PJ,2025,CH,Op,Budget,Nov,114377765
PJ,2025,CH,Op,Budget,Oct,452290525
PJ,2025,CH,Op,Budget,Sep,8732920
PJ,2025,CH,Op,Forecast,Apr,195444338
PJ,2025,CH,Op,Forecast,Aug,34667271
PJ,2025,CH,Op,Forecast,Dec,313737055
PJ,2025,CH,Op,Forecast,Feb,422211752
PJ,2025,CH,Op,Forecast,Jan,28277683
PJ,2025,CH,Op,Forecast,Jul,139109179
PJ,2025,CH,Op,Forecast,Jun,315941554
PJ,2025,CH,Op,Forecast,Mar,314633725
PJ,2025,CH,Op,Forecast,May,147974588
PJ,2025,CH,Op,Forecast,Nov,302489854
PJ,2025,CH,Op,Forecast,Oct,58718001
PJ,2025,CH,Op,Forecast,Sep,223543615
PJ,2025,DC,Gross,Actual,Apr,1330020000
PJ,2025,DC,Gross,Actual,Aug,1473710000
PJ,2025,DC,Gross,Actual,Dec,5714330000
PJ,2025,DC,Gross,Actual,Feb,1412370000
PJ,2025,DC,Gross,Actual,Jan,1459680000
PJ,2025,DC,Gross,Actual,Jul,2314250000
PJ,2025,DC,Gross,Actual,Jun,1721020000
PJ,2025,DC,Gross,Actual,Mar,1993140000
PJ,2025,DC,Gross,Actual,May,1587440000
PJ,2025,DC,Gross,Actual,Nov,3741800000
PJ,2025,DC,Gross,Actual,Oct,3014530000
PJ,2025,DC,Gross,Actual,Sep,2769980000
PJ,2025,DC,Gross,Budget,Apr,1303462117
PJ,2025,DC,Gross,Budget,Aug,1178820827
PJ,2025,DC,Gross,Budget,Dec,1628965125
PJ,2025,DC,Gross,Budget,Feb,727823604
PJ,2025,DC,Gross,Budget,Jan,1567654841
PJ,2025,DC,Gross,Budget,Jul,35496958
PJ,2025,DC,Gross,Budget,Jun,164598883
PJ,2025,DC,Gross,Budget,Mar,1074826345
PJ,2025,DC,Gross,Budget,May,2103962558
PJ,2025,DC,Gross,Budget,Nov,221595688
PJ,2025,DC,Gross,Budget,Oct,3399190001
PJ,2025,DC,Gross,Budget,Sep,2011854490
PJ,2025,DC,Gross,Forecast,Apr,1718018142
PJ,2025,DC,Gross,Forecast,Aug,336755265
PJ,2025,DC,Gross,Forecast,Dec,5301604241
PJ,2025,DC,Gross,Forecast,Feb,1920097370
PJ,2025,DC,Gross,Forecast,Jan,1597203074
PJ,2025,DC,Gross,Forecast,Jul,1045607737
PJ,2025,DC,Gross,Forecast,Jun,2531634101
PJ,2025,DC,Gross,Forecast,Mar,2516514844
PJ,2025,DC,Gross,Forecast,May,678892960
PJ,2025,DC,Gross,Forecast,Nov,746209178
PJ,2025,DC,Gross,Forecast,Oct,1113703309
PJ,2025,DC,Gross,Forecast,Sep,1397384171
PJ,2025,DC,Net,Actual,Apr,690200000
PJ,2025,DC,Net,Actual,Aug,1135490000
PJ,2025,DC,Net,Actual,Dec,3556680000
PJ,2025,DC,Net,Actual,Feb,558140000
PJ,2025,DC,Net,Actual,Jan,816580000
PJ,2025,DC,Net,Actual,Jul,1714840000
PJ,2025,DC,Net,Actual,Jun,1586330000
PJ,2025,DC,Net,Actual,Mar,1900680000
PJ,2025,DC,Net,Actual,May,1179290000
PJ,2025,DC,Net,Actual,Nov,2773170000
PJ,2025,DC,Net,Actual,Oct,2388160000
PJ,2025,DC,Net,Actual,Sep,2130190000
PJ,2025,DC,Net,Budget,Apr,459202746
PJ,2025,DC,Net,Budget,Aug,22866302
PJ,2025,DC,Net,Budget,Dec,4676218303
PJ,2025,DC,Net,Budget,Feb,209039806
PJ,2025,DC,Net,Budget,Jan,441331375
PJ,2025,DC,Net,Budget,Jul,365056881
PJ,2025,DC,Net,Budget,Jun,41669772
PJ,2025,DC,Net,Budget,Mar,2400827739
PJ,2025,DC,Net,Budget,May,936161889
PJ,2025,DC,Net,Budget,Nov,1162699159
PJ,2025,DC,Net,Budget,Oct,469464771
PJ,2025,DC,Net,Budget,Sep,3152740208
PJ,2025,DC,Net,Forecast,Apr,645987147
PJ,2025,DC,Net,Forecast,Aug,879676562
PJ,2025,DC,Net,Forecast,Dec,103910470
PJ,2025,DC,Net,Forecast,Feb,316283967
PJ,2025,DC,Net,Forecast,Jan,74861457
PJ,2025,DC,Net,Forecast,Jul,2213227949
PJ,2025,DC,Net,Forecast,Jun,238889013
PJ,2025,DC,Net,Forecast,Mar,48243369
PJ,2025,DC,Net,Forecast,May,1725785555
PJ,2025,DC,Net,Forecast,Nov,1035718041
PJ,2025,DC,Net,Forecast,Oct,471733345
PJ,2025,DC,Net,Forecast,Sep,884346025
PJ,2025,DC,Op,Actual,Apr,690200000
PJ,2025,DC,Op,Actual,Aug,1135490000
PJ,2025,DC,Op,Actual,Dec,3556680000
PJ,2025,DC,Op,Actual,Feb,558140000
PJ,2025,DC,Op,Actual,Jan,816580000
PJ,2025,DC,Op,Actual,Jul,1714840000
PJ,2025,DC,Op,Actual,Jun,1586330000
PJ,2025,DC,Op,Actual,Mar,1900680000
PJ,2025,DC,Op,Actual,May,1179290000
PJ,2025,DC,Op,Actual,Nov,2773170000
PJ,2025,DC,Op,Actual,Oct,2388160000
PJ,2025,DC,Op,Actual,Sep,2130190000
PJ,2025,DC,Op,Budget,Apr,386554949
PJ,2025,DC,Op,Budget,Aug,955317584
PJ,2025,DC,Op,Budget,Dec,2237948370
PJ,2025,DC,Op,Budget,Feb,712438283
PJ,2025,DC,Op,Budget,Jan,230906001
PJ,2025,DC,Op,Budget,Jul,694093705
PJ,2025,DC,Op,Budget,Jun,567898344
PJ,2025,DC,Op,Budget,Mar,1301563574
PJ,2025,DC,Op,Budget,May,653667837
PJ,2025,DC,Op,Budget,Nov,1142001298
PJ,2025,DC,Op,Budget,Oct,2137898580
PJ,2025,DC,Op,Budget,Sep,270908665
PJ,2025,DC,Op,Forecast,Apr,653662811
PJ,2025,DC,Op,Forecast,Aug,754704161
PJ,2025,DC,Op,Forecast,Dec,3277952052
PJ,2025,DC,Op,Forecast,Feb,427789269
PJ,2025,DC,Op,Forecast,Jan,877975661
PJ,2025,DC,Op,Forecast,Jul,1240368091
PJ,2025,DC,Op,Forecast,Jun,2282473231
PJ,2025,DC,Op,Forecast,Mar,928862576
PJ,2025,DC,Op,Forecast,May,130747885
PJ,2025,DC,Op,Forecast,Nov,3338289110
PJ,2025,DC,Op,Forecast,Oct,3121370981
PJ,2025,DC,Op,Forecast,Sep,454235514
PJ,2025,DE,Gross,Actual,Apr,3643340000
PJ,2025,DE,Gross,Actual,Aug,4146230000
PJ,2025,DE,Gross,Actual,Dec,2379150000
PJ,2025,DE,Gross,Actual,Feb,2840020000
PJ,2025,DE,Gross,Actual,Jan,3177300000
PJ,2025,DE,Gross,Actual,Jul,3759410000
PJ,2025,DE,Gross,Actual,Jun,3880380000
PJ,2025,DE,Gross,Actual,Mar,2032090000
PJ,2025,DE,Gross,Actual,May,3167870000
PJ,2025,DE,Gross,Actual,Nov,3157280000
PJ,2025,DE,Gross,Actual,Oct,2635960000
PJ,2025,DE,Gross,Actual,Sep,5311350000
PJ,2025,DE,Gross,Budget,Apr,3419704873
PJ,2025,DE,Gross,Budget,Aug,5477644600
PJ,2025,DE,Gross,Budget,Dec,1455778304
PJ,2025,DE,Gross,Budget,Feb,2348783590
PJ,2025,DE,Gross,Budget,Jan,469066795
PJ,2025,DE,Gross,Budget,Jul,661371520
PJ,2025,DE,Gross,Budget,Jun,1532390767
PJ,2025,DE,Gross,Budget,Mar,504810580
PJ,2025,DE,Gross,Budget,May,2216925887
PJ,2025,DE,Gross,Budget,Nov,854573467
PJ,2025,DE,Gross,Budget,Oct,251265734
PJ,2025,DE,Gross,Budget,Sep,2432296338
PJ,2025,DE,Gross,Forecast,Apr,3417127862
PJ,2025,DE,Gross,Forecast,Aug,607435395
PJ,2025,DE,Gross,Forecast,Dec,1247919278
PJ,2025,DE,Gross,Forecast,Feb,1004888187
PJ,2025,DE,Gross,Forecast,Jan,1589888067
PJ,2025,DE,Gross,Forecast,Jul,5386837669
PJ,2025,DE,Gross,Forecast,Jun,4811046938
PJ,2025,DE,Gross,Forecast,Mar,2431155702
PJ,2025,DE,Gross,Forecast,May,1211544361
PJ,2025,DE,Gross,Forecast,Nov,1440313155
PJ,2025,DE,Gross,Forecast,Oct,62933575
PJ,2025,DE,Gross,Forecast,Sep,6391889881
PJ,2025,DE,Net,Actual,Apr,3276820000
PJ,2025,DE,Net,Actual,Aug,3806460000
PJ,2025,DE,Net,Actual,Dec,2046330000
PJ,2025,DE,Net,Actual,Feb,2099950000
PJ,2025,DE,Net,Actual,Jan,2915160000
PJ,2025,DE,Net,Actual,Jul,3426910000
PJ,2025,DE,Net,Actual,Jun,3668350000
PJ,2025,DE,Net,Actual,Mar,2047090000
PJ,2025,DE,Net,Actual,May,2601550000
PJ,2025,DE,Net,Actual,Nov,2568100000
PJ,2025,DE,Net,Actual,Oct,2381370000
PJ,2025,DE,Net,Actual,Sep,4517700000
PJ,2025,DE,Net,Budget,Apr,4599869369
PJ,2025,DE,Net,Budget,Aug,1247482669
PJ,2025,DE,Net,Budget,Dec,1449196483
PJ,2025,DE,Net,Budget,Feb,2268952569
PJ,2025,DE,Net,Budget,Jan,1448636112
PJ,2025,DE,Net,Budget,Jul,3486977474
PJ,2025,DE,Net,Budget,Jun,3965498522
PJ,2025,DE,Net,Budget,Mar,1339111311
PJ,2025,DE,Net,Budget,May,3519850885
PJ,2025,DE,Net,Budget,Nov,622517277
PJ,2025,DE,Net,Budget,Oct,3455568750
PJ,2025,DE,Net,Budget,Sep,84089485
PJ,2025,DE,Net,Forecast,Apr,2144478036
PJ,2025,DE,Net,Forecast,Aug,629512191
PJ,2025,DE,Net,Forecast,Dec,2361111122
PJ,2025,DE,Net,Forecast,Feb,68014892
PJ,2025,DE,Net,Forecast,Jan,3867374706
PJ,2025,DE,Net,Forecast,Jul,17482093
PJ,2025,DE,Net,Forecast,Jun,5161139789
PJ,2025,DE,Net,Forecast,Mar,540316644
PJ,2025,DE,Net,Forecast,May,125954439
PJ,2025,DE,Net,Forecast,Nov,1178832003
PJ,2025,DE,Net,Forecast,Oct,3347482150
PJ,2025,DE,Net,Forecast,Sep,54280985
PJ,2025,DE,Op,Actual,Apr,3276820000
PJ,2025,DE,Op,Actual,Aug,3806460000
PJ,2025,DE,Op,Actual,Dec,2046330000
PJ,2025,DE,Op,Actual,Feb,2099950000
PJ,2025,DE,Op,Actual,Jan,2915160000
PJ,2025,DE,Op,Actual,Jul,3426910000
PJ,2025,DE,Op,Actual,Jun,3668350000
PJ,2025,DE,Op,Actual,Mar,2047090000
PJ,2025,DE,Op,Actual,May,2601550000
PJ,2025,DE,Op,Actual,Nov,2568100000
PJ,2025,DE,Op,Actual,Oct,2381370000
PJ,2025,DE,Op,Actual,Sep,4517700000
PJ,2025,DE,Op,Budget,Apr,305877637
PJ,2025,DE,Op,Budget,Aug,5370230921
PJ,2025,DE,Op,Budget,Dec,1771837951
PJ,2025,DE,Op,Budget,Feb,2098697769
PJ,2025,DE,Op,Budget,Jan,1393903588
PJ,2025,DE,Op,Budget,Jul,3816060751
PJ,2025,DE,Op,Budget,Jun,4027090691
PJ,2025,DE,Op,Budget,Mar,2618659042
PJ,2025,DE,Op,Budget,May,1876702230
PJ,2025,DE,Op,Budget,Nov,269004207
PJ,2025,DE,Op,Budget,Oct,1292963866
PJ,2025,DE,Op,Budget,Sep,6657288289
PJ,2025,DE,Op,Forecast,Apr,2724521804
PJ,2025,DE,Op,Forecast,Aug,4726341856
PJ,2025,DE,Op,Forecast,Dec,1711610577
PJ,2025,DE,Op,Forecast,Feb,1439091086
PJ,2025,DE,Op,Forecast,Jan,1595263737
PJ,2025,DE,Op,Forecast,Jul,559814290
PJ,2025,DE,Op,Forecast,Jun,5125873631
PJ,2025,DE,Op,Forecast,Mar,1954044369
PJ,2025,DE,Op,Forecast,May,611189617
PJ,2025,DE,Op,Forecast,Nov,3439731656
PJ,2025,DE,Op,Forecast,Oct,1835851947
PJ,2025,DE,Op,Forecast,Sep,5772647784
PJ,2025,ES,Gross,Actual,Apr,582950000
PJ,2025,ES,Gross,Actual,Aug,352330000
PJ,2025,ES,Gross,Actual,Dec,416620000
PJ,2025,ES,Gross,Actual,Feb,456310000
PJ,2025,ES,Gross,Actual,Jan,740760000
PJ,2025,ES,Gross,Actual,Jul,1017520000
PJ,2025,ES,Gross,Actual,Jun,432680000
PJ,2025,ES,Gross,Actual,Mar,646020000
PJ,2025,ES,Gross,Actual,May,314690000
PJ,2025,ES,Gross,Actual,Nov,524560000
PJ,2025,ES,Gross,Actual,Oct,610680000
PJ,2025,ES,Gross,Actual,Sep,402660000
PJ,2025,ES,Gross,Budget,Apr,522580373
PJ,2025,ES,Gross,Budget,Aug,520990268
PJ,2025,ES,Gross,Budget,Dec,438272427
PJ,2025,ES,Gross,Budget,Feb,91303703
PJ,2025,ES,Gross,Budget,Jan,513013416
PJ,2025,ES,Gross,Budget,Jul,178262071
PJ,2025,ES,Gross,Budget,Jun,519472432
PJ,2025,ES,Gross,Budget,Mar,329216970
PJ,2025,ES,Gross,Budget,May,130284010
PJ,2025,ES,Gross,Budget,Nov,72842928
PJ,2025,ES,Gross,Budget,Oct,789458906
PJ,2025,ES,Gross,Budget,Sep,182128754
PJ,2025,ES,Gross,Forecast,Apr,738901151
PJ,2025,ES,Gross,Forecast,Aug,300351808
PJ,2025,ES,Gross,Forecast,Dec,380135146
PJ,2025,ES,Gross,Forecast,Feb,31660495
PJ,2025,ES,Gross,Forecast,Jan,664248473
PJ,2025,ES,Gross,Forecast,Jul,1195777175
PJ,2025,ES,Gross,Forecast,Jun,66448543
PJ,2025,ES,Gross,Forecast,Mar,599368690
PJ,2025,ES,Gross,Forecast,May,187709842
PJ,2025,ES,Gross,Forecast,Nov,418300979
PJ,2025,ES,Gross,Forecast,Oct,648171770
PJ,2025,ES,Gross,Forecast,Sep,466394391
PJ,2025,ES,Net,Actual,Apr,493370000
PJ,2025,ES,Net,Actual,Aug,375590000
PJ,2025,ES,Net,Actual,Dec,385600000
PJ,2025,ES,Net,Actual,Feb,357130000
PJ,2025,ES,Net,Actual,Jan,689160000
PJ,2025,ES,Net,Actual,Jul,955680000
PJ,2025,ES,Net,Actual,Jun,352630000
PJ,2025,ES,Net,Actual,Mar,678180000
PJ,2025,ES,Net,Actual,May,280110000
PJ,2025,ES,Net,Actual,Nov,490800000
PJ,2025,ES,Net,Actual,Oct,516970000
PJ,2025,ES,Net,Actual,Sep,402660000
PJ,2025,ES,Net,Budget,Apr,365219609
PJ,2025,ES,Net,Budget,Aug,49731934
PJ,2025,ES,Net,Budget,Dec,452174649
PJ,2025,ES,Net,Budget,Feb,121640201
PJ,2025,ES,Net,Budget,Jan,868821177
PJ,2025,ES,Net,Budget,Jul,528001973
PJ,2025,ES,Net,Budget,Jun,106987790
PJ,2025,ES,Net,Budget,Mar,959397742
PJ,2025,ES,Net,Budget,May,415199889
PJ,2025,ES,Net,Budget,Nov,214134048
PJ,2025,ES,Net,Budget,Oct,502902498
PJ,2025,ES,Net,Budget,Sep,175998194
PJ,2025,ES,Net,Forecast,Apr,434555745
PJ,2025,ES,Net,Forecast,Aug,108125432
PJ,2025,ES,Net,Forecast,Dec,48350503
PJ,2025,ES,Net,Forecast,Feb,407806164
PJ,2025,ES,Net,Forecast,Jan,591933744
PJ,2025,ES,Net,Forecast,Jul,1091020808
PJ,2025,ES,Net,Forecast,Jun,264092227
PJ,2025,ES,Net,Forecast,Mar,867878259
PJ,2025,ES,Net,Forecast,May,127445061
PJ,2025,ES,Net,Forecast,Nov,279875403
PJ,2025,ES,Net,Forecast,Oct,528616511
PJ,2025,ES,Net,Forecast,Sep,592213068
PJ,2025,ES,Op,Actual,Apr,493370000
PJ,2025,ES,Op,Actual,Aug,375590000
PJ,2025,ES,Op,Actual,Dec,385600000
PJ,2025,ES,Op,Actual,Feb,357130000
PJ,2025,ES,Op,Actual,Jan,689160000
PJ,2025,ES,Op,Actual,Jul,955680000
PJ,2025,ES,Op,Actual,Jun,352630000
PJ,2025,ES,Op,Actual,Mar,678180000
PJ,2025,ES,Op,Actual,May,280110000
PJ,2025,ES,Op,Actual,Nov,490800000
PJ,2025,ES,Op,Actual,Oct,516970000
PJ,2025,ES,Op,Actual,Sep,402660000
PJ,2025,ES,Op,Budget,Apr,115697735
PJ,2025,ES,Op,Budget,Aug,52170631
PJ,2025,ES,Op,Budget,Dec,506160495
PJ,2025,ES,Op,Budget,Feb,136380995
PJ,2025,ES,Op,Budget,Jan,151439069
PJ,2025,ES,Op,Budget,Jul,782209577
PJ,2025,ES,Op,Budget,Jun,416940090
PJ,2025,ES,Op,Budget,Mar,985483607
PJ,2025,ES,Op,Budget,May,263108436
PJ,2025,ES,Op,Budget,Nov,342327749
PJ,2025,ES,Op,Budget,Oct,588917539
PJ,2025,ES,Op,Budget,Sep,491617478
PJ,2025,ES,Op,Forecast,Apr,110756590
PJ,2025,ES,Op,Forecast,Aug,268049289
PJ,2025,ES,Op,Forecast,Dec,53470213
PJ,2025,ES,Op,Forecast,Feb,104200220
PJ,2025,ES,Op,Forecast,Jan,653864445
PJ,2025,ES,Op,Forecast,Jul,87108688
PJ,2025,ES,Op,Forecast,Jun,145915634
PJ,2025,ES,Op,Forecast,Mar,115177083
PJ,2025,ES,Op,Forecast,May,334390622
PJ,2025,ES,Op,Forecast,Nov,152938650
PJ,2025,ES,Op,Forecast,Oct,319528761
PJ,2025,ES,Op,Forecast,Sep,171859241
PJ,2025,FR,Gross,Actual,Apr,1766470000
PJ,2025,FR,Gross,Actual,Aug,3269900000
PJ,2025,FR,Gross,Actual,Dec,3105400000
PJ,2025,FR,Gross,Actual,Feb,1239270000
PJ,2025,FR,Gross,Actual,Jan,3458140000
PJ,2025,FR,Gross,Actual,Jul,2073660000
PJ,2025,FR,Gross,Actual,Jun,2317170000
PJ,2025,FR,Gross,Actual,Mar,3497310000
PJ,2025,FR,Gross,Actual,May,1151670000
PJ,2025,FR,Gross,Actual,Nov,2429340000
PJ,2025,FR,Gross,Actual,Oct,3800310000
PJ,2025,FR,Gross,Actual,Sep,2179690000
PJ,2025,FR,Gross,Budget,Apr,578037180
PJ,2025,FR,Gross,Budget,Aug,4249474967
PJ,2025,FR,Gross,Budget,Dec,1169135730
PJ,2025,FR,Gross,Budget,Feb,367382152
PJ,2025,FR,Gross,Budget,Jan,3153086368
PJ,2025,FR,Gross,Budget,Jul,1925967290
PJ,2025,FR,Gross,Budget,Jun,638963662
PJ,2025,FR,Gross,Budget,Mar,3364944136
PJ,2025,FR,Gross,Budget,May,809467144
PJ,2025,FR,Gross,Budget,Nov,650861416
PJ,2025,FR,Gross,Budget,Oct,551699773
PJ,2025,FR,Gross,Budget,Sep,2375939743
PJ,2025,FR,Gross,Forecast,Apr,1876505532
PJ,2025,FR,Gross,Forecast,Aug,263602282
PJ,2025,FR,Gross,Forecast,Dec,3250718085
PJ,2025,FR,Gross,Forecast,Feb,163251645
PJ,2025,FR,Gross,Forecast,Jan,3465364744
PJ,2025,FR,Gross,Forecast,Jul,2851505678
PJ,2025,FR,Gross,Forecast,Jun,3384537423
PJ,2025,FR,Gross,Forecast,Mar,272239659
PJ,2025,FR,Gross,Forecast,May,425830961
PJ,2025,FR,Gross,Forecast,Nov,1727053887
PJ,2025,FR,Gross,Forecast,Oct,3926241317
PJ,2025,FR,Gross,Forecast,Sep,477277108
PJ,2025,FR,Net,Actual,Apr,1656940000
PJ,2025,FR,Net,Actual,Aug,3145990000
PJ,2025,FR,Net,Actual,Dec,2614270000
PJ,2025,FR,Net,Actual,Feb,206240000
PJ,2025,FR,Net,Actual,Jan,3387880000
PJ,2025,FR,Net,Actual,Jul,1859790000
PJ,2025,FR,Net,Actual,Jun,2110770000
PJ,2025,FR,Net,Actual,Mar,2917650000
PJ,2025,FR,Net,Actual,May,1071440000
PJ,2025,FR,Net,Actual,Nov,2197240000
PJ,2025,FR,Net,Actual,Oct,3566170000
PJ,2025,FR,Net,Actual,Sep,1981630000
PJ,2025,FR,Net,Budget,Apr,504983624
PJ,2025,FR,Net,Budget,Aug,2634259057
PJ,2025,FR,Net,Budget,Dec,2383777802
PJ,2025,FR,Net,Budget,Feb,234737130
PJ,2025,FR,Net,Budget,Jan,950212281
PJ,2025,FR,Net,Budget,Jul,1374520160
PJ,2025,FR,Net,Budget,Jun,2742936456
PJ,2025,FR,Net,Budget,Mar,3275262680
PJ,2025,FR,Net,Budget,May,351116945
PJ,2025,FR,Net,Budget,Nov,2004728671
PJ,2025,FR,Net,Budget,Oct,2759731139
PJ,2025,FR,Net,Budget,Sep,983712455
PJ,2025,FR,Net,Forecast,Apr,2317409019
PJ,2025,FR,Net,Forecast,Aug,856107439
PJ,2025,FR,Net,Forecast,Dec,801169972
PJ,2025,FR,Net,Forecast,Feb,160945339
PJ,2025,FR,Net,Forecast,Jan,3163669673
PJ,2025,FR,Net,Forecast,Jul,394548220
PJ,2025,FR,Net,Forecast,Jun,2998694099
PJ,2025,FR,Net,Forecast,Mar,2009805258
PJ,2025,FR,Net,Forecast,May,1158896761
PJ,2025,FR,Net,Forecast,Nov,498277426
PJ,2025,FR,Net,Forecast,Oct,5268644841
PJ,2025,FR,Net,Forecast,Sep,2128698828
PJ,2025,FR,Op,Actual,Apr,1656940000
PJ,2025,FR,Op,Actual,Aug,3145990000
PJ,2025,FR,Op,Actual,Dec,2614270000
PJ,2025,FR,Op,Actual,Feb,206240000
PJ,2025,FR,Op,Actual,Jan,3387880000
PJ,2025,FR,Op,Actual,Jul,1859790000
PJ,2025,FR,Op,Actual,Jun,2110770000
PJ,2025,FR,Op,Actual,Mar,2917650000
PJ,2025,FR,Op,Actual,May,1071440000
PJ,2025,FR,Op,Actual,Nov,2197240000
PJ,2025,FR,Op,Actual,Oct,3566170000
PJ,2025,FR,Op,Actual,Sep,1981630000
PJ,2025,FR,Op,Budget,Apr,1968367576
PJ,2025,FR,Op,Budget,Aug,4539296101
PJ,2025,FR,Op,Budget,Dec,2878138972
PJ,2025,FR,Op,Budget,Feb,99033855
PJ,2025,FR,Op,Budget,Jan,2150132603
PJ,2025,FR,Op,Budget,Jul,579372042
PJ,2025,FR,Op,Budget,Jun,2650998211
PJ,2025,FR,Op,Budget,Mar,3367426665
PJ,2025,FR,Op,Budget,May,1168012544
PJ,2025,FR,Op,Budget,Nov,1708409913
PJ,2025,FR,Op,Budget,Oct,2757747024
PJ,2025,FR,Op,Budget,Sep,711210098
PJ,2025,FR,Op,Forecast,Apr,1003788733
PJ,2025,FR,Op,Forecast,Aug,4081467352
PJ,2025,FR,Op,Forecast,Dec,1387829556
PJ,2025,FR,Op,Forecast,Feb,166354540
PJ,2025,FR,Op,Forecast,Jan,2839563340
PJ,2025,FR,Op,Forecast,Jul,1616914075
PJ,2025,FR,Op,Forecast,Jun,943154697
PJ,2025,FR,Op,Forecast,Mar,3650935432
PJ,2025,FR,Op,Forecast,May,965179856
PJ,2025,FR,Op,Forecast,Nov,1646428972
PJ,2025,FR,Op,Forecast,Oct,3299864308
PJ,2025,FR,Op,Forecast,Sep,896294302
PJ,2025,ID,Gross,Actual,Apr,0
PJ,2025,ID,Gross,Actual,Aug,1705400000
PJ,2025,ID,Gross,Actual,Dec,583333000
PJ,2025,ID,Gross,Actual,Feb,0
PJ,2025,ID,Gross,Actual,Jan,5087810000
PJ,2025,ID,Gross,Actual,Jul,1610420000
PJ,2025,ID,Gross,Actual,Jun,880699400
PJ,2025,ID,Gross,Actual,Mar,3961940000
PJ,2025,ID,Gross,Actual,May,1250160000
PJ,2025,ID,Gross,Actual,Nov,3833035800
PJ,2025,ID,Gross,Actual,Oct,761268100
PJ,2025,ID,Gross,Actual,Sep,2337356500
PJ,2025,ID,Gross,Budget,Apr,0
PJ,2025,ID,Gross,Budget,Aug,1758122103
PJ,2025,ID,Gross,Budget,Dec,732667102
PJ,2025,ID,Gross,Budget,Feb,0
PJ,2025,ID,Gross,Budget,Jan,6165078405
PJ,2025,ID,Gross,Budget,Jul,2102443920
PJ,2025,ID,Gross,Budget,Jun,911370882
PJ,2025,ID,Gross,Budget,Mar,338697358
PJ,2025,ID,Gross,Budget,May,1624709836
PJ,2025,ID,Gross,Budget,Nov,2954087547
PJ,2025,ID,Gross,Budget,Oct,115380994
PJ,2025,ID,Gross,Budget,Sep,2082183047
PJ,2025,ID,Gross,Forecast,Apr,0
PJ,2025,ID,Gross,Forecast,Aug,737705123
PJ,2025,ID,Gross,Forecast,Dec,267999828
PJ,2025,ID,Gross,Forecast,Feb,0
PJ,2025,ID,Gross,Forecast,Jan,4561760858
PJ,2025,ID,Gross,Forecast,Jul,1993504842
PJ,2025,ID,Gross,Forecast,Jun,594287967
PJ,2025,ID,Gross,Forecast,Mar,3619276358
PJ,2025,ID,Gross,Forecast,May,1807431177
PJ,2025,ID,Gross,Forecast,Nov,2446634451
PJ,2025,ID,Gross,Forecast,Oct,905761779
PJ,2025,ID,Gross,Forecast,Sep,712868187
PJ,2025,ID,Net,Actual,Apr,421230000
PJ,2025,ID,Net,Actual,Aug,1705400000
PJ,2025,ID,Net,Actual,Dec,346266500
PJ,2025,ID,Net,Actual,Feb,280000
PJ,2025,ID,Net,Actual,Jan,4986060000
PJ,2025,ID,Net,Actual,Jul,1610420000
PJ,2025,ID,Net,Actual,Jun,594618200
PJ,2025,ID,Net,Actual,Mar,3966340000
PJ,2025,ID,Net,Actual,May,1175150000
PJ,2025,ID,Net,Actual,Nov,3603053800
PJ,2025,ID,Net,Actual,Oct,715591800
PJ,2025,ID,Net,Actual,Sep,2084604300
PJ,2025,ID,Net,Budget,Apr,335711755
PJ,2025,ID,Net,Budget,Aug,2264406273
PJ,2025,ID,Net,Budget,Dec,83318418
PJ,2025,ID,Net,Budget,Feb,228139
PJ,2025,ID,Net,Budget,Jan,5574772679
PJ,2025,ID,Net,Budget,Jul,1052407048
PJ,2025,ID,Net,Budget,Jun,300035478
PJ,2025,ID,Net,Budget,Mar,4521966994
PJ,2025,ID,Net,Budget,May,788619484
PJ,2025,ID,Net,Budget,Nov,377631871
PJ,2025,ID,Net,Budget,Oct,628868931
PJ,2025,ID,Net,Budget,Sep,800769654
PJ,2025,ID,Net,Forecast,Apr,508799542
PJ,2025,ID,Net,Forecast,Aug,1920682051
PJ,2025,ID,Net,Forecast,Dec,210914935
PJ,2025,ID,Net,Forecast,Feb,282361
PJ,2025,ID,Net,Forecast,Jan,905073940
PJ,2025,ID,Net,Forecast,Jul,360392611
PJ,2025,ID,Net,Forecast,Jun,524712690
PJ,2025,ID,Net,Forecast,Mar,1183356664
PJ,2025,ID,Net,Forecast,May,1091561729
PJ,2025,ID,Net,Forecast,Nov,1502726759
PJ,2025,ID,Net,Forecast,Oct,476563435
PJ,2025,ID,Net,Forecast,Sep,1282863895
PJ,2025,ID,Op,Actual,Apr,421230000
PJ,2025,ID,Op,Actual,Aug,1705400000
PJ,2025,ID,Op,Actual,Dec,346266500
PJ,2025,ID,Op,Actual,Feb,280000
PJ,2025,ID,Op,Actual,Jan,4986060000
PJ,2025,ID,Op,Actual,Jul,1610420000
PJ,2025,ID,Op,Actual,Jun,594618200
PJ,2025,ID,Op,Actual,Mar,3966340000
PJ,2025,ID,Op,Actual,May,1175150000
PJ,2025,ID,Op,Actual,Nov,3603053800
PJ,2025,ID,Op,Actual,Oct,715591800
PJ,2025,ID,Op,Actual,Sep,2084604300
PJ,2025,ID,Op,Budget,Apr,369147024
PJ,2025,ID,Op,Budget,Aug,1089899345
PJ,2025,ID,Op,Budget,Dec,197874247
PJ,2025,ID,Op,Budget,Feb,187103
PJ,2025,ID,Op,Budget,Jan,378794764
PJ,2025,ID,Op,Budget,Jul,377319301
PJ,2025,ID,Op,Budget,Jun,382644871
PJ,2025,ID,Op,Budget,Mar,4973246379
PJ,2025,ID,Op,Budget,May,733631301
PJ,2025,ID,Op,Budget,Nov,3872462331
PJ,2025,ID,Op,Budget,Oct,330395046
PJ,2025,ID,Op,Budget,Sep,1720190424
PJ,2025,ID,Op,Forecast,Apr,251870261
PJ,2025,ID,Op,Forecast,Aug,1687589292
PJ,2025,ID,Op,Forecast,Dec,316957648
PJ,2025,ID,Op,Forecast,Feb,418775
PJ,2025,ID,Op,Forecast,Jan,2357935006
PJ,2025,ID,Op,Forecast,Jul,1469147470
PJ,2025,ID,Op,Forecast,Jun,659767543
PJ,2025,ID,Op,Forecast,Mar,4439492190
PJ,2025,ID,Op,Forecast,May,910440908
PJ,2025,ID,Op,Forecast,Nov,2150799883
PJ,2025,ID,Op,Forecast,Oct,278505319
PJ,2025,ID,Op,Forecast,Sep,2000959509
PJ,2025,IN,Gross,Actual,Apr,6132220000
PJ,2025,IN,Gross,Actual,Aug,3904980000
PJ,2025,IN,Gross,Actual,Dec,3934425100
PJ,2025,IN,Gross,Actual,Feb,5293350000
PJ,2025,IN,Gross,Actual,Jan,4933090000
PJ,2025,IN,Gross,Actual,Jul,2319300000
PJ,2025,IN,Gross,Actual,Jun,4194268700
PJ,2025,IN,Gross,Actual,Mar,858580000
PJ,2025,IN,Gross,Actual,May,1012880000
PJ,2025,IN,Gross,Actual,Nov,1034223500
PJ,2025,IN,Gross,Actual,Oct,1572273000
PJ,2025,IN,Gross,Actual,Sep,2406901100
PJ,2025,IN,Gross,Budget,Apr,3174211099
PJ,2025,IN,Gross,Budget,Aug,3355257236
PJ,2025,IN,Gross,Budget,Dec,874439587
PJ,2025,IN,Gross,Budget,Feb,130970376
PJ,2025,IN,Gross,Budget,Jan,6195827568
PJ,2025,IN,Gross,Budget,Jul,1298090100
PJ,2025,IN,Gross,Budget,Jun,3817925823
PJ,2025,IN,Gross,Budget,Mar,113449311
PJ,2025,IN,Gross,Budget,May,689138163
PJ,2025,IN,Gross,Budget,Nov,987281099
PJ,2025,IN,Gross,Budget,Oct,2159273388
PJ,2025,IN,Gross,Budget,Sep,2709929944
PJ,2025,IN,Gross,Forecast,Apr,5152472914
PJ,2025,IN,Gross,Forecast,Aug,3706815692
PJ,2025,IN,Gross,Forecast,Dec,3448326670
PJ,2025,IN,Gross,Forecast,Feb,6598227488
PJ,2025,IN,Gross,Forecast,Jan,2128170054
PJ,2025,IN,Gross,Forecast,Jul,2507123287
PJ,2025,IN,Gross,Forecast,Jun,3265276341
PJ,2025,IN,Gross,Forecast,Mar,661149133
PJ,2025,IN,Gross,Forecast,May,312349652
PJ,2025,IN,Gross,Forecast,Nov,1473397827
PJ,2025,IN,Gross,Forecast,Oct,881409364
PJ,2025,IN,Gross,Forecast,Sep,2124499170
PJ,2025,IN,Net,Actual,Apr,6070900000
PJ,2025,IN,Net,Actual,Aug,3904980000
PJ,2025,IN,Net,Actual,Dec,3934425100
PJ,2025,IN,Net,Actual,Feb,3619000000
PJ,2025,IN,Net,Actual,Jan,4871380000
PJ,2025,IN,Net,Actual,Jul,2319300000
PJ,2025,IN,Net,Actual,Jun,4272145200
PJ,2025,IN,Net,Actual,Mar,1045170000
PJ,2025,IN,Net,Actual,May,1002750000
PJ,2025,IN,Net,Actual,Nov,1034223500
PJ,2025,IN,Net,Actual,Oct,1572273000
PJ,2025,IN,Net,Actual,Sep,2406901100
PJ,2025,IN,Net,Budget,Apr,2418998337
PJ,2025,IN,Net,Budget,Aug,356516096
PJ,2025,IN,Net,Budget,Dec,357912651
PJ,2025,IN,Net,Budget,Feb,1279972384
PJ,2025,IN,Net,Budget,Jan,4400430869
PJ,2025,IN,Net,Budget,Jul,1113344539
PJ,2025,IN,Net,Budget,Jun,1879247338
PJ,2025,IN,Net,Budget,Mar,342274461
PJ,2025,IN,Net,Budget,May,204297839
PJ,2025,IN,Net,Budget,Nov,867814710
PJ,2025,IN,Net,Budget,Oct,354856305
PJ,2025,IN,Net,Budget,Sep,453375418
PJ,2025,IN,Net,Forecast,Apr,9103692772
PJ,2025,IN,Net,Forecast,Aug,12875963
PJ,2025,IN,Net,Forecast,Dec,3001414146
PJ,2025,IN,Net,Forecast,Feb,1807794147
PJ,2025,IN,Net,Forecast,Jan,6048696502
PJ,2025,IN,Net,Forecast,Jul,132827470
PJ,2025,IN,Net,Forecast,Jun,5355698712
PJ,2025,IN,Net,Forecast,Mar,123226516
PJ,2025,IN,Net,Forecast,May,1145136107
PJ,2025,IN,Net,Forecast,Nov,529114834
PJ,2025,IN,Net,Forecast,Oct,494767465
PJ,2025,IN,Net,Forecast,Sep,1573408690
PJ,2025,IN,Op,Actual,Apr,6070900000
PJ,2025,IN,Op,Actual,Aug,3904980000
PJ,2025,IN,Op,Actual,Dec,3934425100
PJ,2025,IN,Op,Actual,Feb,3619000000
PJ,2025,IN,Op,Actual,Jan,4871380000
PJ,2025,IN,Op,Actual,Jul,2319300000
PJ,2025,IN,Op,Actual,Jun,4272145200
PJ,2025,IN,Op,Actual,Mar,1045170000
PJ,2025,IN,Op,Actual,May,1002750000
PJ,2025,IN,Op,Actual,Nov,1034223500
PJ,2025,IN,Op,Actual,Oct,1572273000
PJ,2025,IN,Op,Actual,Sep,2406901100
PJ,2025,IN,Op,Budget,Apr,1558348752
PJ,2025,IN,Op,Budget,Aug,2888852233
PJ,2025,IN,Op,Budget,Dec,2208992009
PJ,2025,IN,Op,Budget,Feb,3990050744
PJ,2025,IN,Op,Budget,Jan,5950938090
PJ,2025,IN,Op,Budget,Jul,120271700
PJ,2025,IN,Op,Budget,Jun,3634645748
PJ,2025,IN,Op,Budget,Mar,1346847585
PJ,2025,IN,Op,Budget,May,1471625302
PJ,2025,IN,Op,Budget,Nov,964811964
PJ,2025,IN,Op,Budget,Oct,861994625
PJ,2025,IN,Op,Budget,Sep,1127483075
PJ,2025,IN,Op,Forecast,Apr,1906438545
PJ,2025,IN,Op,Forecast,Aug,5298539215
PJ,2025,IN,Op,Forecast,Dec,2855023622
PJ,2025,IN,Op,Forecast,Feb,2280331001
PJ,2025,IN,Op,Forecast,Jan,3884137914
PJ,2025,IN,Op,Forecast,Jul,3104971513
PJ,2025,IN,Op,Forecast,Jun,5099788299
PJ,2025,IN,Op,Forecast,Mar,856437638
PJ,2025,IN,Op,Forecast,May,278334637
PJ,2025,IN,Op,Forecast,Nov,299691233
PJ,2025,IN,Op,Forecast,Oct,1985432617
PJ,2025,IN,Op,Forecast,Sep,150458832
PJ,2025,IT,Gross,Actual,Apr,309900000
PJ,2025,IT,Gross,Actual,Aug,0
PJ,2025,IT,Gross,Actual,Dec,0
PJ,2025,IT,Gross,Actual,Feb,0
PJ,2025,IT,Gross,Actual,Jan,400650000
PJ,2025,IT,Gross,Actual,Jul,9120000
PJ,2025,IT,Gross,Actual,Jun,21950000
PJ,2025,IT,Gross,Actual,Mar,38480000
PJ,2025,IT,Gross,Actual,May,154860000
PJ,2025,IT,Gross,Actual,Nov,395440000
PJ,2025,IT,Gross,Actual,Oct,4340000
PJ,2025,IT,Gross,Actual,Sep,13860000
PJ,2025,IT,Gross,Budget,Apr,381581830
PJ,2025,IT,Gross,Budget,Aug,0
PJ,2025,IT,Gross,Budget,Dec,0
PJ,2025,IT,Gross,Budget,Feb,0
PJ,2025,IT,Gross,Budget,Jan,165345341
PJ,2025,IT,Gross,Budget,Jul,6311429
PJ,2025,IT,Gross,Budget,Jun,4144508
PJ,2025,IT,Gross,Budget,Mar,50091037
PJ,2025,IT,Gross,Budget,May,119870064
PJ,2025,IT,Gross,Budget,Nov,251296060
PJ,2025,IT,Gross,Budget,Oct,752955
PJ,2025,IT,Gross,Budget,Sep,13719410
PJ,2025,IT,Gross,Forecast,Apr,399861839
PJ,2025,IT,Gross,Forecast,Aug,0
PJ,2025,IT,Gross,Forecast,Dec,0
PJ,2025,IT,Gross,Forecast,Feb,0
PJ,2025,IT,Gross,Forecast,Jan,517280241
PJ,2025,IT,Gross,Forecast,Jul,1899144
PJ,2025,IT,Gross,Forecast,Jun,18187435
PJ,2025,IT,Gross,Forecast,Mar,11818725
PJ,2025,IT,Gross,Forecast,May,61697311
PJ,2025,IT,Gross,Forecast,Nov,73463601
PJ,2025,IT,Gross,Forecast,Oct,2083188
PJ,2025,IT,Gross,Forecast,Sep,14869277
PJ,2025,IT,Net,Actual,Apr,304750000
PJ,2025,IT,Net,Actual,Aug,0
PJ,2025,IT,Net,Actual,Dec,-112120000
PJ,2025,IT,Net,Actual,Feb,-3500000
PJ,2025,IT,Net,Actual,Jan,397790000
PJ,2025,IT,Net,Actual,Jul,5920000
PJ,2025,IT,Net,Actual,Jun,19530000
PJ,2025,IT,Net,Actual,Mar,36030000
PJ,2025,IT,Net,Actual,May,152520000
PJ,2025,IT,Net,Actual,Nov,395120000
PJ,2025,IT,Net,Actual,Oct,-16880000
PJ,2025,IT,Net,Actual,Sep,13860000
PJ,2025,IT,Net,Budget,Apr,376713555
PJ,2025,IT,Net,Budget,Aug,0
PJ,2025,IT,Net,Budget,Dec,-114935124
PJ,2025,IT,Net,Budget,Feb,-4714503
PJ,2025,IT,Net,Budget,Jan,148644785
PJ,2025,IT,Net,Budget,Jul,4749549
PJ,2025,IT,Net,Budget,Jun,3655298
PJ,2025,IT,Net,Budget,Mar,8957296
PJ,2025,IT,Net,Budget,May,36065120
PJ,2025,IT,Net,Budget,Nov,188833925
PJ,2025,IT,Net,Budget,Oct,-8429002
PJ,2025,IT,Net,Budget,Sep,5241438
PJ,2025,IT,Net,Forecast,Apr,447899234
PJ,2025,IT,Net,Forecast,Aug,0
PJ,2025,IT,Net,Forecast,Dec,-46742359
PJ,2025,IT,Net,Forecast,Feb,-3737033
PJ,2025,IT,Net,Forecast,Jan,330565860
PJ,2025,IT,Net,Forecast,Jul,6181034
PJ,2025,IT,Net,Forecast,Jun,6805059
PJ,2025,IT,Net,Forecast,Mar,37990764
PJ,2025,IT,Net,Forecast,May,37113113
PJ,2025,IT,Net,Forecast,Nov,397315044
PJ,2025,IT,Net,Forecast,Oct,-9319644
PJ,2025,IT,Net,Forecast,Sep,11362320
PJ,2025,IT,Op,Actual,Apr,304750000
PJ,2025,IT,Op,Actual,Aug,0
PJ,2025,IT,Op,Actual,Dec,-112120000
PJ,2025,IT,Op,Actual,Feb,-3500000
PJ,2025,IT,Op,Actual,Jan,397790000
PJ,2025,IT,Op,Actual,Jul,5920000
PJ,2025,IT,Op,Actual,Jun,19530000
PJ,2025,IT,Op,Actual,Mar,36030000
PJ,2025,IT,Op,Actual,May,152520000
PJ,2025,IT,Op,Actual,Nov,395120000
PJ,2025,IT,Op,Actual,Oct,-16880000
PJ,2025,IT,Op,Actual,Sep,13860000
PJ,2025,IT,Op,Budget,Apr,292981870
PJ,2025,IT,Op,Budget,Aug,0
PJ,2025,IT,Op,Budget,Dec,-30462776
PJ,2025,IT,Op,Budget,Feb,-521773
PJ,2025,IT,Op,Budget,Jan,558610448
PJ,2025,IT,Op,Budget,Jul,5106682
PJ,2025,IT,Op,Budget,Jun,29167978
PJ,2025,IT,Op,Budget,Mar,43831429
PJ,2025,IT,Op,Budget,May,129087451
PJ,2025,IT,Op,Budget,Nov,114381093
PJ,2025,IT,Op,Budget,Oct,-5540355
PJ,2025,IT,Op,Budget,Sep,15324154
PJ,2025,IT,Op,Forecast,Apr,391527681
PJ,2025,IT,Op,Forecast,Aug,0
PJ,2025,IT,Op,Forecast,Dec,-122482356
PJ,2025,IT,Op,Forecast,Feb,-1402507
PJ,2025,IT,Op,Forecast,Jan,527223046
PJ,2025,IT,Op,Forecast,Jul,5867851
PJ,2025,IT,Op,Forecast,Jun,27721984
PJ,2025,IT,Op,Forecast,Mar,30501717
PJ,2025,IT,Op,Forecast,May,5641558
PJ,2025,IT,Op,Forecast,Nov,145252155
PJ,2025,IT,Op,Forecast,Oct,-13688565
PJ,2025,IT,Op,Forecast,Sep,1486299
PJ,2025,JP,Gross,Actual,Apr,635560000
PJ,2025,JP,Gross,Actual,Aug,566560000
PJ,2025,JP,Gross,Actual,Dec,853020500
PJ,2025,JP,Gross,Actual,Feb,856470000
PJ,2025,JP,Gross,Actual,Jan,687320000
PJ,2025,JP,Gross,Actual,Jul,768150000
PJ,2025,JP,Gross,Actual,Jun,891320000
PJ,2025,JP,Gross,Actual,Mar,960330000
PJ,2025,JP,Gross,Actual,May,646990000
PJ,2025,JP,Gross,Actual,Nov,433030000
PJ,2025,JP,Gross,Actual,Oct,558163200
PJ,2025,JP,Gross,Actual,Sep,689678300
PJ,2025,JP,Gross,Budget,Apr,84189335
PJ,2025,JP,Gross,Budget,Aug,177712208
PJ,2025,JP,Gross,Budget,Dec,247259921
PJ,2025,JP,Gross,Budget,Feb,691201601
PJ,2025,JP,Gross,Budget,Jan,692232887
PJ,2025,JP,Gross,Budget,Jul,220580351
PJ,2025,JP,Gross,Budget,Jun,79312316
PJ,2025,JP,Gross,Budget,Mar,42165015
PJ,2025,JP,Gross,Budget,May,516919472
PJ,2025,JP,Gross,Budget,Nov,71685858
PJ,2025,JP,Gross,Budget,Oct,565611779
PJ,2025,JP,Gross,Budget,Sep,869117166
PJ,2025,JP,Gross,Forecast,Apr,489165421
PJ,2025,JP,Gross,Forecast,Aug,436224413
PJ,2025,JP,Gross,Forecast,Dec,109395678
PJ,2025,JP,Gross,Forecast,Feb,1046513454
PJ,2025,JP,Gross,Forecast,Jan,624674916
PJ,2025,JP,Gross,Forecast,Jul,914951042
PJ,2025,JP,Gross,Forecast,Jun,459386351
PJ,2025,JP,Gross,Forecast,Mar,1024863345
PJ,2025,JP,Gross,Forecast,May,538219457
PJ,2025,JP,Gross,Forecast,Nov,99868476
PJ,2025,JP,Gross,Forecast,Oct,693970502
PJ,2025,JP,Gross,Forecast,Sep,889199146
PJ,2025,JP,Net,Actual,Apr,573010000
PJ,2025,JP,Net,Actual,Aug,523790000
PJ,2025,JP,Net,Actual,Dec,830685700
PJ,2025,JP,Net,Actual,Feb,819980000
PJ,2025,JP,Net,Actual,Jan,608540000
PJ,2025,JP,Net,Actual,Jul,704790000
PJ,2025,JP,Net,Actual,Jun,802500600
PJ,2025,JP,Net,Actual,Mar,895100000
PJ,2025,JP,Net,Actual,May,601010000
PJ,2025,JP,Net,Actual,Nov,417507500
PJ,2025,JP,Net,Actual,Oct,523895200
PJ,2025,JP,Net,Actual,Sep,655536300
PJ,2025,JP,Net,Budget,Apr,840684518
PJ,2025,JP,Net,Budget,Aug,733461023
PJ,2025,JP,Net,Budget,Dec,589648826
PJ,2025,JP,Net,Budget,Feb,771292406
PJ,2025,JP,Net,Budget,Jan,360003369
PJ,2025,JP,Net,Budget,Jul,227006143
PJ,2025,JP,Net,Budget,Jun,1090759786
PJ,2025,JP,Net,Budget,Mar,1329132683
PJ,2025,JP,Net,Budget,May,123388659
PJ,2025,JP,Net,Budget,Nov,355177092
PJ,2025,JP,Net,Budget,Oct,142589420
PJ,2025,JP,Net,Budget,Sep,610732746
PJ,2025,JP,Net,Forecast,Apr,526857678
PJ,2025,JP,Net,Forecast,Aug,79533902
PJ,2025,JP,Net,Forecast,Dec,103416155
PJ,2025,JP,Net,Forecast,Feb,1066218013
PJ,2025,JP,Net,Forecast,Jan,542461090
PJ,2025,JP,Net,Forecast,Jul,890722974
PJ,2025,JP,Net,Forecast,Jun,1044807995
PJ,2025,JP,Net,Forecast,Mar,1323538775
PJ,2025,JP,Net,Forecast,May,561538195
PJ,2025,JP,Net,Forecast,Nov,167380984
PJ,2025,JP,Net,Forecast,Oct,29465030
PJ,2025,JP,Net,Forecast,Sep,171192652
PJ,2025,JP,Op,Actual,Apr,573010000
PJ,2025,JP,Op,Actual,Aug,523790000
PJ,2025,JP,Op,Actual,Dec,830685700
PJ,2025,JP,Op,Actual,Feb,819980000
PJ,2025,JP,Op,Actual,Jan,608540000
PJ,2025,JP,Op,Actual,Jul,704790000
PJ,2025,JP,Op,Actual,Jun,802500600
PJ,2025,JP,Op,Actual,Mar,895100000
PJ,2025,JP,Op,Actual,May,601010000
PJ,2025,JP,Op,Actual,Nov,417507500
PJ,2025,JP,Op,Actual,Oct,523895200
PJ,2025,JP,Op,Actual,Sep,655536300
PJ,2025,JP,Op,Budget,Apr,442401766
PJ,2025,JP,Op,Budget,Aug,649511950
PJ,2025,JP,Op,Budget,Dec,1099527105
PJ,2025,JP,Op,Budget,Feb,439519558
PJ,2025,JP,Op,Budget,Jan,751580806
PJ,2025,JP,Op,Budget,Jul,974617040
PJ,2025,JP,Op,Budget,Jun,607805445
PJ,2025,JP,Op,Budget,Mar,68961945
PJ,2025,JP,Op,Budget,May,248326363
PJ,2025,JP,Op,Budget,Nov,243868326
PJ,2025,JP,Op,Budget,Oct,660435066
PJ,2025,JP,Op,Budget,Sep,777854097
PJ,2025,JP,Op,Forecast,Apr,725291687
PJ,2025,JP,Op,Forecast,Aug,516399939
PJ,2025,JP,Op,Forecast,Dec,896321714
PJ,2025,JP,Op,Forecast,Feb,111159506
PJ,2025,JP,Op,Forecast,Jan,675297988
PJ,2025,JP,Op,Forecast,Jul,230191349
PJ,2025,JP,Op,Forecast,Jun,1106430089
PJ,2025,JP,Op,Forecast,Mar,515860584
PJ,2025,JP,Op,Forecast,May,345700649
PJ,2025,JP,Op,Forecast,Nov,594480741
PJ,2025,JP,Op,Forecast,Oct,269088510
PJ,2025,JP,Op,Forecast,Sep,319197494
PJ,2025,KR,Gross,Actual,Apr,3473290000
PJ,2025,KR,Gross,Actual,Aug,1844890000
PJ,2025,KR,Gross,Actual,Dec,6820054600
PJ,2025,KR,Gross,Actual,Feb,4143510000
PJ,2025,KR,Gross,Actual,Jan,2487240000
PJ,2025,KR,Gross,Actual,Jul,3098740000
PJ,2025,KR,Gross,Actual,Jun,6312620000
PJ,2025,KR,Gross,Actual,Mar,5577820000
PJ,2025,KR,Gross,Actual,May,3373160000
PJ,2025,KR,Gross,Actual,Nov,4885789600
PJ,2025,KR,Gross,Actual,Oct,1987202100
PJ,2025,KR,Gross,Actual,Sep,3723880000
PJ,2025,KR,Gross,Budget,Apr,709470907
PJ,2025,KR,Gross,Budget,Aug,2214691704
PJ,2025,KR,Gross,Budget,Dec,1198735887
PJ,2025,KR,Gross,Budget,Feb,4050804148
PJ,2025,KR,Gross,Budget,Jan,177062131
PJ,2025,KR,Gross,Budget,Jul,2928967204
PJ,2025,KR,Gross,Budget,Jun,4314964878
PJ,2025,KR,Gross,Budget,Mar,7228424303
PJ,2025,KR,Gross,Budget,May,94465597
PJ,2025,KR,Gross,Budget,Nov,6649792803
PJ,2025,KR,Gross,Budget,Oct,927975205
PJ,2025,KR,Gross,Budget,Sep,5197928937
PJ,2025,KR,Gross,Forecast,Apr,3459642559
PJ,2025,KR,Gross,Forecast,Aug,354526324
PJ,2025,KR,Gross,Forecast,Dec,798824172
PJ,2025,KR,Gross,Forecast,Feb,3642852787
PJ,2025,KR,Gross,Forecast,Jan,2482994005
PJ,2025,KR,Gross,Forecast,Jul,1281565769
PJ,2025,KR,Gross,Forecast,Jun,9022767528
PJ,2025,KR,Gross,Forecast,Mar,8029867424
PJ,2025,KR,Gross,Forecast,May,1836609125
PJ,2025,KR,Gross,Forecast,Nov,1412749967
PJ,2025,KR,Gross,Forecast,Oct,938271819
PJ,2025,KR,Gross,Forecast,Sep,2376838434
PJ,2025,KR,Net,Actual,Apr,3348250000
PJ,2025,KR,Net,Actual,Aug,1798770000
PJ,2025,KR,Net,Actual,Dec,6661562100
PJ,2025,KR,Net,Actual,Feb,3994340000
PJ,2025,KR,Net,Actual,Jan,2397700000
PJ,2025,KR,Net,Actual,Jul,3021270100
PJ,2025,KR,Net,Actual,Jun,6262460000
PJ,2025,KR,Net,Actual,Mar,5468330000
PJ,2025,KR,Net,Actual,May,3251720000
PJ,2025,KR,Net,Actual,Nov,4763645000
PJ,2025,KR,Net,Actual,Oct,1937522100
PJ,2025,KR,Net,Actual,Sep,3676270000
PJ,2025,KR,Net,Budget,Apr,4754622300
PJ,2025,KR,Net,Budget,Aug,337564675
PJ,2025,KR,Net,Budget,Dec,5607058422
PJ,2025,KR,Net,Budget,Feb,1549665429
PJ,2025,KR,Net,Budget,Jan,268824845
PJ,2025,KR,Net,Budget,Jul,1861577641
PJ,2025,KR,Net,Budget,Jun,6081150114
PJ,2025,KR,Net,Budget,Mar,4666134287
PJ,2025,KR,Net,Budget,May,72081830
PJ,2025,KR,Net,Budget,Nov,2183953420
PJ,2025,KR,Net,Budget,Oct,1276015238
PJ,2025,KR,Net,Budget,Sep,705902449
PJ,2025,KR,Net,Forecast,Apr,2468214688
PJ,2025,KR,Net,Forecast,Aug,1880749058
PJ,2025,KR,Net,Forecast,Dec,8553143290
PJ,2025,KR,Net,Forecast,Feb,5379006272
PJ,2025,KR,Net,Forecast,Jan,139520203
PJ,2025,KR,Net,Forecast,Jul,651158128
PJ,2025,KR,Net,Forecast,Jun,1421514256
PJ,2025,KR,Net,Forecast,Mar,4075934696
PJ,2025,KR,Net,Forecast,May,948934304
PJ,2025,KR,Net,Forecast,Nov,390522924
PJ,2025,KR,Net,Forecast,Oct,2302859506
PJ,2025,KR,Net,Forecast,Sep,146121846
PJ,2025,KR,Op,Actual,Apr,3348250000
PJ,2025,KR,Op,Actual,Aug,1798770000
PJ,2025,KR,Op,Actual,Dec,6661562100
PJ,2025,KR,Op,Actual,Feb,3994340000
PJ,2025,KR,Op,Actual,Jan,2397700000
PJ,2025,KR,Op,Actual,Jul,3021270100
PJ,2025,KR,Op,Actual,Jun,6262460000
PJ,2025,KR,Op,Actual,Mar,5468330000
PJ,2025,KR,Op,Actual,May,3251720000
PJ,2025,KR,Op,Actual,Nov,4763645000
PJ,2025,KR,Op,Actual,Oct,1937522100
PJ,2025,KR,Op,Actual,Sep,3676270000
PJ,2025,KR,Op,Budget,Apr,3305239120
PJ,2025,KR,Op,Budget,Aug,1831886994
PJ,2025,KR,Op,Budget,Dec,8205913537
PJ,2025,KR,Op,Budget,Feb,4558380199
PJ,2025,KR,Op,Budget,Jan,450798376
PJ,2025,KR,Op,Budget,Jul,3555020271
PJ,2025,KR,Op,Budget,Jun,6629498679
PJ,2025,KR,Op,Budget,Mar,2070191507
PJ,2025,KR,Op,Budget,May,1775190868
PJ,2025,KR,Op,Budget,Nov,2075691630
PJ,2025,KR,Op,Budget,Oct,1370905139
PJ,2025,KR,Op,Budget,Sep,157806915
PJ,2025,KR,Op,Forecast,Apr,539117533
PJ,2025,KR,Op,Forecast,Aug,1084736215
PJ,2025,KR,Op,Forecast,Dec,1179270722
PJ,2025,KR,Op,Forecast,Feb,4708515055
PJ,2025,KR,Op,Forecast,Jan,3120566450
PJ,2025,KR,Op,Forecast,Jul,4515258985
PJ,2025,KR,Op,Forecast,Jun,1309639735
PJ,2025,KR,Op,Forecast,Mar,1789230335
PJ,2025,KR,Op,Forecast,May,3659180694
PJ,2025,KR,Op,Forecast,Nov,575562964
PJ,2025,KR,Op,Forecast,Oct,2075304259
PJ,2025,KR,Op,Forecast,Sep,709260134
PJ,2025,MA,Gross,Actual,Apr,1275200000
PJ,2025,MA,Gross,Actual,Aug,583710000
PJ,2025,MA,Gross,Actual,Dec,903220000
PJ,2025,MA,Gross,Actual,Feb,173910000
PJ,2025,MA,Gross,Actual,Jan,2445200000
PJ,2025,MA,Gross,Actual,Jul,422810000
PJ,2025,MA,Gross,Actual,Jun,604840000
PJ,2025,MA,Gross,Actual,Mar,1056150000
PJ,2025,MA,Gross,Actual,May,410620000
PJ,2025,MA,Gross,Actual,Nov,234260000
PJ,2025,MA,Gross,Actual,Oct,1341350000
PJ,2025,MA,Gross,Actual,Sep,2726240000
PJ,2025,MA,Gross,Budget,Apr,1540616419
PJ,2025,MA,Gross,Budget,Aug,868216360
PJ,2025,MA,Gross,Budget,Dec,931005938
PJ,2025,MA,Gross,Budget,Feb,182484604
PJ,2025,MA,Gross,Budget,Jan,3391220139
PJ,2025,MA,Gross,Budget,Jul,35620730
PJ,2025,MA,Gross,Budget,Jun,490390624
PJ,2025,MA,Gross,Budget,Mar,428062174
PJ,2025,MA,Gross,Budget,May,93778295
PJ,2025,MA,Gross,Budget,Nov,141369432
PJ,2025,MA,Gross,Budget,Oct,1940699390
PJ,2025,MA,Gross,Budget,Sep,3270928754
PJ,2025,MA,Gross,Forecast,Apr,1548816353
PJ,2025,MA,Gross,Forecast,Aug,132563422
PJ,2025,MA,Gross,Forecast,Dec,812205811
PJ,2025,MA,Gross,Forecast,Feb,84195951
PJ,2025,MA,Gross,Forecast,Jan,1492480034
PJ,2025,MA,Gross,Forecast,Jul,392917048
PJ,2025,MA,Gross,Forecast,Jun,32511456
PJ,2025,MA,Gross,Forecast,Mar,1322957004
PJ,2025,MA,Gross,Forecast,May,455881077
PJ,2025,MA,Gross,Forecast,Nov,285025364
PJ,2025,MA,Gross,Forecast,Oct,867066092
PJ,2025,MA,Gross,Forecast,Sep,4025447788
PJ,2025,MA,Net,Actual,Apr,1224190000
PJ,2025,MA,Net,Actual,Aug,554520000
PJ,2025,MA,Net,Actual,Dec,1025060000
PJ,2025,MA,Net,Actual,Feb,166960000
PJ,2025,MA,Net,Actual,Jan,2347390000
PJ,2025,MA,Net,Actual,Jul,401710000
PJ,2025,MA,Net,Actual,Jun,571640000
PJ,2025,MA,Net,Actual,Mar,929280000
PJ,2025,MA,Net,Actual,May,394200000
PJ,2025,MA,Net,Actual,Nov,222550000
PJ,2025,MA,Net,Actual,Oct,1274360000
PJ,2025,MA,Net,Actual,Sep,2574980000
PJ,2025,MA,Net,Budget,Apr,311823772
PJ,2025,MA,Net,Budget,Aug,410868483
PJ,2025,MA,Net,Budget,Dec,89079812
PJ,2025,MA,Net,Budget,Feb,79600772
PJ,2025,MA,Net,Budget,Jan,2885390898
PJ,2025,MA,Net,Budget,Jul,8182908
PJ,2025,MA,Net,Budget,Jun,757392471
PJ,2025,MA,Net,Budget,Mar,441644713
PJ,2025,MA,Net,Budget,May,414802702
PJ,2025,MA,Net,Budget,Nov,274833418
PJ,2025,MA,Net,Budget,Oct,1374459328
PJ,2025,MA,Net,Budget,Sep,1432430909
PJ,2025,MA,Net,Forecast,Apr,1370494054
PJ,2025,MA,Net,Forecast,Aug,258196412
PJ,2025,MA,Net,Forecast,Dec,221989192
PJ,2025,MA,Net,Forecast,Feb,113877416
PJ,2025,MA,Net,Forecast,Jan,2166789200
PJ,2025,MA,Net,Forecast,Jul,82449641
PJ,2025,MA,Net,Forecast,Jun,743701014
PJ,2025,MA,Net,Forecast,Mar,882403398
PJ,2025,MA,Net,Forecast,May,85166539
PJ,2025,MA,Net,Forecast,Nov,76199353
PJ,2025,MA,Net,Forecast,Oct,449414720
PJ,2025,MA,Net,Forecast,Sep,1394739365
PJ,2025,MA,Op,Actual,Apr,1224190000
PJ,2025,MA,Op,Actual,Aug,554520000
PJ,2025,MA,Op,Actual,Dec,1025060000
PJ,2025,MA,Op,Actual,Feb,166960000
PJ,2025,MA,Op,Actual,Jan,2347390000
PJ,2025,MA,Op,Actual,Jul,401710000
PJ,2025,MA,Op,Actual,Jun,571640000
PJ,2025,MA,Op,Actual,Mar,929280000
PJ,2025,MA,Op,Actual,May,394200000
PJ,2025,MA,Op,Actual,Nov,222550000
PJ,2025,MA,Op,Actual,Oct,1274360000
PJ,2025,MA,Op,Actual,Sep,2574980000
PJ,2025,MA,Op,Budget,Apr,1394734615
PJ,2025,MA,Op,Budget,Aug,518788668
PJ,2025,MA,Op,Budget,Dec,835722322
PJ,2025,MA,Op,Budget,Feb,103781421
PJ,2025,MA,Op,Budget,Jan,234519817
PJ,2025,MA,Op,Budget,Jul,89011973
PJ,2025,MA,Op,Budget,Jun,812113413
PJ,2025,MA,Op,Budget,Mar,433943106
PJ,2025,MA,Op,Budget,May,287867705
PJ,2025,MA,Op,Budget,Nov,24856157
PJ,2025,MA,Op,Budget,Oct,1049721510
PJ,2025,MA,Op,Budget,Sep,533025794
PJ,2025,MA,Op,Forecast,Apr,1448225226
PJ,2025,MA,Op,Forecast,Aug,92886709
PJ,2025,MA,Op,Forecast,Dec,1468668900
PJ,2025,MA,Op,Forecast,Feb,57177906
PJ,2025,MA,Op,Forecast,Jan,1703493855
PJ,2025,MA,Op,Forecast,Jul,115140017
PJ,2025,MA,Op,Forecast,Jun,353238892
PJ,2025,MA,Op,Forecast,Mar,893423207
PJ,2025,MA,Op,Forecast,May,415342232
PJ,2025,MA,Op,Forecast,Nov,303451263
PJ,2025,MA,Op,Forecast,Oct,833009952
PJ,2025,MA,Op,Forecast,Sep,483434731
PJ,2025,MY,Gross,Actual,Apr,421230000
PJ,2025,MY,Gross,Actual,Aug,1462140000
PJ,2025,MY,Gross,Actual,Dec,1472160300
PJ,2025,MY,Gross,Actual,Feb,280000
PJ,2025,MY,Gross,Actual,Jan,728910000
PJ,2025,MY,Gross,Actual,Jul,107700000
PJ,2025,MY,Gross,Actual,Jun,831768100
PJ,2025,MY,Gross,Actual,Mar,2128140000
PJ,2025,MY,Gross,Actual,May,1124420000
PJ,2025,MY,Gross,Actual,Nov,555221900
PJ,2025,MY,Gross,Actual,Oct,322170000
PJ,2025,MY,Gross,Actual,Sep,838272200
PJ,2025,MY,Gross,Budget,Apr,596445721
PJ,2025,MY,Gross,Budget,Aug,86160086
PJ,2025,MY,Gross,Budget,Dec,1269041508
PJ,2025,MY,Gross,Budget,Feb,339688
PJ,2025,MY,Gross,Budget,Jan,1000143192
PJ,2025,MY,Gross,Budget,Jul,160948393
PJ,2025,MY,Gross,Budget,Jun,834906132
PJ,2025,MY,Gross,Budget,Mar,1789046296
PJ,2025,MY,Gross,Budget,May,1572346765
PJ,2025,MY,Gross,Budget,Nov,231945420
PJ,2025,MY,Gross,Budget,Oct,99881953
PJ,2025,MY,Gross,Budget,Sep,38008393
PJ,2025,MY,Gross,Forecast,Apr,185478856
PJ,2025,MY,Gross,Forecast,Aug,2104499035
PJ,2025,MY,Gross,Forecast,Dec,952184547
PJ,2025,MY,Gross,Forecast,Feb,303948
PJ,2025,MY,Gross,Forecast,Jan,343576186
PJ,2025,MY,Gross,Forecast,Jul,24762115
PJ,2025,MY,Gross,Forecast,Jun,406185752
PJ,2025,MY,Gross,Forecast,Mar,485866239
PJ,2025,MY,Gross,Forecast,May,1655398289
PJ,2025,MY,Gross,Forecast,Nov,512336181
PJ,2025,MY,Gross,Forecast,Oct,318801004
PJ,2025,MY,Gross,Forecast,Sep,175714085
PJ,2025,MY,Net,Actual,Apr,417010000
PJ,2025,MY,Net,Actual,Aug,1423650000
PJ,2025,MY,Net,Actual,Dec,1393404700
PJ,2025,MY,Net,Actual,Feb,280000
PJ,2025,MY,Net,Actual,Jan,721620000
PJ,2025,MY,Net,Actual,Jul,106090000
PJ,2025,MY,Net,Actual,Jun,800570200
PJ,2025,MY,Net,Actual,Mar,2104490000
PJ,2025,MY,Net,Actual,May,1113180000
PJ,2025,MY,Net,Actual,Nov,542087000
PJ,2025,MY,Net,Actual,Oct,317342400
PJ,2025,MY,Net,Actual,Sep,828477000
PJ,2025,MY,Net,Budget,Apr,492530045
PJ,2025,MY,Net,Budget,Aug,885979322
PJ,2025,MY,Net,Budget,Dec,319077106
PJ,2025,MY,Net,Budget,Feb,306621
PJ,2025,MY,Net,Budget,Jan,314819660
PJ,2025,MY,Net,Budget,Jul,55015000
PJ,2025,MY,Net,Budget,Jun,1144247620
PJ,2025,MY,Net,Budget,Mar,1717498231
PJ,2025,MY,Net,Budget,May,1508023330
PJ,2025,MY,Net,Budget,Nov,247481097
PJ,2025,MY,Net,Budget,Oct,337924095
PJ,2025,MY,Net,Budget,Sep,837102419
PJ,2025,MY,Net,Forecast,Apr,8121577
PJ,2025,MY,Net,Forecast,Aug,394432021
PJ,2025,MY,Net,Forecast,Dec,1865315605
PJ,2025,MY,Net,Forecast,Feb,153339
PJ,2025,MY,Net,Forecast,Jan,735824925
PJ,2025,MY,Net,Forecast,Jul,126890438
PJ,2025,MY,Net,Forecast,Jun,450307522
PJ,2025,MY,Net,Forecast,Mar,3114004385
PJ,2025,MY,Net,Forecast,May,742516562
PJ,2025,MY,Net,Forecast,Nov,722518200
PJ,2025,MY,Net,Forecast,Oct,220703872
PJ,2025,MY,Net,Forecast,Sep,461574577
PJ,2025,MY,Op,Actual,Apr,417010000
PJ,2025,MY,Op,Actual,Aug,1423650000
PJ,2025,MY,Op,Actual,Dec,1393404700
PJ,2025,MY,Op,Actual,Feb,280000
PJ,2025,MY,Op,Actual,Jan,721620000
PJ,2025,MY,Op,Actual,Jul,106090000
PJ,2025,MY,Op,Actual,Jun,800570200
PJ,2025,MY,Op,Actual,Mar,2104490000
PJ,2025,MY,Op,Actual,May,1113180000
PJ,2025,MY,Op,Actual,Nov,542087000
PJ,2025,MY,Op,Actual,Oct,317342400
PJ,2025,MY,Op,Actual,Sep,828477000
PJ,2025,MY,Op,Budget,Apr,327855146
PJ,2025,MY,Op,Budget,Aug,724420095
PJ,2025,MY,Op,Budget,Dec,732650053
PJ,2025,MY,Op,Budget,Feb,168212
PJ,2025,MY,Op,Budget,Jan,589137252
PJ,2025,MY,Op,Budget,Jul,106652583
PJ,2025,MY,Op,Budget,Jun,379859177
PJ,2025,MY,Op,Budget,Mar,625358799
PJ,2025,MY,Op,Budget,May,507448619
PJ,2025,MY,Op,Budget,Nov,435644430
PJ,2025,MY,Op,Budget,Oct,400021051
PJ,2025,MY,Op,Budget,Sep,145423884
PJ,2025,MY,Op,Forecast,Apr,364264434
PJ,2025,MY,Op,Forecast,Aug,1215092110
PJ,2025,MY,Op,Forecast,Dec,884012006
PJ,2025,MY,Op,Forecast,Feb,8228
PJ,2025,MY,Op,Forecast,Jan,164873727
PJ,2025,MY,Op,Forecast,Jul,28944567
PJ,2025,MY,Op,Forecast,Jun,1103108549
PJ,2025,MY,Op,Forecast,Mar,1360683839
PJ,2025,MY,Op,Forecast,May,141238574
PJ,2025,MY,Op,Forecast,Nov,587384404
PJ,2025,MY,Op,Forecast,Oct,199787582
PJ,2025,MY,Op,Forecast,Sep,1024986782
PJ,2025,NL,Gross,Actual,Apr,451750000
PJ,2025,NL,Gross,Actual,Aug,994070000
PJ,2025,NL,Gross,Actual,Dec,603170000
PJ,2025,NL,Gross,Actual,Feb,637570000
PJ,2025,NL,Gross,Actual,Jan,856390000
PJ,2025,NL,Gross,Actual,Jul,1137220000
PJ,2025,NL,Gross,Actual,Jun,1092860000
PJ,2025,NL,Gross,Actual,Mar,251950000
PJ,2025,NL,Gross,Actual,May,838900000
PJ,2025,NL,Gross,Actual,Nov,282650000
PJ,2025,NL,Gross,Actual,Oct,1089880000
PJ,2025,NL,Gross,Actual,Sep,907020000
PJ,2025,NL,Gross,Budget,Apr,238949794
PJ,2025,NL,Gross,Budget,Aug,1363353778
PJ,2025,NL,Gross,Budget,Dec,400063365
PJ,2025,NL,Gross,Budget,Feb,424795121
PJ,2025,NL,Gross,Budget,Jan,1257668835
PJ,2025,NL,Gross,Budget,Jul,1409125336
PJ,2025,NL,Gross,Budget,Jun,509118496
PJ,2025,NL,Gross,Budget,Mar,98952328
PJ,2025,NL,Gross,Budget,May,799096580
PJ,2025,NL,Gross,Budget,Nov,13375267
PJ,2025,NL,Gross,Budget,Oct,1457440624
PJ,2025,NL,Gross,Budget,Sep,933442782
PJ,2025,NL,Gross,Forecast,Apr,414216524
PJ,2025,NL,Gross,Forecast,Aug,525339157
PJ,2025,NL,Gross,Forecast,Dec,846379877
PJ,2025,NL,Gross,Forecast,Feb,764042159
PJ,2025,NL,Gross,Forecast,Jan,212402192
PJ,2025,NL,Gross,Forecast,Jul,1272074262
PJ,2025,NL,Gross,Forecast,Jun,1203024223
PJ,2025,NL,Gross,Forecast,Mar,324906710
PJ,2025,NL,Gross,Forecast,May,1240794543
PJ,2025,NL,Gross,Forecast,Nov,350776114
PJ,2025,NL,Gross,Forecast,Oct,157900849
PJ,2025,NL,Gross,Forecast,Sep,373669554
PJ,2025,NL,Net,Actual,Apr,420780000
PJ,2025,NL,Net,Actual,Aug,944000000
PJ,2025,NL,Net,Actual,Dec,549330000
PJ,2025,NL,Net,Actual,Feb,623190000
PJ,2025,NL,Net,Actual,Jan,802360000
PJ,2025,NL,Net,Actual,Jul,1103590000
PJ,2025,NL,Net,Actual,Jun,1074820000
PJ,2025,NL,Net,Actual,Mar,229000000
PJ,2025,NL,Net,Actual,May,838770000
PJ,2025,NL,Net,Actual,Nov,272580000
PJ,2025,NL,Net,Actual,Oct,1028210000
PJ,2025,NL,Net,Actual,Sep,827350000
PJ,2025,NL,Net,Budget,Apr,551703957
PJ,2025,NL,Net,Budget,Aug,106338978
PJ,2025,NL,Net,Budget,Dec,566589630
PJ,2025,NL,Net,Budget,Feb,130202980
PJ,2025,NL,Net,Budget,Jan,170389330
PJ,2025,NL,Net,Budget,Jul,556104875
PJ,2025,NL,Net,Budget,Jun,328956302
PJ,2025,NL,Net,Budget,Mar,146381496
PJ,2025,NL,Net,Budget,May,565391056
PJ,2025,NL,Net,Budget,Nov,170865564
PJ,2025,NL,Net,Budget,Oct,627504970
PJ,2025,NL,Net,Budget,Sep,161021727
PJ,2025,NL,Net,Forecast,Apr,64367359
PJ,2025,NL,Net,Forecast,Aug,417348561
PJ,2025,NL,Net,Forecast,Dec,734208793
PJ,2025,NL,Net,Forecast,Feb,651606134
PJ,2025,NL,Net,Forecast,Jan,1011020180
PJ,2025,NL,Net,Forecast,Jul,615659906
PJ,2025,NL,Net,Forecast,Jun,1394475807
PJ,2025,NL,Net,Forecast,Mar,77924682
PJ,2025,NL,Net,Forecast,May,543478016
PJ,2025,NL,Net,Forecast,Nov,324531514
PJ,2025,NL,Net,Forecast,Oct,1442568784
PJ,2025,NL,Net,Forecast,Sep,682721131
PJ,2025,NL,Op,Actual,Apr,420780000
PJ,2025,NL,Op,Actual,Aug,944000000
PJ,2025,NL,Op,Actual,Dec,549330000
PJ,2025,NL,Op,Actual,Feb,623190000
PJ,2025,NL,Op,Actual,Jan,802360000
PJ,2025,NL,Op,Actual,Jul,1103590000
PJ,2025,NL,Op,Actual,Jun,1074820000
PJ,2025,NL,Op,Actual,Mar,229000000
PJ,2025,NL,Op,Actual,May,838770000
PJ,2025,NL,Op,Actual,Nov,272580000
PJ,2025,NL,Op,Actual,Oct,1028210000
PJ,2025,NL,Op,Actual,Sep,827350000
PJ,2025,NL,Op,Budget,Apr,503463870
PJ,2025,NL,Op,Budget,Aug,1177862360
PJ,2025,NL,Op,Budget,Dec,772411640
PJ,2025,NL,Op,Budget,Feb,121667452
PJ,2025,NL,Op,Budget,Jan,242628083
PJ,2025,NL,Op,Budget,Jul,1536222409
PJ,2025,NL,Op,Budget,Jun,1045186539
PJ,2025,NL,Op,Budget,Mar,93365786
PJ,2025,NL,Op,Budget,May,1103876290
PJ,2025,NL,Op,Budget,Nov,213943925
PJ,2025,NL,Op,Budget,Oct,413279410
PJ,2025,NL,Op,Budget,Sep,1792305
PJ,2025,NL,Op,Forecast,Apr,163671378
PJ,2025,NL,Op,Forecast,Aug,1077406078
PJ,2025,NL,Op,Forecast,Dec,27500230
PJ,2025,NL,Op,Forecast,Feb,407732670
PJ,2025,NL,Op,Forecast,Jan,817671276
PJ,2025,NL,Op,Forecast,Jul,1134315540
PJ,2025,NL,Op,Forecast,Jun,174207634
PJ,2025,NL,Op,Forecast,Mar,110112785
PJ,2025,NL,Op,Forecast,May,511823684
PJ,2025,NL,Op,Forecast,Nov,81216139
PJ,2025,NL,Op,Forecast,Oct,1263624110
PJ,2025,NL,Op,Forecast,Sep,161348399
PJ,2025,NR,Gross,Actual,Apr,1080980000
PJ,2025,NR,Gross,Actual,Aug,394250000
PJ,2025,NR,Gross,Actual,Dec,629580000
PJ,2025,NR,Gross,Actual,Feb,1466590000
PJ,2025,NR,Gross,Actual,Jan,1380090000
PJ,2025,NR,Gross,Actual,Jul,887580000
PJ,2025,NR,Gross,Actual,Jun,536860000
PJ,2025,NR,Gross,Actual,Mar,746720000
PJ,2025,NR,Gross,Actual,May,838540000
PJ,2025,NR,Gross,Actual,Nov,1509410000
PJ,2025,NR,Gross,Actual,Oct,1155820000
PJ,2025,NR,Gross,Actual,Sep,1155930000
PJ,2025,NR,Gross,Budget,Apr,1153053114
PJ,2025,NR,Gross,Budget,Aug,143343780
PJ,2025,NR,Gross,Budget,Dec,870925603
PJ,2025,NR,Gross,Budget,Feb,446741909
PJ,2025,NR,Gross,Budget,Jan,1275895119
PJ,2025,NR,Gross,Budget,Jul,212066223
PJ,2025,NR,Gross,Budget,Jun,298814447
PJ,2025,NR,Gross,Budget,Mar,383101627
PJ,2025,NR,Gross,Budget,May,648453695
PJ,2025,NR,Gross,Budget,Nov,102094375
PJ,2025,NR,Gross,Budget,Oct,1639152308
PJ,2025,NR,Gross,Budget,Sep,510365536
PJ,2025,NR,Gross,Forecast,Apr,539011982
PJ,2025,NR,Gross,Forecast,Aug,400862306
PJ,2025,NR,Gross,Forecast,Dec,343033052
PJ,2025,NR,Gross,Forecast,Feb,1521138845
PJ,2025,NR,Gross,Forecast,Jan,2020432061
PJ,2025,NR,Gross,Forecast,Jul,290350119
PJ,2025,NR,Gross,Forecast,Jun,588844268
PJ,2025,NR,Gross,Forecast,Mar,516206931
PJ,2025,NR,Gross,Forecast,May,967894212
PJ,2025,NR,Gross,Forecast,Nov,874924030
PJ,2025,NR,Gross,Forecast,Oct,172088650
PJ,2025,NR,Gross,Forecast,Sep,1337786856
PJ,2025,NR,Net,Actual,Apr,933600000
PJ,2025,NR,Net,Actual,Aug,267600000
PJ,2025,NR,Net,Actual,Dec,497250000
PJ,2025,NR,Net,Actual,Feb,1268180000
PJ,2025,NR,Net,Actual,Jan,1408310000
PJ,2025,NR,Net,Actual,Jul,880550000
PJ,2025,NR,Net,Actual,Jun,446610000
PJ,2025,NR,Net,Actual,Mar,691430000
PJ,2025,NR,Net,Actual,May,777030000
PJ,2025,NR,Net,Actual,Nov,1387290000
PJ,2025,NR,Net,Actual,Oct,1036370000
PJ,2025,NR,Net,Actual,Sep,1105000000
PJ,2025,NR,Net,Budget,Apr,1191635711
PJ,2025,NR,Net,Budget,Aug,253555131
PJ,2025,NR,Net,Budget,Dec,245240278
PJ,2025,NR,Net,Budget,Feb,1150445715
PJ,2025,NR,Net,Budget,Jan,664034188
PJ,2025,NR,Net,Budget,Jul,23013648
PJ,2025,NR,Net,Budget,Jun,39363000
PJ,2025,NR,Net,Budget,Mar,791717817
PJ,2025,NR,Net,Budget,May,442931760
PJ,2025,NR,Net,Budget,Nov,1907670070
PJ,2025,NR,Net,Budget,Oct,453499068
PJ,2025,NR,Net,Budget,Sep,284526261
PJ,2025,NR,Net,Forecast,Apr,701334359
PJ,2025,NR,Net,Forecast,Aug,317875449
PJ,2025,NR,Net,Forecast,Dec,130515232
PJ,2025,NR,Net,Forecast,Feb,1158513917
PJ,2025,NR,Net,Forecast,Jan,1365816732
PJ,2025,NR,Net,Forecast,Jul,645561126
PJ,2025,NR,Net,Forecast,Jun,394461424
PJ,2025,NR,Net,Forecast,Mar,667758151
PJ,2025,NR,Net,Forecast,May,435400459
PJ,2025,NR,Net,Forecast,Nov,2046604926
PJ,2025,NR,Net,Forecast,Oct,959215793
PJ,2025,NR,Net,Forecast,Sep,923578969
PJ,2025,NR,Op,Actual,Apr,933600000
PJ,2025,NR,Op,Actual,Aug,267600000
PJ,2025,NR,Op,Actual,Dec,497250000
PJ,2025,NR,Op,Actual,Feb,1268180000
PJ,2025,NR,Op,Actual,Jan,1408310000
PJ,2025,NR,Op,Actual,Jul,880550000
PJ,2025,NR,Op,Actual,Jun,446610000
PJ,2025,NR,Op,Actual,Mar,691430000
PJ,2025,NR,Op,Actual,May,777030000
PJ,2025,NR,Op,Actual,Nov,1387290000
PJ,2025,NR,Op,Actual,Oct,1036370000
PJ,2025,NR,Op,Actual,Sep,1105000000
PJ,2025,NR,Op,Budget,Apr,1289898540
PJ,2025,NR,Op,Budget,Aug,278025674
PJ,2025,NR,Op,Budget,Dec,314782524
PJ,2025,NR,Op,Budget,Feb,419070902
PJ,2025,NR,Op,Budget,Jan,1445470318
PJ,2025,NR,Op,Budget,Jul,613690175
PJ,2025,NR,Op,Budget,Jun,84956644
PJ,2025,NR,Op,Budget,Mar,385557099
PJ,2025,NR,Op,Budget,May,560982225
PJ,2025,NR,Op,Budget,Nov,245563516
PJ,2025,NR,Op,Budget,Oct,182394355
PJ,2025,NR,Op,Budget,Sep,596281074
PJ,2025,NR,Op,Forecast,Apr,435988938
PJ,2025,NR,Op,Forecast,Aug,115666061
PJ,2025,NR,Op,Forecast,Dec,303033161
PJ,2025,NR,Op,Forecast,Feb,1536025395
PJ,2025,NR,Op,Forecast,Jan,838126920
PJ,2025,NR,Op,Forecast,Jul,1183700229
PJ,2025,NR,Op,Forecast,Jun,231948836
PJ,2025,NR,Op,Forecast,Mar,917018808
PJ,2025,NR,Op,Forecast,May,767656908
PJ,2025,NR,Op,Forecast,Nov,296628368
PJ,2025,NR,Op,Forecast,Oct,1484718345
PJ,2025,NR,Op,Forecast,Sep,1628787870
PJ,2025,PH,Gross,Actual,Apr,665990000
PJ,2025,PH,Gross,Actual,Aug,806050000
PJ,2025,PH,Gross,Actual,Dec,0
PJ,2025,PH,Gross,Actual,Feb,27840000
PJ,2025,PH,Gross,Actual,Jan,1168660000
PJ,2025,PH,Gross,Actual,Jul,723930000
PJ,2025,PH,Gross,Actual,Jun,342009500
PJ,2025,PH,Gross,Actual,Mar,102290000
PJ,2025,PH,Gross,Actual,May,203940000
PJ,2025,PH,Gross,Actual,Nov,499047600
PJ,2025,PH,Gross,Actual,Oct,0
PJ,2025,PH,Gross,Actual,Sep,0
PJ,2025,PH,Gross,Budget,Apr,938857013
PJ,2025,PH,Gross,Budget,Aug,1203201891
PJ,2025,PH,Gross,Budget,Dec,0
PJ,2025,PH,Gross,Budget,Feb,18559263
PJ,2025,PH,Gross,Budget,Jan,322263730
PJ,2025,PH,Gross,Budget,Jul,964855054
PJ,2025,PH,Gross,Budget,Jun,287224685
PJ,2025,PH,Gross,Budget,Mar,38752559
PJ,2025,PH,Gross,Budget,May,247731356
PJ,2025,PH,Gross,Budget,Nov,558577980
PJ,2025,PH,Gross,Budget,Oct,0
PJ,2025,PH,Gross,Budget,Sep,0
PJ,2025,PH,Gross,Forecast,Apr,938600982
PJ,2025,PH,Gross,Forecast,Aug,177804934
PJ,2025,PH,Gross,Forecast,Dec,0
PJ,2025,PH,Gross,Forecast,Feb,41133805
PJ,2025,PH,Gross,Forecast,Jan,312531037
PJ,2025,PH,Gross,Forecast,Jul,628627919
PJ,2025,PH,Gross,Forecast,Jun,335992183
PJ,2025,PH,Gross,Forecast,Mar,148802087
PJ,2025,PH,Gross,Forecast,May,84487822
PJ,2025,PH,Gross,Forecast,Nov,52944959
PJ,2025,PH,Gross,Forecast,Oct,0
PJ,2025,PH,Gross,Forecast,Sep,0
PJ,2025,PH,Net,Actual,Apr,659330000
PJ,2025,PH,Net,Actual,Aug,806050000
PJ,2025,PH,Net,Actual,Dec,-53607300
PJ,2025,PH,Net,Actual,Feb,27570000
PJ,2025,PH,Net,Actual,Jan,1156980000
PJ,2025,PH,Net,Actual,Jul,723930000
PJ,2025,PH,Net,Actual,Jun,395267600
PJ,2025,PH,Net,Actual,Mar,33710000
PJ,2025,PH,Net,Actual,May,201900000
PJ,2025,PH,Net,Actual,Nov,499047600
PJ,2025,PH,Net,Actual,Oct,0
PJ,2025,PH,Net,Actual,Sep,-77314000
PJ,2025,PH,Net,Budget,Apr,369442535
PJ,2025,PH,Net,Budget,Aug,102758008
PJ,2025,PH,Net,Budget,Dec,-20801022
PJ,2025,PH,Net,Budget,Feb,37972074
PJ,2025,PH,Net,Budget,Jan,270676601
PJ,2025,PH,Net,Budget,Jul,842570352
PJ,2025,PH,Net,Budget,Jun,307156011
PJ,2025,PH,Net,Budget,Mar,2349503
PJ,2025,PH,Net,Budget,May,96843129
PJ,2025,PH,Net,Budget,Nov,699166190
PJ,2025,PH,Net,Budget,Oct,0
PJ,2025,PH,Net,Budget,Sep,-60987657
PJ,2025,PH,Net,Forecast,Apr,966853435
PJ,2025,PH,Net,Forecast,Aug,454732861
PJ,2025,PH,Net,Forecast,Dec,-49095290
PJ,2025,PH,Net,Forecast,Feb,26010211
PJ,2025,PH,Net,Forecast,Jan,62121525
PJ,2025,PH,Net,Forecast,Jul,788366533
PJ,2025,PH,Net,Forecast,Jun,457809867
PJ,2025,PH,Net,Forecast,Mar,41789318
PJ,2025,PH,Net,Forecast,May,291261322
PJ,2025,PH,Net,Forecast,Nov,365960242
PJ,2025,PH,Net,Forecast,Oct,0
PJ,2025,PH,Net,Forecast,Sep,-81298805
PJ,2025,PH,Op,Actual,Apr,659330000
PJ,2025,PH,Op,Actual,Aug,806050000
PJ,2025,PH,Op,Actual,Dec,-53607300
PJ,2025,PH,Op,Actual,Feb,27570000
PJ,2025,PH,Op,Actual,Jan,1156980000
PJ,2025,PH,Op,Actual,Jul,723930000
PJ,2025,PH,Op,Actual,Jun,395267600
PJ,2025,PH,Op,Actual,Mar,33710000
PJ,2025,PH,Op,Actual,May,201900000
PJ,2025,PH,Op,Actual,Nov,499047600
PJ,2025,PH,Op,Actual,Oct,0
PJ,2025,PH,Op,Actual,Sep,-77314000
PJ,2025,PH,Op,Budget,Apr,625059771
PJ,2025,PH,Op,Budget,Aug,771145868
PJ,2025,PH,Op,Budget,Dec,-40653874
PJ,2025,PH,Op,Budget,Feb,30595796
PJ,2025,PH,Op,Budget,Jan,1296789348
PJ,2025,PH,Op,Budget,Jul,487193441
PJ,2025,PH,Op,Budget,Jun,350664115
PJ,2025,PH,Op,Budget,Mar,50134966
PJ,2025,PH,Op,Budget,May,218082437
PJ,2025,PH,Op,Budget,Nov,487341632
PJ,2025,PH,Op,Budget,Oct,0
PJ,2025,PH,Op,Budget,Sep,-18608949
PJ,2025,PH,Op,Forecast,Apr,245179626
PJ,2025,PH,Op,Forecast,Aug,550214144
PJ,2025,PH,Op,Forecast,Dec,-59930268
PJ,2025,PH,Op,Forecast,Feb,27592002
PJ,2025,PH,Op,Forecast,Jan,5147717
PJ,2025,PH,Op,Forecast,Jul,598541645
PJ,2025,PH,Op,Forecast,Jun,42562288
PJ,2025,PH,Op,Forecast,Mar,7453447
PJ,2025,PH,Op,Forecast,May,32418213
PJ,2025,PH,Op,Forecast,Nov,282018582
PJ,2025,PH,Op,Forecast,Oct,0
PJ,2025,PH,Op,Forecast,Sep,-104748064
PJ,2025,RU,Gross,Actual,Apr,0
PJ,2025,RU,Gross,Actual,Aug,0
PJ,2025,RU,Gross,Actual,Dec,0
PJ,2025,RU,Gross,Actual,Feb,0
PJ,2025,RU,Gross,Actual,Jan,0
PJ,2025,RU,Gross,Actual,Jul,0
PJ,2025,RU,Gross,Actual,Jun,0
PJ,2025,RU,Gross,Actual,Mar,0
PJ,2025,RU,Gross,Actual,May,0
PJ,2025,RU,Gross,Actual,Nov,0
PJ,2025,RU,Gross,Actual,Oct,0
PJ,2025,RU,Gross,Actual,Sep,0
PJ,2025,RU,Gross,Budget,Apr,0
PJ,2025,RU,Gross,Budget,Aug,0
PJ,2025,RU,Gross,Budget,Dec,0
PJ,2025,RU,Gross,Budget,Feb,0
PJ,2025,RU,Gross,Budget,Jan,0
PJ,2025,RU,Gross,Budget,Jul,0
PJ,2025,RU,Gross,Budget,Jun,0
PJ,2025,RU,Gross,Budget,Mar,0
PJ,2025,RU,Gross,Budget,May,0
PJ,2025,RU,Gross,Budget,Nov,0
PJ,2025,RU,Gross,Budget,Oct,0
PJ,2025,RU,Gross,Budget,Sep,0
PJ,2025,RU,Gross,Forecast,Apr,0
PJ,2025,RU,Gross,Forecast,Aug,0
PJ,2025,RU,Gross,Forecast,Dec,0
PJ,2025,RU,Gross,Forecast,Feb,0
PJ,2025,RU,Gross,Forecast,Jan,0
PJ,2025,RU,Gross,Forecast,Jul,0
PJ,2025,RU,Gross,Forecast,Jun,0
PJ,2025,RU,Gross,Forecast,Mar,0
PJ,2025,RU,Gross,Forecast,May,0
PJ,2025,RU,Gross,Forecast,Nov,0
PJ,2025,RU,Gross,Forecast,Oct,0
PJ,2025,RU,Gross,Forecast,Sep,0
PJ,2025,RU,Net,Actual,Apr,0
PJ,2025,RU,Net,Actual,Aug,0
PJ,2025,RU,Net,Actual,Dec,35687830000
PJ,2025,RU,Net,Actual,Feb,34879150300
PJ,2025,RU,Net,Actual,Jan,0
PJ,2025,RU,Net,Actual,Jul,0
PJ,2025,RU,Net,Actual,Jun,0
PJ,2025,RU,Net,Actual,Mar,33454083900
PJ,2025,RU,Net,Actual,May,0
PJ,2025,RU,Net,Actual,Nov,38431860200
PJ,2025,RU,Net,Actual,Oct,35941291200
PJ,2025,RU,Net,Actual,Sep,0
PJ,2025,RU,Net,Budget,Apr,0
PJ,2025,RU,Net,Budget,Aug,0
PJ,2025,RU,Net,Budget,Dec,3542518746
PJ,2025,RU,Net,Budget,Feb,27105502244
PJ,2025,RU,Net,Budget,Jan,0
PJ,2025,RU,Net,Budget,Jul,0
PJ,2025,RU,Net,Budget,Jun,0
PJ,2025,RU,Net,Budget,Mar,44788428808
PJ,2025,RU,Net,Budget,May,0
PJ,2025,RU,Net,Budget,Nov,43498994122
PJ,2025,RU,Net,Budget,Oct,39907752947
PJ,2025,RU,Net,Budget,Sep,0
PJ,2025,RU,Net,Forecast,Apr,0
PJ,2025,RU,Net,Forecast,Aug,0
PJ,2025,RU,Net,Forecast,Dec,10083501516
PJ,2025,RU,Net,Forecast,Feb,32089977445
PJ,2025,RU,Net,Forecast,Jan,0
PJ,2025,RU,Net,Forecast,Jul,0
PJ,2025,RU,Net,Forecast,Jun,0
PJ,2025,RU,Net,Forecast,Mar,24827492891
PJ,2025,RU,Net,Forecast,May,0
PJ,2025,RU,Net,Forecast,Nov,20463235269
PJ,2025,RU,Net,Forecast,Oct,28204993669
PJ,2025,RU,Net,Forecast,Sep,0
PJ,2025,RU,Op,Actual,Apr,0
PJ,2025,RU,Op,Actual,Aug,0
PJ,2025,RU,Op,Actual,Dec,35687830000
PJ,2025,RU,Op,Actual,Feb,34879150300
PJ,2025,RU,Op,Actual,Jan,0
PJ,2025,RU,Op,Actual,Jul,0
PJ,2025,RU,Op,Actual,Jun,0
PJ,2025,RU,Op,Actual,Mar,33454083900
PJ,2025,RU,Op,Actual,May,0
PJ,2025,RU,Op,Actual,Nov,38431860200
PJ,2025,RU,Op,Actual,Oct,35941291200
PJ,2025,RU,Op,Actual,Sep,0
PJ,2025,RU,Op,Budget,Apr,0
PJ,2025,RU,Op,Budget,Aug,0
PJ,2025,RU,Op,Budget,Dec,49578512573
PJ,2025,RU,Op,Budget,Feb,40356728535
PJ,2025,RU,Op,Budget,Jan,0
PJ,2025,RU,Op,Budget,Jul,0
PJ,2025,RU,Op,Budget,Jun,0
PJ,2025,RU,Op,Budget,Mar,49796294413
PJ,2025,RU,Op,Budget,May,0
PJ,2025,RU,Op,Budget,Nov,54427835795
PJ,2025,RU,Op,Budget,Oct,32399428691
PJ,2025,RU,Op,Budget,Sep,0
PJ,2025,RU,Op,Forecast,Apr,0
PJ,2025,RU,Op,Forecast,Aug,0
PJ,2025,RU,Op,Forecast,Dec,9703810360
PJ,2025,RU,Op,Forecast,Feb,30009277644
PJ,2025,RU,Op,Forecast,Jan,0
PJ,2025,RU,Op,Forecast,Jul,0
PJ,2025,RU,Op,Forecast,Jun,0
PJ,2025,RU,Op,Forecast,Mar,20096588506
PJ,2025,RU,Op,Forecast,May,0
PJ,2025,RU,Op,Forecast,Nov,41302633934
PJ,2025,RU,Op,Forecast,Oct,2802058402
PJ,2025,RU,Op,Forecast,Sep,0
PJ,2025,SG,Gross,Actual,Apr,831960000
PJ,2025,SG,Gross,Actual,Aug,142000000
PJ,2025,SG,Gross,Actual,Dec,270562800
PJ,2025,SG,Gross,Actual,Feb,607950000
PJ,2025,SG,Gross,Actual,Jan,1475800000
PJ,2025,SG,Gross,Actual,Jul,80000
PJ,2025,SG,Gross,Actual,Jun,406212500
PJ,2025,SG,Gross,Actual,Mar,331560000
PJ,2025,SG,Gross,Actual,May,364090000
PJ,2025,SG,Gross,Actual,Nov,1182152600
PJ,2025,SG,Gross,Actual,Oct,433254000
PJ,2025,SG,Gross,Actual,Sep,539883500
PJ,2025,SG,Gross,Budget,Apr,273706496
PJ,2025,SG,Gross,Budget,Aug,191067632
PJ,2025,SG,Gross,Budget,Dec,259831180
PJ,2025,SG,Gross,Budget,Feb,50747838
PJ,2025,SG,Gross,Budget,Jan,2082483341
PJ,2025,SG,Gross,Budget,Jul,22674
PJ,2025,SG,Gross,Budget,Jun,490196819
PJ,2025,SG,Gross,Budget,Mar,296895760
PJ,2025,SG,Gross,Budget,May,72113483
PJ,2025,SG,Gross,Budget,Nov,187254171
PJ,2025,SG,Gross,Budget,Oct,499278460
PJ,2025,SG,Gross,Budget,Sep,432627240
PJ,2025,SG,Gross,Forecast,Apr,231642715
PJ,2025,SG,Gross,Forecast,Aug,137491868
PJ,2025,SG,Gross,Forecast,Dec,308027056
PJ,2025,SG,Gross,Forecast,Feb,63688683
PJ,2025,SG,Gross,Forecast,Jan,1287656304
PJ,2025,SG,Gross,Forecast,Jul,59961
PJ,2025,SG,Gross,Forecast,Jun,401955915
PJ,2025,SG,Gross,Forecast,Mar,183970357
PJ,2025,SG,Gross,Forecast,May,15809734
PJ,2025,SG,Gross,Forecast,Nov,761057895
PJ,2025,SG,Gross,Forecast,Oct,237488656
PJ,2025,SG,Gross,Forecast,Sep,399359983
PJ,2025,SG,Net,Actual,Apr,806170000
PJ,2025,SG,Net,Actual,Aug,137740000
PJ,2025,SG,Net,Actual,Dec,275860500
PJ,2025,SG,Net,Actual,Feb,570580000
PJ,2025,SG,Net,Actual,Jan,1419750000
PJ,2025,SG,Net,Actual,Jul,-900000
PJ,2025,SG,Net,Actual,Jun,316405400
PJ,2025,SG,Net,Actual,Mar,100220000
PJ,2025,SG,Net,Actual,May,336680000
PJ,2025,SG,Net,Actual,Nov,1146773500
PJ,2025,SG,Net,Actual,Oct,420262300
PJ,2025,SG,Net,Actual,Sep,506591200
PJ,2025,SG,Net,Budget,Apr,181728635
PJ,2025,SG,Net,Budget,Aug,110752552
PJ,2025,SG,Net,Budget,Dec,400810266
PJ,2025,SG,Net,Budget,Feb,315984666
PJ,2025,SG,Net,Budget,Jan,1016927697
PJ,2025,SG,Net,Budget,Jul,-234428
PJ,2025,SG,Net,Budget,Jun,437618841
PJ,2025,SG,Net,Budget,Mar,95528634
PJ,2025,SG,Net,Budget,May,408301607
PJ,2025,SG,Net,Budget,Nov,18475849
PJ,2025,SG,Net,Budget,Oct,175202198
PJ,2025,SG,Net,Budget,Sep,758851742
PJ,2025,SG,Net,Forecast,Apr,234625196
PJ,2025,SG,Net,Forecast,Aug,187711004
PJ,2025,SG,Net,Forecast,Dec,185051068
PJ,2025,SG,Net,Forecast,Feb,49294977
PJ,2025,SG,Net,Forecast,Jan,915594069
PJ,2025,SG,Net,Forecast,Jul,-1064428
PJ,2025,SG,Net,Forecast,Jun,381569076
PJ,2025,SG,Net,Forecast,Mar,103015313
PJ,2025,SG,Net,Forecast,May,419232044
PJ,2025,SG,Net,Forecast,Nov,854839414
PJ,2025,SG,Net,Forecast,Oct,254530914
PJ,2025,SG,Net,Forecast,Sep,744882702
PJ,2025,SG,Op,Actual,Apr,806170000
PJ,2025,SG,Op,Actual,Aug,137740000
PJ,2025,SG,Op,Actual,Dec,275860500
PJ,2025,SG,Op,Actual,Feb,570580000
PJ,2025,SG,Op,Actual,Jan,1419750000
PJ,2025,SG,Op,Actual,Jul,-900000
PJ,2025,SG,Op,Actual,Jun,316405400
PJ,2025,SG,Op,Actual,Mar,100220000
PJ,2025,SG,Op,Actual,May,336680000
PJ,2025,SG,Op,Actual,Nov,1146773500
PJ,2025,SG,Op,Actual,Oct,420262300
PJ,2025,SG,Op,Actual,Sep,506591200
PJ,2025,SG,Op,Budget,Apr,960121640
PJ,2025,SG,Op,Budget,Aug,70380905
PJ,2025,SG,Op,Budget,Dec,335675920
PJ,2025,SG,Op,Budget,Feb,643502004
PJ,2025,SG,Op,Budget,Jan,1711826931
PJ,2025,SG,Op,Budget,Jul,-632413
PJ,2025,SG,Op,Budget,Jun,256454933
PJ,2025,SG,Op,Budget,Mar,37942840
PJ,2025,SG,Op,Budget,May,490194872
PJ,2025,SG,Op,Budget,Nov,1119267153
PJ,2025,SG,Op,Budget,Oct,170215407
PJ,2025,SG,Op,Budget,Sep,262816794
PJ,2025,SG,Op,Forecast,Apr,464884125
PJ,2025,SG,Op,Forecast,Aug,22117960
PJ,2025,SG,Op,Forecast,Dec,234967637
PJ,2025,SG,Op,Forecast,Feb,198830400
PJ,2025,SG,Op,Forecast,Jan,1626309122
PJ,2025,SG,Op,Forecast,Jul,-1343945
PJ,2025,SG,Op,Forecast,Jun,301300452
PJ,2025,SG,Op,Forecast,Mar,100665333
PJ,2025,SG,Op,Forecast,May,163348202
PJ,2025,SG,Op,Forecast,Nov,1029588040
PJ,2025,SG,Op,Forecast,Oct,541831397
PJ,2025,SG,Op,Forecast,Sep,648123251
PJ,2025,TH,Gross,Actual,Apr,1162680000
PJ,2025,TH,Gross,Actual,Aug,642140000
PJ,2025,TH,Gross,Actual,Dec,611409500
PJ,2025,TH,Gross,Actual,Feb,1153770000
PJ,2025,TH,Gross,Actual,Jan,1595190000
PJ,2025,TH,Gross,Actual,Jul,597780000
PJ,2025,TH,Gross,Actual,Jun,1231986100
PJ,2025,TH,Gross,Actual,Mar,1305660000
PJ,2025,TH,Gross,Actual,May,1253670000
PJ,2025,TH,Gross,Actual,Nov,318103000
PJ,2025,TH,Gross,Actual,Oct,1293771000
PJ,2025,TH,Gross,Actual,Sep,1017162900
PJ,2025,TH,Gross,Budget,Apr,1189387790
PJ,2025,TH,Gross,Budget,Aug,350525120
PJ,2025,TH,Gross,Budget,Dec,184267744
PJ,2025,TH,Gross,Budget,Feb,362804674
PJ,2025,TH,Gross,Budget,Jan,658685281
PJ,2025,TH,Gross,Budget,Jul,698750071
PJ,2025,TH,Gross,Budget,Jun,629992838
PJ,2025,TH,Gross,Budget,Mar,313734434
PJ,2025,TH,Gross,Budget,May,1037738092
PJ,2025,TH,Gross,Budget,Nov,214213101
PJ,2025,TH,Gross,Budget,Oct,475550912
PJ,2025,TH,Gross,Budget,Sep,1033278634
PJ,2025,TH,Gross,Forecast,Apr,640498073
PJ,2025,TH,Gross,Forecast,Aug,668568658
PJ,2025,TH,Gross,Forecast,Dec,270833540
PJ,2025,TH,Gross,Forecast,Feb,422772072
PJ,2025,TH,Gross,Forecast,Jan,833501637
PJ,2025,TH,Gross,Forecast,Jul,781075833
PJ,2025,TH,Gross,Forecast,Jun,674066855
PJ,2025,TH,Gross,Forecast,Mar,1642875865
PJ,2025,TH,Gross,Forecast,May,1489355171
PJ,2025,TH,Gross,Forecast,Nov,252410639
PJ,2025,TH,Gross,Forecast,Oct,349507814
PJ,2025,TH,Gross,Forecast,Sep,1011826455
PJ,2025,TH,Net,Actual,Apr,1097570000
PJ,2025,TH,Net,Actual,Aug,606820000
PJ,2025,TH,Net,Actual,Dec,391531900
PJ,2025,TH,Net,Actual,Feb,1089160000
PJ,2025,TH,Net,Actual,Jan,1505050000
PJ,2025,TH,Net,Actual,Jul,564900000
PJ,2025,TH,Net,Actual,Jun,1093802000
PJ,2025,TH,Net,Actual,Mar,1209420000
PJ,2025,TH,Net,Actual,May,1183460000
PJ,2025,TH,Net,Actual,Nov,283754700
PJ,2025,TH,Net,Actual,Oct,1222613500
PJ,2025,TH,Net,Actual,Sep,875353000
PJ,2025,TH,Net,Budget,Apr,399050738
PJ,2025,TH,Net,Budget,Aug,645616485
PJ,2025,TH,Net,Budget,Dec,186539338
PJ,2025,TH,Net,Budget,Feb,537645341
PJ,2025,TH,Net,Budget,Jan,1130456718
PJ,2025,TH,Net,Budget,Jul,110023438
PJ,2025,TH,Net,Budget,Jun,1438894238
PJ,2025,TH,Net,Budget,Mar,332900083
PJ,2025,TH,Net,Budget,May,877811534
PJ,2025,TH,Net,Budget,Nov,381606323
PJ,2025,TH,Net,Budget,Oct,709619550
PJ,2025,TH,Net,Budget,Sep,632001842
PJ,2025,TH,Net,Forecast,Apr,688646704
PJ,2025,TH,Net,Forecast,Aug,550644315
PJ,2025,TH,Net,Forecast,Dec,3116082
PJ,2025,TH,Net,Forecast,Feb,1469832540
PJ,2025,TH,Net,Forecast,Jan,823557955
PJ,2025,TH,Net,Forecast,Jul,134021910
PJ,2025,TH,Net,Forecast,Jun,159095612
PJ,2025,TH,Net,Forecast,Mar,229107703
PJ,2025,TH,Net,Forecast,May,1647956144
PJ,2025,TH,Net,Forecast,Nov,105605433
PJ,2025,TH,Net,Forecast,Oct,1741322545
PJ,2025,TH,Net,Forecast,Sep,1182752562
PJ,2025,TH,Op,Actual,Apr,1097570000
PJ,2025,TH,Op,Actual,Aug,606820000
PJ,2025,TH,Op,Actual,Dec,391531900
PJ,2025,TH,Op,Actual,Feb,1089160000
PJ,2025,TH,Op,Actual,Jan,1505050000
PJ,2025,TH,Op,Actual,Jul,564900000
PJ,2025,TH,Op,Actual,Jun,1093802000
PJ,2025,TH,Op,Actual,Mar,1209420000
PJ,2025,TH,Op,Actual,May,1183460000
PJ,2025,TH,Op,Actual,Nov,283754700
PJ,2025,TH,Op,Actual,Oct,1222613500
PJ,2025,TH,Op,Actual,Sep,875353000
PJ,2025,TH,Op,Budget,Apr,1073995465
PJ,2025,TH,Op,Budget,Aug,520500989
PJ,2025,TH,Op,Budget,Dec,96790046
PJ,2025,TH,Op,Budget,Feb,1259747798
PJ,2025,TH,Op,Budget,Jan,1846384602
PJ,2025,TH,Op,Budget,Jul,86043522
PJ,2025,TH,Op,Budget,Jun,211492408
PJ,2025,TH,Op,Budget,Mar,595895274
PJ,2025,TH,Op,Budget,May,829906457
PJ,2025,TH,Op,Budget,Nov,341095843
PJ,2025,TH,Op,Budget,Oct,1315142895
PJ,2025,TH,Op,Budget,Sep,757933083
PJ,2025,TH,Op,Forecast,Apr,988767746
PJ,2025,TH,Op,Forecast,Aug,58575145
PJ,2025,TH,Op,Forecast,Dec,269606478
PJ,2025,TH,Op,Forecast,Feb,1418059471
PJ,2025,TH,Op,Forecast,Jan,1994548677
PJ,2025,TH,Op,Forecast,Jul,26497770
PJ,2025,TH,Op,Forecast,Jun,479161592
PJ,2025,TH,Op,Forecast,Mar,68838902
PJ,2025,TH,Op,Forecast,May,634355025
PJ,2025,TH,Op,Forecast,Nov,153151381
PJ,2025,TH,Op,Forecast,Oct,938624718
PJ,2025,TH,Op,Forecast,Sep,83129549
PJ,2025,TR,Gross,Actual,Apr,3239260000
PJ,2025,TR,Gross,Actual,Aug,4431070000
PJ,2025,TR,Gross,Actual,Dec,881930000
PJ,2025,TR,Gross,Actual,Feb,3892030000
PJ,2025,TR,Gross,Actual,Jan,8877570000
PJ,2025,TR,Gross,Actual,Jul,3413430000
PJ,2025,TR,Gross,Actual,Jun,3371200000
PJ,2025,TR,Gross,Actual,Mar,3405370000
PJ,2025,TR,Gross,Actual,May,3323130000
PJ,2025,TR,Gross,Actual,Nov,6806250000
PJ,2025,TR,Gross,Actual,Oct,2954890000
PJ,2025,TR,Gross,Actual,Sep,2506160000
PJ,2025,TR,Gross,Budget,Apr,3715275543
PJ,2025,TR,Gross,Budget,Aug,4196945770
PJ,2025,TR,Gross,Budget,Dec,882012501
PJ,2025,TR,Gross,Budget,Feb,2084476036
PJ,2025,TR,Gross,Budget,Jan,3021613851
PJ,2025,TR,Gross,Budget,Jul,626040841
PJ,2025,TR,Gross,Budget,Jun,3032363073
PJ,2025,TR,Gross,Budget,Mar,2579535358
PJ,2025,TR,Gross,Budget,May,1047964023
PJ,2025,TR,Gross,Budget,Nov,4991879569
PJ,2025,TR,Gross,Budget,Oct,1374392625
PJ,2025,TR,Gross,Budget,Sep,891286901
PJ,2025,TR,Gross,Forecast,Apr,2240825987
PJ,2025,TR,Gross,Forecast,Aug,865966057
PJ,2025,TR,Gross,Forecast,Dec,577680207
PJ,2025,TR,Gross,Forecast,Feb,1391355730
PJ,2025,TR,Gross,Forecast,Jan,6060752
PJ,2025,TR,Gross,Forecast,Jul,1626223810
PJ,2025,TR,Gross,Forecast,Jun,3474328398
PJ,2025,TR,Gross,Forecast,Mar,4707294249
PJ,2025,TR,Gross,Forecast,May,1939039821
PJ,2025,TR,Gross,Forecast,Nov,3612712773
PJ,2025,TR,Gross,Forecast,Oct,2019229078
PJ,2025,TR,Gross,Forecast,Sep,171842783
PJ,2025,TR,Net,Actual,Apr,2848690000
PJ,2025,TR,Net,Actual,Aug,3914770000
PJ,2025,TR,Net,Actual,Dec,647620000
PJ,2025,TR,Net,Actual,Feb,3571460000
PJ,2025,TR,Net,Actual,Jan,7217060000
PJ,2025,TR,Net,Actual,Jul,2514310000
PJ,2025,TR,Net,Actual,Jun,2993530000
PJ,2025,TR,Net,Actual,Mar,2420840000
PJ,2025,TR,Net,Actual,May,3101110000
PJ,2025,TR,Net,Actual,Nov,4488910000
PJ,2025,TR,Net,Actual,Oct,2495330000
PJ,2025,TR,Net,Actual,Sep,1774430000
PJ,2025,TR,Net,Budget,Apr,1016543112
PJ,2025,TR,Net,Budget,Aug,5351393688
PJ,2025,TR,Net,Budget,Dec,25546223
PJ,2025,TR,Net,Budget,Feb,1580215504
PJ,2025,TR,Net,Budget,Jan,2873975448
PJ,2025,TR,Net,Budget,Jul,136967675
PJ,2025,TR,Net,Budget,Jun,3868183425
PJ,2025,TR,Net,Budget,Mar,1693777061
PJ,2025,TR,Net,Budget,May,2618049703
PJ,2025,TR,Net,Budget,Nov,5556849821
PJ,2025,TR,Net,Budget,Oct,1316123727
PJ,2025,TR,Net,Budget,Sep,167287215
PJ,2025,TR,Net,Forecast,Apr,305007246
PJ,2025,TR,Net,Forecast,Aug,4625231501
PJ,2025,TR,Net,Forecast,Dec,863557906
PJ,2025,TR,Net,Forecast,Feb,223367976
PJ,2025,TR,Net,Forecast,Jan,7805264203
PJ,2025,TR,Net,Forecast,Jul,3003129028
PJ,2025,TR,Net,Forecast,Jun,3379313694
PJ,2025,TR,Net,Forecast,Mar,3234415223
PJ,2025,TR,Net,Forecast,May,1834970630
PJ,2025,TR,Net,Forecast,Nov,4026306262
PJ,2025,TR,Net,Forecast,Oct,1998008280
PJ,2025,TR,Net,Forecast,Sep,1907543719
PJ,2025,TR,Op,Actual,Apr,2848690000
PJ,2025,TR,Op,Actual,Aug,3914770000
PJ,2025,TR,Op,Actual,Dec,647620000
PJ,2025,TR,Op,Actual,Feb,3571460000
PJ,2025,TR,Op,Actual,Jan,7217060000
PJ,2025,TR,Op,Actual,Jul,2514310000
PJ,2025,TR,Op,Actual,Jun,2993530000
PJ,2025,TR,Op,Actual,Mar,2420840000
PJ,2025,TR,Op,Actual,May,3101110000
PJ,2025,TR,Op,Actual,Nov,4488910000
PJ,2025,TR,Op,Actual,Oct,2495330000
PJ,2025,TR,Op,Actual,Sep,1774430000
PJ,2025,TR,Op,Budget,Apr,1347096153
PJ,2025,TR,Op,Budget,Aug,1408425624
PJ,2025,TR,Op,Budget,Dec,808264654
PJ,2025,TR,Op,Budget,Feb,4761581008
PJ,2025,TR,Op,Budget,Jan,9743891603
PJ,2025,TR,Op,Budget,Jul,3317317305
PJ,2025,TR,Op,Budget,Jun,3632606576
PJ,2025,TR,Op,Budget,Mar,276896178
PJ,2025,TR,Op,Budget,May,4620141003
PJ,2025,TR,Op,Budget,Nov,498114262
PJ,2025,TR,Op,Budget,Oct,3461569161
PJ,2025,TR,Op,Budget,Sep,1797676173
PJ,2025,TR,Op,Forecast,Apr,2262565966
PJ,2025,TR,Op,Forecast,Aug,126784075
PJ,2025,TR,Op,Forecast,Dec,528580623
PJ,2025,TR,Op,Forecast,Feb,2392110127
PJ,2025,TR,Op,Forecast,Jan,6730588208
PJ,2025,TR,Op,Forecast,Jul,1684358700
PJ,2025,TR,Op,Forecast,Jun,1395011038
PJ,2025,TR,Op,Forecast,Mar,3249386785
PJ,2025,TR,Op,Forecast,May,3201990526
PJ,2025,TR,Op,Forecast,Nov,3022267982
PJ,2025,TR,Op,Forecast,Oct,1290465006
PJ,2025,TR,Op,Forecast,Sep,1798163164
PJ,2025,TTL VSA,Gross,Actual,Apr,35939244100
PJ,2025,TTL VSA,Gross,Actual,Aug,30153850500
PJ,2025,TTL VSA,Gross,Actual,Dec,35687830000
PJ,2025,TTL VSA,Gross,Actual,Feb,34879150300
PJ,2025,TTL VSA,Gross,Actual,Jan,25551375132
PJ,2025,TTL VSA,Gross,Actual,Jul,33748442900
PJ,2025,TTL VSA,Gross,Actual,Jun,20800000000
PJ,2025,TTL VSA,Gross,Actual,Mar,33454083900
PJ,2025,TTL VSA,Gross,Actual,May,15889394300
PJ,2025,TTL VSA,Gross,Actual,Nov,38431860200
PJ,2025,TTL VSA,Gross,Actual,Oct,35941291200
PJ,2025,TTL VSA,Gross,Actual,Sep,43158041100
PJ,2025,TTL VSA,Gross,Budget,Apr,26097326061
PJ,2025,TTL VSA,Gross,Budget,Aug,40982626414
PJ,2025,TTL VSA,Gross,Budget,Dec,25903946817
PJ,2025,TTL VSA,Gross,Budget,Feb,28639289072
PJ,2025,TTL VSA,Gross,Budget,Jan,21074834924
PJ,2025,TTL VSA,Gross,Budget,Jul,1944366033
PJ,2025,TTL VSA,Gross,Budget,Jun,13270171155
PJ,2025,TTL VSA,Gross,Budget,Mar,49659745838
PJ,2025,TTL VSA,Gross,Budget,May,13617279249
PJ,2025,TTL VSA,Gross,Budget,Nov,36928527805
PJ,2025,TTL VSA,Gross,Budget,Oct,8221149707
PJ,2025,TTL VSA,Gross,Budget,Sep,5454794152
PJ,2025,TTL VSA,Gross,Forecast,Apr,26375021256
PJ,2025,TTL VSA,Gross,Forecast,Aug,44605409539
PJ,2025,TTL VSA,Gross,Forecast,Dec,47224843677
PJ,2025,TTL VSA,Gross,Forecast,Feb,22888793713
PJ,2025,TTL VSA,Gross,Forecast,Jan,38096245734
PJ,2025,TTL VSA,Gross,Forecast,Jul,40291995728
PJ,2025,TTL VSA,Gross,Forecast,Jun,28781060048
PJ,2025,TTL VSA,Gross,Forecast,Mar,39929077869
PJ,2025,TTL VSA,Gross,Forecast,May,12069816362
PJ,2025,TTL VSA,Gross,Forecast,Nov,57359467805
PJ,2025,TTL VSA,Gross,Forecast,Oct,31946547880
PJ,2025,TTL VSA,Gross,Forecast,Sep,21886295159
PJ,2025,TTL VSA,Net,Actual,Apr,29673313500
PJ,2025,TTL VSA,Net,Actual,Aug,25606190300
PJ,2025,TTL VSA,Net,Actual,Dec,28430000000
PJ,2025,TTL VSA,Net,Actual,Feb,29094889900
PJ,2025,TTL VSA,Net,Actual,Jan,19339189874
PJ,2025,TTL VSA,Net,Actual,Jul,29318028300
PJ,2025,TTL VSA,Net,Actual,Jun,19142923600
PJ,2025,TTL VSA,Net,Actual,Mar,24581319000
PJ,2025,TTL VSA,Net,Actual,May,12188785800
PJ,2025,TTL VSA,Net,Actual,Nov,35496469000
PJ,2025,TTL VSA,Net,Actual,Oct,28971689400
PJ,2025,TTL VSA,Net,Actual,Sep,36562809700
PJ,2025,TTL VSA,Net,Budget,Apr,14692586732
PJ,2025,TTL VSA,Net,Budget,Aug,33984400345
PJ,2025,TTL VSA,Net,Budget,Dec,23934523860
PJ,2025,TTL VSA,Net,Budget,Feb,12304966128
PJ,2025,TTL VSA,Net,Budget,Jan,16226747207
PJ,2025,TTL VSA,Net,Budget,Jul,6542850639
PJ,2025,TTL VSA,Net,Budget,Jun,8862302387
PJ,2025,TTL VSA,Net,Budget,Mar,26568523281
PJ,2025,TTL VSA,Net,Budget,May,9597074210
PJ,2025,TTL VSA,Net,Budget,Nov,6514710346
PJ,2025,TTL VSA,Net,Budget,Oct,4492466635
PJ,2025,TTL VSA,Net,Budget,Sep,3485280035
PJ,2025,TTL VSA,Net,Forecast,Apr,43390575964
PJ,2025,TTL VSA,Net,Forecast,Aug,37354709294
PJ,2025,TTL VSA,Net,Forecast,Dec,16774714855
PJ,2025,TTL VSA,Net,Forecast,Feb,17445532912
PJ,2025,TTL VSA,Net,Forecast,Jan,28870683661
PJ,2025,TTL VSA,Net,Forecast,Jul,6920060373
PJ,2025,TTL VSA,Net,Forecast,Jun,15687804585
PJ,2025,TTL VSA,Net,Forecast,Mar,24093648964
PJ,2025,TTL VSA,Net,Forecast,May,2914496550
PJ,2025,TTL VSA,Net,Forecast,Nov,32817397187
PJ,2025,TTL VSA,Net,Forecast,Oct,17956153217
PJ,2025,TTL VSA,Net,Forecast,Sep,23693093811
PJ,2025,TTL VSA,Op,Actual,Apr,29673313500
PJ,2025,TTL VSA,Op,Actual,Aug,25606190300
PJ,2025,TTL VSA,Op,Actual,Dec,28430000000
PJ,2025,TTL VSA,Op,Actual,Feb,29094889900
PJ,2025,TTL VSA,Op,Actual,Jan,19339189874
PJ,2025,TTL VSA,Op,Actual,Jul,29318028300
PJ,2025,TTL VSA,Op,Actual,Jun,19142923600
PJ,2025,TTL VSA,Op,Actual,Mar,24581319000
PJ,2025,TTL VSA,Op,Actual,May,12188785800
PJ,2025,TTL VSA,Op,Actual,Nov,35496469000
PJ,2025,TTL VSA,Op,Actual,Oct,28971689400
PJ,2025,TTL VSA,Op,Actual,Sep,36562809700
PJ,2025,TTL VSA,Op,Budget,Apr,9036539539
PJ,2025,TTL VSA,Op,Budget,Aug,17325754164
PJ,2025,TTL VSA,Op,Budget,Dec,40912476400
PJ,2025,TTL VSA,Op,Budget,Feb,39293503075
PJ,2025,TTL VSA,Op,Budget,Jan,19541964562
PJ,2025,TTL VSA,Op,Budget,Jul,14968589003
PJ,2025,TTL VSA,Op,Budget,Jun,7393277761
PJ,2025,TTL VSA,Op,Budget,Mar,20927964544
PJ,2025,TTL VSA,Op,Budget,May,1774060196
PJ,2025,TTL VSA,Op,Budget,Nov,15820459234
PJ,2025,TTL VSA,Op,Budget,Oct,11478269596
PJ,2025,TTL VSA,Op,Budget,Sep,46142652643
PJ,2025,TTL VSA,Op,Forecast,Apr,32315599838
PJ,2025,TTL VSA,Op,Forecast,Aug,12154981145
PJ,2025,TTL VSA,Op,Forecast,Dec,17733889765
PJ,2025,TTL VSA,Op,Forecast,Feb,42231052197
PJ,2025,TTL VSA,Op,Forecast,Jan,5840391073
PJ,2025,TTL VSA,Op,Forecast,Jul,22629922562
PJ,2025,TTL VSA,Op,Forecast,Jun,3372245756
PJ,2025,TTL VSA,Op,Forecast,Mar,3218804359
PJ,2025,TTL VSA,Op,Forecast,May,482259130
PJ,2025,TTL VSA,Op,Forecast,Nov,6603817128
PJ,2025,TTL VSA,Op,Forecast,Oct,28990043855
PJ,2025,TTL VSA,Op,Forecast,Sep,33355803910
PJ,2025,TTL VSCN,Gross,Actual,Apr,6579230000
PJ,2025,TTL VSCN,Gross,Actual,Aug,7174651200
PJ,2025,TTL VSCN,Gross,Actual,Dec,8050000000
PJ,2025,TTL VSCN,Gross,Actual,Feb,8438790000
PJ,2025,TTL VSCN,Gross,Actual,Jan,8526750000
PJ,2025,TTL VSCN,Gross,Actual,Jul,5987930000
PJ,2025,TTL VSCN,Gross,Actual,Jun,6141680000
PJ,2025,TTL VSCN,Gross,Actual,Mar,8417500000
PJ,2025,TTL VSCN,Gross,Actual,May,7996900000
PJ,2025,TTL VSCN,Gross,Actual,Nov,7280000000
PJ,2025,TTL VSCN,Gross,Actual,Oct,7160000000
PJ,2025,TTL VSCN,Gross,Actual,Sep,6540000000
PJ,2025,TTL VSCN,Gross,Budget,Apr,2884896735
PJ,2025,TTL VSCN,Gross,Budget,Aug,10751389955
PJ,2025,TTL VSCN,Gross,Budget,Dec,6139919993
PJ,2025,TTL VSCN,Gross,Budget,Feb,2081638848
PJ,2025,TTL VSCN,Gross,Budget,Jan,12639973613
PJ,2025,TTL VSCN,Gross,Budget,Jul,5251253980
PJ,2025,TTL VSCN,Gross,Budget,Jun,3234329289
PJ,2025,TTL VSCN,Gross,Budget,Mar,11017116671
PJ,2025,TTL VSCN,Gross,Budget,May,5116268403
PJ,2025,TTL VSCN,Gross,Budget,Nov,6021747860
PJ,2025,TTL VSCN,Gross,Budget,Oct,3733048722
PJ,2025,TTL VSCN,Gross,Budget,Sep,948537109
PJ,2025,TTL VSCN,Gross,Forecast,Apr,1481453112
PJ,2025,TTL VSCN,Gross,Forecast,Aug,734453088
PJ,2025,TTL VSCN,Gross,Forecast,Dec,11137325433
PJ,2025,TTL VSCN,Gross,Forecast,Feb,1440980801
PJ,2025,TTL VSCN,Gross,Forecast,Jan,4355375619
PJ,2025,TTL VSCN,Gross,Forecast,Jul,6148156153
PJ,2025,TTL VSCN,Gross,Forecast,Jun,8263671226
PJ,2025,TTL VSCN,Gross,Forecast,Mar,11769854152
PJ,2025,TTL VSCN,Gross,Forecast,May,9579403074
PJ,2025,TTL VSCN,Gross,Forecast,Nov,2630910892
PJ,2025,TTL VSCN,Gross,Forecast,Oct,5285754672
PJ,2025,TTL VSCN,Gross,Forecast,Sep,130188447
PJ,2025,TTL VSCN,Net,Actual,Apr,6489650000
PJ,2025,TTL VSCN,Net,Actual,Aug,6986972100
PJ,2025,TTL VSCN,Net,Actual,Dec,7630000000
PJ,2025,TTL VSCN,Net,Actual,Feb,8276390000
PJ,2025,TTL VSCN,Net,Actual,Jan,8487260000
PJ,2025,TTL VSCN,Net,Actual,Jul,5843350000
PJ,2025,TTL VSCN,Net,Actual,Jun,6023410000
PJ,2025,TTL VSCN,Net,Actual,Mar,8082520000
PJ,2025,TTL VSCN,Net,Actual,May,7949930000
PJ,2025,TTL VSCN,Net,Actual,Nov,7020000000
PJ,2025,TTL VSCN,Net,Actual,Oct,7160000000
PJ,2025,TTL VSCN,Net,Actual,Sep,6530000000
PJ,2025,TTL VSCN,Net,Budget,Apr,3021940962
PJ,2025,TTL VSCN,Net,Budget,Aug,1396789651
PJ,2025,TTL VSCN,Net,Budget,Dec,8448243322
PJ,2025,TTL VSCN,Net,Budget,Feb,11630839780
PJ,2025,TTL VSCN,Net,Budget,Jan,7359057745
PJ,2025,TTL VSCN,Net,Budget,Jul,3208752146
PJ,2025,TTL VSCN,Net,Budget,Jun,2451784774
PJ,2025,TTL VSCN,Net,Budget,Mar,6600730632
PJ,2025,TTL VSCN,Net,Budget,May,8151871876
PJ,2025,TTL VSCN,Net,Budget,Nov,7997513839
PJ,2025,TTL VSCN,Net,Budget,Oct,2926139254
PJ,2025,TTL VSCN,Net,Budget,Sep,3923289932
PJ,2025,TTL VSCN,Net,Forecast,Apr,6947856233
PJ,2025,TTL VSCN,Net,Forecast,Aug,649800697
PJ,2025,TTL VSCN,Net,Forecast,Dec,4598290306
PJ,2025,TTL VSCN,Net,Forecast,Feb,6109245022
PJ,2025,TTL VSCN,Net,Forecast,Jan,7736522340
PJ,2025,TTL VSCN,Net,Forecast,Jul,5174888584
PJ,2025,TTL VSCN,Net,Forecast,Jun,207735463
PJ,2025,TTL VSCN,Net,Forecast,Mar,6972838521
PJ,2025,TTL VSCN,Net,Forecast,May,10920766337
PJ,2025,TTL VSCN,Net,Forecast,Nov,6053454970
PJ,2025,TTL VSCN,Net,Forecast,Oct,4892834116
PJ,2025,TTL VSCN,Net,Forecast,Sep,8159368698
PJ,2025,TTL VSCN,Op,Actual,Apr,6489650000
PJ,2025,TTL VSCN,Op,Actual,Aug,6986972100
PJ,2025,TTL VSCN,Op,Actual,Dec,7630000000
PJ,2025,TTL VSCN,Op,Actual,Feb,8276390000
PJ,2025,TTL VSCN,Op,Actual,Jan,8487260000
PJ,2025,TTL VSCN,Op,Actual,Jul,5843350000
PJ,2025,TTL VSCN,Op,Actual,Jun,6023410000
PJ,2025,TTL VSCN,Op,Actual,Mar,8082520000
PJ,2025,TTL VSCN,Op,Actual,May,7949930000
PJ,2025,TTL VSCN,Op,Actual,Nov,7020000000
PJ,2025,TTL VSCN,Op,Actual,Oct,7160000000
PJ,2025,TTL VSCN,Op,Actual,Sep,6530000000
PJ,2025,TTL VSCN,Op,Budget,Apr,3405432026
PJ,2025,TTL VSCN,Op,Budget,Aug,9286391320
PJ,2025,TTL VSCN,Op,Budget,Dec,8193945730
PJ,2025,TTL VSCN,Op,Budget,Feb,8801873630
PJ,2025,TTL VSCN,Op,Budget,Jan,863624713
PJ,2025,TTL VSCN,Op,Budget,Jul,7731632200
PJ,2025,TTL VSCN,Op,Budget,Jun,3381869043
PJ,2025,TTL VSCN,Op,Budget,Mar,9176975143
PJ,2025,TTL VSCN,Op,Budget,May,7563375816
PJ,2025,TTL VSCN,Op,Budget,Nov,7917393777
PJ,2025,TTL VSCN,Op,Budget,Oct,6638857840
PJ,2025,TTL VSCN,Op,Budget,Sep,4291718704
PJ,2025,TTL VSCN,Op,Forecast,Apr,1828415555
PJ,2025,TTL VSCN,Op,Forecast,Aug,8829058515
PJ,2025,TTL VSCN,Op,Forecast,Dec,9434401260
PJ,2025,TTL VSCN,Op,Forecast,Feb,465977313
PJ,2025,TTL VSCN,Op,Forecast,Jan,1685836888
PJ,2025,TTL VSCN,Op,Forecast,Jul,2160896442
PJ,2025,TTL VSCN,Op,Forecast,Jun,506994603
PJ,2025,TTL VSCN,Op,Forecast,Mar,10195677207
PJ,2025,TTL VSCN,Op,Forecast,May,657364506
PJ,2025,TTL VSCN,Op,Forecast,Nov,3945323623
PJ,2025,TTL VSCN,Op,Forecast,Oct,935527884
PJ,2025,TTL VSCN,Op,Forecast,Sep,2301203587
PJ,2025,TTL VSE,Gross,Actual,Apr,17691230000
PJ,2025,TTL VSE,Gross,Actual,Aug,18743630000
PJ,2025,TTL VSE,Gross,Actual,Dec,15775670000
PJ,2025,TTL VSE,Gross,Actual,Feb,15664060000
PJ,2025,TTL VSE,Gross,Actual,Jan,27026700000
PJ,2025,TTL VSE,Gross,Actual,Jul,19576430000
PJ,2025,TTL VSE,Gross,Actual,Jun,18362800000
PJ,2025,TTL VSE,Gross,Actual,Mar,20018450000
PJ,2025,TTL VSE,Gross,Actual,May,14082550000
PJ,2025,TTL VSE,Gross,Actual,Nov,25016150000
PJ,2025,TTL VSE,Gross,Actual,Oct,24201680000
PJ,2025,TTL VSE,Gross,Actual,Sep,25426070000
PJ,2025,TTL VSE,Gross,Budget,Apr,21708220198
PJ,2025,TTL VSE,Gross,Budget,Aug,20670089791
PJ,2025,TTL VSE,Gross,Budget,Dec,753681658
PJ,2025,TTL VSE,Gross,Budget,Feb,15958029801
PJ,2025,TTL VSE,Gross,Budget,Jan,12696208657
PJ,2025,TTL VSE,Gross,Budget,Jul,15327295918
PJ,2025,TTL VSE,Gross,Budget,Jun,7448766968
PJ,2025,TTL VSE,Gross,Budget,Mar,22851322255
PJ,2025,TTL VSE,Gross,Budget,May,2112449729
PJ,2025,TTL VSE,Gross,Budget,Nov,9990586019
PJ,2025,TTL VSE,Gross,Budget,Oct,34252660139
PJ,2025,TTL VSE,Gross,Budget,Sep,12947564113
PJ,2025,TTL VSE,Gross,Forecast,Apr,13152679270
PJ,2025,TTL VSE,Gross,Forecast,Aug,10131723416
PJ,2025,TTL VSE,Gross,Forecast,Dec,17319502213
PJ,2025,TTL VSE,Gross,Forecast,Feb,22021596909
PJ,2025,TTL VSE,Gross,Forecast,Jan,19378431313
PJ,2025,TTL VSE,Gross,Forecast,Jul,13450705421
PJ,2025,TTL VSE,Gross,Forecast,Jun,7233454944
PJ,2025,TTL VSE,Gross,Forecast,Mar,21488607396
PJ,2025,TTL VSE,Gross,Forecast,May,16043089075
PJ,2025,TTL VSE,Gross,Forecast,Nov,25382278791
PJ,2025,TTL VSE,Gross,Forecast,Oct,17568482632
PJ,2025,TTL VSE,Gross,Forecast,Sep,13631338313
PJ,2025,TTL VSE,Net,Actual,Apr,15540380000
PJ,2025,TTL VSE,Net,Actual,Aug,16808420000
PJ,2025,TTL VSE,Net,Actual,Dec,48117880000
PJ,2025,TTL VSE,Net,Actual,Feb,47369980300
PJ,2025,TTL VSE,Net,Actual,Jan,23523180000
PJ,2025,TTL VSE,Net,Actual,Jul,16554910000
PJ,2025,TTL VSE,Net,Actual,Jun,17091230000
PJ,2025,TTL VSE,Net,Actual,Mar,51133793900
PJ,2025,TTL VSE,Net,Actual,May,12433720000
PJ,2025,TTL VSE,Net,Actual,Nov,57991140200
PJ,2025,TTL VSE,Net,Actual,Oct,57020451200
PJ,2025,TTL VSE,Net,Actual,Sep,21371940000
PJ,2025,TTL VSE,Net,Budget,Apr,13584948179
PJ,2025,TTL VSE,Net,Budget,Aug,2380783342
PJ,2025,TTL VSE,Net,Budget,Dec,6240435975
PJ,2025,TTL VSE,Net,Budget,Feb,65176335482
PJ,2025,TTL VSE,Net,Budget,Jan,5496344613
PJ,2025,TTL VSE,Net,Budget,Jul,3387442822
PJ,2025,TTL VSE,Net,Budget,Jun,10397846669
PJ,2025,TTL VSE,Net,Budget,Mar,34317961352
PJ,2025,TTL VSE,Net,Budget,May,9447549536
PJ,2025,TTL VSE,Net,Budget,Nov,19279003465
PJ,2025,TTL VSE,Net,Budget,Oct,50941771059
PJ,2025,TTL VSE,Net,Budget,Sep,31737311100
PJ,2025,TTL VSE,Net,Forecast,Apr,9074446414
PJ,2025,TTL VSE,Net,Forecast,Aug,15347074652
PJ,2025,TTL VSE,Net,Forecast,Dec,64656595934
PJ,2025,TTL VSE,Net,Forecast,Feb,33170379474
PJ,2025,TTL VSE,Net,Forecast,Jan,30667422925
PJ,2025,TTL VSE,Net,Forecast,Jul,7054569021
PJ,2025,TTL VSE,Net,Forecast,Jun,4927780514
PJ,2025,TTL VSE,Net,Forecast,Mar,50919915083
PJ,2025,TTL VSE,Net,Forecast,May,3896643568
PJ,2025,TTL VSE,Net,Forecast,Nov,51071184694
PJ,2025,TTL VSE,Net,Forecast,Oct,72520150309
PJ,2025,TTL VSE,Net,Forecast,Sep,23547011972
PJ,2025,TTL VSE,Op,Actual,Apr,15540380000
PJ,2025,TTL VSE,Op,Actual,Aug,16808420000
PJ,2025,TTL VSE,Op,Actual,Dec,48117880000
PJ,2025,TTL VSE,Op,Actual,Feb,47369980300
PJ,2025,TTL VSE,Op,Actual,Jan,23523180000
PJ,2025,TTL VSE,Op,Actual,Jul,16554910000
PJ,2025,TTL VSE,Op,Actual,Jun,17091230000
PJ,2025,TTL VSE,Op,Actual,Mar,51133793900
PJ,2025,TTL VSE,Op,Actual,May,12433720000
PJ,2025,TTL VSE,Op,Actual,Nov,57991140200
PJ,2025,TTL VSE,Op,Actual,Oct,57020451200
PJ,2025,TTL VSE,Op,Actual,Sep,21371940000
PJ,2025,TTL VSE,Op,Budget,Apr,19780836114
PJ,2025,TTL VSE,Op,Budget,Aug,13096402931
PJ,2025,TTL VSE,Op,Budget,Dec,27031101152
PJ,2025,TTL VSE,Op,Budget,Feb,35569915239
PJ,2025,TTL VSE,Op,Budget,Jan,25979166134
PJ,2025,TTL VSE,Op,Budget,Jul,20981532618
PJ,2025,TTL VSE,Op,Budget,Jun,23855781237
PJ,2025,TTL VSE,Op,Budget,Mar,5951629171
PJ,2025,TTL VSE,Op,Budget,May,5565417986
PJ,2025,TTL VSE,Op,Budget,Nov,45615477505
PJ,2025,TTL VSE,Op,Budget,Oct,80810986385
PJ,2025,TTL VSE,Op,Budget,Sep,14163025421
PJ,2025,TTL VSE,Op,Forecast,Apr,104438363
PJ,2025,TTL VSE,Op,Forecast,Aug,4462577055
PJ,2025,TTL VSE,Op,Forecast,Dec,69290588231
PJ,2025,TTL VSE,Op,Forecast,Feb,5899684181
PJ,2025,TTL VSE,Op,Forecast,Jan,34551041006
PJ,2025,TTL VSE,Op,Forecast,Jul,15918709090
PJ,2025,TTL VSE,Op,Forecast,Jun,14306231003
PJ,2025,TTL VSE,Op,Forecast,Mar,2130816566
PJ,2025,TTL VSE,Op,Forecast,May,8130735765
PJ,2025,TTL VSE,Op,Forecast,Nov,52595665411
PJ,2025,TTL VSE,Op,Forecast,Oct,80804188861
PJ,2025,TTL VSE,Op,Forecast,Sep,29105631223
PJ,2025,TTL VSEE,Gross,Actual,Apr,6616790000
PJ,2025,TTL VSEE,Gross,Actual,Aug,6837700000
PJ,2025,TTL VSEE,Gross,Actual,Dec,2631730000
PJ,2025,TTL VSEE,Gross,Actual,Feb,5054820000
PJ,2025,TTL VSEE,Gross,Actual,Jan,12920240000
PJ,2025,TTL VSEE,Gross,Actual,Jul,6453750000
PJ,2025,TTL VSEE,Gross,Actual,Jun,6908810000
PJ,2025,TTL VSEE,Gross,Actual,Mar,8603390000
PJ,2025,TTL VSEE,Gross,Actual,May,4405370000
PJ,2025,TTL VSEE,Gross,Actual,Nov,11819590000
PJ,2025,TTL VSEE,Gross,Actual,Oct,9887150000
PJ,2025,TTL VSEE,Gross,Actual,Sep,11027830000
PJ,2025,TTL VSEE,Gross,Budget,Apr,4535174195
PJ,2025,TTL VSEE,Gross,Budget,Aug,3369245756
PJ,2025,TTL VSEE,Gross,Budget,Dec,2776758007
PJ,2025,TTL VSEE,Gross,Budget,Feb,3853761181
PJ,2025,TTL VSEE,Gross,Budget,Jan,4365236512
PJ,2025,TTL VSEE,Gross,Budget,Jul,7902011246
PJ,2025,TTL VSEE,Gross,Budget,Jun,6951452696
PJ,2025,TTL VSEE,Gross,Budget,Mar,2291224959
PJ,2025,TTL VSEE,Gross,Budget,May,184181835
PJ,2025,TTL VSEE,Gross,Budget,Nov,3305632128
PJ,2025,TTL VSEE,Gross,Budget,Oct,11467752592
PJ,2025,TTL VSEE,Gross,Budget,Sep,3717006518
PJ,2025,TTL VSEE,Gross,Forecast,Apr,2872674440
PJ,2025,TTL VSEE,Gross,Forecast,Aug,5537390404
PJ,2025,TTL VSEE,Gross,Forecast,Dec,54858788
PJ,2025,TTL VSEE,Gross,Forecast,Feb,6644857627
PJ,2025,TTL VSEE,Gross,Forecast,Jan,6084179342
PJ,2025,TTL VSEE,Gross,Forecast,Jul,6753719296
PJ,2025,TTL VSEE,Gross,Forecast,Jun,4548788371
PJ,2025,TTL VSEE,Gross,Forecast,Mar,8868844194
PJ,2025,TTL VSEE,Gross,Forecast,May,5645704242
PJ,2025,TTL VSEE,Gross,Forecast,Nov,4513836060
PJ,2025,TTL VSEE,Gross,Forecast,Oct,13339632063
PJ,2025,TTL VSEE,Gross,Forecast,Sep,308636011
PJ,2025,TTL VSEE,Net,Actual,Apr,6112880000
PJ,2025,TTL VSEE,Net,Actual,Aug,6271260000
PJ,2025,TTL VSEE,Net,Actual,Dec,38300290000
PJ,2025,TTL VSEE,Net,Actual,Feb,40098720300
PJ,2025,TTL VSEE,Net,Actual,Jan,10949440000
PJ,2025,TTL VSEE,Net,Actual,Jul,4956810000
PJ,2025,TTL VSEE,Net,Actual,Jun,6524340000
PJ,2025,TTL VSEE,Net,Actual,Mar,40701903900
PJ,2025,TTL VSEE,Net,Actual,May,4163580000
PJ,2025,TTL VSEE,Net,Actual,Nov,47022880200
PJ,2025,TTL VSEE,Net,Actual,Oct,44285821200
PJ,2025,TTL VSEE,Net,Actual,Sep,8963100000
PJ,2025,TTL VSEE,Net,Budget,Apr,8627842470
PJ,2025,TTL VSEE,Net,Budget,Aug,4965565860
PJ,2025,TTL VSEE,Net,Budget,Dec,10298711463
PJ,2025,TTL VSEE,Net,Budget,Feb,8987741529
PJ,2025,TTL VSEE,Net,Budget,Jan,3974469680
PJ,2025,TTL VSEE,Net,Budget,Jul,6516188152
PJ,2025,TTL VSEE,Net,Budget,Jun,8036631514
PJ,2025,TTL VSEE,Net,Budget,Mar,50264117055
PJ,2025,TTL VSEE,Net,Budget,May,4698614523
PJ,2025,TTL VSEE,Net,Budget,Nov,27548331401
PJ,2025,TTL VSEE,Net,Budget,Oct,58378763329
PJ,2025,TTL VSEE,Net,Budget,Sep,9479711322
PJ,2025,TTL VSEE,Net,Forecast,Apr,6592038913
PJ,2025,TTL VSEE,Net,Forecast,Aug,1852537898
PJ,2025,TTL VSEE,Net,Forecast,Dec,19036336968
PJ,2025,TTL VSEE,Net,Forecast,Feb,8369938253
PJ,2025,TTL VSEE,Net,Forecast,Jan,11293341702
PJ,2025,TTL VSEE,Net,Forecast,Jul,4105976639
PJ,2025,TTL VSEE,Net,Forecast,Jun,421149274
PJ,2025,TTL VSEE,Net,Forecast,Mar,8884443916
PJ,2025,TTL VSEE,Net,Forecast,May,4580692868
PJ,2025,TTL VSEE,Net,Forecast,Nov,4293617652
PJ,2025,TTL VSEE,Net,Forecast,Oct,27946291480
PJ,2025,TTL VSEE,Net,Forecast,Sep,2271383271
PJ,2025,TTL VSEE,Op,Actual,Apr,6112880000
PJ,2025,TTL VSEE,Op,Actual,Aug,6271260000
PJ,2025,TTL VSEE,Op,Actual,Dec,38300290000
PJ,2025,TTL VSEE,Op,Actual,Feb,40098720300
PJ,2025,TTL VSEE,Op,Actual,Jan,10949440000
PJ,2025,TTL VSEE,Op,Actual,Jul,4956810000
PJ,2025,TTL VSEE,Op,Actual,Jun,6524340000
PJ,2025,TTL VSEE,Op,Actual,Mar,40701903900
PJ,2025,TTL VSEE,Op,Actual,May,4163580000
PJ,2025,TTL VSEE,Op,Actual,Nov,47022880200
PJ,2025,TTL VSEE,Op,Actual,Oct,44285821200
PJ,2025,TTL VSEE,Op,Actual,Sep,8963100000
PJ,2025,TTL VSEE,Op,Budget,Apr,6993412270
PJ,2025,TTL VSEE,Op,Budget,Aug,6982442335
PJ,2025,TTL VSEE,Op,Budget,Dec,20789224550
PJ,2025,TTL VSEE,Op,Budget,Feb,42628727296
PJ,2025,TTL VSEE,Op,Budget,Jan,7184549200
PJ,2025,TTL VSEE,Op,Budget,Jul,1664662497
PJ,2025,TTL VSEE,Op,Budget,Jun,3813685696
PJ,2025,TTL VSEE,Op,Budget,Mar,26052651741
PJ,2025,TTL VSEE,Op,Budget,May,4867772217
PJ,2025,TTL VSEE,Op,Budget,Nov,35209333257
PJ,2025,TTL VSEE,Op,Budget,Oct,7724717987
PJ,2025,TTL VSEE,Op,Budget,Sep,2146499266
PJ,2025,TTL VSEE,Op,Forecast,Apr,7981387688
PJ,2025,TTL VSEE,Op,Forecast,Aug,1629636820
PJ,2025,TTL VSEE,Op,Forecast,Dec,34165593676
PJ,2025,TTL VSEE,Op,Forecast,Feb,42337277945
PJ,2025,TTL VSEE,Op,Forecast,Jan,14948716604
PJ,2025,TTL VSEE,Op,Forecast,Jul,5157413596
PJ,2025,TTL VSEE,Op,Forecast,Jun,2751110810
PJ,2025,TTL VSEE,Op,Forecast,Mar,47832700844
PJ,2025,TTL VSEE,Op,Forecast,May,5442227703
PJ,2025,TTL VSEE,Op,Forecast,Nov,58719637161
PJ,2025,TTL VSEE,Op,Forecast,Oct,45113112848
PJ,2025,TTL VSEE,Op,Forecast,Sep,998473589
PJ,2025,TTL VSEW,Gross,Actual,Apr,9744420000
PJ,2025,TTL VSEW,Gross,Actual,Aug,10432220000
PJ,2025,TTL VSEW,Gross,Actual,Dec,7429610000
PJ,2025,TTL VSEW,Gross,Actual,Feb,9196870000
PJ,2025,TTL VSEW,Gross,Actual,Jan,12646780000
PJ,2025,TTL VSEW,Gross,Actual,Jul,10808430000
PJ,2025,TTL VSEW,Gross,Actual,Jun,9732970000
PJ,2025,TTL VSEW,Gross,Actual,Mar,9421920000
PJ,2025,TTL VSEW,Gross,Actual,May,8089740000
PJ,2025,TTL VSEW,Gross,Actual,Nov,9454760000
PJ,2025,TTL VSEW,Gross,Actual,Oct,11300000000
PJ,2025,TTL VSEW,Gross,Actual,Sep,11565000000
PJ,2025,TTL VSEW,Gross,Budget,Apr,13500689339
PJ,2025,TTL VSEW,Gross,Budget,Aug,4652876115
PJ,2025,TTL VSEW,Gross,Budget,Dec,4548236133
PJ,2025,TTL VSEW,Gross,Budget,Feb,2449475610
PJ,2025,TTL VSEW,Gross,Budget,Jan,8545226105
PJ,2025,TTL VSEW,Gross,Budget,Jul,8144992270
PJ,2025,TTL VSEW,Gross,Budget,Jun,6298910832
PJ,2025,TTL VSEW,Gross,Budget,Mar,8737714136
PJ,2025,TTL VSEW,Gross,Budget,May,5550036001
PJ,2025,TTL VSEW,Gross,Budget,Nov,7219519094
PJ,2025,TTL VSEW,Gross,Budget,Oct,11524788167
PJ,2025,TTL VSEW,Gross,Budget,Sep,8948636399
PJ,2025,TTL VSEW,Gross,Forecast,Apr,10186643517
PJ,2025,TTL VSEW,Gross,Forecast,Aug,9356733521
PJ,2025,TTL VSEW,Gross,Forecast,Dec,4362680112
PJ,2025,TTL VSEW,Gross,Forecast,Feb,12299235074
PJ,2025,TTL VSEW,Gross,Forecast,Jan,3413867115
PJ,2025,TTL VSEW,Gross,Forecast,Jul,4880968449
PJ,2025,TTL VSEW,Gross,Forecast,Jun,14082497344
PJ,2025,TTL VSEW,Gross,Forecast,Mar,12518184598
PJ,2025,TTL VSEW,Gross,Forecast,May,8960463287
PJ,2025,TTL VSEW,Gross,Forecast,Nov,7032579652
PJ,2025,TTL VSEW,Gross,Forecast,Oct,16267888192
PJ,2025,TTL VSEW,Gross,Forecast,Sep,8769233161
PJ,2025,TTL VSEW,Net,Actual,Apr,8737300000
PJ,2025,TTL VSEW,Net,Actual,Aug,9401670000
PJ,2025,TTL VSEW,Net,Actual,Dec,6276820000
PJ,2025,TTL VSEW,Net,Actual,Feb,6730950000
PJ,2025,TTL VSEW,Net,Actual,Jan,11757160000
PJ,2025,TTL VSEW,Net,Actual,Jul,9883260000
PJ,2025,TTL VSEW,Net,Actual,Jun,8980560000
PJ,2025,TTL VSEW,Net,Actual,Mar,8531210000
PJ,2025,TTL VSEW,Net,Actual,May,7095950000
PJ,2025,TTL VSEW,Net,Actual,Nov,8195090000
PJ,2025,TTL VSEW,Net,Actual,Oct,10346470000
PJ,2025,TTL VSEW,Net,Actual,Sep,10283150000
PJ,2025,TTL VSEW,Net,Budget,Apr,7016255236
PJ,2025,TTL VSEW,Net,Budget,Aug,1494200519
PJ,2025,TTL VSEW,Net,Budget,Dec,8816765037
PJ,2025,TTL VSEW,Net,Budget,Feb,1902521891
PJ,2025,TTL VSEW,Net,Budget,Jan,1799728768
PJ,2025,TTL VSEW,Net,Budget,Jul,9898389509
PJ,2025,TTL VSEW,Net,Budget,Jun,3970088198
PJ,2025,TTL VSEW,Net,Budget,Mar,7813963220
PJ,2025,TTL VSEW,Net,Budget,May,9202999727
PJ,2025,TTL VSEW,Net,Budget,Nov,3144879555
PJ,2025,TTL VSEW,Net,Budget,Oct,15173186636
PJ,2025,TTL VSEW,Net,Budget,Sep,3055177501
PJ,2025,TTL VSEW,Net,Forecast,Apr,12389187231
PJ,2025,TTL VSEW,Net,Forecast,Aug,13846997200
PJ,2025,TTL VSEW,Net,Forecast,Dec,3307817973
PJ,2025,TTL VSEW,Net,Forecast,Feb,2191279378
PJ,2025,TTL VSEW,Net,Forecast,Jan,10574436474
PJ,2025,TTL VSEW,Net,Forecast,Jul,7701862791
PJ,2025,TTL VSEW,Net,Forecast,Jun,7523823409
PJ,2025,TTL VSEW,Net,Forecast,Mar,4467778906
PJ,2025,TTL VSEW,Net,Forecast,May,944957367
PJ,2025,TTL VSEW,Net,Forecast,Nov,910527355
PJ,2025,TTL VSEW,Net,Forecast,Oct,6856757199
PJ,2025,TTL VSEW,Net,Forecast,Sep,5614361990
PJ,2025,TTL VSEW,Op,Actual,Apr,8737300000
PJ,2025,TTL VSEW,Op,Actual,Aug,9401670000
PJ,2025,TTL VSEW,Op,Actual,Dec,6276820000
PJ,2025,TTL VSEW,Op,Actual,Feb,6730950000
PJ,2025,TTL VSEW,Op,Actual,Jan,11757160000
PJ,2025,TTL VSEW,Op,Actual,Jul,9883260000
PJ,2025,TTL VSEW,Op,Actual,Jun,8980560000
PJ,2025,TTL VSEW,Op,Actual,Mar,8531210000
PJ,2025,TTL VSEW,Op,Actual,May,7095950000
PJ,2025,TTL VSEW,Op,Actual,Nov,8195090000
PJ,2025,TTL VSEW,Op,Actual,Oct,10346470000
PJ,2025,TTL VSEW,Op,Actual,Sep,10283150000
PJ,2025,TTL VSEW,Op,Budget,Apr,2933048751
PJ,2025,TTL VSEW,Op,Budget,Aug,1271521283
PJ,2025,TTL VSEW,Op,Budget,Dec,2412583765
PJ,2025,TTL VSEW,Op,Budget,Feb,2714227543
PJ,2025,TTL VSEW,Op,Budget,Jan,14426805835
PJ,2025,TTL VSEW,Op,Budget,Jul,10613348635
PJ,2025,TTL VSEW,Op,Budget,Jun,8752387819
PJ,2025,TTL VSEW,Op,Budget,Mar,12080951350
PJ,2025,TTL VSEW,Op,Budget,May,8668652249
PJ,2025,TTL VSEW,Op,Budget,Nov,10726265760
PJ,2025,TTL VSEW,Op,Budget,Oct,14393312021
PJ,2025,TTL VSEW,Op,Budget,Sep,15363585902
PJ,2025,TTL VSEW,Op,Forecast,Apr,7587160885
PJ,2025,TTL VSEW,Op,Forecast,Aug,8279504216
PJ,2025,TTL VSEW,Op,Forecast,Dec,7371497610
PJ,2025,TTL VSEW,Op,Forecast,Feb,8073420448
PJ,2025,TTL VSEW,Op,Forecast,Jan,14197300360
PJ,2025,TTL VSEW,Op,Forecast,Jul,2840113332
PJ,2025,TTL VSEW,Op,Forecast,Jun,4518416196
PJ,2025,TTL VSEW,Op,Forecast,Mar,4599600735
PJ,2025,TTL VSEW,Op,Forecast,May,5538692389
PJ,2025,TTL VSEW,Op,Forecast,Nov,6706666843
PJ,2025,TTL VSEW,Op,Forecast,Oct,29941341
PJ,2025,TTL VSEW,Op,Forecast,Sep,15244529900
PJ,2025,TTL VSI,Gross,Actual,Apr,17006630000
PJ,2025,TTL VSI,Gross,Actual,Aug,13132840000
PJ,2025,TTL VSI,Gross,Actual,Dec,18104173000
PJ,2025,TTL VSI,Gross,Actual,Feb,13064900000
PJ,2025,TTL VSI,Gross,Actual,Jan,19962630000
PJ,2025,TTL VSI,Gross,Actual,Jul,11628220000
PJ,2025,TTL VSI,Gross,Actual,Jun,22631785700
PJ,2025,TTL VSI,Gross,Actual,Mar,19835380000
PJ,2025,TTL VSI,Gross,Actual,May,13750660000
PJ,2025,TTL VSI,Gross,Actual,Nov,16469315600
PJ,2025,TTL VSI,Gross,Actual,Oct,8719597000
PJ,2025,TTL VSI,Gross,Actual,Sep,16077292000
PJ,2025,TTL VSI,Gross,Budget,Apr,5419103401
PJ,2025,TTL VSI,Gross,Budget,Aug,18789011977
PJ,2025,TTL VSI,Gross,Budget,Dec,3987490828
PJ,2025,TTL VSI,Gross,Budget,Feb,19350987879
PJ,2025,TTL VSI,Gross,Budget,Jan,19744741587
PJ,2025,TTL VSI,Gross,Budget,Jul,14425547757
PJ,2025,TTL VSI,Gross,Budget,Jun,31507334109
PJ,2025,TTL VSI,Gross,Budget,Mar,15693666131
PJ,2025,TTL VSI,Gross,Budget,May,12364213301
PJ,2025,TTL VSI,Gross,Budget,Nov,18161304532
PJ,2025,TTL VSI,Gross,Budget,Oct,11384359096
PJ,2025,TTL VSI,Gross,Budget,Sep,5420279702
PJ,2025,TTL VSI,Gross,Forecast,Apr,1535296768
PJ,2025,TTL VSI,Gross,Forecast,Aug,13538949589
PJ,2025,TTL VSI,Gross,Forecast,Dec,22867120398
PJ,2025,TTL VSI,Gross,Forecast,Feb,2016569280
PJ,2025,TTL VSI,Gross,Forecast,Jan,8093926663
PJ,2025,TTL VSI,Gross,Forecast,Jul,1399132768
PJ,2025,TTL VSI,Gross,Forecast,Jun,26489100824
PJ,2025,TTL VSI,Gross,Forecast,Mar,27668298291
PJ,2025,TTL VSI,Gross,Forecast,May,11362442847
PJ,2025,TTL VSI,Gross,Forecast,Nov,15833613003
PJ,2025,TTL VSI,Gross,Forecast,Oct,1276114106
PJ,2025,TTL VSI,Gross,Forecast,Sep,18067624715
PJ,2025,TTL VSI,Net,Actual,Apr,16514990000
PJ,2025,TTL VSI,Net,Actual,Aug,12895890000
PJ,2025,TTL VSI,Net,Actual,Dec,17295602900
PJ,2025,TTL VSI,Net,Actual,Feb,10997470000
PJ,2025,TTL VSI,Net,Actual,Jan,19422250000
PJ,2025,TTL VSI,Net,Actual,Jul,11362710100
PJ,2025,TTL VSI,Net,Actual,Jun,21943605800
PJ,2025,TTL VSI,Net,Actual,Mar,19235181400
PJ,2025,TTL VSI,Net,Actual,May,13257890000
PJ,2025,TTL VSI,Net,Actual,Nov,15925935900
PJ,2025,TTL VSI,Net,Actual,Oct,8443859300
PJ,2025,TTL VSI,Net,Actual,Sep,15447204800
PJ,2025,TTL VSI,Net,Budget,Apr,8770499120
PJ,2025,TTL VSI,Net,Budget,Aug,2762622448
PJ,2025,TTL VSI,Net,Budget,Dec,22688851327
PJ,2025,TTL VSI,Net,Budget,Feb,11960739387
PJ,2025,TTL VSI,Net,Budget,Jan,28349841410
PJ,2025,TTL VSI,Net,Budget,Jul,10032295605
PJ,2025,TTL VSI,Net,Budget,Jun,2878907389
PJ,2025,TTL VSI,Net,Budget,Mar,2782128784
PJ,2025,TTL VSI,Net,Budget,May,12556777672
PJ,2025,TTL VSI,Net,Budget,Nov,9146115501
PJ,2025,TTL VSI,Net,Budget,Oct,8497576345
PJ,2025,TTL VSI,Net,Budget,Sep,15540274340
PJ,2025,TTL VSI,Net,Forecast,Apr,18176099877
PJ,2025,TTL VSI,Net,Forecast,Aug,1502134815
PJ,2025,TTL VSI,Net,Forecast,Dec,1092746562
PJ,2025,TTL VSI,Net,Forecast,Feb,205162635
PJ,2025,TTL VSI,Net,Forecast,Jan,9882645128
PJ,2025,TTL VSI,Net,Forecast,Jul,5448641494
PJ,2025,TTL VSI,Net,Forecast,Jun,10978353528
PJ,2025,TTL VSI,Net,Forecast,Mar,14527470813
PJ,2025,TTL VSI,Net,Forecast,May,6364527283
PJ,2025,TTL VSI,Net,Forecast,Nov,13170153544
PJ,2025,TTL VSI,Net,Forecast,Oct,11610714860
PJ,2025,TTL VSI,Net,Forecast,Sep,12390133667
PJ,2025,TTL VSI,Op,Actual,Apr,16514990000
PJ,2025,TTL VSI,Op,Actual,Aug,12895890000
PJ,2025,TTL VSI,Op,Actual,Dec,17295602900
PJ,2025,TTL VSI,Op,Actual,Feb,10997470000
PJ,2025,TTL VSI,Op,Actual,Jan,19422250000
PJ,2025,TTL VSI,Op,Actual,Jul,11362710100
PJ,2025,TTL VSI,Op,Actual,Jun,21943605800
PJ,2025,TTL VSI,Op,Actual,Mar,19235181400
PJ,2025,TTL VSI,Op,Actual,May,13257890000
PJ,2025,TTL VSI,Op,Actual,Nov,15925935900
PJ,2025,TTL VSI,Op,Actual,Oct,8443859300
PJ,2025,TTL VSI,Op,Actual,Sep,15447204800
PJ,2025,TTL VSI,Op,Budget,Apr,126301447
PJ,2025,TTL VSI,Op,Budget,Aug,15974757019
PJ,2025,TTL VSI,Op,Budget,Dec,22330234048
PJ,2025,TTL VSI,Op,Budget,Feb,6225170497
PJ,2025,TTL VSI,Op,Budget,Jan,7438807573
PJ,2025,TTL VSI,Op,Budget,Jul,2335935527
PJ,2025,TTL VSI,Op,Budget,Jun,15617953642
PJ,2025,TTL VSI,Op,Budget,Mar,19117011900
PJ,2025,TTL VSI,Op,Budget,May,12030365358
PJ,2025,TTL VSI,Op,Budget,Nov,2763616356
PJ,2025,TTL VSI,Op,Budget,Oct,2942258704
PJ,2025,TTL VSI,Op,Budget,Sep,16690241465
PJ,2025,TTL VSI,Op,Forecast,Apr,1307933936
PJ,2025,TTL VSI,Op,Forecast,Aug,12981406289
PJ,2025,TTL VSI,Op,Forecast,Dec,1515925240
PJ,2025,TTL VSI,Op,Forecast,Feb,786927797
PJ,2025,TTL VSI,Op,Forecast,Jan,24200515493
PJ,2025,TTL VSI,Op,Forecast,Jul,2515794953
PJ,2025,TTL VSI,Op,Forecast,Jun,26166047091
PJ,2025,TTL VSI,Op,Forecast,Mar,23533948754
PJ,2025,TTL VSI,Op,Forecast,May,12372550689
PJ,2025,TTL VSI,Op,Forecast,Nov,20537848848
PJ,2025,TTL VSI,Op,Forecast,Oct,1407156816
PJ,2025,TTL VSI,Op,Forecast,Sep,4406676675
PJ,2025,TW,Gross,Actual,Apr,1522730000
PJ,2025,TW,Gross,Actual,Apr,1522730000
PJ,2025,TW,Gross,Actual,Aug,1830047500
PJ,2025,TW,Gross,Actual,Aug,1830047500
PJ,2025,TW,Gross,Actual,Dec,1400603700
PJ,2025,TW,Gross,Actual,Dec,1400603700
PJ,2025,TW,Gross,Actual,Feb,1495300000
PJ,2025,TW,Gross,Actual,Feb,1495300000
PJ,2025,TW,Gross,Actual,Jan,2017090000
PJ,2025,TW,Gross,Actual,Jan,2017090000
PJ,2025,TW,Gross,Actual,Jul,1476525500
PJ,2025,TW,Gross,Actual,Jul,1476525500
PJ,2025,TW,Gross,Actual,Jun,1691000000
PJ,2025,TW,Gross,Actual,Jun,1691000000
PJ,2025,TW,Gross,Actual,Mar,2503970000
PJ,2025,TW,Gross,Actual,Mar,2503970000
PJ,2025,TW,Gross,Actual,May,1817100000
PJ,2025,TW,Gross,Actual,May,1817100000
PJ,2025,TW,Gross,Actual,Nov,1548633500
PJ,2025,TW,Gross,Actual,Nov,1548633500
PJ,2025,TW,Gross,Actual,Oct,1640910000
PJ,2025,TW,Gross,Actual,Oct,1640910000
PJ,2025,TW,Gross,Actual,Sep,1043159000
PJ,2025,TW,Gross,Actual,Sep,1043159000
PJ,2025,TW,Gross,Budget,Apr,1918892333
PJ,2025,TW,Gross,Budget,Apr,999757275
PJ,2025,TW,Gross,Budget,Aug,343730642
PJ,2025,TW,Gross,Budget,Aug,433547540
PJ,2025,TW,Gross,Budget,Dec,1283486102
PJ,2025,TW,Gross,Budget,Dec,1136437604
PJ,2025,TW,Gross,Budget,Feb,1846446543
PJ,2025,TW,Gross,Budget,Feb,279847083
PJ,2025,TW,Gross,Budget,Jan,323450094
PJ,2025,TW,Gross,Budget,Jan,2658693785
PJ,2025,TW,Gross,Budget,Jul,1018706465
PJ,2025,TW,Gross,Budget,Jul,705609570
PJ,2025,TW,Gross,Budget,Jun,1691045487
PJ,2025,TW,Gross,Budget,Jun,1783786944
PJ,2025,TW,Gross,Budget,Mar,2071211688
PJ,2025,TW,Gross,Budget,Mar,3676966925
PJ,2025,TW,Gross,Budget,May,424275263
PJ,2025,TW,Gross,Budget,May,920972981
PJ,2025,TW,Gross,Budget,Nov,2307130926
PJ,2025,TW,Gross,Budget,Nov,206416603
PJ,2025,TW,Gross,Budget,Oct,111239377
PJ,2025,TW,Gross,Budget,Oct,489369705
PJ,2025,TW,Gross,Budget,Sep,15694550
PJ,2025,TW,Gross,Budget,Sep,33937824
PJ,2025,TW,Gross,Forecast,Apr,552762934
PJ,2025,TW,Gross,Forecast,Apr,57299082
PJ,2025,TW,Gross,Forecast,Aug,2353358982
PJ,2025,TW,Gross,Forecast,Aug,2317858546
PJ,2025,TW,Gross,Forecast,Dec,1777397213
PJ,2025,TW,Gross,Forecast,Dec,40509403
PJ,2025,TW,Gross,Forecast,Feb,745369897
PJ,2025,TW,Gross,Forecast,Feb,525704378
PJ,2025,TW,Gross,Forecast,Jan,2620956336
PJ,2025,TW,Gross,Forecast,Jan,1025277589
PJ,2025,TW,Gross,Forecast,Jul,1612658403
PJ,2025,TW,Gross,Forecast,Jul,691501977
PJ,2025,TW,Gross,Forecast,Jun,1658033579
PJ,2025,TW,Gross,Forecast,Jun,310575205
PJ,2025,TW,Gross,Forecast,Mar,716343325
PJ,2025,TW,Gross,Forecast,Mar,2734142345
PJ,2025,TW,Gross,Forecast,May,1904638611
PJ,2025,TW,Gross,Forecast,May,2139611571
PJ,2025,TW,Gross,Forecast,Nov,520038459
PJ,2025,TW,Gross,Forecast,Nov,2179434004
PJ,2025,TW,Gross,Forecast,Oct,1818844315
PJ,2025,TW,Gross,Forecast,Oct,243765982
PJ,2025,TW,Gross,Forecast,Sep,906813743
PJ,2025,TW,Gross,Forecast,Sep,1102476539
PJ,2025,TW,Net,Actual,Apr,1522730000
PJ,2025,TW,Net,Actual,Apr,1522730000
PJ,2025,TW,Net,Actual,Aug,1830047500
PJ,2025,TW,Net,Actual,Aug,1830047500
PJ,2025,TW,Net,Actual,Dec,1400603700
PJ,2025,TW,Net,Actual,Dec,1400603700
PJ,2025,TW,Net,Actual,Feb,1486330000
PJ,2025,TW,Net,Actual,Feb,1486330000
PJ,2025,TW,Net,Actual,Jan,2004980000
PJ,2025,TW,Net,Actual,Jan,2004980000
PJ,2025,TW,Net,Actual,Jul,1476525500
PJ,2025,TW,Net,Actual,Jul,1476525500
PJ,2025,TW,Net,Actual,Jun,1690996300
PJ,2025,TW,Net,Actual,Jun,1690996300
PJ,2025,TW,Net,Actual,Mar,2524960000
PJ,2025,TW,Net,Actual,Mar,2524960000
PJ,2025,TW,Net,Actual,May,1817100000
PJ,2025,TW,Net,Actual,May,1817100000
PJ,2025,TW,Net,Actual,Nov,3157280000
PJ,2025,TW,Net,Actual,Nov,3157280000
PJ,2025,TW,Net,Actual,Oct,1640910000
PJ,2025,TW,Net,Actual,Oct,1640910000
PJ,2025,TW,Net,Actual,Sep,1043159000
PJ,2025,TW,Net,Actual,Sep,1043159000
PJ,2025,TW,Net,Budget,Apr,1029875230
PJ,2025,TW,Net,Budget,Apr,1264906338
PJ,2025,TW,Net,Budget,Aug,1201177247
PJ,2025,TW,Net,Budget,Aug,1824341896
PJ,2025,TW,Net,Budget,Dec,1518097221
PJ,2025,TW,Net,Budget,Dec,809605802
PJ,2025,TW,Net,Budget,Feb,1082195668
PJ,2025,TW,Net,Budget,Feb,2225845316
PJ,2025,TW,Net,Budget,Jan,1710756016
PJ,2025,TW,Net,Budget,Jan,1875171157
PJ,2025,TW,Net,Budget,Jul,2168257507
PJ,2025,TW,Net,Budget,Jul,524226737
PJ,2025,TW,Net,Budget,Jun,1993805000
PJ,2025,TW,Net,Budget,Jun,2085058895
PJ,2025,TW,Net,Budget,Mar,2145679999
PJ,2025,TW,Net,Budget,Mar,466392469
PJ,2025,TW,Net,Budget,May,762282597
PJ,2025,TW,Net,Budget,May,746652208
PJ,2025,TW,Net,Budget,Nov,3025171860
PJ,2025,TW,Net,Budget,Nov,319820164
PJ,2025,TW,Net,Budget,Oct,299434136
PJ,2025,TW,Net,Budget,Oct,273525361
PJ,2025,TW,Net,Budget,Sep,1155106737
PJ,2025,TW,Net,Budget,Sep,1339543769
PJ,2025,TW,Net,Forecast,Apr,352852109
PJ,2025,TW,Net,Forecast,Apr,1240547607
PJ,2025,TW,Net,Forecast,Aug,1098043926
PJ,2025,TW,Net,Forecast,Aug,328225152
PJ,2025,TW,Net,Forecast,Dec,1436936741
PJ,2025,TW,Net,Forecast,Dec,1125003914
PJ,2025,TW,Net,Forecast,Feb,579491330
PJ,2025,TW,Net,Forecast,Feb,199479543
PJ,2025,TW,Net,Forecast,Jan,2896533177
PJ,2025,TW,Net,Forecast,Jan,2527980312
PJ,2025,TW,Net,Forecast,Jul,1897455333
PJ,2025,TW,Net,Forecast,Jul,1263558656
PJ,2025,TW,Net,Forecast,Jun,1825163205
PJ,2025,TW,Net,Forecast,Jun,2322465020
PJ,2025,TW,Net,Forecast,Mar,2350661044
PJ,2025,TW,Net,Forecast,Mar,76145161
PJ,2025,TW,Net,Forecast,May,1900805572
PJ,2025,TW,Net,Forecast,May,1307203499
PJ,2025,TW,Net,Forecast,Nov,1548145014
PJ,2025,TW,Net,Forecast,Nov,882232225
PJ,2025,TW,Net,Forecast,Oct,1954700823
PJ,2025,TW,Net,Forecast,Oct,1241599672
PJ,2025,TW,Net,Forecast,Sep,1066088860
PJ,2025,TW,Net,Forecast,Sep,1510559600
PJ,2025,TW,Op,Actual,Apr,1522730000
PJ,2025,TW,Op,Actual,Apr,1522730000
PJ,2025,TW,Op,Actual,Aug,1830047500
PJ,2025,TW,Op,Actual,Aug,1830047500
PJ,2025,TW,Op,Actual,Dec,1400603700
PJ,2025,TW,Op,Actual,Dec,1400603700
PJ,2025,TW,Op,Actual,Feb,1486330000
PJ,2025,TW,Op,Actual,Feb,1486330000
PJ,2025,TW,Op,Actual,Jan,2004980000
PJ,2025,TW,Op,Actual,Jan,2004980000
PJ,2025,TW,Op,Actual,Jul,1476525500
PJ,2025,TW,Op,Actual,Jul,1476525500
PJ,2025,TW,Op,Actual,Jun,1690996300
PJ,2025,TW,Op,Actual,Jun,1690996300
PJ,2025,TW,Op,Actual,Mar,2524960000
PJ,2025,TW,Op,Actual,Mar,2524960000
PJ,2025,TW,Op,Actual,May,1817100000
PJ,2025,TW,Op,Actual,May,1817100000
PJ,2025,TW,Op,Actual,Nov,3157280000
PJ,2025,TW,Op,Actual,Nov,3157280000
PJ,2025,TW,Op,Actual,Oct,1640910000
PJ,2025,TW,Op,Actual,Oct,1640910000
PJ,2025,TW,Op,Actual,Sep,1043159000
PJ,2025,TW,Op,Actual,Sep,1043159000
PJ,2025,TW,Op,Budget,Apr,2103353847
PJ,2025,TW,Op,Budget,Apr,703247464
PJ,2025,TW,Op,Budget,Aug,297690937
PJ,2025,TW,Op,Budget,Aug,2312044687
PJ,2025,TW,Op,Budget,Dec,679521301
PJ,2025,TW,Op,Budget,Dec,498050987
PJ,2025,TW,Op,Budget,Feb,2013938858
PJ,2025,TW,Op,Budget,Feb,492137399
PJ,2025,TW,Op,Budget,Jan,1441209041
PJ,2025,TW,Op,Budget,Jan,1948347123
PJ,2025,TW,Op,Budget,Jul,814050956
PJ,2025,TW,Op,Budget,Jul,920899378
PJ,2025,TW,Op,Budget,Jun,716298525
PJ,2025,TW,Op,Budget,Jun,2040183348
PJ,2025,TW,Op,Budget,Mar,2968941086
PJ,2025,TW,Op,Budget,Mar,1483040074
PJ,2025,TW,Op,Budget,May,1955254931
PJ,2025,TW,Op,Budget,May,1664473115
PJ,2025,TW,Op,Budget,Nov,4618841891
PJ,2025,TW,Op,Budget,Nov,1029818158
PJ,2025,TW,Op,Budget,Oct,674592924
PJ,2025,TW,Op,Budget,Oct,1075628173
PJ,2025,TW,Op,Budget,Sep,792178872
PJ,2025,TW,Op,Budget,Sep,773826074
PJ,2025,TW,Op,Forecast,Apr,2090162295
PJ,2025,TW,Op,Forecast,Apr,1056622954
PJ,2025,TW,Op,Forecast,Aug,856681311
PJ,2025,TW,Op,Forecast,Aug,1487865493
PJ,2025,TW,Op,Forecast,Dec,1011896548
PJ,2025,TW,Op,Forecast,Dec,773809141
PJ,2025,TW,Op,Forecast,Feb,651852054
PJ,2025,TW,Op,Forecast,Feb,1529093695
PJ,2025,TW,Op,Forecast,Jan,2484803173
PJ,2025,TW,Op,Forecast,Jan,1106185321
PJ,2025,TW,Op,Forecast,Jul,1922597168
PJ,2025,TW,Op,Forecast,Jul,627190344
PJ,2025,TW,Op,Forecast,Jun,2248001483
PJ,2025,TW,Op,Forecast,Jun,2435887134
PJ,2025,TW,Op,Forecast,Mar,1197518213
PJ,2025,TW,Op,Forecast,Mar,3026584847
PJ,2025,TW,Op,Forecast,May,898138502
PJ,2025,TW,Op,Forecast,May,1832979592
PJ,2025,TW,Op,Forecast,Nov,1762665245
PJ,2025,TW,Op,Forecast,Nov,269117697
PJ,2025,TW,Op,Forecast,Oct,677136780
PJ,2025,TW,Op,Forecast,Oct,1622306181
PJ,2025,TW,Op,Forecast,Sep,819437871
PJ,2025,TW,Op,Forecast,Sep,353836570
PJ,2025,UK,Gross,Actual,Apr,1643690000
PJ,2025,UK,Gross,Actual,Aug,1099440000
PJ,2025,UK,Gross,Actual,Dec,71200000
PJ,2025,UK,Gross,Actual,Feb,2238960000
PJ,2025,UK,Gross,Actual,Jan,2199560000
PJ,2025,UK,Gross,Actual,Jul,1587570000
PJ,2025,UK,Gross,Actual,Jun,1180860000
PJ,2025,UK,Gross,Actual,Mar,1898410000
PJ,2025,UK,Gross,Actual,May,1458530000
PJ,2025,UK,Gross,Actual,Nov,864580000
PJ,2025,UK,Gross,Actual,Oct,1597170000
PJ,2025,UK,Gross,Actual,Sep,1408950000
PJ,2025,UK,Gross,Budget,Apr,130423923
PJ,2025,UK,Gross,Budget,Aug,787564782
PJ,2025,UK,Gross,Budget,Dec,16073982
PJ,2025,UK,Gross,Budget,Feb,2317814645
PJ,2025,UK,Gross,Budget,Jan,2740596595
PJ,2025,UK,Gross,Budget,Jul,1903264616
PJ,2025,UK,Gross,Budget,Jun,621576435
PJ,2025,UK,Gross,Budget,Mar,1660148146
PJ,2025,UK,Gross,Budget,May,2007799009
PJ,2025,UK,Gross,Budget,Nov,977651847
PJ,2025,UK,Gross,Budget,Oct,757454336
PJ,2025,UK,Gross,Budget,Sep,49093372
PJ,2025,UK,Gross,Forecast,Apr,245268180
PJ,2025,UK,Gross,Forecast,Aug,1403055540
PJ,2025,UK,Gross,Forecast,Dec,95850983
PJ,2025,UK,Gross,Forecast,Feb,413053915
PJ,2025,UK,Gross,Forecast,Jan,411676126
PJ,2025,UK,Gross,Forecast,Jul,1484277549
PJ,2025,UK,Gross,Forecast,Jun,10840833
PJ,2025,UK,Gross,Forecast,Mar,1790773846
PJ,2025,UK,Gross,Forecast,May,1143054548
PJ,2025,UK,Gross,Forecast,Nov,283272173
PJ,2025,UK,Gross,Forecast,Oct,633821040
PJ,2025,UK,Gross,Forecast,Sep,25221188
PJ,2025,UK,Net,Actual,Apr,1396940000
PJ,2025,UK,Net,Actual,Aug,727870000
PJ,2025,UK,Net,Actual,Dec,81200000
PJ,2025,UK,Net,Actual,Feb,1862820000
PJ,2025,UK,Net,Actual,Jan,1748290000
PJ,2025,UK,Net,Actual,Jul,1322200000
PJ,2025,UK,Net,Actual,Jun,1040780000
PJ,2025,UK,Net,Actual,Mar,1630500000
PJ,2025,UK,Net,Actual,May,1211420000
PJ,2025,UK,Net,Actual,Nov,608480000
PJ,2025,UK,Net,Actual,Oct,1428420000
PJ,2025,UK,Net,Actual,Sep,1269270000
PJ,2025,UK,Net,Budget,Apr,229273958
PJ,2025,UK,Net,Budget,Aug,1042807670
PJ,2025,UK,Net,Budget,Dec,71717611
PJ,2025,UK,Net,Budget,Feb,1822800207
PJ,2025,UK,Net,Budget,Jan,2066507272
PJ,2025,UK,Net,Budget,Jul,269047512
PJ,2025,UK,Net,Budget,Jun,1312760226
PJ,2025,UK,Net,Budget,Mar,1746073637
PJ,2025,UK,Net,Budget,May,580582885
PJ,2025,UK,Net,Budget,Nov,15189625
PJ,2025,UK,Net,Budget,Oct,1763314923
PJ,2025,UK,Net,Budget,Sep,1133344951
PJ,2025,UK,Net,Forecast,Apr,539930114
PJ,2025,UK,Net,Forecast,Aug,988285233
PJ,2025,UK,Net,Forecast,Dec,32710113
PJ,2025,UK,Net,Forecast,Feb,2406416634
PJ,2025,UK,Net,Forecast,Jan,237585860
PJ,2025,UK,Net,Forecast,Jul,1381225884
PJ,2025,UK,Net,Forecast,Jun,1237570365
PJ,2025,UK,Net,Forecast,Mar,489706781
PJ,2025,UK,Net,Forecast,May,1512054314
PJ,2025,UK,Net,Forecast,Nov,572844969
PJ,2025,UK,Net,Forecast,Oct,715714557
PJ,2025,UK,Net,Forecast,Sep,1313411979
PJ,2025,UK,Op,Actual,Apr,1396940000
PJ,2025,UK,Op,Actual,Aug,727870000
PJ,2025,UK,Op,Actual,Dec,81200000
PJ,2025,UK,Op,Actual,Feb,1862820000
PJ,2025,UK,Op,Actual,Jan,1748290000
PJ,2025,UK,Op,Actual,Jul,1322200000
PJ,2025,UK,Op,Actual,Jun,1040780000
PJ,2025,UK,Op,Actual,Mar,1630500000
PJ,2025,UK,Op,Actual,May,1211420000
PJ,2025,UK,Op,Actual,Nov,608480000
PJ,2025,UK,Op,Actual,Oct,1428420000
PJ,2025,UK,Op,Actual,Sep,1269270000
PJ,2025,UK,Op,Budget,Apr,799198293
PJ,2025,UK,Op,Budget,Aug,697129956
PJ,2025,UK,Op,Budget,Dec,43493408
PJ,2025,UK,Op,Budget,Feb,2145246743
PJ,2025,UK,Op,Budget,Jan,86279211
PJ,2025,UK,Op,Budget,Jul,716002552
PJ,2025,UK,Op,Budget,Jun,323744348
PJ,2025,UK,Op,Budget,Mar,1346733236
PJ,2025,UK,Op,Budget,May,1613628299
PJ,2025,UK,Op,Budget,Nov,294134387
PJ,2025,UK,Op,Budget,Oct,341504420
PJ,2025,UK,Op,Budget,Sep,1745767426
PJ,2025,UK,Op,Forecast,Apr,1615165858
PJ,2025,UK,Op,Forecast,Aug,1034053797
PJ,2025,UK,Op,Forecast,Dec,63834733
PJ,2025,UK,Op,Forecast,Feb,396567666
PJ,2025,UK,Op,Forecast,Jan,623328260
PJ,2025,UK,Op,Forecast,Jul,302029669
PJ,2025,UK,Op,Forecast,Jun,1057819348
PJ,2025,UK,Op,Forecast,Mar,647619661
PJ,2025,UK,Op,Forecast,May,1100919572
PJ,2025,UK,Op,Forecast,Nov,722073890
PJ,2025,UK,Op,Forecast,Oct,1749751010
PJ,2025,UK,Op,Forecast,Sep,1496730399
PJ,2025,VN,Gross,Actual,Apr,2057740000
PJ,2025,VN,Gross,Actual,Aug,595450000
PJ,2025,VN,Gross,Actual,Dec,636336300
PJ,2025,VN,Gross,Actual,Feb,517750000
PJ,2025,VN,Gross,Actual,Jan,534960000
PJ,2025,VN,Gross,Actual,Jul,564710000
PJ,2025,VN,Gross,Actual,Jun,1318019100
PJ,2025,VN,Gross,Actual,Mar,1849300000
PJ,2025,VN,Gross,Actual,May,1141370000
PJ,2025,VN,Gross,Actual,Nov,215317000
PJ,2025,VN,Gross,Actual,Oct,514013100
PJ,2025,VN,Gross,Actual,Sep,651005400
PJ,2025,VN,Gross,Budget,Apr,540244036
PJ,2025,VN,Gross,Budget,Aug,301283964
PJ,2025,VN,Gross,Budget,Dec,642598885
PJ,2025,VN,Gross,Budget,Feb,363934639
PJ,2025,VN,Gross,Budget,Jan,441835981
PJ,2025,VN,Gross,Budget,Jul,552910089
PJ,2025,VN,Gross,Budget,Jun,467526338
PJ,2025,VN,Gross,Budget,Mar,465100391
PJ,2025,VN,Gross,Budget,May,577258577
PJ,2025,VN,Gross,Budget,Nov,217952747
PJ,2025,VN,Gross,Budget,Oct,232143584
PJ,2025,VN,Gross,Budget,Sep,695344946
PJ,2025,VN,Gross,Forecast,Apr,1987068926
PJ,2025,VN,Gross,Forecast,Aug,160660110
PJ,2025,VN,Gross,Forecast,Dec,196388363
PJ,2025,VN,Gross,Forecast,Feb,446730076
PJ,2025,VN,Gross,Forecast,Jan,275728336
PJ,2025,VN,Gross,Forecast,Jul,217604267
PJ,2025,VN,Gross,Forecast,Jun,1418536502
PJ,2025,VN,Gross,Forecast,Mar,121157074
PJ,2025,VN,Gross,Forecast,May,157931827
PJ,2025,VN,Gross,Forecast,Nov,169337275
PJ,2025,VN,Gross,Forecast,Oct,732927743
PJ,2025,VN,Gross,Forecast,Sep,949490552
PJ,2025,VN,Net,Actual,Apr,2006300000
PJ,2025,VN,Net,Actual,Aug,586520000
PJ,2025,VN,Net,Actual,Dec,629267300
PJ,2025,VN,Net,Actual,Feb,504800000
PJ,2025,VN,Net,Actual,Jan,521590000
PJ,2025,VN,Net,Actual,Jul,556240000
PJ,2025,VN,Net,Actual,Jun,1297969400
PJ,2025,VN,Net,Actual,Mar,1845170000
PJ,2025,VN,Net,Actual,May,1112840000
PJ,2025,VN,Net,Actual,Nov,212087300
PJ,2025,VN,Net,Actual,Oct,506302800
PJ,2025,VN,Net,Actual,Sep,646853400
PJ,2025,VN,Net,Budget,Apr,805537812
PJ,2025,VN,Net,Budget,Aug,743513573
PJ,2025,VN,Net,Budget,Dec,385655772
PJ,2025,VN,Net,Budget,Feb,256779127
PJ,2025,VN,Net,Budget,Jan,20891467
PJ,2025,VN,Net,Budget,Jul,183582011
PJ,2025,VN,Net,Budget,Jun,1406228765
PJ,2025,VN,Net,Budget,Mar,1431826457
PJ,2025,VN,Net,Budget,May,1032133807
PJ,2025,VN,Net,Budget,Nov,208573405
PJ,2025,VN,Net,Budget,Oct,192137608
PJ,2025,VN,Net,Budget,Sep,437983977
PJ,2025,VN,Net,Forecast,Apr,2012539492
PJ,2025,VN,Net,Forecast,Aug,453566143
PJ,2025,VN,Net,Forecast,Dec,825892869
PJ,2025,VN,Net,Forecast,Feb,458832105
PJ,2025,VN,Net,Forecast,Jan,394983388
PJ,2025,VN,Net,Forecast,Jul,743619455
PJ,2025,VN,Net,Forecast,Jun,730981271
PJ,2025,VN,Net,Forecast,Mar,653119612
PJ,2025,VN,Net,Forecast,May,1291875950
PJ,2025,VN,Net,Forecast,Nov,274312124
PJ,2025,VN,Net,Forecast,Oct,119392593
PJ,2025,VN,Net,Forecast,Sep,522324471
PJ,2025,VN,Op,Actual,Apr,2006300000
PJ,2025,VN,Op,Actual,Aug,586520000
PJ,2025,VN,Op,Actual,Dec,629267300
PJ,2025,VN,Op,Actual,Feb,504800000
PJ,2025,VN,Op,Actual,Jan,521590000
PJ,2025,VN,Op,Actual,Jul,556240000
PJ,2025,VN,Op,Actual,Jun,1297969400
PJ,2025,VN,Op,Actual,Mar,1845170000
PJ,2025,VN,Op,Actual,May,1112840000
PJ,2025,VN,Op,Actual,Nov,212087300
PJ,2025,VN,Op,Actual,Oct,506302800
PJ,2025,VN,Op,Actual,Sep,646853400
PJ,2025,VN,Op,Budget,Apr,792714192
PJ,2025,VN,Op,Budget,Aug,861200639
PJ,2025,VN,Op,Budget,Dec,890569370
PJ,2025,VN,Op,Budget,Feb,104719121
PJ,2025,VN,Op,Budget,Jan,570967552
PJ,2025,VN,Op,Budget,Jul,166985267
PJ,2025,VN,Op,Budget,Jun,1736422687
PJ,2025,VN,Op,Budget,Mar,1520551528
PJ,2025,VN,Op,Budget,May,869304109
PJ,2025,VN,Op,Budget,Nov,8681555
PJ,2025,VN,Op,Budget,Oct,641520919
PJ,2025,VN,Op,Budget,Sep,3323736
PJ,2025,VN,Op,Forecast,Apr,1921510401
PJ,2025,VN,Op,Forecast,Aug,564298858
PJ,2025,VN,Op,Forecast,Dec,372208475
PJ,2025,VN,Op,Forecast,Feb,404395316
PJ,2025,VN,Op,Forecast,Jan,543989454
PJ,2025,VN,Op,Forecast,Jul,2964913
PJ,2025,VN,Op,Forecast,Jun,1063086472
PJ,2025,VN,Op,Forecast,Mar,2077334482
PJ,2025,VN,Op,Forecast,May,841947617
PJ,2025,VN,Op,Forecast,Nov,58398133
PJ,2025,VN,Op,Forecast,Oct,132474553
PJ,2025,VN,Op,Forecast,Sep,172475607
PJ,2025,VSA,Gross,Actual,Apr,35939244100
PJ,2025,VSA,Gross,Actual,Aug,30153850500
PJ,2025,VSA,Gross,Actual,Dec,35687830000
PJ,2025,VSA,Gross,Actual,Feb,34879150300
PJ,2025,VSA,Gross,Actual,Jan,25551375132
PJ,2025,VSA,Gross,Actual,Jul,33748442900
PJ,2025,VSA,Gross,Actual,Jun,20800000000
PJ,2025,VSA,Gross,Actual,Mar,33454083900
PJ,2025,VSA,Gross,Actual,May,15889394300
PJ,2025,VSA,Gross,Actual,Nov,38431860200
PJ,2025,VSA,Gross,Actual,Oct,35941291200
PJ,2025,VSA,Gross,Actual,Sep,43158041100
PJ,2025,VSA,Gross,Budget,Apr,43626875437
PJ,2025,VSA,Gross,Budget,Aug,40136370764
PJ,2025,VSA,Gross,Budget,Dec,822395529
PJ,2025,VSA,Gross,Budget,Feb,8765045966
PJ,2025,VSA,Gross,Budget,Jan,35237873690
PJ,2025,VSA,Gross,Budget,Jul,11994864552
PJ,2025,VSA,Gross,Budget,Jun,18057006179
PJ,2025,VSA,Gross,Budget,Mar,35938459061
PJ,2025,VSA,Gross,Budget,May,9129249748
PJ,2025,VSA,Gross,Budget,Nov,12120280574
PJ,2025,VSA,Gross,Budget,Oct,15417124501
PJ,2025,VSA,Gross,Budget,Sep,36780460550
PJ,2025,VSA,Gross,Forecast,Apr,10364902520
PJ,2025,VSA,Gross,Forecast,Aug,26684163191
PJ,2025,VSA,Gross,Forecast,Dec,22172245468
PJ,2025,VSA,Gross,Forecast,Feb,3041883519
PJ,2025,VSA,Gross,Forecast,Jan,3812277392
PJ,2025,VSA,Gross,Forecast,Jul,45509808455
PJ,2025,VSA,Gross,Forecast,Jun,10619207518
PJ,2025,VSA,Gross,Forecast,Mar,202039077
PJ,2025,VSA,Gross,Forecast,May,14236776165
PJ,2025,VSA,Gross,Forecast,Nov,2919813981
PJ,2025,VSA,Gross,Forecast,Oct,47783546727
PJ,2025,VSA,Gross,Forecast,Sep,18939793108
PJ,2025,VSA,Net,Actual,Apr,29673313500
PJ,2025,VSA,Net,Actual,Aug,25606190300
PJ,2025,VSA,Net,Actual,Dec,28430000000
PJ,2025,VSA,Net,Actual,Feb,29094889900
PJ,2025,VSA,Net,Actual,Jan,19339189874
PJ,2025,VSA,Net,Actual,Jul,29318028300
PJ,2025,VSA,Net,Actual,Jun,19142923600
PJ,2025,VSA,Net,Actual,Mar,24581319000
PJ,2025,VSA,Net,Actual,May,12188785800
PJ,2025,VSA,Net,Actual,Nov,35496469000
PJ,2025,VSA,Net,Actual,Oct,28971689400
PJ,2025,VSA,Net,Actual,Sep,36562809700
PJ,2025,VSA,Net,Budget,Apr,1808696431
PJ,2025,VSA,Net,Budget,Aug,15760023772
PJ,2025,VSA,Net,Budget,Dec,35662395231
PJ,2025,VSA,Net,Budget,Feb,38235613154
PJ,2025,VSA,Net,Budget,Jan,26315824880
PJ,2025,VSA,Net,Budget,Jul,9590628426
PJ,2025,VSA,Net,Budget,Jun,13276510580
PJ,2025,VSA,Net,Budget,Mar,9552864101
PJ,2025,VSA,Net,Budget,May,11729071624
PJ,2025,VSA,Net,Budget,Nov,46562128543
PJ,2025,VSA,Net,Budget,Oct,9771436174
PJ,2025,VSA,Net,Budget,Sep,1562158842
PJ,2025,VSA,Net,Forecast,Apr,29312191133
PJ,2025,VSA,Net,Forecast,Aug,24129864825
PJ,2025,VSA,Net,Forecast,Dec,38137193674
PJ,2025,VSA,Net,Forecast,Feb,12174701022
PJ,2025,VSA,Net,Forecast,Jan,3302678093
PJ,2025,VSA,Net,Forecast,Jul,22433710837
PJ,2025,VSA,Net,Forecast,Jun,21449618475
PJ,2025,VSA,Net,Forecast,Mar,6392416410
PJ,2025,VSA,Net,Forecast,May,15895946535
PJ,2025,VSA,Net,Forecast,Nov,35398804575
PJ,2025,VSA,Net,Forecast,Oct,11474748363
PJ,2025,VSA,Net,Forecast,Sep,13402712980
PJ,2025,VSA,Op,Actual,Apr,29673313500
PJ,2025,VSA,Op,Actual,Aug,25606190300
PJ,2025,VSA,Op,Actual,Dec,28430000000
PJ,2025,VSA,Op,Actual,Feb,29094889900
PJ,2025,VSA,Op,Actual,Jan,19339189874
PJ,2025,VSA,Op,Actual,Jul,29318028300
PJ,2025,VSA,Op,Actual,Jun,19142923600
PJ,2025,VSA,Op,Actual,Mar,24581319000
PJ,2025,VSA,Op,Actual,May,12188785800
PJ,2025,VSA,Op,Actual,Nov,35496469000
PJ,2025,VSA,Op,Actual,Oct,28971689400
PJ,2025,VSA,Op,Actual,Sep,36562809700
PJ,2025,VSA,Op,Budget,Apr,41463566177
PJ,2025,VSA,Op,Budget,Aug,27682609904
PJ,2025,VSA,Op,Budget,Dec,9306383191
PJ,2025,VSA,Op,Budget,Feb,2493902046
PJ,2025,VSA,Op,Budget,Jan,2488029694
PJ,2025,VSA,Op,Budget,Jul,21238781916
PJ,2025,VSA,Op,Budget,Jun,7505222997
PJ,2025,VSA,Op,Budget,Mar,20939292217
PJ,2025,VSA,Op,Budget,May,10715684653
PJ,2025,VSA,Op,Budget,Nov,48011963409
PJ,2025,VSA,Op,Budget,Oct,34928886345
PJ,2025,VSA,Op,Budget,Sep,23292055067
PJ,2025,VSA,Op,Forecast,Apr,20279039245
PJ,2025,VSA,Op,Forecast,Aug,37472892169
PJ,2025,VSA,Op,Forecast,Dec,6506005500
PJ,2025,VSA,Op,Forecast,Feb,23055357570
PJ,2025,VSA,Op,Forecast,Jan,1704688622
PJ,2025,VSA,Op,Forecast,Jul,20902562747
PJ,2025,VSA,Op,Forecast,Jun,5265866844
PJ,2025,VSA,Op,Forecast,Mar,34831353741
PJ,2025,VSA,Op,Forecast,May,17392740808
PJ,2025,VSA,Op,Forecast,Nov,31038722195
PJ,2025,VSA,Op,Forecast,Oct,25170222571
PJ,2025,VSA,Op,Forecast,Sep,41081542710
PJ,2025,VSC,Gross,Actual,Apr,78739064100
PJ,2025,VSC,Gross,Actual,Aug,71035019200
PJ,2025,VSC,Gross,Actual,Dec,79018276700
PJ,2025,VSC,Gross,Actual,Feb,73542200300
PJ,2025,VSC,Gross,Actual,Jan,83084545132
PJ,2025,VSC,Gross,Actual,Jul,72417548400
PJ,2025,VSC,Gross,Actual,Jun,69627265700
PJ,2025,VSC,Gross,Actual,Mar,84229383900
PJ,2025,VSC,Gross,Actual,May,53536604300
PJ,2025,VSC,Gross,Actual,Nov,88745959300
PJ,2025,VSC,Gross,Actual,Oct,77663478200
PJ,2025,VSC,Gross,Actual,Sep,92244562100
PJ,2025,VSC,Gross,Budget,Apr,80697885084
PJ,2025,VSC,Gross,Budget,Aug,57810937108
PJ,2025,VSC,Gross,Budget,Dec,35419920742
PJ,2025,VSC,Gross,Budget,Feb,3754100647
PJ,2025,VSC,Gross,Budget,Jan,41953666746
PJ,2025,VSC,Gross,Budget,Jul,55361205471
PJ,2025,VSC,Gross,Budget,Jun,81893146590
PJ,2025,VSC,Gross,Budget,Mar,19610375093
PJ,2025,VSC,Gross,Budget,May,16089902399
PJ,2025,VSC,Gross,Budget,Nov,80132003135
PJ,2025,VSC,Gross,Budget,Oct,20331464899
PJ,2025,VSC,Gross,Budget,Sep,33804482567
PJ,2025,VSC,Gross,Forecast,Apr,22139937357
PJ,2025,VSC,Gross,Forecast,Aug,61511379140
PJ,2025,VSC,Gross,Forecast,Dec,56202828597
PJ,2025,VSC,Gross,Forecast,Feb,72797833516
PJ,2025,VSC,Gross,Forecast,Jan,85975514356
PJ,2025,VSC,Gross,Forecast,Jul,33075885250
PJ,2025,VSC,Gross,Forecast,Jun,61986819851
PJ,2025,VSC,Gross,Forecast,Mar,4260437098
PJ,2025,VSC,Gross,Forecast,May,79037111846
PJ,2025,VSC,Gross,Forecast,Nov,40100957081
PJ,2025,VSC,Gross,Forecast,Oct,22604161336
PJ,2025,VSC,Gross,Forecast,Sep,131913715623
PJ,2025,VSC,Net,Actual,Apr,69741063500
PJ,2025,VSC,Net,Actual,Aug,64127519900
PJ,2025,VSC,Net,Actual,Dec,102874086600
PJ,2025,VSC,Net,Actual,Feb,97225060200
PJ,2025,VSC,Net,Actual,Jan,72776859874
PJ,2025,VSC,Net,Actual,Jul,64555523900
PJ,2025,VSC,Net,Actual,Jun,65892165700
PJ,2025,VSC,Net,Actual,Mar,105557774300
PJ,2025,VSC,Net,Actual,May,47647425800
PJ,2025,VSC,Net,Actual,Nov,119590825100
PJ,2025,VSC,Net,Actual,Oct,103236909900
PJ,2025,VSC,Net,Actual,Sep,80955113500
PJ,2025,VSC,Net,Budget,Apr,104107372090
PJ,2025,VSC,Net,Budget,Aug,66735393871
PJ,2025,VSC,Net,Budget,Dec,91032415274
PJ,2025,VSC,Net,Budget,Feb,48775604894
PJ,2025,VSC,Net,Budget,Jan,45340606900
PJ,2025,VSC,Net,Budget,Jul,2138222834
PJ,2025,VSC,Net,Budget,Jun,50985086545
PJ,2025,VSC,Net,Budget,Mar,51308643642
PJ,2025,VSC,Net,Budget,May,31085129888
PJ,2025,VSC,Net,Budget,Nov,130756301304
PJ,2025,VSC,Net,Budget,Oct,8545997592
PJ,2025,VSC,Net,Budget,Sep,81464871280
PJ,2025,VSC,Net,Forecast,Apr,101244564844
PJ,2025,VSC,Net,Forecast,Aug,93566353876
PJ,2025,VSC,Net,Forecast,Dec,39222582733
PJ,2025,VSC,Net,Forecast,Feb,34207061868
PJ,2025,VSC,Net,Forecast,Jan,9280440575
PJ,2025,VSC,Net,Forecast,Jul,94417343760
PJ,2025,VSC,Net,Forecast,Jun,69769017405
PJ,2025,VSC,Net,Forecast,Mar,21648376028
PJ,2025,VSC,Net,Forecast,May,5154173232
PJ,2025,VSC,Net,Forecast,Nov,31453470604
PJ,2025,VSC,Net,Forecast,Oct,50365652751
PJ,2025,VSC,Net,Forecast,Sep,117715401739
PJ,2025,VSC,Op,Actual,Apr,69741063500
PJ,2025,VSC,Op,Actual,Aug,64127519900
PJ,2025,VSC,Op,Actual,Dec,102874086600
PJ,2025,VSC,Op,Actual,Feb,97225060200
PJ,2025,VSC,Op,Actual,Jan,72776859874
PJ,2025,VSC,Op,Actual,Jul,64555523900
PJ,2025,VSC,Op,Actual,Jun,65892165700
PJ,2025,VSC,Op,Actual,Mar,105557774300
PJ,2025,VSC,Op,Actual,May,47647425800
PJ,2025,VSC,Op,Actual,Nov,119590825100
PJ,2025,VSC,Op,Actual,Oct,103236909900
PJ,2025,VSC,Op,Actual,Sep,80955113500
PJ,2025,VSC,Op,Budget,Apr,103693439125
PJ,2025,VSC,Op,Budget,Aug,81829634564
PJ,2025,VSC,Op,Budget,Dec,11668568146
PJ,2025,VSC,Op,Budget,Feb,20771793339
PJ,2025,VSC,Op,Budget,Jan,99247298431
PJ,2025,VSC,Op,Budget,Jul,92424771666
PJ,2025,VSC,Op,Budget,Jun,62571821186
PJ,2025,VSC,Op,Budget,Mar,105223137737
PJ,2025,VSC,Op,Budget,May,66668743781
PJ,2025,VSC,Op,Budget,Nov,77221871739
PJ,2025,VSC,Op,Budget,Oct,93000481967
PJ,2025,VSC,Op,Budget,Sep,36283633298
PJ,2025,VSC,Op,Forecast,Apr,74083345942
PJ,2025,VSC,Op,Forecast,Aug,91989486007
PJ,2025,VSC,Op,Forecast,Dec,3535187993
PJ,2025,VSC,Op,Forecast,Feb,143626831895
PJ,2025,VSC,Op,Forecast,Jan,27256677047
PJ,2025,VSC,Op,Forecast,Jul,63982056391
PJ,2025,VSC,Op,Forecast,Jun,43285841277
PJ,2025,VSC,Op,Forecast,Mar,58789014207
PJ,2025,VSC,Op,Forecast,May,34661740224
PJ,2025,VSC,Op,Forecast,Nov,61125326351
PJ,2025,VSC,Op,Forecast,Oct,29058798759
PJ,2025,VSC,Op,Forecast,Sep,14423954511
PJ,2025,VSCN,Gross,Actual,Apr,6579230000
PJ,2025,VSCN,Gross,Actual,Aug,7174651200
PJ,2025,VSCN,Gross,Actual,Dec,8050000000
PJ,2025,VSCN,Gross,Actual,Feb,8438790000
PJ,2025,VSCN,Gross,Actual,Jan,8526750000
PJ,2025,VSCN,Gross,Actual,Jul,5987930000
PJ,2025,VSCN,Gross,Actual,Jun,6141680000
PJ,2025,VSCN,Gross,Actual,Mar,8417500000
PJ,2025,VSCN,Gross,Actual,May,7996900000
PJ,2025,VSCN,Gross,Actual,Nov,7280000000
PJ,2025,VSCN,Gross,Actual,Oct,7160000000
PJ,2025,VSCN,Gross,Actual,Sep,6540000000
PJ,2025,VSCN,Gross,Budget,Apr,5645502627
PJ,2025,VSCN,Gross,Budget,Aug,6502335641
PJ,2025,VSCN,Gross,Budget,Dec,4004357380
PJ,2025,VSCN,Gross,Budget,Feb,3325733393
PJ,2025,VSCN,Gross,Budget,Jan,4158740436
PJ,2025,VSCN,Gross,Budget,Jul,6375738658
PJ,2025,VSCN,Gross,Budget,Jun,3286892566
PJ,2025,VSCN,Gross,Budget,Mar,5520621806
PJ,2025,VSCN,Gross,Budget,May,3160604115
PJ,2025,VSCN,Gross,Budget,Nov,5867003372
PJ,2025,VSCN,Gross,Budget,Oct,3073964462
PJ,2025,VSCN,Gross,Budget,Sep,2180301122
PJ,2025,VSCN,Gross,Forecast,Apr,901316220
PJ,2025,VSCN,Gross,Forecast,Aug,8999252720
PJ,2025,VSCN,Gross,Forecast,Dec,1486253062
PJ,2025,VSCN,Gross,Forecast,Feb,12560816924
PJ,2025,VSCN,Gross,Forecast,Jan,3989453222
PJ,2025,VSCN,Gross,Forecast,Jul,7610468834
PJ,2025,VSCN,Gross,Forecast,Jun,5551898585
PJ,2025,VSCN,Gross,Forecast,Mar,10565744395
PJ,2025,VSCN,Gross,Forecast,May,1315195690
PJ,2025,VSCN,Gross,Forecast,Nov,2359448058
PJ,2025,VSCN,Gross,Forecast,Oct,5083651034
PJ,2025,VSCN,Gross,Forecast,Sep,7603358153
PJ,2025,VSCN,Net,Actual,Apr,6489650000
PJ,2025,VSCN,Net,Actual,Aug,6986972100
PJ,2025,VSCN,Net,Actual,Dec,7630000000
PJ,2025,VSCN,Net,Actual,Feb,8276390000
PJ,2025,VSCN,Net,Actual,Jan,8487260000
PJ,2025,VSCN,Net,Actual,Jul,5843350000
PJ,2025,VSCN,Net,Actual,Jun,6023410000
PJ,2025,VSCN,Net,Actual,Mar,8082520000
PJ,2025,VSCN,Net,Actual,May,7949930000
PJ,2025,VSCN,Net,Actual,Nov,7020000000
PJ,2025,VSCN,Net,Actual,Oct,7160000000
PJ,2025,VSCN,Net,Actual,Sep,6530000000
PJ,2025,VSCN,Net,Budget,Apr,3560276908
PJ,2025,VSCN,Net,Budget,Aug,3449956032
PJ,2025,VSCN,Net,Budget,Dec,3269752008
PJ,2025,VSCN,Net,Budget,Feb,4841646113
PJ,2025,VSCN,Net,Budget,Jan,8178722128
PJ,2025,VSCN,Net,Budget,Jul,5684883355
PJ,2025,VSCN,Net,Budget,Jun,2714045650
PJ,2025,VSCN,Net,Budget,Mar,806593612
PJ,2025,VSCN,Net,Budget,May,7164417186
PJ,2025,VSCN,Net,Budget,Nov,426206598
PJ,2025,VSCN,Net,Budget,Oct,4921632268
PJ,2025,VSCN,Net,Budget,Sep,1680527553
PJ,2025,VSCN,Net,Forecast,Apr,714277183
PJ,2025,VSCN,Net,Forecast,Aug,4575790629
PJ,2025,VSCN,Net,Forecast,Dec,6303749733
PJ,2025,VSCN,Net,Forecast,Feb,6213005645
PJ,2025,VSCN,Net,Forecast,Jan,3611576848
PJ,2025,VSCN,Net,Forecast,Jul,2499113124
PJ,2025,VSCN,Net,Forecast,Jun,8519494017
PJ,2025,VSCN,Net,Forecast,Mar,11266360288
PJ,2025,VSCN,Net,Forecast,May,9319220116
PJ,2025,VSCN,Net,Forecast,Nov,8704416359
PJ,2025,VSCN,Net,Forecast,Oct,384880960
PJ,2025,VSCN,Net,Forecast,Sep,3311270810
PJ,2025,VSCN,Op,Actual,Apr,6489650000
PJ,2025,VSCN,Op,Actual,Aug,6986972100
PJ,2025,VSCN,Op,Actual,Dec,7630000000
PJ,2025,VSCN,Op,Actual,Feb,8276390000
PJ,2025,VSCN,Op,Actual,Jan,8487260000
PJ,2025,VSCN,Op,Actual,Jul,5843350000
PJ,2025,VSCN,Op,Actual,Jun,6023410000
PJ,2025,VSCN,Op,Actual,Mar,8082520000
PJ,2025,VSCN,Op,Actual,May,7949930000
PJ,2025,VSCN,Op,Actual,Nov,7020000000
PJ,2025,VSCN,Op,Actual,Oct,7160000000
PJ,2025,VSCN,Op,Actual,Sep,6530000000
PJ,2025,VSCN,Op,Budget,Apr,4725024437
PJ,2025,VSCN,Op,Budget,Aug,7943990016
PJ,2025,VSCN,Op,Budget,Dec,49306027
PJ,2025,VSCN,Op,Budget,Feb,11747117641
PJ,2025,VSCN,Op,Budget,Jan,5866000037
PJ,2025,VSCN,Op,Budget,Jul,553297241
PJ,2025,VSCN,Op,Budget,Jun,961628590
PJ,2025,VSCN,Op,Budget,Mar,8214520586
PJ,2025,VSCN,Op,Budget,May,4420504119
PJ,2025,VSCN,Op,Budget,Nov,2236557580
PJ,2025,VSCN,Op,Budget,Oct,9309455946
PJ,2025,VSCN,Op,Budget,Sep,9076043738
PJ,2025,VSCN,Op,Forecast,Apr,7262089239
PJ,2025,VSCN,Op,Forecast,Aug,6876335415
PJ,2025,VSCN,Op,Forecast,Dec,6937122056
PJ,2025,VSCN,Op,Forecast,Feb,1528267282
PJ,2025,VSCN,Op,Forecast,Jan,6128754070
PJ,2025,VSCN,Op,Forecast,Jul,2946574256
PJ,2025,VSCN,Op,Forecast,Jun,3371733416
PJ,2025,VSCN,Op,Forecast,Mar,5153224614
PJ,2025,VSCN,Op,Forecast,May,2907888890
PJ,2025,VSCN,Op,Forecast,Nov,4626264490
PJ,2025,VSCN,Op,Forecast,Oct,10567815130
PJ,2025,VSCN,Op,Forecast,Sep,1784844943
